<?xml version="1.0" encoding="utf-8"?><gpx creator="Garmin Desktop App" version="1.1" xsi:schemaLocation="http://www.topografix.com/GPX/1/1 http://www.topografix.com/GPX/1/1/gpx.xsd http://www.garmin.com/xmlschemas/WaypointExtension/v1 http://www8.garmin.com/xmlschemas/WaypointExtensionv1.xsd http://www.garmin.com/xmlschemas/TrackPointExtension/v1 http://www.garmin.com/xmlschemas/TrackPointExtensionv1.xsd http://www.garmin.com/xmlschemas/GpxExtensions/v3 http://www8.garmin.com/xmlschemas/GpxExtensionsv3.xsd http://www.garmin.com/xmlschemas/ActivityExtension/v1 http://www8.garmin.com/xmlschemas/ActivityExtensionv1.xsd http://www.garmin.com/xmlschemas/AdventuresExtensions/v1 http://www8.garmin.com/xmlschemas/AdventuresExtensionv1.xsd http://www.garmin.com/xmlschemas/PressureExtension/v1 http://www.garmin.com/xmlschemas/PressureExtensionv1.xsd http://www.garmin.com/xmlschemas/TripExtensions/v1 http://www.garmin.com/xmlschemas/TripExtensionsv1.xsd http://www.garmin.com/xmlschemas/TripMetaDataExtensions/v1 http://www.garmin.com/xmlschemas/TripMetaDataExtensionsv1.xsd http://www.garmin.com/xmlschemas/ViaPointTransportationModeExtensions/v1 http://www.garmin.com/xmlschemas/ViaPointTransportationModeExtensionsv1.xsd http://www.garmin.com/xmlschemas/CreationTimeExtension/v1 http://www.garmin.com/xmlschemas/CreationTimeExtensionsv1.xsd http://www.garmin.com/xmlschemas/AccelerationExtension/v1 http://www.garmin.com/xmlschemas/AccelerationExtensionv1.xsd http://www.garmin.com/xmlschemas/PowerExtension/v1 http://www.garmin.com/xmlschemas/PowerExtensionv1.xsd http://www.garmin.com/xmlschemas/VideoExtension/v1 http://www.garmin.com/xmlschemas/VideoExtensionv1.xsd" xmlns="http://www.topografix.com/GPX/1/1" xmlns:xsi="http://www.w3.org/2001/XMLSchema-instance" xmlns:wptx1="http://www.garmin.com/xmlschemas/WaypointExtension/v1" xmlns:gpxtrx="http://www.garmin.com/xmlschemas/GpxExtensions/v3" xmlns:gpxtpx="http://www.garmin.com/xmlschemas/TrackPointExtension/v1" xmlns:gpxx="http://www.garmin.com/xmlschemas/GpxExtensions/v3" xmlns:trp="http://www.garmin.com/xmlschemas/TripExtensions/v1" xmlns:adv="http://www.garmin.com/xmlschemas/AdventuresExtensions/v1" xmlns:prs="http://www.garmin.com/xmlschemas/PressureExtension/v1" xmlns:tmd="http://www.garmin.com/xmlschemas/TripMetaDataExtensions/v1" xmlns:vptm="http://www.garmin.com/xmlschemas/ViaPointTransportationModeExtensions/v1" xmlns:ctx="http://www.garmin.com/xmlschemas/CreationTimeExtension/v1" xmlns:gpxacc="http://www.garmin.com/xmlschemas/AccelerationExtension/v1" xmlns:gpxpx="http://www.garmin.com/xmlschemas/PowerExtension/v1" xmlns:vidx1="http://www.garmin.com/xmlschemas/VideoExtension/v1">

  <metadata>
    <link href="http://www.garmin.com">
      <text>Garmin International</text>
    </link>
    <time>2026-09-17T09:08:46Z</time>
    <bounds maxlat="46.379850441589952" maxlon="11.819217978045344" minlat="45.883244974538684" minlon="11.015907023102045" />
  </metadata>

  <trk>
    <name>TG26 long 2</name>
    <extensions>
      <gpxx:TrackExtension>
        <gpxx:DisplayColor>Red</gpxx:DisplayColor>
      </gpxx:TrackExtension>
    </extensions>
    <trkseg>
      <trkpt lat="46.30872898735106" lon="11.601485051214695">
        <ele>1026.5999755859375</ele>
        <time>2026-06-24T09:34:13Z</time>
      </trkpt>
      <trkpt lat="46.308863097801805" lon="11.601518662646413">
        <ele>1046.5999755859375</ele>
        <time>2026-06-24T14:58:45Z</time>
      </trkpt>
      <trkpt lat="46.309146070852876" lon="11.601698286831379">
        <ele>1011.953125</ele>
      </trkpt>
      <trkpt lat="46.309213461354375" lon="11.601734161376953">
        <ele>1012.078125</ele>
      </trkpt>
      <trkpt lat="46.309253862127662" lon="11.601788057014346">
        <ele>1012.234375</ele>
      </trkpt>
      <trkpt lat="46.309307757765055" lon="11.601824015378952">
        <ele>1012.3515625</ele>
      </trkpt>
      <trkpt lat="46.309402137994766" lon="11.601806078106165">
        <ele>1012.34765625</ele>
      </trkpt>
      <trkpt lat="46.309433486312628" lon="11.601836001500487">
        <ele>1012.4296875</ele>
      </trkpt>
      <trkpt lat="46.309613110497594" lon="11.601883945986629">
        <ele>1012.58984375</ele>
      </trkpt>
      <trkpt lat="46.309833219274879" lon="11.601985702291131">
        <ele>1012.8203125</ele>
      </trkpt>
      <trkpt lat="46.310125160962343" lon="11.602129368111491">
        <ele>1013.0859375</ele>
      </trkpt>
      <trkpt lat="46.310232952237129" lon="11.602189214900136">
        <ele>1013.34375</ele>
      </trkpt>
      <trkpt lat="46.31037225946784" lon="11.602273033931851">
        <ele>1013.6640625</ele>
      </trkpt>
      <trkpt lat="46.310619274154305" lon="11.602404797449708">
        <ele>1014.1171875</ele>
      </trkpt>
      <trkpt lat="46.310834856703877" lon="11.602512588724494">
        <ele>1014.4296875</ele>
      </trkpt>
      <trkpt lat="46.310960585251451" lon="11.602560449391603">
        <ele>1014.5625</ele>
      </trkpt>
      <trkpt lat="46.311445729807019" lon="11.602572435513139">
        <ele>1014.91015625</ele>
      </trkpt>
      <trkpt lat="46.311683775857091" lon="11.602578386664391">
        <ele>1015.0859375</ele>
      </trkpt>
      <trkpt lat="46.311980243772268" lon="11.602554498240352">
        <ele>1015.09765625</ele>
      </trkpt>
      <trkpt lat="46.312132962048054" lon="11.602548463270068">
        <ele>1015.08203125</ele>
      </trkpt>
      <trkpt lat="46.312218960374594" lon="11.602543601766229">
        <ele>1015.0703125</ele>
      </trkpt>
      <trkpt lat="46.312218960374594" lon="11.602543601766229">
        <ele>1015.0703125</ele>
      </trkpt>
      <trkpt lat="46.312249470502138" lon="11.602524491026998">
        <ele>1015.0234375</ele>
      </trkpt>
      <trkpt lat="46.312341084703803" lon="11.602397505193949">
        <ele>1014.71875</ele>
      </trkpt>
      <trkpt lat="46.312377043068409" lon="11.602351991459727">
        <ele>1014.609375</ele>
      </trkpt>
      <trkpt lat="46.312438147142529" lon="11.602198770269752">
        <ele>1014.2421875</ele>
      </trkpt>
      <trkpt lat="46.312502771615982" lon="11.602026354521513">
        <ele>1013.83984375</ele>
      </trkpt>
      <trkpt lat="46.312556667253375" lon="11.60193532705307">
        <ele>1013.625</ele>
      </trkpt>
      <trkpt lat="46.312599834054708" lon="11.601849077269435">
        <ele>1013.41015625</ele>
      </trkpt>
      <trkpt lat="46.312766885384917" lon="11.601592842489481">
        <ele>1012.71484375</ele>
      </trkpt>
      <trkpt lat="46.312867468222976" lon="11.601418079808354">
        <ele>1012.3125</ele>
      </trkpt>
      <trkpt lat="46.312964530661702" lon="11.601271983236074">
        <ele>1012.015625</ele>
      </trkpt>
      <trkpt lat="46.313032759353518" lon="11.601142650470138">
        <ele>1011.78125</ele>
      </trkpt>
      <trkpt lat="46.313131581991911" lon="11.601003762334585">
        <ele>1011.56640625</ele>
      </trkpt>
      <trkpt lat="46.313445400446653" lon="11.60047578625381">
        <ele>1011.05078125</ele>
      </trkpt>
      <trkpt lat="46.313628628849983" lon="11.600176468491554">
        <ele>1010.37109375</ele>
      </trkpt>
      <trkpt lat="46.313849659636617" lon="11.599814873188734">
        <ele>1010.109375</ele>
      </trkpt>
      <trkpt lat="46.314059877768159" lon="11.59946040250361">
        <ele>1010.63671875</ele>
      </trkpt>
      <trkpt lat="46.31421871483326" lon="11.599160917103291">
        <ele>1011.375</ele>
      </trkpt>
      <trkpt lat="46.314482828602195" lon="11.598741821944714">
        <ele>1012.19921875</ele>
      </trkpt>
      <trkpt lat="46.314602270722389" lon="11.598590947687626">
        <ele>1012.12890625</ele>
      </trkpt>
      <trkpt lat="46.315300315618515" lon="11.59785334020853">
        <ele>1013.0234375</ele>
      </trkpt>
      <trkpt lat="46.315709017217159" lon="11.597518064081669">
        <ele>1013.35546875</ele>
      </trkpt>
      <trkpt lat="46.316168010234833" lon="11.597266606986523">
        <ele>1014.12109375</ele>
      </trkpt>
      <trkpt lat="46.316966637969017" lon="11.59703191369772">
        <ele>1015.51171875</ele>
      </trkpt>
      <trkpt lat="46.317658312618732" lon="11.596847511827946">
        <ele>1017.53125</ele>
      </trkpt>
      <trkpt lat="46.318023093044758" lon="11.596679873764515">
        <ele>1020.671875</ele>
      </trkpt>
      <trkpt lat="46.318280920386314" lon="11.596503853797913">
        <ele>1021.109375</ele>
      </trkpt>
      <trkpt lat="46.318557607010007" lon="11.596302688121796">
        <ele>1019.49609375</ele>
      </trkpt>
      <trkpt lat="46.318859439343214" lon="11.596059612929821">
        <ele>1019.12109375</ele>
      </trkpt>
      <trkpt lat="46.318926913663745" lon="11.596004711464047">
        <ele>1019.28125</ele>
      </trkpt>
      <trkpt lat="46.31890176795423" lon="11.595956850796938">
        <ele>1019.234375</ele>
      </trkpt>
      <trkpt lat="46.319058006629348" lon="11.595841851085424">
        <ele>1019.859375</ele>
      </trkpt>
      <trkpt lat="46.319058006629348" lon="11.595841851085424">
        <ele>1019.859375</ele>
      </trkpt>
      <trkpt lat="46.319250287488103" lon="11.5957101713866">
        <ele>1020.8984375</ele>
      </trkpt>
      <trkpt lat="46.319275433197618" lon="11.595688629895449">
        <ele>1021.07421875</ele>
      </trkpt>
      <trkpt lat="46.319295214489102" lon="11.595676643773913">
        <ele>1021.31640625</ele>
      </trkpt>
      <trkpt lat="46.319304183125496" lon="11.595640685409307">
        <ele>1021.55078125</ele>
      </trkpt>
      <trkpt lat="46.319288006052375" lon="11.595607157796621">
        <ele>1021.49609375</ele>
      </trkpt>
      <trkpt lat="46.319246683269739" lon="11.595568852499127">
        <ele>1021.359375</ele>
      </trkpt>
      <trkpt lat="46.319246683269739" lon="11.595568852499127">
        <ele>1021.359375</ele>
      </trkpt>
      <trkpt lat="46.319205360487103" lon="11.595535324886441">
        <ele>1021.25390625</ele>
      </trkpt>
      <trkpt lat="46.31915146484971" lon="11.595487464219332">
        <ele>1021.09765625</ele>
      </trkpt>
      <trkpt lat="46.319108298048377" lon="11.595434742048383">
        <ele>1020.984375</ele>
      </trkpt>
      <trkpt lat="46.319067059084773" lon="11.595405992120504">
        <ele>1021.15234375</ele>
      </trkpt>
      <trkpt lat="46.31902389228344" lon="11.595372464507818">
        <ele>1021.390625</ele>
      </trkpt>
      <trkpt lat="46.319004110991955" lon="11.595358131453395">
        <ele>1021.4921875</ele>
      </trkpt>
      <trkpt lat="46.318977205082774" lon="11.595348576083779">
        <ele>1021.484375</ele>
      </trkpt>
      <trkpt lat="46.318966392427683" lon="11.595358131453395">
        <ele>1021.28125</ele>
      </trkpt>
      <trkpt lat="46.318966392427683" lon="11.595374895259738">
        <ele>1021.03125</ele>
      </trkpt>
      <trkpt lat="46.318993382155895" lon="11.595410769805312">
        <ele>1020.65234375</ele>
      </trkpt>
      <trkpt lat="46.319043673574924" lon="11.595461061224341">
        <ele>1020.54296875</ele>
      </trkpt>
      <trkpt lat="46.319058006629348" lon="11.595475478097796">
        <ele>1020.59765625</ele>
      </trkpt>
      <trkpt lat="46.319119110703468" lon="11.595511352643371">
        <ele>1020.859375</ele>
      </trkpt>
      <trkpt lat="46.319131683558226" lon="11.595530547201633">
        <ele>1020.87890625</ele>
      </trkpt>
      <trkpt lat="46.319176610559225" lon="11.595578407868743">
        <ele>1020.98046875</ele>
      </trkpt>
      <trkpt lat="46.319190943613648" lon="11.595595171675086">
        <ele>1021</ele>
      </trkpt>
      <trkpt lat="46.319336537271738" lon="11.595690976828337">
        <ele>1021.69921875</ele>
      </trkpt>
      <trkpt lat="46.319419182837009" lon="11.595758032053709">
        <ele>1022.2421875</ele>
      </trkpt>
      <trkpt lat="46.319840373471379" lon="11.596159106120467">
        <ele>1046.800048828125</ele>
        <time>2026-06-24T14:58:44Z</time>
      </trkpt>
      <trkpt lat="46.319897370412946" lon="11.596220964565873">
        <ele>1047</ele>
        <time>2026-06-24T14:58:43Z</time>
      </trkpt>
      <trkpt lat="46.319952355697751" lon="11.596288522705436">
        <ele>1047.199951171875</ele>
        <time>2026-06-24T14:58:42Z</time>
      </trkpt>
      <trkpt lat="46.320005413144827" lon="11.596363205462694">
        <ele>1047.4000244140625</ele>
        <time>2026-06-24T14:58:41Z</time>
      </trkpt>
      <trkpt lat="46.320052770897746" lon="11.596447695046663">
        <ele>1047.5999755859375</ele>
        <time>2026-06-24T14:58:40Z</time>
      </trkpt>
      <trkpt lat="46.320090070366859" lon="11.596542997285724">
        <ele>1048</ele>
        <time>2026-06-24T14:58:39Z</time>
      </trkpt>
      <trkpt lat="46.320120831951499" lon="11.59664542414248">
        <ele>1048.4000244140625</ele>
        <time>2026-06-24T14:58:38Z</time>
      </trkpt>
      <trkpt lat="46.320154946297407" lon="11.59674952737987">
        <ele>1048.800048828125</ele>
        <time>2026-06-24T14:58:37Z</time>
      </trkpt>
      <trkpt lat="46.320198867470026" lon="11.596853295341134">
        <ele>1049</ele>
        <time>2026-06-24T14:58:36Z</time>
      </trkpt>
      <trkpt lat="46.32024941034615" lon="11.596953794360161">
        <ele>1049.4000244140625</ele>
        <time>2026-06-24T14:58:35Z</time>
      </trkpt>
      <trkpt lat="46.3203090056777" lon="11.597045408561826">
        <ele>1049.5999755859375</ele>
        <time>2026-06-24T14:58:34Z</time>
      </trkpt>
      <trkpt lat="46.320445965975523" lon="11.597190583124757">
        <ele>1050.4000244140625</ele>
        <time>2026-06-24T14:58:32Z</time>
      </trkpt>
      <trkpt lat="46.321158763021231" lon="11.597694922238588">
        <ele>1050.199951171875</ele>
        <time>2026-06-24T14:58:22Z</time>
      </trkpt>
      <trkpt lat="46.321230260655284" lon="11.597717804834247">
        <ele>1050.5999755859375</ele>
        <time>2026-06-24T14:58:21Z</time>
      </trkpt>
      <trkpt lat="46.321301339194179" lon="11.597729120403528">
        <ele>1051.199951171875</ele>
        <time>2026-06-24T14:58:20Z</time>
      </trkpt>
      <trkpt lat="46.32214380428195" lon="11.598001532256603">
        <ele>1054.5999755859375</ele>
        <time>2026-06-24T14:58:07Z</time>
      </trkpt>
      <trkpt lat="46.323473174124956" lon="11.59860922023654">
        <ele>1055.4000244140625</ele>
        <time>2026-06-24T14:57:46Z</time>
      </trkpt>
      <trkpt lat="46.323533607646823" lon="11.59864098764956">
        <ele>1055.4000244140625</ele>
        <time>2026-06-24T14:57:45Z</time>
      </trkpt>
      <trkpt lat="46.323746843263507" lon="11.598834525793791">
        <ele>1055.4000244140625</ele>
        <time>2026-06-24T14:57:41Z</time>
      </trkpt>
      <trkpt lat="46.323799062520266" lon="11.598883392289281">
        <ele>1055.4000244140625</ele>
        <time>2026-06-24T14:57:40Z</time>
      </trkpt>
      <trkpt lat="46.3238559756428" lon="11.598924715071917">
        <ele>1055.4000244140625</ele>
        <time>2026-06-24T14:57:39Z</time>
      </trkpt>
      <trkpt lat="46.324714198708534" lon="11.599111128598452">
        <ele>1056.4000244140625</ele>
        <time>2026-06-24T14:57:27Z</time>
      </trkpt>
      <trkpt lat="46.325357677415013" lon="11.599532989785075">
        <ele>1057.5999755859375</ele>
        <time>2026-06-24T14:57:18Z</time>
      </trkpt>
      <trkpt lat="46.326408265158534" lon="11.600130954757333">
        <ele>1059.5999755859375</ele>
        <time>2026-06-24T14:57:04Z</time>
      </trkpt>
      <trkpt lat="46.327149979770184" lon="11.600952800363302">
        <ele>1062</ele>
        <time>2026-06-24T14:56:52Z</time>
      </trkpt>
      <trkpt lat="46.327213682234287" lon="11.601011557504535">
        <ele>1062.199951171875</ele>
        <time>2026-06-24T14:56:51Z</time>
      </trkpt>
      <trkpt lat="46.327278474345803" lon="11.601063860580325">
        <ele>1062.5999755859375</ele>
        <time>2026-06-24T14:56:50Z</time>
      </trkpt>
      <trkpt lat="46.327347541227937" lon="11.601107278838754">
        <ele>1062.800048828125</ele>
        <time>2026-06-24T14:56:49Z</time>
      </trkpt>
      <trkpt lat="46.327421301975846" lon="11.601140722632408">
        <ele>1063.199951171875</ele>
        <time>2026-06-24T14:56:48Z</time>
      </trkpt>
      <trkpt lat="46.327495984733105" lon="11.601166287437081">
        <ele>1063.5999755859375</ele>
        <time>2026-06-24T14:56:47Z</time>
      </trkpt>
      <trkpt lat="46.327571254223585" lon="11.60118330270052">
        <ele>1063.800048828125</ele>
        <time>2026-06-24T14:56:46Z</time>
      </trkpt>
      <trkpt lat="46.327648619189858" lon="11.601188248023391">
        <ele>1064</ele>
        <time>2026-06-24T14:56:45Z</time>
      </trkpt>
      <trkpt lat="46.328332247212529" lon="11.600897815078497">
        <ele>1066</ele>
        <time>2026-06-24T14:56:36Z</time>
      </trkpt>
      <trkpt lat="46.328390082344413" lon="11.600867388769984">
        <ele>1066.199951171875</ele>
        <time>2026-06-24T14:56:35Z</time>
      </trkpt>
      <trkpt lat="46.328437104821205" lon="11.600834531709552">
        <ele>1066.4000244140625</ele>
        <time>2026-06-24T14:56:34Z</time>
      </trkpt>
      <trkpt lat="46.328477170318365" lon="11.600800752639771">
        <ele>1066.4000244140625</ele>
        <time>2026-06-24T14:56:33Z</time>
      </trkpt>
      <trkpt lat="46.328515140339732" lon="11.600778708234429">
        <ele>1066.5999755859375</ele>
        <time>2026-06-24T14:56:32Z</time>
      </trkpt>
      <trkpt lat="46.32855461910367" lon="11.600786922499537">
        <ele>1066.5999755859375</ele>
        <time>2026-06-24T14:56:31Z</time>
      </trkpt>
      <trkpt lat="46.328581776469946" lon="11.600830843672156">
        <ele>1066.800048828125</ele>
        <time>2026-06-24T14:56:30Z</time>
      </trkpt>
      <trkpt lat="46.328615890815854" lon="11.601139716804028">
        <ele>1066.800048828125</ele>
        <time>2026-06-24T14:56:25Z</time>
      </trkpt>
      <trkpt lat="46.328623183071613" lon="11.601198641583323">
        <ele>1066.800048828125</ele>
        <time>2026-06-24T14:56:24Z</time>
      </trkpt>
      <trkpt lat="46.328642461448908" lon="11.601248178631067">
        <ele>1066.5999755859375</ele>
        <time>2026-06-24T14:56:23Z</time>
      </trkpt>
      <trkpt lat="46.328819487243891" lon="11.60126150585711">
        <ele>1066.5999755859375</ele>
        <time>2026-06-24T14:56:18Z</time>
      </trkpt>
      <trkpt lat="46.328865168616176" lon="11.60125320777297">
        <ele>1066.800048828125</ele>
        <time>2026-06-24T14:56:17Z</time>
      </trkpt>
      <trkpt lat="46.328918980434537" lon="11.601246083155274">
        <ele>1067</ele>
        <time>2026-06-24T14:56:16Z</time>
      </trkpt>
      <trkpt lat="46.328979497775435" lon="11.601242898032069">
        <ele>1067.199951171875</ele>
        <time>2026-06-24T14:56:15Z</time>
      </trkpt>
      <trkpt lat="46.329043451696634" lon="11.601247256621718">
        <ele>1067.5999755859375</ele>
        <time>2026-06-24T14:56:14Z</time>
      </trkpt>
      <trkpt lat="46.329109333455563" lon="11.601264774799347">
        <ele>1067.800048828125</ele>
        <time>2026-06-24T14:56:13Z</time>
      </trkpt>
      <trkpt lat="46.329683158546686" lon="11.60159133374691">
        <ele>1070.199951171875</ele>
        <time>2026-06-24T14:56:05Z</time>
      </trkpt>
      <trkpt lat="46.330232592299581" lon="11.602153340354562">
        <ele>1073.4000244140625</ele>
        <time>2026-06-24T14:55:57Z</time>
      </trkpt>
      <trkpt lat="46.330729052424431" lon="11.602988848462701">
        <ele>1072.5999755859375</ele>
        <time>2026-06-24T14:55:46Z</time>
      </trkpt>
      <trkpt lat="46.330908508971334" lon="11.603356478735805">
        <ele>1074.4000244140625</ele>
        <time>2026-06-24T14:55:38Z</time>
      </trkpt>
      <trkpt lat="46.330938013270497" lon="11.603399813175201">
        <ele>1074.4000244140625</ele>
        <time>2026-06-24T14:55:37Z</time>
      </trkpt>
      <trkpt lat="46.331444447860122" lon="11.603906080126762">
        <ele>1075.4000244140625</ele>
        <time>2026-06-24T14:55:25Z</time>
      </trkpt>
      <trkpt lat="46.331503707915545" lon="11.603946564719081">
        <ele>1075.4000244140625</ele>
        <time>2026-06-24T14:55:24Z</time>
      </trkpt>
      <trkpt lat="46.33156212978065" lon="11.603993922472">
        <ele>1075.4000244140625</ele>
        <time>2026-06-24T14:55:23Z</time>
      </trkpt>
      <trkpt lat="46.331614684313536" lon="11.60405351780355">
        <ele>1075.199951171875</ele>
        <time>2026-06-24T14:55:22Z</time>
      </trkpt>
      <trkpt lat="46.331662377342582" lon="11.604121075943112">
        <ele>1074.800048828125</ele>
        <time>2026-06-24T14:55:21Z</time>
      </trkpt>
      <trkpt lat="46.331706801429391" lon="11.604196848347783">
        <ele>1074.4000244140625</ele>
        <time>2026-06-24T14:55:20Z</time>
      </trkpt>
      <trkpt lat="46.331746615469456" lon="11.604284523054957">
        <ele>1074.199951171875</ele>
        <time>2026-06-24T14:55:19Z</time>
      </trkpt>
      <trkpt lat="46.331875529140234" lon="11.604645866900682">
        <ele>1075</ele>
        <time>2026-06-24T14:55:15Z</time>
      </trkpt>
      <trkpt lat="46.331906039267778" lon="11.604724153876305">
        <ele>1075.4000244140625</ele>
        <time>2026-06-24T14:55:14Z</time>
      </trkpt>
      <trkpt lat="46.332081975415349" lon="11.605051551014185">
        <ele>1076.199951171875</ele>
        <time>2026-06-24T14:55:08Z</time>
      </trkpt>
      <trkpt lat="46.332109719514847" lon="11.605099411681294">
        <ele>1076.199951171875</ele>
        <time>2026-06-24T14:55:07Z</time>
      </trkpt>
      <trkpt lat="46.332140481099486" lon="11.605142410844564">
        <ele>1076.199951171875</ele>
        <time>2026-06-24T14:55:06Z</time>
      </trkpt>
      <trkpt lat="46.332374587655067" lon="11.605282304808497">
        <ele>1075.4000244140625</ele>
        <time>2026-06-24T14:54:59Z</time>
      </trkpt>
      <trkpt lat="46.33239864371717" lon="11.605281298980117">
        <ele>1075.199951171875</ele>
        <time>2026-06-24T14:54:58Z</time>
      </trkpt>
      <trkpt lat="46.332502998411655" lon="11.605108799412847">
        <ele>1075</ele>
        <time>2026-06-24T14:54:51Z</time>
      </trkpt>
      <trkpt lat="46.332534765824676" lon="11.605061190202832">
        <ele>1075</ele>
        <time>2026-06-24T14:54:50Z</time>
      </trkpt>
      <trkpt lat="46.332572903484106" lon="11.605006707832217">
        <ele>1075.199951171875</ele>
        <time>2026-06-24T14:54:49Z</time>
      </trkpt>
      <trkpt lat="46.332617411389947" lon="11.604956835508347">
        <ele>1075.4000244140625</ele>
        <time>2026-06-24T14:54:48Z</time>
      </trkpt>
      <trkpt lat="46.332674492150545" lon="11.604918949306011">
        <ele>1075.5999755859375</ele>
        <time>2026-06-24T14:54:47Z</time>
      </trkpt>
      <trkpt lat="46.332742217928171" lon="11.604905370622873">
        <ele>1075.800048828125</ele>
        <time>2026-06-24T14:54:46Z</time>
      </trkpt>
      <trkpt lat="46.333536067977548" lon="11.605061609297991">
        <ele>1078.4000244140625</ele>
        <time>2026-06-24T14:54:35Z</time>
      </trkpt>
      <trkpt lat="46.333609744906425" lon="11.605078121647239">
        <ele>1078.5999755859375</ele>
        <time>2026-06-24T14:54:34Z</time>
      </trkpt>
      <trkpt lat="46.333682080730796" lon="11.60510653629899">
        <ele>1078.800048828125</ele>
        <time>2026-06-24T14:54:33Z</time>
      </trkpt>
      <trkpt lat="46.333891209214926" lon="11.605244418606162">
        <ele>1079.5999755859375</ele>
        <time>2026-06-24T14:54:30Z</time>
      </trkpt>
      <trkpt lat="46.33502746000886" lon="11.606038939207792">
        <ele>1082.800048828125</ele>
        <time>2026-06-24T14:54:13Z</time>
      </trkpt>
      <trkpt lat="46.335086552426219" lon="11.606094427406788">
        <ele>1083.199951171875</ele>
        <time>2026-06-24T14:54:12Z</time>
      </trkpt>
      <trkpt lat="46.335143465548754" lon="11.60615460947156">
        <ele>1083.4000244140625</ele>
        <time>2026-06-24T14:54:11Z</time>
      </trkpt>
      <trkpt lat="46.335195852443576" lon="11.606223760172725">
        <ele>1083.5999755859375</ele>
        <time>2026-06-24T14:54:10Z</time>
      </trkpt>
      <trkpt lat="46.335242204368114" lon="11.606303807348013">
        <ele>1083.800048828125</ele>
        <time>2026-06-24T14:54:09Z</time>
      </trkpt>
      <trkpt lat="46.335382349789143" lon="11.606689039617777">
        <ele>1085</ele>
        <time>2026-06-24T14:54:05Z</time>
      </trkpt>
      <trkpt lat="46.335408417508006" lon="11.606793142855167">
        <ele>1085.199951171875</ele>
        <time>2026-06-24T14:54:04Z</time>
      </trkpt>
      <trkpt lat="46.3354432862252" lon="11.607008054852486">
        <ele>1086.199951171875</ele>
        <time>2026-06-24T14:54:02Z</time>
      </trkpt>
      <trkpt lat="46.335458206012845" lon="11.607116935774684">
        <ele>1086.4000244140625</ele>
        <time>2026-06-24T14:54:01Z</time>
      </trkpt>
      <trkpt lat="46.335471533238888" lon="11.607227073982358">
        <ele>1086.5999755859375</ele>
        <time>2026-06-24T14:54:00Z</time>
      </trkpt>
      <trkpt lat="46.33547798730433" lon="11.607339978218079">
        <ele>1086.800048828125</ele>
        <time>2026-06-24T14:53:59Z</time>
      </trkpt>
      <trkpt lat="46.33547555655241" lon="11.607455983757973">
        <ele>1086.800048828125</ele>
        <time>2026-06-24T14:53:58Z</time>
      </trkpt>
      <trkpt lat="46.335466923192143" lon="11.60756528377533">
        <ele>1087</ele>
        <time>2026-06-24T14:53:57Z</time>
      </trkpt>
      <trkpt lat="46.335451835766435" lon="11.607670476660132">
        <ele>1087.199951171875</ele>
        <time>2026-06-24T14:53:56Z</time>
      </trkpt>
      <trkpt lat="46.335438173264265" lon="11.607770724222064">
        <ele>1087.4000244140625</ele>
        <time>2026-06-24T14:53:55Z</time>
      </trkpt>
      <trkpt lat="46.335431719198823" lon="11.607865607365966">
        <ele>1087.4000244140625</ele>
        <time>2026-06-24T14:53:54Z</time>
      </trkpt>
      <trkpt lat="46.335480082780123" lon="11.60839157178998">
        <ele>1088.199951171875</ele>
        <time>2026-06-24T14:53:47Z</time>
      </trkpt>
      <trkpt lat="46.335484189912677" lon="11.608458543196321">
        <ele>1088.199951171875</ele>
        <time>2026-06-24T14:53:46Z</time>
      </trkpt>
      <trkpt lat="46.335485614836216" lon="11.608525346964598">
        <ele>1088.4000244140625</ele>
        <time>2026-06-24T14:53:45Z</time>
      </trkpt>
      <trkpt lat="46.335489554330707" lon="11.608591731637716">
        <ele>1088.4000244140625</ele>
        <time>2026-06-24T14:53:44Z</time>
      </trkpt>
      <trkpt lat="46.335492907091975" lon="11.608659792691469">
        <ele>1088.5999755859375</ele>
        <time>2026-06-24T14:53:43Z</time>
      </trkpt>
      <trkpt lat="46.33549751713872" lon="11.608722237870097">
        <ele>1088.800048828125</ele>
        <time>2026-06-24T14:53:42Z</time>
      </trkpt>
      <trkpt lat="46.335511431097984" lon="11.608832543715835">
        <ele>1088.800048828125</ele>
        <time>2026-06-24T14:53:40Z</time>
      </trkpt>
      <trkpt lat="46.335522159934044" lon="11.608876045793295">
        <ele>1088.800048828125</ele>
        <time>2026-06-24T14:53:39Z</time>
      </trkpt>
      <trkpt lat="46.335548646748066" lon="11.60897989757359">
        <ele>1088.199951171875</ele>
        <time>2026-06-24T14:53:24Z</time>
      </trkpt>
      <trkpt lat="46.335548227652907" lon="11.608973694965243">
        <ele>1089</ele>
        <time>2026-06-24T14:53:21Z</time>
      </trkpt>
      <trkpt lat="46.335670938715339" lon="11.609592698514462">
        <ele>1091</ele>
        <time>2026-06-24T14:53:12Z</time>
      </trkpt>
      <trkpt lat="46.335957013070583" lon="11.610165182501078">
        <ele>1091.800048828125</ele>
        <time>2026-06-24T14:53:05Z</time>
      </trkpt>
      <trkpt lat="46.336260018870234" lon="11.610525520518422">
        <ele>1092</ele>
        <time>2026-06-24T14:52:57Z</time>
      </trkpt>
      <trkpt lat="46.337001984938979" lon="11.61145968362689">
        <ele>1095</ele>
        <time>2026-06-24T14:52:43Z</time>
      </trkpt>
      <trkpt lat="46.337259728461504" lon="11.611690185964108">
        <ele>1096</ele>
        <time>2026-06-24T14:52:39Z</time>
      </trkpt>
      <trkpt lat="46.337885605171323" lon="11.611883137375116">
        <ele>1098.4000244140625</ele>
        <time>2026-06-24T14:52:31Z</time>
      </trkpt>
      <trkpt lat="46.337970430031419" lon="11.611889759078622">
        <ele>1098.5999755859375</ele>
        <time>2026-06-24T14:52:30Z</time>
      </trkpt>
      <trkpt lat="46.338057434186339" lon="11.611903002485633">
        <ele>1099</ele>
        <time>2026-06-24T14:52:29Z</time>
      </trkpt>
      <trkpt lat="46.338145695626736" lon="11.611928483471274">
        <ele>1099.800048828125</ele>
        <time>2026-06-24T14:52:28Z</time>
      </trkpt>
      <trkpt lat="46.338232364505529" lon="11.611970057711005">
        <ele>1100.199951171875</ele>
        <time>2026-06-24T14:52:27Z</time>
      </trkpt>
      <trkpt lat="46.338320039212704" lon="11.612031580880284">
        <ele>1100.5999755859375</ele>
        <time>2026-06-24T14:52:26Z</time>
      </trkpt>
      <trkpt lat="46.339073739945889" lon="11.612609010189772">
        <ele>1103.5999755859375</ele>
        <time>2026-06-24T14:52:17Z</time>
      </trkpt>
      <trkpt lat="46.339160995557904" lon="11.612659720703959">
        <ele>1103.800048828125</ele>
        <time>2026-06-24T14:52:16Z</time>
      </trkpt>
      <trkpt lat="46.33979944512248" lon="11.6128786560148">
        <ele>1106.199951171875</ele>
        <time>2026-06-24T14:52:09Z</time>
      </trkpt>
      <trkpt lat="46.340014943853021" lon="11.612903717905283">
        <ele>1106.5999755859375</ele>
        <time>2026-06-24T14:52:06Z</time>
      </trkpt>
      <trkpt lat="46.340080657973886" lon="11.612914949655533">
        <ele>1106.5999755859375</ele>
        <time>2026-06-24T14:52:05Z</time>
      </trkpt>
      <trkpt lat="46.340144444257021" lon="11.61293632350862">
        <ele>1106.800048828125</ele>
        <time>2026-06-24T14:52:04Z</time>
      </trkpt>
      <trkpt lat="46.340449713170528" lon="11.613171016797423">
        <ele>1108</ele>
        <time>2026-06-24T14:51:59Z</time>
      </trkpt>
      <trkpt lat="46.340563539415598" lon="11.613314179703593">
        <ele>1108.4000244140625</ele>
        <time>2026-06-24T14:51:57Z</time>
      </trkpt>
      <trkpt lat="46.341083636507392" lon="11.614062348380685">
        <ele>1110.5999755859375</ele>
        <time>2026-06-24T14:51:47Z</time>
      </trkpt>
      <trkpt lat="46.341150104999542" lon="11.61412613466382">
        <ele>1111</ele>
        <time>2026-06-24T14:51:46Z</time>
      </trkpt>
      <trkpt lat="46.341217076405883" lon="11.614198219031096">
        <ele>1111.199951171875</ele>
        <time>2026-06-24T14:51:45Z</time>
      </trkpt>
      <trkpt lat="46.341282371431589" lon="11.614278350025415">
        <ele>1111.4000244140625</ele>
        <time>2026-06-24T14:51:44Z</time>
      </trkpt>
      <trkpt lat="46.341344816610217" lon="11.614365018904209">
        <ele>1111.4000244140625</ele>
        <time>2026-06-24T14:51:43Z</time>
      </trkpt>
      <trkpt lat="46.341402819380164" lon="11.614457136020064">
        <ele>1111.5999755859375</ele>
        <time>2026-06-24T14:51:42Z</time>
      </trkpt>
      <trkpt lat="46.341453697532415" lon="11.614557048305869">
        <ele>1111.800048828125</ele>
        <time>2026-06-24T14:51:41Z</time>
      </trkpt>
      <trkpt lat="46.341495858505368" lon="11.614666599780321">
        <ele>1112.199951171875</ele>
        <time>2026-06-24T14:51:40Z</time>
      </trkpt>
      <trkpt lat="46.341621167957783" lon="11.615258445963264">
        <ele>1113</ele>
        <time>2026-06-24T14:51:35Z</time>
      </trkpt>
      <trkpt lat="46.341646146029234" lon="11.61537210457027">
        <ele>1113.4000244140625</ele>
        <time>2026-06-24T14:51:34Z</time>
      </trkpt>
      <trkpt lat="46.341674476861954" lon="11.615482913330197">
        <ele>1113.5999755859375</ele>
        <time>2026-06-24T14:51:33Z</time>
      </trkpt>
      <trkpt lat="46.341709932312369" lon="11.615590285509825">
        <ele>1113.800048828125</ele>
        <time>2026-06-24T14:51:32Z</time>
      </trkpt>
      <trkpt lat="46.34175050072372" lon="11.615694304928184">
        <ele>1114</ele>
        <time>2026-06-24T14:51:31Z</time>
      </trkpt>
      <trkpt lat="46.341799115762115" lon="11.615787846967578">
        <ele>1114.4000244140625</ele>
        <time>2026-06-24T14:51:30Z</time>
      </trkpt>
      <trkpt lat="46.341857202351093" lon="11.615868480876088">
        <ele>1114.4000244140625</ele>
        <time>2026-06-24T14:51:29Z</time>
      </trkpt>
      <trkpt lat="46.341925263404846" lon="11.615935200825334">
        <ele>1114.5999755859375</ele>
        <time>2026-06-24T14:51:28Z</time>
      </trkpt>
      <trkpt lat="46.342466818168759" lon="11.616315823048353">
        <ele>1116.4000244140625</ele>
        <time>2026-06-24T14:51:21Z</time>
      </trkpt>
      <trkpt lat="46.342542339116335" lon="11.616369383409619">
        <ele>1116.5999755859375</ele>
        <time>2026-06-24T14:51:20Z</time>
      </trkpt>
      <trkpt lat="46.342617189511657" lon="11.616414645686746">
        <ele>1116.5999755859375</ele>
        <time>2026-06-24T14:51:19Z</time>
      </trkpt>
      <trkpt lat="46.342690698802471" lon="11.616453705355525">
        <ele>1116.800048828125</ele>
        <time>2026-06-24T14:51:18Z</time>
      </trkpt>
      <trkpt lat="46.342762112617493" lon="11.616491423919797">
        <ele>1117</ele>
        <time>2026-06-24T14:51:17Z</time>
      </trkpt>
      <trkpt lat="46.342829251661897" lon="11.616548085585237">
        <ele>1117.199951171875</ele>
        <time>2026-06-24T14:51:16Z</time>
      </trkpt>
      <trkpt lat="46.342882392928004" lon="11.616631653159857">
        <ele>1117.199951171875</ele>
        <time>2026-06-24T14:51:15Z</time>
      </trkpt>
      <trkpt lat="46.342925559729338" lon="11.616728799417615">
        <ele>1117.4000244140625</ele>
        <time>2026-06-24T14:51:14Z</time>
      </trkpt>
      <trkpt lat="46.3429603446275" lon="11.616832567378879">
        <ele>1117.4000244140625</ele>
        <time>2026-06-24T14:51:13Z</time>
      </trkpt>
      <trkpt lat="46.342984652146697" lon="11.616942789405584">
        <ele>1117.5999755859375</ele>
        <time>2026-06-24T14:51:12Z</time>
      </trkpt>
      <trkpt lat="46.34302974678576" lon="11.617544107139111">
        <ele>1117.800048828125</ele>
        <time>2026-06-24T14:51:06Z</time>
      </trkpt>
      <trkpt lat="46.343105519190431" lon="11.617964124307036">
        <ele>1117.4000244140625</ele>
        <time>2026-06-24T14:51:01Z</time>
      </trkpt>
      <trkpt lat="46.343670627102256" lon="11.619284022599459">
        <ele>1117</ele>
        <time>2026-06-24T14:50:41Z</time>
      </trkpt>
      <trkpt lat="46.343944044783711" lon="11.619764054194093">
        <ele>1117.800048828125</ele>
        <time>2026-06-24T14:50:34Z</time>
      </trkpt>
      <trkpt lat="46.344074634835124" lon="11.619974942877889">
        <ele>1118</ele>
        <time>2026-06-24T14:50:31Z</time>
      </trkpt>
      <trkpt lat="46.344119645655155" lon="11.620043674483895">
        <ele>1118.199951171875</ele>
        <time>2026-06-24T14:50:30Z</time>
      </trkpt>
      <trkpt lat="46.344261802732944" lon="11.620330922305584">
        <ele>1118.4000244140625</ele>
        <time>2026-06-24T14:50:26Z</time>
      </trkpt>
      <trkpt lat="46.344727585092187" lon="11.621033912524581">
        <ele>1118.4000244140625</ele>
        <time>2026-06-24T14:50:13Z</time>
      </trkpt>
      <trkpt lat="46.344763459637761" lon="11.62108026444912">
        <ele>1118.4000244140625</ele>
        <time>2026-06-24T14:50:12Z</time>
      </trkpt>
      <trkpt lat="46.344797993078828" lon="11.621128208935261">
        <ele>1118.5999755859375</ele>
        <time>2026-06-24T14:50:11Z</time>
      </trkpt>
      <trkpt lat="46.344833364710212" lon="11.621175147593021">
        <ele>1118.5999755859375</ele>
        <time>2026-06-24T14:50:10Z</time>
      </trkpt>
      <trkpt lat="46.344871586188674" lon="11.62121613509953">
        <ele>1118.5999755859375</ele>
        <time>2026-06-24T14:50:09Z</time>
      </trkpt>
      <trkpt lat="46.3449134118855" lon="11.621250584721565">
        <ele>1118.800048828125</ele>
        <time>2026-06-24T14:50:08Z</time>
      </trkpt>
      <trkpt lat="46.344956243410707" lon="11.62127966992557">
        <ele>1118.800048828125</ele>
        <time>2026-06-24T14:50:07Z</time>
      </trkpt>
      <trkpt lat="46.344998823478818" lon="11.621312526986003">
        <ele>1118.800048828125</ele>
        <time>2026-06-24T14:50:06Z</time>
      </trkpt>
      <trkpt lat="46.345471227541566" lon="11.621974110603333">
        <ele>1120.199951171875</ele>
        <time>2026-06-24T14:49:54Z</time>
      </trkpt>
      <trkpt lat="46.346188383176923" lon="11.622921014204621">
        <ele>1122.800048828125</ele>
        <time>2026-06-24T14:49:38Z</time>
      </trkpt>
      <trkpt lat="46.346228867769241" lon="11.622990500181913">
        <ele>1122.800048828125</ele>
        <time>2026-06-24T14:49:37Z</time>
      </trkpt>
      <trkpt lat="46.346424920484424" lon="11.623579999431968">
        <ele>1122.4000244140625</ele>
        <time>2026-06-24T14:49:30Z</time>
      </trkpt>
      <trkpt lat="46.346455430611968" lon="11.623660046607256">
        <ele>1123</ele>
        <time>2026-06-24T14:49:29Z</time>
      </trkpt>
      <trkpt lat="46.346707222983241" lon="11.624043853953481">
        <ele>1124.5999755859375</ele>
        <time>2026-06-24T14:49:23Z</time>
      </trkpt>
      <trkpt lat="46.346794059500098" lon="11.624126750975847">
        <ele>1125.199951171875</ele>
        <time>2026-06-24T14:49:21Z</time>
      </trkpt>
      <trkpt lat="46.34712053462863" lon="11.624248456209898">
        <ele>1125.800048828125</ele>
        <time>2026-06-24T14:49:11Z</time>
      </trkpt>
      <trkpt lat="46.347144925966859" lon="11.624251389876008">
        <ele>1126</ele>
        <time>2026-06-24T14:49:10Z</time>
      </trkpt>
      <trkpt lat="46.347168646752834" lon="11.624258430674672">
        <ele>1126</ele>
        <time>2026-06-24T14:49:09Z</time>
      </trkpt>
      <trkpt lat="46.347188176587224" lon="11.624275697395205">
        <ele>1126</ele>
        <time>2026-06-24T14:49:08Z</time>
      </trkpt>
      <trkpt lat="46.347200581803918" lon="11.624305034056306">
        <ele>1125.800048828125</ele>
        <time>2026-06-24T14:49:07Z</time>
      </trkpt>
      <trkpt lat="46.347080050036311" lon="11.624895287677646">
        <ele>1124.4000244140625</ele>
        <time>2026-06-24T14:48:56Z</time>
      </trkpt>
      <trkpt lat="46.346979718655348" lon="11.625270210206509">
        <ele>1126.4000244140625</ele>
        <time>2026-06-24T14:48:51Z</time>
      </trkpt>
      <trkpt lat="46.34695784188807" lon="11.625344725325704">
        <ele>1126.5999755859375</ele>
        <time>2026-06-24T14:48:50Z</time>
      </trkpt>
      <trkpt lat="46.346939150243998" lon="11.625417144969106">
        <ele>1126.5999755859375</ele>
        <time>2026-06-24T14:48:49Z</time>
      </trkpt>
      <trkpt lat="46.346929594874382" lon="11.62548964843154">
        <ele>1126.800048828125</ele>
        <time>2026-06-24T14:48:48Z</time>
      </trkpt>
      <trkpt lat="46.346940491348505" lon="11.625558882951736">
        <ele>1127</ele>
        <time>2026-06-24T14:48:47Z</time>
      </trkpt>
      <trkpt lat="46.346977287903428" lon="11.625613197684288">
        <ele>1127.199951171875</ele>
        <time>2026-06-24T14:48:46Z</time>
      </trkpt>
      <trkpt lat="46.347106285393238" lon="11.625660052523017">
        <ele>1127.800048828125</ele>
        <time>2026-06-24T14:48:44Z</time>
      </trkpt>
      <trkpt lat="46.34718063287437" lon="11.625678073614836">
        <ele>1128</ele>
        <time>2026-06-24T14:48:43Z</time>
      </trkpt>
      <trkpt lat="46.347250370308757" lon="11.625715959817171">
        <ele>1128</ele>
        <time>2026-06-24T14:48:42Z</time>
      </trkpt>
      <trkpt lat="46.347306948155165" lon="11.625784523785114">
        <ele>1128.199951171875</ele>
        <time>2026-06-24T14:48:41Z</time>
      </trkpt>
      <trkpt lat="46.347344666719437" lon="11.625874796882272">
        <ele>1128.199951171875</ele>
        <time>2026-06-24T14:48:40Z</time>
      </trkpt>
      <trkpt lat="46.347505683079362" lon="11.626724721863866">
        <ele>1129.4000244140625</ele>
        <time>2026-06-24T14:48:31Z</time>
      </trkpt>
      <trkpt lat="46.347518591210246" lon="11.626815749332309">
        <ele>1129.4000244140625</ele>
        <time>2026-06-24T14:48:30Z</time>
      </trkpt>
      <trkpt lat="46.347530912607908" lon="11.627107774838805">
        <ele>1129.800048828125</ele>
        <time>2026-06-24T14:48:27Z</time>
      </trkpt>
      <trkpt lat="46.347539462149143" lon="11.627205172553658">
        <ele>1130</ele>
        <time>2026-06-24T14:48:26Z</time>
      </trkpt>
      <trkpt lat="46.347843306139112" lon="11.628371011465788">
        <ele>1132.199951171875</ele>
        <time>2026-06-24T14:48:14Z</time>
      </trkpt>
      <trkpt lat="46.347865853458643" lon="11.628468073904514">
        <ele>1132.199951171875</ele>
        <time>2026-06-24T14:48:13Z</time>
      </trkpt>
      <trkpt lat="46.348390644416213" lon="11.629294026643038">
        <ele>1134.199951171875</ele>
        <time>2026-06-24T14:48:02Z</time>
      </trkpt>
      <trkpt lat="46.348451161757112" lon="11.629361417144537">
        <ele>1134.4000244140625</ele>
        <time>2026-06-24T14:48:01Z</time>
      </trkpt>
      <trkpt lat="46.34851410984993" lon="11.62942310795188">
        <ele>1134.5999755859375</ele>
        <time>2026-06-24T14:48:00Z</time>
      </trkpt>
      <trkpt lat="46.348578231409192" lon="11.629478512331843">
        <ele>1135.199951171875</ele>
        <time>2026-06-24T14:47:59Z</time>
      </trkpt>
      <trkpt lat="46.348645035177469" lon="11.629528552293777">
        <ele>1135.4000244140625</ele>
        <time>2026-06-24T14:47:58Z</time>
      </trkpt>
      <trkpt lat="46.348715191707015" lon="11.629570545628667">
        <ele>1135.5999755859375</ele>
        <time>2026-06-24T14:47:57Z</time>
      </trkpt>
      <trkpt lat="46.34900176897645" lon="11.629672218114138">
        <ele>1136.4000244140625</ele>
        <time>2026-06-24T14:47:53Z</time>
      </trkpt>
      <trkpt lat="46.349073937162757" lon="11.629687892273068">
        <ele>1136.5999755859375</ele>
        <time>2026-06-24T14:47:52Z</time>
      </trkpt>
      <trkpt lat="46.349144848063588" lon="11.629693424329162">
        <ele>1136.5999755859375</ele>
        <time>2026-06-24T14:47:51Z</time>
      </trkpt>
      <trkpt lat="46.349273007363081" lon="11.629677498713136">
        <ele>1137</ele>
        <time>2026-06-24T14:47:49Z</time>
      </trkpt>
      <trkpt lat="46.349327154457569" lon="11.629667105153203">
        <ele>1137</ele>
        <time>2026-06-24T14:47:48Z</time>
      </trkpt>
      <trkpt lat="46.349373841658235" lon="11.629660399630666">
        <ele>1137.199951171875</ele>
        <time>2026-06-24T14:47:47Z</time>
      </trkpt>
      <trkpt lat="46.349412146955729" lon="11.629668110981584">
        <ele>1137.199951171875</ele>
        <time>2026-06-24T14:47:46Z</time>
      </trkpt>
      <trkpt lat="46.349436873570085" lon="11.62970993667841">
        <ele>1137.199951171875</ele>
        <time>2026-06-24T14:47:45Z</time>
      </trkpt>
      <trkpt lat="46.349464617669582" lon="11.630010427907109">
        <ele>1137.5999755859375</ele>
        <time>2026-06-24T14:47:41Z</time>
      </trkpt>
      <trkpt lat="46.349471742287278" lon="11.630087960511446">
        <ele>1137.5999755859375</ele>
        <time>2026-06-24T14:47:40Z</time>
      </trkpt>
      <trkpt lat="46.349483225494623" lon="11.630164738744497">
        <ele>1137.800048828125</ele>
        <time>2026-06-24T14:47:39Z</time>
      </trkpt>
      <trkpt lat="46.349502755329013" lon="11.630241936072707">
        <ele>1137.800048828125</ele>
        <time>2026-06-24T14:47:38Z</time>
      </trkpt>
      <trkpt lat="46.349532762542367" lon="11.63032072596252">
        <ele>1137.800048828125</ele>
        <time>2026-06-24T14:47:37Z</time>
      </trkpt>
      <trkpt lat="46.349572325125337" lon="11.630393732339144">
        <ele>1138</ele>
        <time>2026-06-24T14:47:36Z</time>
      </trkpt>
      <trkpt lat="46.349810622632504" lon="11.630667066201568">
        <ele>1138.4000244140625</ele>
        <time>2026-06-24T14:47:31Z</time>
      </trkpt>
      <trkpt lat="46.350416885688901" lon="11.631581364199519">
        <ele>1139</ele>
        <time>2026-06-24T14:47:16Z</time>
      </trkpt>
      <trkpt lat="46.350451167672873" lon="11.631643725559115">
        <ele>1139.199951171875</ele>
        <time>2026-06-24T14:47:15Z</time>
      </trkpt>
      <trkpt lat="46.35048620402813" lon="11.631705248728395">
        <ele>1139.199951171875</ele>
        <time>2026-06-24T14:47:14Z</time>
      </trkpt>
      <trkpt lat="46.350525850430131" lon="11.631762245669961">
        <ele>1139.199951171875</ele>
        <time>2026-06-24T14:47:13Z</time>
      </trkpt>
      <trkpt lat="46.350571447983384" lon="11.631813794374466">
        <ele>1139.4000244140625</ele>
        <time>2026-06-24T14:47:12Z</time>
      </trkpt>
      <trkpt lat="46.351151978597045" lon="11.632308578118682">
        <ele>1139.5999755859375</ele>
        <time>2026-06-24T14:47:01Z</time>
      </trkpt>
      <trkpt lat="46.351200342178345" lon="11.632348978891969">
        <ele>1139.5999755859375</ele>
        <time>2026-06-24T14:47:00Z</time>
      </trkpt>
      <trkpt lat="46.351250885054469" lon="11.632381500676274">
        <ele>1139.5999755859375</ele>
        <time>2026-06-24T14:46:59Z</time>
      </trkpt>
      <trkpt lat="46.351407542824745" lon="11.632431540638208">
        <ele>1139.5999755859375</ele>
        <time>2026-06-24T14:46:56Z</time>
      </trkpt>
      <trkpt lat="46.351555651053786" lon="11.632446125149727">
        <ele>1139.5999755859375</ele>
        <time>2026-06-24T14:46:53Z</time>
      </trkpt>
      <trkpt lat="46.351683977991343" lon="11.632443107664585">
        <ele>1139.4000244140625</ele>
        <time>2026-06-24T14:46:50Z</time>
      </trkpt>
      <trkpt lat="46.352149341255426" lon="11.632645949721336">
        <ele>1139.4000244140625</ele>
        <time>2026-06-24T14:46:37Z</time>
      </trkpt>
      <trkpt lat="46.352190747857094" lon="11.63267788477242">
        <ele>1139.4000244140625</ele>
        <time>2026-06-24T14:46:36Z</time>
      </trkpt>
      <trkpt lat="46.352561144158244" lon="11.633166214451194">
        <ele>1140</ele>
        <time>2026-06-24T14:46:27Z</time>
      </trkpt>
      <trkpt lat="46.353038158267736" lon="11.633557481691241">
        <ele>1140.4000244140625</ele>
        <time>2026-06-24T14:46:18Z</time>
      </trkpt>
      <trkpt lat="46.353791523724794" lon="11.634253682568669">
        <ele>1141.800048828125</ele>
        <time>2026-06-24T14:46:04Z</time>
      </trkpt>
      <trkpt lat="46.35442703962326" lon="11.635079635307193">
        <ele>1142.800048828125</ele>
        <time>2026-06-24T14:45:50Z</time>
      </trkpt>
      <trkpt lat="46.354825347661972" lon="11.63610365241766">
        <ele>1144</ele>
        <time>2026-06-24T14:45:37Z</time>
      </trkpt>
      <trkpt lat="46.354859545826912" lon="11.63618135266006">
        <ele>1144.199951171875</ele>
        <time>2026-06-24T14:45:36Z</time>
      </trkpt>
      <trkpt lat="46.354891480877995" lon="11.636260729283094">
        <ele>1144.199951171875</ele>
        <time>2026-06-24T14:45:35Z</time>
      </trkpt>
      <trkpt lat="46.354917380958796" lon="11.636343626305461">
        <ele>1144.4000244140625</ele>
        <time>2026-06-24T14:45:34Z</time>
      </trkpt>
      <trkpt lat="46.354935150593519" lon="11.636428534984589">
        <ele>1144.4000244140625</ele>
        <time>2026-06-24T14:45:33Z</time>
      </trkpt>
      <trkpt lat="46.354936407878995" lon="11.636766660958529">
        <ele>1144.800048828125</ele>
        <time>2026-06-24T14:45:29Z</time>
      </trkpt>
      <trkpt lat="46.354932719841599" lon="11.636847043409944">
        <ele>1144.800048828125</ele>
        <time>2026-06-24T14:45:28Z</time>
      </trkpt>
      <trkpt lat="46.354935569688678" lon="11.636924911290407">
        <ele>1144.800048828125</ele>
        <time>2026-06-24T14:45:27Z</time>
      </trkpt>
      <trkpt lat="46.354950154200196" lon="11.637071091681719">
        <ele>1144</ele>
        <time>2026-06-24T14:45:25Z</time>
      </trkpt>
      <trkpt lat="46.354999523609877" lon="11.637521954253316">
        <ele>1140.800048828125</ele>
        <time>2026-06-24T14:45:18Z</time>
      </trkpt>
      <trkpt lat="46.355009414255619" lon="11.637581801041961">
        <ele>1141.199951171875</ele>
        <time>2026-06-24T14:45:17Z</time>
      </trkpt>
      <trkpt lat="46.355252154171467" lon="11.638288646936417">
        <ele>1144.4000244140625</ele>
        <time>2026-06-24T14:45:07Z</time>
      </trkpt>
      <trkpt lat="46.355821872130036" lon="11.6394361294806">
        <ele>1146</ele>
        <time>2026-06-24T14:44:52Z</time>
      </trkpt>
      <trkpt lat="46.356696356087923" lon="11.640811851248145">
        <ele>1148.4000244140625</ele>
        <time>2026-06-24T14:44:34Z</time>
      </trkpt>
      <trkpt lat="46.357286022976041" lon="11.642300644889474">
        <ele>1150.4000244140625</ele>
        <time>2026-06-24T14:44:18Z</time>
      </trkpt>
      <trkpt lat="46.35787770152092" lon="11.643212512135506">
        <ele>1151.5999755859375</ele>
        <time>2026-06-24T14:44:06Z</time>
      </trkpt>
      <trkpt lat="46.358347255736589" lon="11.643637977540493">
        <ele>1151.5999755859375</ele>
        <time>2026-06-24T14:43:54Z</time>
      </trkpt>
      <trkpt lat="46.35838346555829" lon="11.643668236210942">
        <ele>1151.5999755859375</ele>
        <time>2026-06-24T14:43:53Z</time>
      </trkpt>
      <trkpt lat="46.358422860503197" lon="11.643693633377552">
        <ele>1151.800048828125</ele>
        <time>2026-06-24T14:43:52Z</time>
      </trkpt>
      <trkpt lat="46.358516402542591" lon="11.643733698874712">
        <ele>1152</ele>
        <time>2026-06-24T14:43:50Z</time>
      </trkpt>
      <trkpt lat="46.358670461922884" lon="11.643838472664356">
        <ele>1152.4000244140625</ele>
        <time>2026-06-24T14:43:47Z</time>
      </trkpt>
      <trkpt lat="46.359062734991312" lon="11.644330825656652">
        <ele>1153</ele>
        <time>2026-06-24T14:43:39Z</time>
      </trkpt>
      <trkpt lat="46.35979263111949" lon="11.645114198327065">
        <ele>1153.4000244140625</ele>
        <time>2026-06-24T14:43:23Z</time>
      </trkpt>
      <trkpt lat="46.359838899224997" lon="11.645156275480986">
        <ele>1153.4000244140625</ele>
        <time>2026-06-24T14:43:22Z</time>
      </trkpt>
      <trkpt lat="46.359880054369569" lon="11.645202459767461">
        <ele>1153.4000244140625</ele>
        <time>2026-06-24T14:43:21Z</time>
      </trkpt>
      <trkpt lat="46.359981307759881" lon="11.645363811403513">
        <ele>1153.5999755859375</ele>
        <time>2026-06-24T14:43:18Z</time>
      </trkpt>
      <trkpt lat="46.360400235280395" lon="11.645755497738719">
        <ele>1154.4000244140625</ele>
        <time>2026-06-24T14:43:09Z</time>
      </trkpt>
      <trkpt lat="46.36045278981328" lon="11.64579950273037">
        <ele>1154.4000244140625</ele>
        <time>2026-06-24T14:43:08Z</time>
      </trkpt>
      <trkpt lat="46.3605070207268" lon="11.645841496065259">
        <ele>1154.5999755859375</ele>
        <time>2026-06-24T14:43:07Z</time>
      </trkpt>
      <trkpt lat="46.360562425106764" lon="11.645879214629531">
        <ele>1154.5999755859375</ele>
        <time>2026-06-24T14:43:06Z</time>
      </trkpt>
      <trkpt lat="46.360621014609933" lon="11.645907629281282">
        <ele>1154.800048828125</ele>
        <time>2026-06-24T14:43:05Z</time>
      </trkpt>
      <trkpt lat="46.360812373459339" lon="11.645943503826857">
        <ele>1155.5999755859375</ele>
        <time>2026-06-24T14:43:02Z</time>
      </trkpt>
      <trkpt lat="46.360880183055997" lon="11.645954651758075">
        <ele>1155.800048828125</ele>
        <time>2026-06-24T14:43:01Z</time>
      </trkpt>
      <trkpt lat="46.361197773367167" lon="11.646089013665915">
        <ele>1156.5999755859375</ele>
        <time>2026-06-24T14:42:56Z</time>
      </trkpt>
      <trkpt lat="46.361251082271338" lon="11.646112482994795">
        <ele>1156.800048828125</ele>
        <time>2026-06-24T14:42:55Z</time>
      </trkpt>
      <trkpt lat="46.361513268202543" lon="11.646161433309317">
        <ele>1157.199951171875</ele>
        <time>2026-06-24T14:42:50Z</time>
      </trkpt>
      <trkpt lat="46.361564649268985" lon="11.646170150488615">
        <ele>1157.199951171875</ele>
        <time>2026-06-24T14:42:49Z</time>
      </trkpt>
      <trkpt lat="46.361615862697363" lon="11.646182974800467">
        <ele>1157.4000244140625</ele>
        <time>2026-06-24T14:42:48Z</time>
      </trkpt>
      <trkpt lat="46.361666908487678" lon="11.64620409719646">
        <ele>1157.4000244140625</ele>
        <time>2026-06-24T14:42:47Z</time>
      </trkpt>
      <trkpt lat="46.361715020611882" lon="11.646236535161734">
        <ele>1157.5999755859375</ele>
        <time>2026-06-24T14:42:46Z</time>
      </trkpt>
      <trkpt lat="46.361759696155787" lon="11.646284647285938">
        <ele>1157.5999755859375</ele>
        <time>2026-06-24T14:42:45Z</time>
      </trkpt>
      <trkpt lat="46.361798252910376" lon="11.646342733874917">
        <ele>1157.800048828125</ele>
        <time>2026-06-24T14:42:44Z</time>
      </trkpt>
      <trkpt lat="46.362076448276639" lon="11.646922929212451">
        <ele>1158.199951171875</ele>
        <time>2026-06-24T14:42:35Z</time>
      </trkpt>
      <trkpt lat="46.362110646441579" lon="11.646987553685904">
        <ele>1158.4000244140625</ele>
        <time>2026-06-24T14:42:34Z</time>
      </trkpt>
      <trkpt lat="46.362193040549755" lon="11.647109929472208">
        <ele>1158.800048828125</ele>
        <time>2026-06-24T14:42:32Z</time>
      </trkpt>
      <trkpt lat="46.362240565940738" lon="11.647167513146996">
        <ele>1158.800048828125</ele>
        <time>2026-06-24T14:42:31Z</time>
      </trkpt>
      <trkpt lat="46.362390602007508" lon="11.647300366312265">
        <ele>1159.199951171875</ele>
        <time>2026-06-24T14:42:28Z</time>
      </trkpt>
      <trkpt lat="46.362496046349406" lon="11.647376306355">
        <ele>1159.5999755859375</ele>
        <time>2026-06-24T14:42:26Z</time>
      </trkpt>
      <trkpt lat="46.362913213670254" lon="11.647847201675177">
        <ele>1161</ele>
        <time>2026-06-24T14:42:17Z</time>
      </trkpt>
      <trkpt lat="46.363579910248518" lon="11.648332178592682">
        <ele>1162.4000244140625</ele>
        <time>2026-06-24T14:42:03Z</time>
      </trkpt>
      <trkpt lat="46.36363229714334" lon="11.648375764489174">
        <ele>1162.5999755859375</ele>
        <time>2026-06-24T14:42:02Z</time>
      </trkpt>
      <trkpt lat="46.363825751468539" lon="11.648626048117876">
        <ele>1163.199951171875</ele>
        <time>2026-06-24T14:41:58Z</time>
      </trkpt>
      <trkpt lat="46.363863386213779" lon="11.648682290688157">
        <ele>1163.199951171875</ele>
        <time>2026-06-24T14:41:57Z</time>
      </trkpt>
      <trkpt lat="46.363895740360022" lon="11.648727804422379">
        <ele>1163.199951171875</ele>
        <time>2026-06-24T14:41:56Z</time>
      </trkpt>
      <trkpt lat="46.363923149183393" lon="11.648763259872794">
        <ele>1163</ele>
        <time>2026-06-24T14:41:55Z</time>
      </trkpt>
      <trkpt lat="46.363944187760353" lon="11.648791590705514">
        <ele>1163</ele>
        <time>2026-06-24T14:41:54Z</time>
      </trkpt>
      <trkpt lat="46.363962795585394" lon="11.648809611797333">
        <ele>1162.5999755859375</ele>
        <time>2026-06-24T14:41:53Z</time>
      </trkpt>
      <trkpt lat="46.363980062305927" lon="11.648818664252758">
        <ele>1162.4000244140625</ele>
        <time>2026-06-24T14:41:52Z</time>
      </trkpt>
      <trkpt lat="46.364041166380048" lon="11.648826124146581">
        <ele>1161.800048828125</ele>
        <time>2026-06-24T14:41:47Z</time>
      </trkpt>
      <trkpt lat="46.364244762808084" lon="11.648888904601336">
        <ele>1162</ele>
        <time>2026-06-24T14:41:40Z</time>
      </trkpt>
      <trkpt lat="46.36430318467319" lon="11.648897370323539">
        <ele>1162</ele>
        <time>2026-06-24T14:41:39Z</time>
      </trkpt>
      <trkpt lat="46.364567466080189" lon="11.649013124406338">
        <ele>1162.5999755859375</ele>
        <time>2026-06-24T14:41:34Z</time>
      </trkpt>
      <trkpt lat="46.364615494385362" lon="11.649038773030043">
        <ele>1162.5999755859375</ele>
        <time>2026-06-24T14:41:33Z</time>
      </trkpt>
      <trkpt lat="46.364776091650128" lon="11.649123514071107">
        <ele>1163</ele>
        <time>2026-06-24T14:41:30Z</time>
      </trkpt>
      <trkpt lat="46.364831747487187" lon="11.649154862388968">
        <ele>1163.199951171875</ele>
        <time>2026-06-24T14:41:29Z</time>
      </trkpt>
      <trkpt lat="46.364884721115232" lon="11.649194341152906">
        <ele>1163.4000244140625</ele>
        <time>2026-06-24T14:41:28Z</time>
      </trkpt>
      <trkpt lat="46.365102482959628" lon="11.649433812126517">
        <ele>1163.5999755859375</ele>
        <time>2026-06-24T14:41:23Z</time>
      </trkpt>
      <trkpt lat="46.365141710266471" lon="11.649478487670422">
        <ele>1163.800048828125</ele>
        <time>2026-06-24T14:41:22Z</time>
      </trkpt>
      <trkpt lat="46.365179428830743" lon="11.64953364059329">
        <ele>1163.800048828125</ele>
        <time>2026-06-24T14:41:21Z</time>
      </trkpt>
      <trkpt lat="46.365213459357619" lon="11.649600863456726">
        <ele>1164</ele>
        <time>2026-06-24T14:41:20Z</time>
      </trkpt>
      <trkpt lat="46.365241287276149" lon="11.649664901196957">
        <ele>1164</ele>
        <time>2026-06-24T14:41:19Z</time>
      </trkpt>
      <trkpt lat="46.3652697019279" lon="11.649717874825001">
        <ele>1164</ele>
        <time>2026-06-24T14:41:18Z</time>
      </trkpt>
      <trkpt lat="46.365307001397014" lon="11.649770429357886">
        <ele>1164</ele>
        <time>2026-06-24T14:41:17Z</time>
      </trkpt>
      <trkpt lat="46.365345222875476" lon="11.649820804595947">
        <ele>1164.199951171875</ele>
        <time>2026-06-24T14:41:16Z</time>
      </trkpt>
      <trkpt lat="46.365380845963955" lon="11.649875622242689">
        <ele>1164.199951171875</ele>
        <time>2026-06-24T14:41:15Z</time>
      </trkpt>
      <trkpt lat="46.365416049957275" lon="11.649933541193604">
        <ele>1164.199951171875</ele>
        <time>2026-06-24T14:41:14Z</time>
      </trkpt>
      <trkpt lat="46.365582011640072" lon="11.650130683556199">
        <ele>1164.5999755859375</ele>
        <time>2026-06-24T14:41:10Z</time>
      </trkpt>
      <trkpt lat="46.365719139575958" lon="11.650248197838664">
        <ele>1165</ele>
        <time>2026-06-24T14:41:07Z</time>
      </trkpt>
      <trkpt lat="46.365763060748577" lon="11.650286000221968">
        <ele>1165</ele>
        <time>2026-06-24T14:41:06Z</time>
      </trkpt>
      <trkpt lat="46.365803126245737" lon="11.650319024920464">
        <ele>1165</ele>
        <time>2026-06-24T14:41:05Z</time>
      </trkpt>
      <trkpt lat="46.365838330239058" lon="11.650339644402266">
        <ele>1165.199951171875</ele>
        <time>2026-06-24T14:41:04Z</time>
      </trkpt>
      <trkpt lat="46.365872947499156" lon="11.650352301076055">
        <ele>1165.199951171875</ele>
        <time>2026-06-24T14:41:03Z</time>
      </trkpt>
      <trkpt lat="46.365906810387969" lon="11.650357246398926">
        <ele>1165.4000244140625</ele>
        <time>2026-06-24T14:41:02Z</time>
      </trkpt>
      <trkpt lat="46.365936817601323" lon="11.650387840345502">
        <ele>1165.4000244140625</ele>
        <time>2026-06-24T14:41:01Z</time>
      </trkpt>
      <trkpt lat="46.365959197282791" lon="11.650433018803596">
        <ele>1165.5999755859375</ele>
        <time>2026-06-24T14:41:00Z</time>
      </trkpt>
      <trkpt lat="46.365976799279451" lon="11.650484818965197">
        <ele>1165.800048828125</ele>
        <time>2026-06-24T14:40:59Z</time>
      </trkpt>
      <trkpt lat="46.365993898361921" lon="11.650536870583892">
        <ele>1165.800048828125</ele>
        <time>2026-06-24T14:40:58Z</time>
      </trkpt>
      <trkpt lat="46.366019882261753" lon="11.650588000193238">
        <ele>1166</ele>
        <time>2026-06-24T14:40:57Z</time>
      </trkpt>
      <trkpt lat="46.366094145923853" lon="11.650675423443317">
        <ele>1166</ele>
        <time>2026-06-24T14:40:55Z</time>
      </trkpt>
      <trkpt lat="46.366141168400645" lon="11.650720937177539">
        <ele>1166</ele>
        <time>2026-06-24T14:40:54Z</time>
      </trkpt>
      <trkpt lat="46.366190537810326" lon="11.650769719853997">
        <ele>1166</ele>
        <time>2026-06-24T14:40:53Z</time>
      </trkpt>
      <trkpt lat="46.366226244717836" lon="11.650807606056333">
        <ele>1166</ele>
        <time>2026-06-24T14:40:52Z</time>
      </trkpt>
      <trkpt lat="46.366560095921159" lon="11.651114048436284">
        <ele>1166.4000244140625</ele>
        <time>2026-06-24T14:40:41Z</time>
      </trkpt>
      <trkpt lat="46.367005677893758" lon="11.651506321504712">
        <ele>1165.5999755859375</ele>
        <time>2026-06-24T14:40:26Z</time>
      </trkpt>
      <trkpt lat="46.367039540782571" lon="11.651531886309385">
        <ele>1165.199951171875</ele>
        <time>2026-06-24T14:40:25Z</time>
      </trkpt>
      <trkpt lat="46.367099555209279" lon="11.651577651500702">
        <ele>1165.4000244140625</ele>
        <time>2026-06-24T14:40:23Z</time>
      </trkpt>
      <trkpt lat="46.367228720337152" lon="11.651672199368477">
        <ele>1167.4000244140625</ele>
        <time>2026-06-24T14:40:18Z</time>
      </trkpt>
      <trkpt lat="46.367272054776549" lon="11.651697009801865">
        <ele>1167.4000244140625</ele>
        <time>2026-06-24T14:40:17Z</time>
      </trkpt>
      <trkpt lat="46.367319077253342" lon="11.651718467473984">
        <ele>1167.5999755859375</ele>
        <time>2026-06-24T14:40:16Z</time>
      </trkpt>
      <trkpt lat="46.367418738082051" lon="11.651734309270978">
        <ele>1167.5999755859375</ele>
        <time>2026-06-24T14:40:14Z</time>
      </trkpt>
      <trkpt lat="46.367468358948827" lon="11.651742774993181">
        <ele>1167.4000244140625</ele>
        <time>2026-06-24T14:40:13Z</time>
      </trkpt>
      <trkpt lat="46.367646055296063" lon="11.651847800239921">
        <ele>1166.800048828125</ele>
        <time>2026-06-24T14:40:09Z</time>
      </trkpt>
      <trkpt lat="46.36768838390708" lon="11.651874370872974">
        <ele>1166.800048828125</ele>
        <time>2026-06-24T14:40:08Z</time>
      </trkpt>
      <trkpt lat="46.368139749392867" lon="11.652229260653257">
        <ele>1170</ele>
        <time>2026-06-24T14:39:57Z</time>
      </trkpt>
      <trkpt lat="46.36816824786365" lon="11.652264967560768">
        <ele>1170</ele>
        <time>2026-06-24T14:39:56Z</time>
      </trkpt>
      <trkpt lat="46.36819607578218" lon="11.652299081906676">
        <ele>1170.199951171875</ele>
        <time>2026-06-24T14:39:55Z</time>
      </trkpt>
      <trkpt lat="46.368219712749124" lon="11.652329340577126">
        <ele>1170.199951171875</ele>
        <time>2026-06-24T14:39:54Z</time>
      </trkpt>
      <trkpt lat="46.368241086602211" lon="11.652355911210179">
        <ele>1170.199951171875</ele>
        <time>2026-06-24T14:39:53Z</time>
      </trkpt>
      <trkpt lat="46.368264136835933" lon="11.652371836826205">
        <ele>1170.199951171875</ele>
        <time>2026-06-24T14:39:52Z</time>
      </trkpt>
      <trkpt lat="46.368266148492694" lon="11.652465462684631">
        <ele>1172.199951171875</ele>
        <time>2026-06-24T14:39:29Z</time>
      </trkpt>
      <trkpt lat="46.368271764367819" lon="11.652538385242224">
        <ele>1172.199951171875</ele>
        <time>2026-06-24T14:39:28Z</time>
      </trkpt>
      <trkpt lat="46.368291461840272" lon="11.652613319456577">
        <ele>1172.199951171875</ele>
        <time>2026-06-24T14:39:27Z</time>
      </trkpt>
      <trkpt lat="46.368656828999519" lon="11.653095697984099">
        <ele>1172.800048828125</ele>
        <time>2026-06-24T14:39:18Z</time>
      </trkpt>
      <trkpt lat="46.369410613551736" lon="11.653911508619785">
        <ele>1173.5999755859375</ele>
        <time>2026-06-24T14:39:02Z</time>
      </trkpt>
      <trkpt lat="46.370212258771062" lon="11.654558843001723">
        <ele>1174.199951171875</ele>
        <time>2026-06-24T14:38:46Z</time>
      </trkpt>
      <trkpt lat="46.370263723656535" lon="11.654594885185361">
        <ele>1174.199951171875</ele>
        <time>2026-06-24T14:38:45Z</time>
      </trkpt>
      <trkpt lat="46.370802177116275" lon="11.65488263592124">
        <ele>1174.199951171875</ele>
        <time>2026-06-24T14:38:35Z</time>
      </trkpt>
      <trkpt lat="46.371235689148307" lon="11.654897723346949">
        <ele>1172.5999755859375</ele>
        <time>2026-06-24T14:38:22Z</time>
      </trkpt>
      <trkpt lat="46.37177774682641" lon="11.654640818014741">
        <ele>1173.5999755859375</ele>
        <time>2026-06-24T14:38:10Z</time>
      </trkpt>
      <trkpt lat="46.371835079044104" lon="11.654613325372338">
        <ele>1173.5999755859375</ele>
        <time>2026-06-24T14:38:09Z</time>
      </trkpt>
      <trkpt lat="46.371899452060461" lon="11.65459094569087">
        <ele>1173.800048828125</ele>
        <time>2026-06-24T14:38:08Z</time>
      </trkpt>
      <trkpt lat="46.371967261657119" lon="11.654590191319585">
        <ele>1174</ele>
        <time>2026-06-24T14:38:07Z</time>
      </trkpt>
      <trkpt lat="46.37204060330987" lon="11.654597818851471">
        <ele>1174.199951171875</ele>
        <time>2026-06-24T14:38:06Z</time>
      </trkpt>
      <trkpt lat="46.372176725417376" lon="11.654710052534938">
        <ele>1175</ele>
        <time>2026-06-24T14:38:04Z</time>
      </trkpt>
      <trkpt lat="46.372231291607022" lon="11.654788926243782">
        <ele>1175.199951171875</ele>
        <time>2026-06-24T14:38:03Z</time>
      </trkpt>
      <trkpt lat="46.372699001803994" lon="11.655614208430052">
        <ele>1176</ele>
        <time>2026-06-24T14:37:53Z</time>
      </trkpt>
      <trkpt lat="46.372739486396313" lon="11.655689897015691">
        <ele>1176</ele>
        <time>2026-06-24T14:37:52Z</time>
      </trkpt>
      <trkpt lat="46.373658897355199" lon="11.656698156148195">
        <ele>1177.800048828125</ele>
        <time>2026-06-24T14:37:35Z</time>
      </trkpt>
      <trkpt lat="46.374238841235638" lon="11.657349681481719">
        <ele>1179</ele>
        <time>2026-06-24T14:37:22Z</time>
      </trkpt>
      <trkpt lat="46.374824903905392" lon="11.658015372231603">
        <ele>1180.5999755859375</ele>
        <time>2026-06-24T14:37:06Z</time>
      </trkpt>
      <trkpt lat="46.374806966632605" lon="11.658089635893703">
        <ele>1181.199951171875</ele>
        <time>2026-06-24T14:36:55Z</time>
      </trkpt>
      <trkpt lat="46.375038726255298" lon="11.658305134624243">
        <ele>1182.199951171875</ele>
        <time>2026-06-24T14:36:40Z</time>
      </trkpt>
      <trkpt lat="46.375873647630215" lon="11.659279866144061">
        <ele>1183.199951171875</ele>
        <time>2026-06-24T14:36:26Z</time>
      </trkpt>
      <trkpt lat="46.376168690621853" lon="11.659788815304637">
        <ele>1184.199951171875</ele>
        <time>2026-06-24T14:36:12Z</time>
      </trkpt>
      <trkpt lat="46.376366419717669" lon="11.66020036675036">
        <ele>1184.800048828125</ele>
        <time>2026-06-24T14:35:59Z</time>
      </trkpt>
      <trkpt lat="46.376375220716" lon="11.660221740603447">
        <ele>1185</ele>
        <time>2026-06-24T14:35:58Z</time>
      </trkpt>
      <trkpt lat="46.376382680609822" lon="11.660248981788754">
        <ele>1185</ele>
        <time>2026-06-24T14:35:57Z</time>
      </trkpt>
      <trkpt lat="46.376388464123011" lon="11.660265997052193">
        <ele>1185</ele>
        <time>2026-06-24T14:35:56Z</time>
      </trkpt>
      <trkpt lat="46.376397432759404" lon="11.660282928496599">
        <ele>1185</ele>
        <time>2026-06-24T14:35:55Z</time>
      </trkpt>
      <trkpt lat="46.376406820490956" lon="11.660301703959703">
        <ele>1185</ele>
        <time>2026-06-24T14:35:54Z</time>
      </trkpt>
      <trkpt lat="46.376412939280272" lon="11.660320814698935">
        <ele>1185</ele>
        <time>2026-06-24T14:35:53Z</time>
      </trkpt>
      <trkpt lat="46.376413945108652" lon="11.66034109890461">
        <ele>1185.199951171875</ele>
        <time>2026-06-24T14:35:52Z</time>
      </trkpt>
      <trkpt lat="46.376411514356732" lon="11.660360461100936">
        <ele>1185.199951171875</ele>
        <time>2026-06-24T14:35:51Z</time>
      </trkpt>
      <trkpt lat="46.376399863511324" lon="11.660377560183406">
        <ele>1185.199951171875</ele>
        <time>2026-06-24T14:35:50Z</time>
      </trkpt>
      <trkpt lat="46.376409837976098" lon="11.660429695621133">
        <ele>1187.800048828125</ele>
        <time>2026-06-24T14:35:05Z</time>
      </trkpt>
      <trkpt lat="46.376411262899637" lon="11.660443274304271">
        <ele>1189</ele>
        <time>2026-06-24T14:35:00Z</time>
      </trkpt>
      <trkpt lat="46.376415537670255" lon="11.660460121929646">
        <ele>1189.199951171875</ele>
        <time>2026-06-24T14:34:59Z</time>
      </trkpt>
      <trkpt lat="46.376422075554729" lon="11.660485100001097">
        <ele>1189.5999755859375</ele>
        <time>2026-06-24T14:34:58Z</time>
      </trkpt>
      <trkpt lat="46.376424841582775" lon="11.660523656755686">
        <ele>1189.800048828125</ele>
        <time>2026-06-24T14:34:57Z</time>
      </trkpt>
      <trkpt lat="46.376422327011824" lon="11.660571349784732">
        <ele>1190</ele>
        <time>2026-06-24T14:34:56Z</time>
      </trkpt>
      <trkpt lat="46.376385111361742" lon="11.660628262907267">
        <ele>1190.5999755859375</ele>
        <time>2026-06-24T14:34:55Z</time>
      </trkpt>
      <trkpt lat="46.376304225996137" lon="11.660901261493564">
        <ele>1191</ele>
        <time>2026-06-24T14:34:54Z</time>
      </trkpt>
      <trkpt lat="46.376327611505985" lon="11.661404175683856">
        <ele>1194.199951171875</ele>
        <time>2026-06-24T14:34:44Z</time>
      </trkpt>
      <trkpt lat="46.376392235979438" lon="11.661701146513224">
        <ele>1194.800048828125</ele>
        <time>2026-06-24T14:34:42Z</time>
      </trkpt>
      <trkpt lat="46.376439006999135" lon="11.661825617775321">
        <ele>1198.4000244140625</ele>
        <time>2026-06-24T14:34:33Z</time>
      </trkpt>
      <trkpt lat="46.376679735258222" lon="11.662019658833742">
        <ele>1201.800048828125</ele>
        <time>2026-06-24T14:34:28Z</time>
      </trkpt>
      <trkpt lat="46.376938400790095" lon="11.662148991599679">
        <ele>1205</ele>
        <time>2026-06-24T14:34:23Z</time>
      </trkpt>
      <trkpt lat="46.377334110438824" lon="11.662323335185647">
        <ele>1208.199951171875</ele>
        <time>2026-06-24T14:34:18Z</time>
      </trkpt>
      <trkpt lat="46.377724371850491" lon="11.662524752318859">
        <ele>1211.800048828125</ele>
        <time>2026-06-24T14:34:14Z</time>
      </trkpt>
      <trkpt lat="46.377827636897564" lon="11.662592897191644">
        <ele>1212.4000244140625</ele>
        <time>2026-06-24T14:34:13Z</time>
      </trkpt>
      <trkpt lat="46.377922687679529" lon="11.662674704566598">
        <ele>1213</ele>
        <time>2026-06-24T14:34:12Z</time>
      </trkpt>
      <trkpt lat="46.378005081787705" lon="11.662775874137878">
        <ele>1213.5999755859375</ele>
        <time>2026-06-24T14:34:11Z</time>
      </trkpt>
      <trkpt lat="46.378072639927268" lon="11.662891460582614">
        <ele>1214.199951171875</ele>
        <time>2026-06-24T14:34:10Z</time>
      </trkpt>
      <trkpt lat="46.378125948831439" lon="11.663016686215997">
        <ele>1214.800048828125</ele>
        <time>2026-06-24T14:34:09Z</time>
      </trkpt>
      <trkpt lat="46.378173474222422" lon="11.663142079487443">
        <ele>1215.4000244140625</ele>
        <time>2026-06-24T14:34:08Z</time>
      </trkpt>
      <trkpt lat="46.378225777298212" lon="11.663258252665401">
        <ele>1215.800048828125</ele>
        <time>2026-06-24T14:34:07Z</time>
      </trkpt>
      <trkpt lat="46.378288809210062" lon="11.663354812189937">
        <ele>1216.4000244140625</ele>
        <time>2026-06-24T14:34:06Z</time>
      </trkpt>
      <trkpt lat="46.378360725939274" lon="11.663433937355876">
        <ele>1216.800048828125</ele>
        <time>2026-06-24T14:34:05Z</time>
      </trkpt>
      <trkpt lat="46.378439934924245" lon="11.663500154390931">
        <ele>1217.199951171875</ele>
        <time>2026-06-24T14:34:04Z</time>
      </trkpt>
      <trkpt lat="46.378527190536261" lon="11.663554888218641">
        <ele>1217.5999755859375</ele>
        <time>2026-06-24T14:34:03Z</time>
      </trkpt>
      <trkpt lat="46.378618804737926" lon="11.663599647581577">
        <ele>1218.4000244140625</ele>
        <time>2026-06-24T14:34:02Z</time>
      </trkpt>
      <trkpt lat="46.378709161654115" lon="11.663632253184915">
        <ele>1219</ele>
        <time>2026-06-24T14:34:01Z</time>
      </trkpt>
      <trkpt lat="46.378882583230734" lon="11.663649519905448">
        <ele>1219.800048828125</ele>
        <time>2026-06-24T14:33:59Z</time>
      </trkpt>
      <trkpt lat="46.378964558243752" lon="11.663656644523144">
        <ele>1220.199951171875</ele>
        <time>2026-06-24T14:33:58Z</time>
      </trkpt>
      <trkpt lat="46.379041755571961" lon="11.66367843747139">
        <ele>1220.5999755859375</ele>
        <time>2026-06-24T14:33:57Z</time>
      </trkpt>
      <trkpt lat="46.37952740304172" lon="11.664078338071704">
        <ele>1223.4000244140625</ele>
        <time>2026-06-24T14:33:49Z</time>
      </trkpt>
      <trkpt lat="46.379842394962907" lon="11.664485279470682">
        <ele>1226.4000244140625</ele>
        <time>2026-06-24T14:33:42Z</time>
      </trkpt>
      <trkpt lat="46.379850441589952" lon="11.664539175108075">
        <ele>1227</ele>
        <time>2026-06-24T14:33:41Z</time>
      </trkpt>
      <trkpt lat="46.379831582307816" lon="11.664589466527104">
        <ele>1227.4000244140625</ele>
        <time>2026-06-24T14:33:40Z</time>
      </trkpt>
      <trkpt lat="46.379842394962907" lon="11.664628945291042">
        <ele>1228</ele>
        <time>2026-06-24T14:33:39Z</time>
      </trkpt>
      <trkpt lat="46.379826217889786" lon="11.664643362164497">
        <ele>1228.5999755859375</ele>
        <time>2026-06-24T14:33:38Z</time>
      </trkpt>
      <trkpt lat="46.379801910370588" lon="11.664654091000557">
        <ele>1229.4000244140625</ele>
        <time>2026-06-24T14:33:37Z</time>
      </trkpt>
      <trkpt lat="46.379777686670423" lon="11.664657695218921">
        <ele>1230.800048828125</ele>
        <time>2026-06-24T14:33:36Z</time>
      </trkpt>
      <trkpt lat="46.379753462970257" lon="11.664690049365163">
        <ele>1230.800048828125</ele>
        <time>2026-06-24T14:33:35Z</time>
      </trkpt>
      <trkpt lat="46.379410810768604" lon="11.664671692997217">
        <ele>1234.800048828125</ele>
        <time>2026-06-24T14:33:31Z</time>
      </trkpt>
      <trkpt lat="46.378820724785328" lon="11.664580330252647">
        <ele>1238.5999755859375</ele>
        <time>2026-06-24T14:33:26Z</time>
      </trkpt>
      <trkpt lat="46.378362821415067" lon="11.6645188909024">
        <ele>1241.800048828125</ele>
        <time>2026-06-24T14:33:22Z</time>
      </trkpt>
      <trkpt lat="46.377584980800748" lon="11.664549987763166">
        <ele>1245.199951171875</ele>
        <time>2026-06-24T14:33:14Z</time>
      </trkpt>
      <trkpt lat="46.377385407686234" lon="11.664602123200893">
        <ele>1246.199951171875</ele>
        <time>2026-06-24T14:33:11Z</time>
      </trkpt>
      <trkpt lat="46.377332769334316" lon="11.664618970826268">
        <ele>1246.5999755859375</ele>
        <time>2026-06-24T14:33:10Z</time>
      </trkpt>
      <trkpt lat="46.377289099618793" lon="11.664641601964831">
        <ele>1247.199951171875</ele>
        <time>2026-06-24T14:33:09Z</time>
      </trkpt>
      <trkpt lat="46.377258505672216" lon="11.664674375206232">
        <ele>1247.4000244140625</ele>
        <time>2026-06-24T14:33:08Z</time>
      </trkpt>
      <trkpt lat="46.37724107131362" lon="11.664710333570838">
        <ele>1247.5999755859375</ele>
        <time>2026-06-24T14:33:07Z</time>
      </trkpt>
      <trkpt lat="46.377234868705273" lon="11.664747130125761">
        <ele>1248</ele>
        <time>2026-06-24T14:33:06Z</time>
      </trkpt>
      <trkpt lat="46.377235036343336" lon="11.664778981357813">
        <ele>1248.199951171875</ele>
        <time>2026-06-24T14:33:05Z</time>
      </trkpt>
      <trkpt lat="46.377234030514956" lon="11.664800941944122">
        <ele>1248.5999755859375</ele>
        <time>2026-06-24T14:33:04Z</time>
      </trkpt>
      <trkpt lat="46.377229420468211" lon="11.664821812883019">
        <ele>1249</ele>
        <time>2026-06-24T14:33:03Z</time>
      </trkpt>
      <trkpt lat="46.377224223688245" lon="11.664852574467659">
        <ele>1249.4000244140625</ele>
        <time>2026-06-24T14:33:02Z</time>
      </trkpt>
      <trkpt lat="46.377223720774055" lon="11.664900602772832">
        <ele>1249.800048828125</ele>
        <time>2026-06-24T14:33:01Z</time>
      </trkpt>
      <trkpt lat="46.377232857048512" lon="11.664964891970158">
        <ele>1250.199951171875</ele>
        <time>2026-06-24T14:33:00Z</time>
      </trkpt>
      <trkpt lat="46.377254314720631" lon="11.665038987994194">
        <ele>1250.5999755859375</ele>
        <time>2026-06-24T14:32:59Z</time>
      </trkpt>
      <trkpt lat="46.377334529533982" lon="11.665214421227574">
        <ele>1251</ele>
        <time>2026-06-24T14:32:57Z</time>
      </trkpt>
      <trkpt lat="46.377777345478535" lon="11.665863515809178">
        <ele>1252.199951171875</ele>
        <time>2026-06-24T14:32:49Z</time>
      </trkpt>
      <trkpt lat="46.37781472876668" lon="11.665919423103333">
        <ele>1252.199951171875</ele>
        <time>2026-06-24T14:32:48Z</time>
      </trkpt>
      <trkpt lat="46.3778430595994" lon="11.665972648188472">
        <ele>1252.199951171875</ele>
        <time>2026-06-24T14:32:47Z</time>
      </trkpt>
      <trkpt lat="46.377855716273189" lon="11.666025789454579">
        <ele>1252.199951171875</ele>
        <time>2026-06-24T14:32:46Z</time>
      </trkpt>
      <trkpt lat="46.377900978550315" lon="11.66610742919147">
        <ele>1259</ele>
        <time>2026-06-24T14:32:03Z</time>
      </trkpt>
      <trkpt lat="46.377919418737292" lon="11.66611916385591">
        <ele>1259.199951171875</ele>
        <time>2026-06-24T14:32:02Z</time>
      </trkpt>
      <trkpt lat="46.377925453707576" lon="11.666158055886626">
        <ele>1261</ele>
        <time>2026-06-24T14:32:00Z</time>
      </trkpt>
      <trkpt lat="46.377921346575022" lon="11.666227290406823">
        <ele>1261.5999755859375</ele>
        <time>2026-06-24T14:31:58Z</time>
      </trkpt>
      <trkpt lat="46.377914221957326" lon="11.666272636502981">
        <ele>1262.5999755859375</ele>
        <time>2026-06-24T14:31:57Z</time>
      </trkpt>
      <trkpt lat="46.377896871417761" lon="11.666328208521008">
        <ele>1263</ele>
        <time>2026-06-24T14:31:56Z</time>
      </trkpt>
      <trkpt lat="46.37783476151526" lon="11.666466845199466">
        <ele>1263.5999755859375</ele>
        <time>2026-06-24T14:31:54Z</time>
      </trkpt>
      <trkpt lat="46.377409715205431" lon="11.667237645015121">
        <ele>1270.199951171875</ele>
        <time>2026-06-24T14:29:33Z</time>
      </trkpt>
      <trkpt lat="46.37740183621645" lon="11.667257342487574">
        <ele>1271</ele>
        <time>2026-06-24T14:29:32Z</time>
      </trkpt>
      <trkpt lat="46.37726697139442" lon="11.667304951697588">
        <ele>1271.4000244140625</ele>
        <time>2026-06-24T14:29:31Z</time>
      </trkpt>
      <trkpt lat="46.377076450735331" lon="11.667383909225464">
        <ele>1271.800048828125</ele>
        <time>2026-06-24T14:29:30Z</time>
      </trkpt>
      <trkpt lat="46.37700461782515" lon="11.667429422959685">
        <ele>1272.199951171875</ele>
        <time>2026-06-24T14:29:29Z</time>
      </trkpt>
      <trkpt lat="46.376896826550364" lon="11.667518019676208">
        <ele>1272.5999755859375</ele>
        <time>2026-06-24T14:29:28Z</time>
      </trkpt>
      <trkpt lat="46.376819545403123" lon="11.667606700211763">
        <ele>1273</ele>
        <time>2026-06-24T14:29:27Z</time>
      </trkpt>
      <trkpt lat="46.376749472692609" lon="11.667664116248488">
        <ele>1273.4000244140625</ele>
        <time>2026-06-24T14:29:26Z</time>
      </trkpt>
      <trkpt lat="46.376749472692609" lon="11.66778389364481">
        <ele>1273.5999755859375</ele>
        <time>2026-06-24T14:29:25Z</time>
      </trkpt>
      <trkpt lat="46.376751316711307" lon="11.667877268046141">
        <ele>1276.199951171875</ele>
        <time>2026-06-24T14:29:19Z</time>
      </trkpt>
      <trkpt lat="46.376771098002791" lon="11.667961087077856">
        <ele>1276.5999755859375</ele>
        <time>2026-06-24T14:29:18Z</time>
      </trkpt>
      <trkpt lat="46.376904034987092" lon="11.668305918574333">
        <ele>1278.5999755859375</ele>
        <time>2026-06-24T14:29:11Z</time>
      </trkpt>
      <trkpt lat="46.376966899260879" lon="11.668492751196027">
        <ele>1279.800048828125</ele>
        <time>2026-06-24T14:29:08Z</time>
      </trkpt>
      <trkpt lat="46.37700998224318" lon="11.668638847768307">
        <ele>1283.199951171875</ele>
        <time>2026-06-24T14:29:00Z</time>
      </trkpt>
      <trkpt lat="46.377042336389422" lon="11.668686708435416">
        <ele>1288.800048828125</ele>
        <time>2026-06-24T14:28:47Z</time>
      </trkpt>
      <trkpt lat="46.377083659172058" lon="11.668744208291173">
        <ele>1289.199951171875</ele>
        <time>2026-06-24T14:28:46Z</time>
      </trkpt>
      <trkpt lat="46.377121713012457" lon="11.668782597407699">
        <ele>1289.800048828125</ele>
        <time>2026-06-24T14:28:45Z</time>
      </trkpt>
      <trkpt lat="46.37721517123282" lon="11.668893909081817">
        <ele>1292.5999755859375</ele>
        <time>2026-06-24T14:28:40Z</time>
      </trkpt>
      <trkpt lat="46.377298487350345" lon="11.669016787782311">
        <ele>1294.4000244140625</ele>
        <time>2026-06-24T14:28:38Z</time>
      </trkpt>
      <trkpt lat="46.377409715205431" lon="11.669212505221367">
        <ele>1295.800048828125</ele>
        <time>2026-06-24T14:28:35Z</time>
      </trkpt>
      <trkpt lat="46.377437794581056" lon="11.669278051704168">
        <ele>1296.199951171875</ele>
        <time>2026-06-24T14:28:34Z</time>
      </trkpt>
      <trkpt lat="46.377451959997416" lon="11.669347118586302">
        <ele>1296.4000244140625</ele>
        <time>2026-06-24T14:28:33Z</time>
      </trkpt>
      <trkpt lat="46.377435028553009" lon="11.669620033353567">
        <ele>1296.800048828125</ele>
        <time>2026-06-24T14:28:29Z</time>
      </trkpt>
      <trkpt lat="46.377222463488579" lon="11.670007696375251">
        <ele>1297</ele>
        <time>2026-06-24T14:28:20Z</time>
      </trkpt>
      <trkpt lat="46.377102853730321" lon="11.670191092416644">
        <ele>1300</ele>
        <time>2026-06-24T14:28:14Z</time>
      </trkpt>
      <trkpt lat="46.377072595059872" lon="11.670245993882418">
        <ele>1300.4000244140625</ele>
        <time>2026-06-24T14:28:13Z</time>
      </trkpt>
      <trkpt lat="46.377042336389422" lon="11.670311540365219">
        <ele>1301.199951171875</ele>
        <time>2026-06-24T14:28:12Z</time>
      </trkpt>
      <trkpt lat="46.37701777741313" lon="11.670385133475065">
        <ele>1301.800048828125</ele>
        <time>2026-06-24T14:28:11Z</time>
      </trkpt>
      <trkpt lat="46.376999253407121" lon="11.670466102659702">
        <ele>1302.199951171875</ele>
        <time>2026-06-24T14:28:10Z</time>
      </trkpt>
      <trkpt lat="46.376988273113966" lon="11.670553022995591">
        <ele>1302.800048828125</ele>
        <time>2026-06-24T14:28:09Z</time>
      </trkpt>
      <trkpt lat="46.376987099647522" lon="11.670645223930478">
        <ele>1303.4000244140625</ele>
        <time>2026-06-24T14:28:08Z</time>
      </trkpt>
      <trkpt lat="46.377002187073231" lon="11.670847982168198">
        <ele>1304.5999755859375</ele>
        <time>2026-06-24T14:28:06Z</time>
      </trkpt>
      <trkpt lat="46.377002354711294" lon="11.670953510329127">
        <ele>1305.199951171875</ele>
        <time>2026-06-24T14:28:05Z</time>
      </trkpt>
      <trkpt lat="46.376857599243522" lon="11.671535968780518">
        <ele>1307.800048828125</ele>
        <time>2026-06-24T14:28:00Z</time>
      </trkpt>
      <trkpt lat="46.376821473240852" lon="11.671660020947456">
        <ele>1308.199951171875</ele>
        <time>2026-06-24T14:27:59Z</time>
      </trkpt>
      <trkpt lat="46.37677495367825" lon="11.671769572421908">
        <ele>1309.199951171875</ele>
        <time>2026-06-24T14:27:58Z</time>
      </trkpt>
      <trkpt lat="46.376716531813145" lon="11.671869484707713">
        <ele>1309.5999755859375</ele>
        <time>2026-06-24T14:27:57Z</time>
      </trkpt>
      <trkpt lat="46.376654673367739" lon="11.671964367851615">
        <ele>1310</ele>
        <time>2026-06-24T14:27:56Z</time>
      </trkpt>
      <trkpt lat="46.376592312008142" lon="11.67205061763525">
        <ele>1310.5999755859375</ele>
        <time>2026-06-24T14:27:55Z</time>
      </trkpt>
      <trkpt lat="46.376523748040199" lon="11.672113481909037">
        <ele>1311</ele>
        <time>2026-06-24T14:27:54Z</time>
      </trkpt>
      <trkpt lat="46.376447640359402" lon="11.672142399474978">
        <ele>1311.199951171875</ele>
        <time>2026-06-24T14:27:53Z</time>
      </trkpt>
      <trkpt lat="46.37636742554605" lon="11.672137454152107">
        <ele>1311.5999755859375</ele>
        <time>2026-06-24T14:27:52Z</time>
      </trkpt>
      <trkpt lat="46.376285869628191" lon="11.672108620405197">
        <ele>1311.800048828125</ele>
        <time>2026-06-24T14:27:51Z</time>
      </trkpt>
      <trkpt lat="46.376206409186125" lon="11.672078361734748">
        <ele>1312.199951171875</ele>
        <time>2026-06-24T14:27:50Z</time>
      </trkpt>
      <trkpt lat="46.37613239698112" lon="11.672066710889339">
        <ele>1312.4000244140625</ele>
        <time>2026-06-24T14:27:49Z</time>
      </trkpt>
      <trkpt lat="46.376067688688636" lon="11.672076601535082">
        <ele>1312.800048828125</ele>
        <time>2026-06-24T14:27:48Z</time>
      </trkpt>
      <trkpt lat="46.376012535765767" lon="11.672105435281992">
        <ele>1313.199951171875</ele>
        <time>2026-06-24T14:27:47Z</time>
      </trkpt>
      <trkpt lat="46.375386156141758" lon="11.672886209562421">
        <ele>1316.199951171875</ele>
        <time>2026-06-24T14:27:36Z</time>
      </trkpt>
      <trkpt lat="46.375341564416885" lon="11.672966675832868">
        <ele>1316.5999755859375</ele>
        <time>2026-06-24T14:27:35Z</time>
      </trkpt>
      <trkpt lat="46.375305857509375" lon="11.673052338883281">
        <ele>1317</ele>
        <time>2026-06-24T14:27:34Z</time>
      </trkpt>
      <trkpt lat="46.375090694054961" lon="11.673706714063883">
        <ele>1319.800048828125</ele>
        <time>2026-06-24T14:27:28Z</time>
      </trkpt>
      <trkpt lat="46.375038223341107" lon="11.673813750967383">
        <ele>1320</ele>
        <time>2026-06-24T14:27:27Z</time>
      </trkpt>
      <trkpt lat="46.374994553625584" lon="11.673921542242169">
        <ele>1320.4000244140625</ele>
        <time>2026-06-24T14:27:26Z</time>
      </trkpt>
      <trkpt lat="46.374968150630593" lon="11.674029584974051">
        <ele>1320.5999755859375</ele>
        <time>2026-06-24T14:27:25Z</time>
      </trkpt>
      <trkpt lat="46.374955242499709" lon="11.67413511313498">
        <ele>1320.800048828125</ele>
        <time>2026-06-24T14:27:24Z</time>
      </trkpt>
      <trkpt lat="46.374939819797873" lon="11.674235444515944">
        <ele>1321</ele>
        <time>2026-06-24T14:27:23Z</time>
      </trkpt>
      <trkpt lat="46.374910064041615" lon="11.674321191385388">
        <ele>1321</ele>
        <time>2026-06-24T14:27:22Z</time>
      </trkpt>
      <trkpt lat="46.374803697690368" lon="11.674484387040138">
        <ele>1321.4000244140625</ele>
        <time>2026-06-24T14:27:19Z</time>
      </trkpt>
      <trkpt lat="46.374729936942458" lon="11.674556890502572">
        <ele>1327</ele>
        <time>2026-06-24T14:26:27Z</time>
      </trkpt>
      <trkpt lat="46.374731613323092" lon="11.674560494720936">
        <ele>1327.800048828125</ele>
        <time>2026-06-24T14:26:25Z</time>
      </trkpt>
      <trkpt lat="46.374646034091711" lon="11.674751602113247">
        <ele>1331.4000244140625</ele>
        <time>2026-06-24T14:26:18Z</time>
      </trkpt>
      <trkpt lat="46.374620469287038" lon="11.674834415316582">
        <ele>1331.800048828125</ele>
        <time>2026-06-24T14:26:17Z</time>
      </trkpt>
      <trkpt lat="46.374601861461997" lon="11.674939105287194">
        <ele>1332.199951171875</ele>
        <time>2026-06-24T14:26:16Z</time>
      </trkpt>
      <trkpt lat="46.374548720195889" lon="11.675609825178981">
        <ele>1334.199951171875</ele>
        <time>2026-06-24T14:26:11Z</time>
      </trkpt>
      <trkpt lat="46.374525334686041" lon="11.675731781870127">
        <ele>1334.800048828125</ele>
        <time>2026-06-24T14:26:10Z</time>
      </trkpt>
      <trkpt lat="46.3744290266186" lon="11.675932696089149">
        <ele>1335.199951171875</ele>
        <time>2026-06-24T14:26:08Z</time>
      </trkpt>
      <trkpt lat="46.374380579218268" lon="11.676027914509177">
        <ele>1335.4000244140625</ele>
        <time>2026-06-24T14:26:07Z</time>
      </trkpt>
      <trkpt lat="46.374217132106423" lon="11.676615569740534">
        <ele>1336.199951171875</ele>
        <time>2026-06-24T14:26:01Z</time>
      </trkpt>
      <trkpt lat="46.374191734939814" lon="11.676713135093451">
        <ele>1336.4000244140625</ele>
        <time>2026-06-24T14:26:00Z</time>
      </trkpt>
      <trkpt lat="46.374041447415948" lon="11.677029887214303">
        <ele>1337.5999755859375</ele>
        <time>2026-06-24T14:25:56Z</time>
      </trkpt>
      <trkpt lat="46.3739955984056" lon="11.67710498906672">
        <ele>1338</ele>
        <time>2026-06-24T14:25:55Z</time>
      </trkpt>
      <trkpt lat="46.373946312814951" lon="11.677178833633661">
        <ele>1338.199951171875</ele>
        <time>2026-06-24T14:25:54Z</time>
      </trkpt>
      <trkpt lat="46.373892417177558" lon="11.677250163629651">
        <ele>1338.5999755859375</ele>
        <time>2026-06-24T14:25:53Z</time>
      </trkpt>
      <trkpt lat="46.373833324760199" lon="11.677316632121801">
        <ele>1338.800048828125</ele>
        <time>2026-06-24T14:25:52Z</time>
      </trkpt>
      <trkpt lat="46.373769203200936" lon="11.677376227453351">
        <ele>1339</ele>
        <time>2026-06-24T14:25:51Z</time>
      </trkpt>
      <trkpt lat="46.373698292300105" lon="11.677426937967539">
        <ele>1339.4000244140625</ele>
        <time>2026-06-24T14:25:50Z</time>
      </trkpt>
      <trkpt lat="46.373622352257371" lon="11.67747538536787">
        <ele>1339.800048828125</ele>
        <time>2026-06-24T14:25:49Z</time>
      </trkpt>
      <trkpt lat="46.373546998947859" lon="11.677528191357851">
        <ele>1340</ele>
        <time>2026-06-24T14:25:48Z</time>
      </trkpt>
      <trkpt lat="46.37347768060863" lon="11.67759558185935">
        <ele>1340.4000244140625</ele>
        <time>2026-06-24T14:25:47Z</time>
      </trkpt>
      <trkpt lat="46.373418169096112" lon="11.677679819986224">
        <ele>1341</ele>
        <time>2026-06-24T14:25:46Z</time>
      </trkpt>
      <trkpt lat="46.373370224609971" lon="11.677780570462346">
        <ele>1341.4000244140625</ele>
        <time>2026-06-24T14:25:45Z</time>
      </trkpt>
      <trkpt lat="46.373331416398287" lon="11.677889786660671">
        <ele>1341.800048828125</ele>
        <time>2026-06-24T14:25:44Z</time>
      </trkpt>
      <trkpt lat="46.373296128585935" lon="11.677996320649981">
        <ele>1342.199951171875</ele>
        <time>2026-06-24T14:25:43Z</time>
      </trkpt>
      <trkpt lat="46.373250614851713" lon="11.6780920419842">
        <ele>1342.5999755859375</ele>
        <time>2026-06-24T14:25:42Z</time>
      </trkpt>
      <trkpt lat="46.372955488041043" lon="11.678474172949791">
        <ele>1344.199951171875</ele>
        <time>2026-06-24T14:25:37Z</time>
      </trkpt>
      <trkpt lat="46.372892875224352" lon="11.67854692786932">
        <ele>1344.5999755859375</ele>
        <time>2026-06-24T14:25:36Z</time>
      </trkpt>
      <trkpt lat="46.372824646532536" lon="11.678611217066646">
        <ele>1345</ele>
        <time>2026-06-24T14:25:35Z</time>
      </trkpt>
      <trkpt lat="46.372750047594309" lon="11.678662933409214">
        <ele>1345.4000244140625</ele>
        <time>2026-06-24T14:25:34Z</time>
      </trkpt>
      <trkpt lat="46.37267192825675" lon="11.678707525134087">
        <ele>1345.800048828125</ele>
        <time>2026-06-24T14:25:33Z</time>
      </trkpt>
      <trkpt lat="46.37259473092854" lon="11.67875848710537">
        <ele>1346.4000244140625</ele>
        <time>2026-06-24T14:25:32Z</time>
      </trkpt>
      <trkpt lat="46.372522059828043" lon="11.678823111578822">
        <ele>1346.800048828125</ele>
        <time>2026-06-24T14:25:31Z</time>
      </trkpt>
      <trkpt lat="46.372455004602671" lon="11.678899889811873">
        <ele>1347.5999755859375</ele>
        <time>2026-06-24T14:25:30Z</time>
      </trkpt>
      <trkpt lat="46.372154010459781" lon="11.679408838972449">
        <ele>1349.5999755859375</ele>
        <time>2026-06-24T14:25:25Z</time>
      </trkpt>
      <trkpt lat="46.371472058817744" lon="11.680516004562378">
        <ele>1351.800048828125</ele>
        <time>2026-06-24T14:25:13Z</time>
      </trkpt>
      <trkpt lat="46.371422940865159" lon="11.680589513853192">
        <ele>1351.800048828125</ele>
        <time>2026-06-24T14:25:12Z</time>
      </trkpt>
      <trkpt lat="46.371368961408734" lon="11.68065782636404">
        <ele>1352</ele>
        <time>2026-06-24T14:25:11Z</time>
      </trkpt>
      <trkpt lat="46.370721291750669" lon="11.68119384907186">
        <ele>1353.199951171875</ele>
        <time>2026-06-24T14:24:59Z</time>
      </trkpt>
      <trkpt lat="46.370225083082914" lon="11.682196408510208">
        <ele>1355</ele>
        <time>2026-06-24T14:24:45Z</time>
      </trkpt>
      <trkpt lat="46.370190298184752" lon="11.682274276390672">
        <ele>1355.199951171875</ele>
        <time>2026-06-24T14:24:44Z</time>
      </trkpt>
      <trkpt lat="46.37009927071631" lon="11.682417942211032">
        <ele>1355.5999755859375</ele>
        <time>2026-06-24T14:24:42Z</time>
      </trkpt>
      <trkpt lat="46.37005384080112" lon="11.682497821748257">
        <ele>1356</ele>
        <time>2026-06-24T14:24:41Z</time>
      </trkpt>
      <trkpt lat="46.370014445856214" lon="11.682586669921875">
        <ele>1356.199951171875</ele>
        <time>2026-06-24T14:24:40Z</time>
      </trkpt>
      <trkpt lat="46.369984857738018" lon="11.682681972160935">
        <ele>1356.4000244140625</ele>
        <time>2026-06-24T14:24:39Z</time>
      </trkpt>
      <trkpt lat="46.369961639866233" lon="11.682781800627708">
        <ele>1356.5999755859375</ele>
        <time>2026-06-24T14:24:38Z</time>
      </trkpt>
      <trkpt lat="46.369935991242528" lon="11.682882383465767">
        <ele>1356.5999755859375</ele>
        <time>2026-06-24T14:24:37Z</time>
      </trkpt>
      <trkpt lat="46.3698994461447" lon="11.68297877535224">
        <ele>1357</ele>
        <time>2026-06-24T14:24:36Z</time>
      </trkpt>
      <trkpt lat="46.369855608791113" lon="11.683069383725524">
        <ele>1357.199951171875</ele>
        <time>2026-06-24T14:24:35Z</time>
      </trkpt>
      <trkpt lat="46.369685959070921" lon="11.683506332337856">
        <ele>1357.800048828125</ele>
        <time>2026-06-24T14:24:30Z</time>
      </trkpt>
      <trkpt lat="46.36966684833169" lon="11.683589732274413">
        <ele>1358</ele>
        <time>2026-06-24T14:24:29Z</time>
      </trkpt>
      <trkpt lat="46.369649581611156" lon="11.683675395324826">
        <ele>1358.199951171875</ele>
        <time>2026-06-24T14:24:28Z</time>
      </trkpt>
      <trkpt lat="46.369635667651892" lon="11.683761477470398">
        <ele>1358.4000244140625</ele>
        <time>2026-06-24T14:24:27Z</time>
      </trkpt>
      <trkpt lat="46.369622675701976" lon="11.683845883235335">
        <ele>1358.5999755859375</ele>
        <time>2026-06-24T14:24:26Z</time>
      </trkpt>
      <trkpt lat="46.369587136432528" lon="11.684015030041337">
        <ele>1359.199951171875</ele>
        <time>2026-06-24T14:24:24Z</time>
      </trkpt>
      <trkpt lat="46.369362501427531" lon="11.684817261993885">
        <ele>1362.199951171875</ele>
        <time>2026-06-24T14:24:15Z</time>
      </trkpt>
      <trkpt lat="46.369336266070604" lon="11.684902254492044">
        <ele>1362.5999755859375</ele>
        <time>2026-06-24T14:24:14Z</time>
      </trkpt>
      <trkpt lat="46.369205173105001" lon="11.685443306341767">
        <ele>1366</ele>
        <time>2026-06-24T14:24:08Z</time>
      </trkpt>
      <trkpt lat="46.369045581668615" lon="11.685827616602182">
        <ele>1369</ele>
        <time>2026-06-24T14:24:03Z</time>
      </trkpt>
      <trkpt lat="46.369015071541071" lon="11.685903389006853">
        <ele>1369.5999755859375</ele>
        <time>2026-06-24T14:24:02Z</time>
      </trkpt>
      <trkpt lat="46.368987746536732" lon="11.685983603820205">
        <ele>1370.4000244140625</ele>
        <time>2026-06-24T14:24:01Z</time>
      </trkpt>
      <trkpt lat="46.368958745151758" lon="11.686063734814525">
        <ele>1371.199951171875</ele>
        <time>2026-06-24T14:24:00Z</time>
      </trkpt>
      <trkpt lat="46.368924463167787" lon="11.686139507219195">
        <ele>1372</ele>
        <time>2026-06-24T14:23:59Z</time>
      </trkpt>
      <trkpt lat="46.368884816765785" lon="11.686208406463265">
        <ele>1372.800048828125</ele>
        <time>2026-06-24T14:23:58Z</time>
      </trkpt>
      <trkpt lat="46.368790436536074" lon="11.68632491491735">
        <ele>1374.5999755859375</ele>
        <time>2026-06-24T14:23:56Z</time>
      </trkpt>
      <trkpt lat="46.368749951943755" lon="11.686390209943056">
        <ele>1375.5999755859375</ele>
        <time>2026-06-24T14:23:55Z</time>
      </trkpt>
      <trkpt lat="46.368726817891002" lon="11.686456175521016">
        <ele>1377.5999755859375</ele>
        <time>2026-06-24T14:23:54Z</time>
      </trkpt>
      <trkpt lat="46.368713742122054" lon="11.686531025916338">
        <ele>1377.5999755859375</ele>
        <time>2026-06-24T14:23:53Z</time>
      </trkpt>
      <trkpt lat="46.368682142347097" lon="11.686735795810819">
        <ele>1381</ele>
        <time>2026-06-24T14:23:51Z</time>
      </trkpt>
      <trkpt lat="46.368625396862626" lon="11.687139552086592">
        <ele>1384</ele>
        <time>2026-06-24T14:23:48Z</time>
      </trkpt>
      <trkpt lat="46.368550797924399" lon="11.687598209828138">
        <ele>1387.800048828125</ele>
        <time>2026-06-24T14:23:44Z</time>
      </trkpt>
      <trkpt lat="46.368536716327071" lon="11.687697116285563">
        <ele>1389.800048828125</ele>
        <time>2026-06-24T14:23:43Z</time>
      </trkpt>
      <trkpt lat="46.368518611416221" lon="11.687803398817778">
        <ele>1390.800048828125</ele>
        <time>2026-06-24T14:23:42Z</time>
      </trkpt>
      <trkpt lat="46.368494303897023" lon="11.687913620844483">
        <ele>1390.800048828125</ele>
        <time>2026-06-24T14:23:41Z</time>
      </trkpt>
      <trkpt lat="46.368463123217225" lon="11.688023004680872">
        <ele>1392.800048828125</ele>
        <time>2026-06-24T14:23:40Z</time>
      </trkpt>
      <trkpt lat="46.368424231186509" lon="11.688130376860499">
        <ele>1393.800048828125</ele>
        <time>2026-06-24T14:23:39Z</time>
      </trkpt>
      <trkpt lat="46.368258185684681" lon="11.688431454822421">
        <ele>1396.800048828125</ele>
        <time>2026-06-24T14:23:36Z</time>
      </trkpt>
      <trkpt lat="46.368200937286019" lon="11.688537821173668">
        <ele>1397.5999755859375</ele>
        <time>2026-06-24T14:23:35Z</time>
      </trkpt>
      <trkpt lat="46.368150059133768" lon="11.688659274950624">
        <ele>1398.4000244140625</ele>
        <time>2026-06-24T14:23:34Z</time>
      </trkpt>
      <trkpt lat="46.368035562336445" lon="11.689155986532569">
        <ele>1401.800048828125</ele>
        <time>2026-06-24T14:23:30Z</time>
      </trkpt>
      <trkpt lat="46.367970518767834" lon="11.689727045595646">
        <ele>1406</ele>
        <time>2026-06-24T14:23:26Z</time>
      </trkpt>
      <trkpt lat="46.367888627573848" lon="11.690391981974244">
        <ele>1409</ele>
        <time>2026-06-24T14:23:22Z</time>
      </trkpt>
      <trkpt lat="46.367861051112413" lon="11.690548975020647">
        <ele>1409.800048828125</ele>
        <time>2026-06-24T14:23:21Z</time>
      </trkpt>
      <trkpt lat="46.367820901796222" lon="11.690698340535164">
        <ele>1410.5999755859375</ele>
        <time>2026-06-24T14:23:20Z</time>
      </trkpt>
      <trkpt lat="46.367702465504408" lon="11.690992126241326">
        <ele>1412</ele>
        <time>2026-06-24T14:23:18Z</time>
      </trkpt>
      <trkpt lat="46.3673385232687" lon="11.691731074824929">
        <ele>1415.4000244140625</ele>
        <time>2026-06-24T14:23:13Z</time>
      </trkpt>
      <trkpt lat="46.367261577397585" lon="11.691858731210232">
        <ele>1415.800048828125</ele>
        <time>2026-06-24T14:23:12Z</time>
      </trkpt>
      <trkpt lat="46.366823790594935" lon="11.692338427528739">
        <ele>1417.800048828125</ele>
        <time>2026-06-24T14:23:07Z</time>
      </trkpt>
      <trkpt lat="46.366735864430666" lon="11.692414870485663">
        <ele>1418.199951171875</ele>
        <time>2026-06-24T14:23:06Z</time>
      </trkpt>
      <trkpt lat="46.366649195551872" lon="11.692490475252271">
        <ele>1418.5999755859375</ele>
        <time>2026-06-24T14:23:05Z</time>
      </trkpt>
      <trkpt lat="46.366572165861726" lon="11.692572198808193">
        <ele>1419</ele>
        <time>2026-06-24T14:23:04Z</time>
      </trkpt>
      <trkpt lat="46.366506032645702" lon="11.692666830495">
        <ele>1419.199951171875</ele>
        <time>2026-06-24T14:23:03Z</time>
      </trkpt>
      <trkpt lat="46.366121890023351" lon="11.693697217851877">
        <ele>1422.4000244140625</ele>
        <time>2026-06-24T14:22:54Z</time>
      </trkpt>
      <trkpt lat="46.366081237792969" lon="11.693796627223492">
        <ele>1422.5999755859375</ele>
        <time>2026-06-24T14:22:53Z</time>
      </trkpt>
      <trkpt lat="46.366044608876109" lon="11.693895449861884">
        <ele>1422.800048828125</ele>
        <time>2026-06-24T14:22:52Z</time>
      </trkpt>
      <trkpt lat="46.366016948595643" lon="11.693994104862213">
        <ele>1422.800048828125</ele>
        <time>2026-06-24T14:22:51Z</time>
      </trkpt>
      <trkpt lat="46.36599968187511" lon="11.694091837853193">
        <ele>1423</ele>
        <time>2026-06-24T14:22:50Z</time>
      </trkpt>
      <trkpt lat="46.365992138162255" lon="11.694186301901937">
        <ele>1422.800048828125</ele>
        <time>2026-06-24T14:22:49Z</time>
      </trkpt>
      <trkpt lat="46.365992138162255" lon="11.694275736808777">
        <ele>1422.5999755859375</ele>
        <time>2026-06-24T14:22:48Z</time>
      </trkpt>
      <trkpt lat="46.366008147597313" lon="11.694503305479884">
        <ele>1419.4000244140625</ele>
        <time>2026-06-24T14:22:45Z</time>
      </trkpt>
      <trkpt lat="46.366022396832705" lon="11.694621993228793">
        <ele>1420.199951171875</ele>
        <time>2026-06-24T14:22:43Z</time>
      </trkpt>
      <trkpt lat="46.366056594997644" lon="11.694877725094557">
        <ele>1423.5999755859375</ele>
        <time>2026-06-24T14:22:38Z</time>
      </trkpt>
      <trkpt lat="46.366065479815006" lon="11.69492969289422">
        <ele>1423.5999755859375</ele>
        <time>2026-06-24T14:22:37Z</time>
      </trkpt>
      <trkpt lat="46.366071598604321" lon="11.694982331246138">
        <ele>1423.5999755859375</ele>
        <time>2026-06-24T14:22:36Z</time>
      </trkpt>
      <trkpt lat="46.366067659109831" lon="11.695032371208072">
        <ele>1423.800048828125</ele>
        <time>2026-06-24T14:22:35Z</time>
      </trkpt>
      <trkpt lat="46.366047039628029" lon="11.695068748667836">
        <ele>1424</ele>
        <time>2026-06-24T14:22:34Z</time>
      </trkpt>
      <trkpt lat="46.365981744602323" lon="11.695084339007735">
        <ele>1424.4000244140625</ele>
        <time>2026-06-24T14:22:32Z</time>
      </trkpt>
      <trkpt lat="46.365695837885141" lon="11.694950144737959">
        <ele>1426.5999755859375</ele>
        <time>2026-06-24T14:22:22Z</time>
      </trkpt>
      <trkpt lat="46.365653341636062" lon="11.694983588531613">
        <ele>1428.199951171875</ele>
        <time>2026-06-24T14:22:13Z</time>
      </trkpt>
      <trkpt lat="46.365655353292823" lon="11.694982498884201">
        <ele>1429.4000244140625</ele>
        <time>2026-06-24T14:22:10Z</time>
      </trkpt>
      <trkpt lat="46.365635991096497" lon="11.695167822763324">
        <ele>1432.5999755859375</ele>
        <time>2026-06-24T14:22:04Z</time>
      </trkpt>
      <trkpt lat="46.365638840943575" lon="11.695216773077846">
        <ele>1433.199951171875</ele>
        <time>2026-06-24T14:22:03Z</time>
      </trkpt>
      <trkpt lat="46.365640014410019" lon="11.69527368620038">
        <ele>1433.800048828125</ele>
        <time>2026-06-24T14:22:02Z</time>
      </trkpt>
      <trkpt lat="46.365635069087148" lon="11.695346357300878">
        <ele>1434.5999755859375</ele>
        <time>2026-06-24T14:22:01Z</time>
      </trkpt>
      <trkpt lat="46.365622160956264" lon="11.695432020351291">
        <ele>1435</ele>
        <time>2026-06-24T14:22:00Z</time>
      </trkpt>
      <trkpt lat="46.365576814860106" lon="11.695610135793686">
        <ele>1435.800048828125</ele>
        <time>2026-06-24T14:21:58Z</time>
      </trkpt>
      <trkpt lat="46.365557871758938" lon="11.69569487683475">
        <ele>1436.4000244140625</ele>
        <time>2026-06-24T14:21:57Z</time>
      </trkpt>
      <trkpt lat="46.365546975284815" lon="11.695776516571641">
        <ele>1436.800048828125</ele>
        <time>2026-06-24T14:21:56Z</time>
      </trkpt>
      <trkpt lat="46.365548148751259" lon="11.696232659742236">
        <ele>1440.5999755859375</ele>
        <time>2026-06-24T14:21:51Z</time>
      </trkpt>
      <trkpt lat="46.365591147914529" lon="11.696578999981284">
        <ele>1444</ele>
        <time>2026-06-24T14:21:48Z</time>
      </trkpt>
      <trkpt lat="46.365616293624043" lon="11.696701124310493">
        <ele>1445</ele>
        <time>2026-06-24T14:21:47Z</time>
      </trkpt>
      <trkpt lat="46.3656444568187" lon="11.696819560602307">
        <ele>1445.800048828125</ele>
        <time>2026-06-24T14:21:46Z</time>
      </trkpt>
      <trkpt lat="46.365682343021035" lon="11.697059953585267">
        <ele>1447.199951171875</ele>
        <time>2026-06-24T14:21:44Z</time>
      </trkpt>
      <trkpt lat="46.365714613348246" lon="11.697298921644688">
        <ele>1450.4000244140625</ele>
        <time>2026-06-24T14:21:42Z</time>
      </trkpt>
      <trkpt lat="46.365768006071448" lon="11.697518611326814">
        <ele>1452.800048828125</ele>
        <time>2026-06-24T14:21:40Z</time>
      </trkpt>
      <trkpt lat="46.365803210064769" lon="11.697628581896424">
        <ele>1454</ele>
        <time>2026-06-24T14:21:39Z</time>
      </trkpt>
      <trkpt lat="46.36583891697228" lon="11.697745257988572">
        <ele>1455.199951171875</ele>
        <time>2026-06-24T14:21:38Z</time>
      </trkpt>
      <trkpt lat="46.365868840366602" lon="11.697854725643992">
        <ele>1456.199951171875</ele>
        <time>2026-06-24T14:21:37Z</time>
      </trkpt>
      <trkpt lat="46.365889376029372" lon="11.697966707870364">
        <ele>1457.4000244140625</ele>
        <time>2026-06-24T14:21:36Z</time>
      </trkpt>
      <trkpt lat="46.365907397121191" lon="11.698324363678694">
        <ele>1460.4000244140625</ele>
        <time>2026-06-24T14:21:33Z</time>
      </trkpt>
      <trkpt lat="46.365881832316518" lon="11.698670703917742">
        <ele>1463.5999755859375</ele>
        <time>2026-06-24T14:21:30Z</time>
      </trkpt>
      <trkpt lat="46.365846879780293" lon="11.699027689173818">
        <ele>1467.5999755859375</ele>
        <time>2026-06-24T14:21:27Z</time>
      </trkpt>
      <trkpt lat="46.365857860073447" lon="11.699503194540739">
        <ele>1471</ele>
        <time>2026-06-24T14:21:23Z</time>
      </trkpt>
      <trkpt lat="46.365863811224699" lon="11.699617272242904">
        <ele>1471.5999755859375</ele>
        <time>2026-06-24T14:21:22Z</time>
      </trkpt>
      <trkpt lat="46.365852998569608" lon="11.699979370459914">
        <ele>1474.199951171875</ele>
        <time>2026-06-24T14:21:19Z</time>
      </trkpt>
      <trkpt lat="46.365844868123531" lon="11.700088754296303">
        <ele>1475.199951171875</ele>
        <time>2026-06-24T14:21:18Z</time>
      </trkpt>
      <trkpt lat="46.365775801241398" lon="11.700401483103633">
        <ele>1478.199951171875</ele>
        <time>2026-06-24T14:21:15Z</time>
      </trkpt>
      <trkpt lat="46.365751828998327" lon="11.700501143932343">
        <ele>1478.800048828125</ele>
        <time>2026-06-24T14:21:14Z</time>
      </trkpt>
      <trkpt lat="46.365725677460432" lon="11.700586471706629">
        <ele>1479.4000244140625</ele>
        <time>2026-06-24T14:21:13Z</time>
      </trkpt>
      <trkpt lat="46.365690808743238" lon="11.700661238282919">
        <ele>1480</ele>
        <time>2026-06-24T14:21:12Z</time>
      </trkpt>
      <trkpt lat="46.365648144856095" lon="11.700728964060545">
        <ele>1480.800048828125</ele>
        <time>2026-06-24T14:21:11Z</time>
      </trkpt>
      <trkpt lat="46.36560095474124" lon="11.70078981667757">
        <ele>1481.800048828125</ele>
        <time>2026-06-24T14:21:10Z</time>
      </trkpt>
      <trkpt lat="46.365558207035065" lon="11.700846813619137">
        <ele>1482.800048828125</ele>
        <time>2026-06-24T14:21:09Z</time>
      </trkpt>
      <trkpt lat="46.365525517612696" lon="11.700904900208116">
        <ele>1483.4000244140625</ele>
        <time>2026-06-24T14:21:08Z</time>
      </trkpt>
      <trkpt lat="46.365503054112196" lon="11.700969776138663">
        <ele>1484.199951171875</ele>
        <time>2026-06-24T14:21:07Z</time>
      </trkpt>
      <trkpt lat="46.365479081869125" lon="11.70114990323782">
        <ele>1486</ele>
        <time>2026-06-24T14:21:05Z</time>
      </trkpt>
      <trkpt lat="46.36539040133357" lon="11.701564807444811">
        <ele>1488.5999755859375</ele>
        <time>2026-06-24T14:21:01Z</time>
      </trkpt>
      <trkpt lat="46.365360310301185" lon="11.701678717508912">
        <ele>1488.800048828125</ele>
        <time>2026-06-24T14:21:00Z</time>
      </trkpt>
      <trkpt lat="46.365292752161622" lon="11.701876362785697">
        <ele>1489.800048828125</ele>
        <time>2026-06-24T14:20:58Z</time>
      </trkpt>
      <trkpt lat="46.365236090496182" lon="11.702043833211064">
        <ele>1491.199951171875</ele>
        <time>2026-06-24T14:20:56Z</time>
      </trkpt>
      <trkpt lat="46.365081276744604" lon="11.70258991420269">
        <ele>1492.4000244140625</ele>
        <time>2026-06-24T14:20:50Z</time>
      </trkpt>
      <trkpt lat="46.365064261481166" lon="11.702661663293839">
        <ele>1492.4000244140625</ele>
        <time>2026-06-24T14:20:49Z</time>
      </trkpt>
      <trkpt lat="46.365036265924573" lon="11.702806502580643">
        <ele>1495.199951171875</ele>
        <time>2026-06-24T14:20:39Z</time>
      </trkpt>
      <trkpt lat="46.365041211247444" lon="11.702822176739573">
        <ele>1497.5999755859375</ele>
        <time>2026-06-24T14:20:34Z</time>
      </trkpt>
      <trkpt lat="46.365045737475157" lon="11.702839024364948">
        <ele>1498.199951171875</ele>
        <time>2026-06-24T14:20:33Z</time>
      </trkpt>
      <trkpt lat="46.365049928426743" lon="11.702862493693829">
        <ele>1498.800048828125</ele>
        <time>2026-06-24T14:20:32Z</time>
      </trkpt>
      <trkpt lat="46.365051018074155" lon="11.702898116782308">
        <ele>1499.199951171875</ele>
        <time>2026-06-24T14:20:31Z</time>
      </trkpt>
      <trkpt lat="46.365049257874489" lon="11.70295050367713">
        <ele>1499.4000244140625</ele>
        <time>2026-06-24T14:20:30Z</time>
      </trkpt>
      <trkpt lat="46.364980861544609" lon="11.70345040038228">
        <ele>1502.199951171875</ele>
        <time>2026-06-24T14:20:24Z</time>
      </trkpt>
      <trkpt lat="46.364933252334595" lon="11.703674448654056">
        <ele>1503</ele>
        <time>2026-06-24T14:20:22Z</time>
      </trkpt>
      <trkpt lat="46.364845242351294" lon="11.704158335924149">
        <ele>1504.800048828125</ele>
        <time>2026-06-24T14:20:18Z</time>
      </trkpt>
      <trkpt lat="46.36484800837934" lon="11.705016810446978">
        <ele>1508</ele>
        <time>2026-06-24T14:20:10Z</time>
      </trkpt>
      <trkpt lat="46.364856893196702" lon="11.705105658620596">
        <ele>1508.199951171875</ele>
        <time>2026-06-24T14:20:09Z</time>
      </trkpt>
      <trkpt lat="46.36486410163343" lon="11.705187885090709">
        <ele>1508.5999755859375</ele>
        <time>2026-06-24T14:20:08Z</time>
      </trkpt>
      <trkpt lat="46.364863598719239" lon="11.70526466332376">
        <ele>1509.4000244140625</ele>
        <time>2026-06-24T14:20:07Z</time>
      </trkpt>
      <trkpt lat="46.364851864054799" lon="11.705339178442955">
        <ele>1509.4000244140625</ele>
        <time>2026-06-24T14:20:06Z</time>
      </trkpt>
      <trkpt lat="46.364837363362312" lon="11.705418471246958">
        <ele>1510.4000244140625</ele>
        <time>2026-06-24T14:20:05Z</time>
      </trkpt>
      <trkpt lat="46.364837447181344" lon="11.70550555922091">
        <ele>1510.5999755859375</ele>
        <time>2026-06-24T14:20:04Z</time>
      </trkpt>
      <trkpt lat="46.364885978400707" lon="11.705678813159466">
        <ele>1511.199951171875</ele>
        <time>2026-06-24T14:20:02Z</time>
      </trkpt>
      <trkpt lat="46.36490517295897" lon="11.705766823142767">
        <ele>1511.5999755859375</ele>
        <time>2026-06-24T14:20:01Z</time>
      </trkpt>
      <trkpt lat="46.36490860953927" lon="11.705862712115049">
        <ele>1512.199951171875</ele>
        <time>2026-06-24T14:20:00Z</time>
      </trkpt>
      <trkpt lat="46.36487340554595" lon="11.70634844340384">
        <ele>1514.199951171875</ele>
        <time>2026-06-24T14:19:56Z</time>
      </trkpt>
      <trkpt lat="46.364906597882509" lon="11.70701103284955">
        <ele>1517.5999755859375</ele>
        <time>2026-06-24T14:19:51Z</time>
      </trkpt>
      <trkpt lat="46.364966612309217" lon="11.707798009738326">
        <ele>1521.4000244140625</ele>
        <time>2026-06-24T14:19:45Z</time>
      </trkpt>
      <trkpt lat="46.365047916769981" lon="11.708325399085879">
        <ele>1524.800048828125</ele>
        <time>2026-06-24T14:19:40Z</time>
      </trkpt>
      <trkpt lat="46.365063339471817" lon="11.708425479009748">
        <ele>1526</ele>
        <time>2026-06-24T14:19:39Z</time>
      </trkpt>
      <trkpt lat="46.365073565393686" lon="11.708530839532614">
        <ele>1526.5999755859375</ele>
        <time>2026-06-24T14:19:38Z</time>
      </trkpt>
      <trkpt lat="46.36506543494761" lon="11.70874273404479">
        <ele>1528</ele>
        <time>2026-06-24T14:19:36Z</time>
      </trkpt>
      <trkpt lat="46.365061579272151" lon="11.708846585825086">
        <ele>1528.800048828125</ele>
        <time>2026-06-24T14:19:35Z</time>
      </trkpt>
      <trkpt lat="46.365063842386007" lon="11.708947084844112">
        <ele>1529.4000244140625</ele>
        <time>2026-06-24T14:19:34Z</time>
      </trkpt>
      <trkpt lat="46.36508253403008" lon="11.709133414551616">
        <ele>1530.5999755859375</ele>
        <time>2026-06-24T14:19:32Z</time>
      </trkpt>
      <trkpt lat="46.36509133502841" lon="11.709217149764299">
        <ele>1531.199951171875</ele>
        <time>2026-06-24T14:19:31Z</time>
      </trkpt>
      <trkpt lat="46.365091921761632" lon="11.709410436451435">
        <ele>1532.5999755859375</ele>
        <time>2026-06-24T14:19:28Z</time>
      </trkpt>
      <trkpt lat="46.365113044157624" lon="11.709599196910858">
        <ele>1536.5999755859375</ele>
        <time>2026-06-24T14:19:23Z</time>
      </trkpt>
      <trkpt lat="46.365204993635416" lon="11.709963390603662">
        <ele>1540</ele>
        <time>2026-06-24T14:19:18Z</time>
      </trkpt>
      <trkpt lat="46.365220248699188" lon="11.710065482184291">
        <ele>1540.5999755859375</ele>
        <time>2026-06-24T14:19:17Z</time>
      </trkpt>
      <trkpt lat="46.365227792412043" lon="11.710171261802316">
        <ele>1541</ele>
        <time>2026-06-24T14:19:16Z</time>
      </trkpt>
      <trkpt lat="46.365219326689839" lon="11.710373349487782">
        <ele>1542</ele>
        <time>2026-06-24T14:19:14Z</time>
      </trkpt>
      <trkpt lat="46.36521253734827" lon="11.710464376956224">
        <ele>1542.199951171875</ele>
        <time>2026-06-24T14:19:13Z</time>
      </trkpt>
      <trkpt lat="46.36520910076797" lon="11.71054769307375">
        <ele>1542.5999755859375</ele>
        <time>2026-06-24T14:19:12Z</time>
      </trkpt>
      <trkpt lat="46.365213710814714" lon="11.710622208192945">
        <ele>1543.4000244140625</ele>
        <time>2026-06-24T14:19:11Z</time>
      </trkpt>
      <trkpt lat="46.365231899544597" lon="11.71068892814219">
        <ele>1543.800048828125</ele>
        <time>2026-06-24T14:19:10Z</time>
      </trkpt>
      <trkpt lat="46.365304822102189" lon="11.71082622371614">
        <ele>1544.5999755859375</ele>
        <time>2026-06-24T14:19:08Z</time>
      </trkpt>
      <trkpt lat="46.365337846800685" lon="11.710902079939842">
        <ele>1545.199951171875</ele>
        <time>2026-06-24T14:19:07Z</time>
      </trkpt>
      <trkpt lat="46.365358214825392" lon="11.710986737161875">
        <ele>1545.800048828125</ele>
        <time>2026-06-24T14:19:06Z</time>
      </trkpt>
      <trkpt lat="46.365382773801684" lon="11.711585205048323">
        <ele>1549</ele>
        <time>2026-06-24T14:19:01Z</time>
      </trkpt>
      <trkpt lat="46.365480087697506" lon="11.712387688457966">
        <ele>1553</ele>
        <time>2026-06-24T14:18:55Z</time>
      </trkpt>
      <trkpt lat="46.365537839010358" lon="11.713252700865269">
        <ele>1556.199951171875</ele>
        <time>2026-06-24T14:18:48Z</time>
      </trkpt>
      <trkpt lat="46.365540940314531" lon="11.71335780993104">
        <ele>1556.800048828125</ele>
        <time>2026-06-24T14:18:47Z</time>
      </trkpt>
      <trkpt lat="46.365580670535564" lon="11.713684871792793">
        <ele>1557.800048828125</ele>
        <time>2026-06-24T14:18:44Z</time>
      </trkpt>
      <trkpt lat="46.365612605586648" lon="11.714346623048186">
        <ele>1561</ele>
        <time>2026-06-24T14:18:37Z</time>
      </trkpt>
      <trkpt lat="46.365655018016696" lon="11.715045925229788">
        <ele>1564.4000244140625</ele>
        <time>2026-06-24T14:18:31Z</time>
      </trkpt>
      <trkpt lat="46.365674966946244" lon="11.715919570997357">
        <ele>1567.800048828125</ele>
        <time>2026-06-24T14:18:23Z</time>
      </trkpt>
      <trkpt lat="46.365700364112854" lon="11.716115791350603">
        <ele>1568.4000244140625</ele>
        <time>2026-06-24T14:18:21Z</time>
      </trkpt>
      <trkpt lat="46.365714697167277" lon="11.716202544048429">
        <ele>1568.5999755859375</ele>
        <time>2026-06-24T14:18:20Z</time>
      </trkpt>
      <trkpt lat="46.36572852730751" lon="11.716284099966288">
        <ele>1569</ele>
        <time>2026-06-24T14:18:19Z</time>
      </trkpt>
      <trkpt lat="46.365734646096826" lon="11.716369092464447">
        <ele>1570</ele>
        <time>2026-06-24T14:18:18Z</time>
      </trkpt>
      <trkpt lat="46.365699945017695" lon="11.716641755774617">
        <ele>1571.5999755859375</ele>
        <time>2026-06-24T14:18:15Z</time>
      </trkpt>
      <trkpt lat="46.365681756287813" lon="11.716735465452075">
        <ele>1572.199951171875</ele>
        <time>2026-06-24T14:18:14Z</time>
      </trkpt>
      <trkpt lat="46.365629620850086" lon="11.716911401599646">
        <ele>1572.800048828125</ele>
        <time>2026-06-24T14:18:12Z</time>
      </trkpt>
      <trkpt lat="46.36543340049684" lon="11.717579439282417">
        <ele>1576</ele>
        <time>2026-06-24T14:18:04Z</time>
      </trkpt>
      <trkpt lat="46.365402135998011" lon="11.717996019870043">
        <ele>1578</ele>
        <time>2026-06-24T14:17:59Z</time>
      </trkpt>
      <trkpt lat="46.365425018593669" lon="11.718571856617928">
        <ele>1580</ele>
        <time>2026-06-24T14:17:53Z</time>
      </trkpt>
      <trkpt lat="46.365430131554604" lon="11.718675289303064">
        <ele>1581</ele>
        <time>2026-06-24T14:17:52Z</time>
      </trkpt>
      <trkpt lat="46.365479249507189" lon="11.719045853242278">
        <ele>1582.800048828125</ele>
        <time>2026-06-24T14:17:48Z</time>
      </trkpt>
      <trkpt lat="46.365490984171629" lon="11.719685643911362">
        <ele>1585</ele>
        <time>2026-06-24T14:17:42Z</time>
      </trkpt>
      <trkpt lat="46.365493331104517" lon="11.719772228971124">
        <ele>1585.4000244140625</ele>
        <time>2026-06-24T14:17:41Z</time>
      </trkpt>
      <trkpt lat="46.365517554804683" lon="11.719928383827209">
        <ele>1586.4000244140625</ele>
        <time>2026-06-24T14:17:39Z</time>
      </trkpt>
      <trkpt lat="46.365531636402011" lon="11.720003318041563">
        <ele>1586.800048828125</ele>
        <time>2026-06-24T14:17:38Z</time>
      </trkpt>
      <trkpt lat="46.365623418241739" lon="11.720321578904986">
        <ele>1588.199951171875</ele>
        <time>2026-06-24T14:17:34Z</time>
      </trkpt>
      <trkpt lat="46.36575099080801" lon="11.720622656866908">
        <ele>1590.199951171875</ele>
        <time>2026-06-24T14:17:30Z</time>
      </trkpt>
      <trkpt lat="46.365781081840396" lon="11.720686694607139">
        <ele>1591</ele>
        <time>2026-06-24T14:17:29Z</time>
      </trkpt>
      <trkpt lat="46.365809328854084" lon="11.720749475061893">
        <ele>1591.5999755859375</ele>
        <time>2026-06-24T14:17:28Z</time>
      </trkpt>
      <trkpt lat="46.365831959992647" lon="11.720810327678919">
        <ele>1592.4000244140625</ele>
        <time>2026-06-24T14:17:27Z</time>
      </trkpt>
      <trkpt lat="46.365851489827037" lon="11.720882914960384">
        <ele>1593.800048828125</ele>
        <time>2026-06-24T14:17:26Z</time>
      </trkpt>
      <trkpt lat="46.365861129015684" lon="11.720970841124654">
        <ele>1594.5999755859375</ele>
        <time>2026-06-24T14:17:25Z</time>
      </trkpt>
      <trkpt lat="46.365880239754915" lon="11.721468977630138">
        <ele>1597.800048828125</ele>
        <time>2026-06-24T14:17:21Z</time>
      </trkpt>
      <trkpt lat="46.365898596122861" lon="11.721601327881217">
        <ele>1598.5999755859375</ele>
        <time>2026-06-24T14:17:20Z</time>
      </trkpt>
      <trkpt lat="46.365922149270773" lon="11.721730912104249">
        <ele>1599.199951171875</ele>
        <time>2026-06-24T14:17:19Z</time>
      </trkpt>
      <trkpt lat="46.365949138998985" lon="11.721858819946647">
        <ele>1600</ele>
        <time>2026-06-24T14:17:18Z</time>
      </trkpt>
      <trkpt lat="46.365976296365261" lon="11.721987398341298">
        <ele>1600.800048828125</ele>
        <time>2026-06-24T14:17:17Z</time>
      </trkpt>
      <trkpt lat="46.365994736552238" lon="11.722120167687535">
        <ele>1601.800048828125</ele>
        <time>2026-06-24T14:17:16Z</time>
      </trkpt>
      <trkpt lat="46.366003034636378" lon="11.722260313108563">
        <ele>1602.4000244140625</ele>
        <time>2026-06-24T14:17:15Z</time>
      </trkpt>
      <trkpt lat="46.366009321063757" lon="11.72239207662642">
        <ele>1603</ele>
        <time>2026-06-24T14:17:14Z</time>
      </trkpt>
      <trkpt lat="46.366014266386628" lon="11.722521325573325">
        <ele>1603.5999755859375</ele>
        <time>2026-06-24T14:17:13Z</time>
      </trkpt>
      <trkpt lat="46.366027761250734" lon="11.722641019150615">
        <ele>1605</ele>
        <time>2026-06-24T14:17:12Z</time>
      </trkpt>
      <trkpt lat="46.366056762635708" lon="11.722752498462796">
        <ele>1605.5999755859375</ele>
        <time>2026-06-24T14:17:11Z</time>
      </trkpt>
      <trkpt lat="46.366094229742885" lon="11.722856098785996">
        <ele>1606.4000244140625</ele>
        <time>2026-06-24T14:17:10Z</time>
      </trkpt>
      <trkpt lat="46.366127338260412" lon="11.722955843433738">
        <ele>1607.199951171875</ele>
        <time>2026-06-24T14:17:09Z</time>
      </trkpt>
      <trkpt lat="46.36614921502769" lon="11.723066149279475">
        <ele>1607.800048828125</ele>
        <time>2026-06-24T14:17:08Z</time>
      </trkpt>
      <trkpt lat="46.36620101518929" lon="11.723628072068095">
        <ele>1611.4000244140625</ele>
        <time>2026-06-24T14:17:04Z</time>
      </trkpt>
      <trkpt lat="46.366275027394295" lon="11.724044652655721">
        <ele>1613.800048828125</ele>
        <time>2026-06-24T14:17:01Z</time>
      </trkpt>
      <trkpt lat="46.366293886676431" lon="11.724184630438685">
        <ele>1614.5999755859375</ele>
        <time>2026-06-24T14:17:00Z</time>
      </trkpt>
      <trkpt lat="46.366303022950888" lon="11.724583776667714">
        <ele>1616.5999755859375</ele>
        <time>2026-06-24T14:16:57Z</time>
      </trkpt>
      <trkpt lat="46.366301430389285" lon="11.724698022007942">
        <ele>1617.199951171875</ele>
        <time>2026-06-24T14:16:56Z</time>
      </trkpt>
      <trkpt lat="46.366303358227015" lon="11.724798521026969">
        <ele>1617.800048828125</ele>
        <time>2026-06-24T14:16:55Z</time>
      </trkpt>
      <trkpt lat="46.366309728473425" lon="11.724884770810604">
        <ele>1618.4000244140625</ele>
        <time>2026-06-24T14:16:54Z</time>
      </trkpt>
      <trkpt lat="46.366312326863408" lon="11.724975630640984">
        <ele>1619</ele>
        <time>2026-06-24T14:16:53Z</time>
      </trkpt>
      <trkpt lat="46.366288773715496" lon="11.72512642107904">
        <ele>1619.5999755859375</ele>
        <time>2026-06-24T14:16:51Z</time>
      </trkpt>
      <trkpt lat="46.366272429004312" lon="11.725206971168518">
        <ele>1620</ele>
        <time>2026-06-24T14:16:50Z</time>
      </trkpt>
      <trkpt lat="46.366259939968586" lon="11.725305039435625">
        <ele>1620.4000244140625</ele>
        <time>2026-06-24T14:16:49Z</time>
      </trkpt>
      <trkpt lat="46.366291791200638" lon="11.72561701387167">
        <ele>1622.5999755859375</ele>
        <time>2026-06-24T14:16:45Z</time>
      </trkpt>
      <trkpt lat="46.366482563316822" lon="11.726110624149442">
        <ele>1625.800048828125</ele>
        <time>2026-06-24T14:16:33Z</time>
      </trkpt>
      <trkpt lat="46.366497818380594" lon="11.726142391562462">
        <ele>1625.800048828125</ele>
        <time>2026-06-24T14:16:32Z</time>
      </trkpt>
      <trkpt lat="46.366514749825001" lon="11.726176673546433">
        <ele>1625.800048828125</ele>
        <time>2026-06-24T14:16:31Z</time>
      </trkpt>
      <trkpt lat="46.366532687097788" lon="11.726209446787834">
        <ele>1626</ele>
        <time>2026-06-24T14:16:30Z</time>
      </trkpt>
      <trkpt lat="46.366549953818321" lon="11.726241549476981">
        <ele>1626</ele>
        <time>2026-06-24T14:16:29Z</time>
      </trkpt>
      <trkpt lat="46.366566801443696" lon="11.726280273869634">
        <ele>1626.199951171875</ele>
        <time>2026-06-24T14:16:28Z</time>
      </trkpt>
      <trkpt lat="46.366582391783595" lon="11.72632209956646">
        <ele>1626.4000244140625</ele>
        <time>2026-06-24T14:16:27Z</time>
      </trkpt>
      <trkpt lat="46.366602424532175" lon="11.726371804252267">
        <ele>1626.4000244140625</ele>
        <time>2026-06-24T14:16:26Z</time>
      </trkpt>
      <trkpt lat="46.366619355976582" lon="11.726434417068958">
        <ele>1626.5999755859375</ele>
        <time>2026-06-24T14:16:25Z</time>
      </trkpt>
      <trkpt lat="46.366636957973242" lon="11.726577999070287">
        <ele>1626.800048828125</ele>
        <time>2026-06-24T14:16:23Z</time>
      </trkpt>
      <trkpt lat="46.36664274148643" lon="11.726661818102002">
        <ele>1626.800048828125</ele>
        <time>2026-06-24T14:16:22Z</time>
      </trkpt>
      <trkpt lat="46.366702001541853" lon="11.726889302954078">
        <ele>1627</ele>
        <time>2026-06-24T14:16:19Z</time>
      </trkpt>
      <trkpt lat="46.366806607693434" lon="11.727076387032866">
        <ele>1626.800048828125</ele>
        <time>2026-06-24T14:16:16Z</time>
      </trkpt>
      <trkpt lat="46.366995703428984" lon="11.727275038138032">
        <ele>1626.800048828125</ele>
        <time>2026-06-24T14:16:11Z</time>
      </trkpt>
      <trkpt lat="46.367074744775891" lon="11.727330526337028">
        <ele>1626.5999755859375</ele>
        <time>2026-06-24T14:16:09Z</time>
      </trkpt>
      <trkpt lat="46.367185302078724" lon="11.727426666766405">
        <ele>1626.4000244140625</ele>
        <time>2026-06-24T14:16:06Z</time>
      </trkpt>
      <trkpt lat="46.367300637066364" lon="11.727594053372741">
        <ele>1624.199951171875</ele>
        <time>2026-06-24T14:16:01Z</time>
      </trkpt>
      <trkpt lat="46.367625771090388" lon="11.727962354198098">
        <ele>1626.199951171875</ele>
        <time>2026-06-24T14:15:48Z</time>
      </trkpt>
      <trkpt lat="46.367822410538793" lon="11.72837239690125">
        <ele>1628</ele>
        <time>2026-06-24T14:15:37Z</time>
      </trkpt>
      <trkpt lat="46.367836659774184" lon="11.728437272831798">
        <ele>1628.5999755859375</ele>
        <time>2026-06-24T14:15:36Z</time>
      </trkpt>
      <trkpt lat="46.367851076647639" lon="11.728509105741978">
        <ele>1628.800048828125</ele>
        <time>2026-06-24T14:15:35Z</time>
      </trkpt>
      <trkpt lat="46.367860799655318" lon="11.728585045784712">
        <ele>1629.199951171875</ele>
        <time>2026-06-24T14:15:34Z</time>
      </trkpt>
      <trkpt lat="46.367867421358824" lon="11.728659560903907">
        <ele>1629.5999755859375</ele>
        <time>2026-06-24T14:15:33Z</time>
      </trkpt>
      <trkpt lat="46.3678721152246" lon="11.728735584765673">
        <ele>1630</ele>
        <time>2026-06-24T14:15:32Z</time>
      </trkpt>
      <trkpt lat="46.367873204872012" lon="11.728811776265502">
        <ele>1630.199951171875</ele>
        <time>2026-06-24T14:15:31Z</time>
      </trkpt>
      <trkpt lat="46.367868930101395" lon="11.728884866461158">
        <ele>1630.5999755859375</ele>
        <time>2026-06-24T14:15:30Z</time>
      </trkpt>
      <trkpt lat="46.367815202102065" lon="11.729117464274168">
        <ele>1631</ele>
        <time>2026-06-24T14:15:26Z</time>
      </trkpt>
      <trkpt lat="46.367714954540133" lon="11.729394150897861">
        <ele>1634</ele>
        <time>2026-06-24T14:15:15Z</time>
      </trkpt>
      <trkpt lat="46.367704644799232" lon="11.729438072070479">
        <ele>1634.199951171875</ele>
        <time>2026-06-24T14:15:14Z</time>
      </trkpt>
      <trkpt lat="46.367690311744809" lon="11.729498170316219">
        <ele>1634.5999755859375</ele>
        <time>2026-06-24T14:15:13Z</time>
      </trkpt>
      <trkpt lat="46.367680672556162" lon="11.72957444563508">
        <ele>1635</ele>
        <time>2026-06-24T14:15:12Z</time>
      </trkpt>
      <trkpt lat="46.367686036974192" lon="11.729661701247096">
        <ele>1635.199951171875</ele>
        <time>2026-06-24T14:15:11Z</time>
      </trkpt>
      <trkpt lat="46.367708165198565" lon="11.72976010479033">
        <ele>1635.800048828125</ele>
        <time>2026-06-24T14:15:10Z</time>
      </trkpt>
      <trkpt lat="46.367746638134122" lon="11.729858256876469">
        <ele>1635.800048828125</ele>
        <time>2026-06-24T14:15:09Z</time>
      </trkpt>
      <trkpt lat="46.367789302021265" lon="11.729958672076464">
        <ele>1636.5999755859375</ele>
        <time>2026-06-24T14:15:08Z</time>
      </trkpt>
      <trkpt lat="46.367834145203233" lon="11.730061769485474">
        <ele>1637</ele>
        <time>2026-06-24T14:15:07Z</time>
      </trkpt>
      <trkpt lat="46.367879156023264" lon="11.730163861066103">
        <ele>1637.4000244140625</ele>
        <time>2026-06-24T14:15:06Z</time>
      </trkpt>
      <trkpt lat="46.368034975603223" lon="11.730556637048721">
        <ele>1638.5999755859375</ele>
        <time>2026-06-24T14:15:02Z</time>
      </trkpt>
      <trkpt lat="46.368091301992536" lon="11.730767861008644">
        <ele>1639.5999755859375</ele>
        <time>2026-06-24T14:15:00Z</time>
      </trkpt>
      <trkpt lat="46.368113094940782" lon="11.730876909568906">
        <ele>1640.199951171875</ele>
        <time>2026-06-24T14:14:59Z</time>
      </trkpt>
      <trkpt lat="46.36813547462225" lon="11.730991154909134">
        <ele>1640.5999755859375</ele>
        <time>2026-06-24T14:14:58Z</time>
      </trkpt>
      <trkpt lat="46.368165984749794" lon="11.731102215126157">
        <ele>1641</ele>
        <time>2026-06-24T14:14:57Z</time>
      </trkpt>
      <trkpt lat="46.368207894265652" lon="11.731207072734833">
        <ele>1641.800048828125</ele>
        <time>2026-06-24T14:14:56Z</time>
      </trkpt>
      <trkpt lat="46.368256760761142" lon="11.731305811554193">
        <ele>1642.199951171875</ele>
        <time>2026-06-24T14:14:55Z</time>
      </trkpt>
      <trkpt lat="46.368747688829899" lon="11.731936382129788">
        <ele>1645.199951171875</ele>
        <time>2026-06-24T14:14:47Z</time>
      </trkpt>
      <trkpt lat="46.368798483163118" lon="11.731996648013592">
        <ele>1645.4000244140625</ele>
        <time>2026-06-24T14:14:46Z</time>
      </trkpt>
      <trkpt lat="46.36884106323123" lon="11.732062445953488">
        <ele>1645.5999755859375</ele>
        <time>2026-06-24T14:14:45Z</time>
      </trkpt>
      <trkpt lat="46.368872411549091" lon="11.732125142589211">
        <ele>1645.800048828125</ele>
        <time>2026-06-24T14:14:44Z</time>
      </trkpt>
      <trkpt lat="46.36889629997313" lon="11.732180044054985">
        <ele>1646.5999755859375</ele>
        <time>2026-06-24T14:14:43Z</time>
      </trkpt>
      <trkpt lat="46.368909627199173" lon="11.732234358787537">
        <ele>1647</ele>
        <time>2026-06-24T14:14:42Z</time>
      </trkpt>
      <trkpt lat="46.368915494531393" lon="11.732290768995881">
        <ele>1647.5999755859375</ele>
        <time>2026-06-24T14:14:41Z</time>
      </trkpt>
      <trkpt lat="46.368914069607854" lon="11.732347179204226">
        <ele>1648.199951171875</ele>
        <time>2026-06-24T14:14:40Z</time>
      </trkpt>
      <trkpt lat="46.368903676047921" lon="11.732405098155141">
        <ele>1648.5999755859375</ele>
        <time>2026-06-24T14:14:39Z</time>
      </trkpt>
      <trkpt lat="46.36888506822288" lon="11.732464106753469">
        <ele>1648.800048828125</ele>
        <time>2026-06-24T14:14:38Z</time>
      </trkpt>
      <trkpt lat="46.368860341608524" lon="11.732525462284684">
        <ele>1649.199951171875</ele>
        <time>2026-06-24T14:14:37Z</time>
      </trkpt>
      <trkpt lat="46.368834106251597" lon="11.732594612985849">
        <ele>1649.4000244140625</ele>
        <time>2026-06-24T14:14:36Z</time>
      </trkpt>
      <trkpt lat="46.368814073503017" lon="11.732672397047281">
        <ele>1650</ele>
        <time>2026-06-24T14:14:35Z</time>
      </trkpt>
      <trkpt lat="46.368805272504687" lon="11.732768537476659">
        <ele>1650.4000244140625</ele>
        <time>2026-06-24T14:14:34Z</time>
      </trkpt>
      <trkpt lat="46.368810217827559" lon="11.732872053980827">
        <ele>1651</ele>
        <time>2026-06-24T14:14:33Z</time>
      </trkpt>
      <trkpt lat="46.368829915300012" lon="11.732976827770472">
        <ele>1651.4000244140625</ele>
        <time>2026-06-24T14:14:32Z</time>
      </trkpt>
      <trkpt lat="46.368860425427556" lon="11.733079757541418">
        <ele>1652.199951171875</ele>
        <time>2026-06-24T14:14:31Z</time>
      </trkpt>
      <trkpt lat="46.369195198640227" lon="11.733870338648558">
        <ele>1655.4000244140625</ele>
        <time>2026-06-24T14:14:23Z</time>
      </trkpt>
      <trkpt lat="46.369298547506332" lon="11.734214080497622">
        <ele>1657.4000244140625</ele>
        <time>2026-06-24T14:14:19Z</time>
      </trkpt>
      <trkpt lat="46.369324866682291" lon="11.734299156814814">
        <ele>1657.5999755859375</ele>
        <time>2026-06-24T14:14:18Z</time>
      </trkpt>
      <trkpt lat="46.369352359324694" lon="11.734387250617146">
        <ele>1658</ele>
        <time>2026-06-24T14:14:17Z</time>
      </trkpt>
      <trkpt lat="46.369374487549067" lon="11.734479116275907">
        <ele>1659</ele>
        <time>2026-06-24T14:14:16Z</time>
      </trkpt>
      <trkpt lat="46.369384042918682" lon="11.734573915600777">
        <ele>1659.4000244140625</ele>
        <time>2026-06-24T14:14:15Z</time>
      </trkpt>
      <trkpt lat="46.369376834481955" lon="11.734673660248518">
        <ele>1660</ele>
        <time>2026-06-24T14:14:14Z</time>
      </trkpt>
      <trkpt lat="46.369297541677952" lon="11.734987059608102">
        <ele>1661.4000244140625</ele>
        <time>2026-06-24T14:14:11Z</time>
      </trkpt>
      <trkpt lat="46.369272898882627" lon="11.735096946358681">
        <ele>1662</ele>
        <time>2026-06-24T14:14:10Z</time>
      </trkpt>
      <trkpt lat="46.369252363219857" lon="11.735207419842482">
        <ele>1662.4000244140625</ele>
        <time>2026-06-24T14:14:09Z</time>
      </trkpt>
      <trkpt lat="46.369234342128038" lon="11.735318312421441">
        <ele>1663</ele>
        <time>2026-06-24T14:14:08Z</time>
      </trkpt>
      <trkpt lat="46.369224870577455" lon="11.735431468114257">
        <ele>1663.5999755859375</ele>
        <time>2026-06-24T14:14:07Z</time>
      </trkpt>
      <trkpt lat="46.369224702939391" lon="11.735541773959994">
        <ele>1664.199951171875</ele>
        <time>2026-06-24T14:14:06Z</time>
      </trkpt>
      <trkpt lat="46.369233755394816" lon="11.735648643225431">
        <ele>1664.800048828125</ele>
        <time>2026-06-24T14:14:05Z</time>
      </trkpt>
      <trkpt lat="46.369250854477286" lon="11.735754255205393">
        <ele>1665.4000244140625</ele>
        <time>2026-06-24T14:14:04Z</time>
      </trkpt>
      <trkpt lat="46.369394268840551" lon="11.736164884641767">
        <ele>1668.199951171875</ele>
        <time>2026-06-24T14:14:00Z</time>
      </trkpt>
      <trkpt lat="46.369485463947058" lon="11.736341156065464">
        <ele>1668.800048828125</ele>
        <time>2026-06-24T14:13:58Z</time>
      </trkpt>
      <trkpt lat="46.36953298933804" lon="11.736422795802355">
        <ele>1669.199951171875</ele>
        <time>2026-06-24T14:13:57Z</time>
      </trkpt>
      <trkpt lat="46.369577161967754" lon="11.736506950110197">
        <ele>1669.5999755859375</ele>
        <time>2026-06-24T14:13:56Z</time>
      </trkpt>
      <trkpt lat="46.369613455608487" lon="11.736584734171629">
        <ele>1670</ele>
        <time>2026-06-24T14:13:55Z</time>
      </trkpt>
      <trkpt lat="46.369649413973093" lon="11.7366673797369">
        <ele>1670.199951171875</ele>
        <time>2026-06-24T14:13:54Z</time>
      </trkpt>
      <trkpt lat="46.369781764224172" lon="11.736908443272114">
        <ele>1671.4000244140625</ele>
        <time>2026-06-24T14:13:51Z</time>
      </trkpt>
      <trkpt lat="46.370330862700939" lon="11.737960539758205">
        <ele>1674.5999755859375</ele>
        <time>2026-06-24T14:13:39Z</time>
      </trkpt>
      <trkpt lat="46.370368916541338" lon="11.738050645217299">
        <ele>1674.800048828125</ele>
        <time>2026-06-24T14:13:38Z</time>
      </trkpt>
      <trkpt lat="46.370406802743673" lon="11.73814008012414">
        <ele>1675</ele>
        <time>2026-06-24T14:13:37Z</time>
      </trkpt>
      <trkpt lat="46.370485424995422" lon="11.738416347652674">
        <ele>1676</ele>
        <time>2026-06-24T14:13:34Z</time>
      </trkpt>
      <trkpt lat="46.370506212115288" lon="11.738505279645324">
        <ele>1676</ele>
        <time>2026-06-24T14:13:33Z</time>
      </trkpt>
      <trkpt lat="46.370527753606439" lon="11.738593205809593">
        <ele>1676.199951171875</ele>
        <time>2026-06-24T14:13:32Z</time>
      </trkpt>
      <trkpt lat="46.370555749163032" lon="11.73867610283196">
        <ele>1676.5999755859375</ele>
        <time>2026-06-24T14:13:31Z</time>
      </trkpt>
      <trkpt lat="46.370596149936318" lon="11.738747181370854">
        <ele>1676.5999755859375</ele>
        <time>2026-06-24T14:13:30Z</time>
      </trkpt>
      <trkpt lat="46.370636466890574" lon="11.738815829157829">
        <ele>1676.800048828125</ele>
        <time>2026-06-24T14:13:29Z</time>
      </trkpt>
      <trkpt lat="46.370705366134644" lon="11.738957986235619">
        <ele>1677.199951171875</ele>
        <time>2026-06-24T14:13:27Z</time>
      </trkpt>
      <trkpt lat="46.371056567877531" lon="11.739783184602857">
        <ele>1680.199951171875</ele>
        <time>2026-06-24T14:13:17Z</time>
      </trkpt>
      <trkpt lat="46.371096717193723" lon="11.73986884765327">
        <ele>1680.4000244140625</ele>
        <time>2026-06-24T14:13:16Z</time>
      </trkpt>
      <trkpt lat="46.371134268119931" lon="11.739956438541412">
        <ele>1680.4000244140625</ele>
        <time>2026-06-24T14:13:15Z</time>
      </trkpt>
      <trkpt lat="46.371163353323936" lon="11.740047549828887">
        <ele>1680.5999755859375</ele>
        <time>2026-06-24T14:13:14Z</time>
      </trkpt>
      <trkpt lat="46.371187744662166" lon="11.740141930058599">
        <ele>1680.5999755859375</ele>
        <time>2026-06-24T14:13:13Z</time>
      </trkpt>
      <trkpt lat="46.371204759925604" lon="11.740243015810847">
        <ele>1680.800048828125</ele>
        <time>2026-06-24T14:13:12Z</time>
      </trkpt>
      <trkpt lat="46.371490163728595" lon="11.74116862937808">
        <ele>1682.4000244140625</ele>
        <time>2026-06-24T14:13:00Z</time>
      </trkpt>
      <trkpt lat="46.371848322451115" lon="11.742035821080208">
        <ele>1684.199951171875</ele>
        <time>2026-06-24T14:12:48Z</time>
      </trkpt>
      <trkpt lat="46.371871205046773" lon="11.742103463038802">
        <ele>1684.4000244140625</ele>
        <time>2026-06-24T14:12:47Z</time>
      </trkpt>
      <trkpt lat="46.371896853670478" lon="11.742165572941303">
        <ele>1684.5999755859375</ele>
        <time>2026-06-24T14:12:46Z</time>
      </trkpt>
      <trkpt lat="46.371916718780994" lon="11.742232879623771">
        <ele>1684.800048828125</ele>
        <time>2026-06-24T14:12:45Z</time>
      </trkpt>
      <trkpt lat="46.37193800881505" lon="11.742301024496555">
        <ele>1685.199951171875</ele>
        <time>2026-06-24T14:12:44Z</time>
      </trkpt>
      <trkpt lat="46.371964830905199" lon="11.742368079721928">
        <ele>1685.4000244140625</ele>
        <time>2026-06-24T14:12:43Z</time>
      </trkpt>
      <trkpt lat="46.37199517339468" lon="11.74243027344346">
        <ele>1685.800048828125</ele>
        <time>2026-06-24T14:12:42Z</time>
      </trkpt>
      <trkpt lat="46.372029539197683" lon="11.742483079433441">
        <ele>1686.199951171875</ele>
        <time>2026-06-24T14:12:41Z</time>
      </trkpt>
      <trkpt lat="46.372066168114543" lon="11.742527922615409">
        <ele>1686.800048828125</ele>
        <time>2026-06-24T14:12:40Z</time>
      </trkpt>
      <trkpt lat="46.372099528089166" lon="11.742578381672502">
        <ele>1687</ele>
        <time>2026-06-24T14:12:39Z</time>
      </trkpt>
      <trkpt lat="46.372122829779983" lon="11.742638479918242">
        <ele>1687.199951171875</ele>
        <time>2026-06-24T14:12:38Z</time>
      </trkpt>
      <trkpt lat="46.372140850871801" lon="11.742707211524248">
        <ele>1687.5999755859375</ele>
        <time>2026-06-24T14:12:37Z</time>
      </trkpt>
      <trkpt lat="46.372145628556609" lon="11.742790276184678">
        <ele>1688</ele>
        <time>2026-06-24T14:12:36Z</time>
      </trkpt>
      <trkpt lat="46.372139761224389" lon="11.742892870679498">
        <ele>1688.4000244140625</ele>
        <time>2026-06-24T14:12:35Z</time>
      </trkpt>
      <trkpt lat="46.372150238603354" lon="11.743110297247767">
        <ele>1689.199951171875</ele>
        <time>2026-06-24T14:12:33Z</time>
      </trkpt>
      <trkpt lat="46.372166499495506" lon="11.743218591436744">
        <ele>1689.800048828125</ele>
        <time>2026-06-24T14:12:32Z</time>
      </trkpt>
      <trkpt lat="46.372188460081816" lon="11.743321605026722">
        <ele>1690.199951171875</ele>
        <time>2026-06-24T14:12:31Z</time>
      </trkpt>
      <trkpt lat="46.372278900817037" lon="11.743611115962267">
        <ele>1691.5999755859375</ele>
        <time>2026-06-24T14:12:28Z</time>
      </trkpt>
      <trkpt lat="46.372300107032061" lon="11.743708262220025">
        <ele>1692</ele>
        <time>2026-06-24T14:12:27Z</time>
      </trkpt>
      <trkpt lat="46.37231620028615" lon="11.744101122021675">
        <ele>1694</ele>
        <time>2026-06-24T14:12:23Z</time>
      </trkpt>
      <trkpt lat="46.372323576360941" lon="11.744202878326178">
        <ele>1694.4000244140625</ele>
        <time>2026-06-24T14:12:22Z</time>
      </trkpt>
      <trkpt lat="46.372337825596333" lon="11.744306730106473">
        <ele>1694.800048828125</ele>
        <time>2026-06-24T14:12:21Z</time>
      </trkpt>
      <trkpt lat="46.37239926494658" lon="11.744520384818316">
        <ele>1696</ele>
        <time>2026-06-24T14:12:19Z</time>
      </trkpt>
      <trkpt lat="46.372440420091152" lon="11.744627840816975">
        <ele>1696.4000244140625</ele>
        <time>2026-06-24T14:12:18Z</time>
      </trkpt>
      <trkpt lat="46.372478473931551" lon="11.744738565757871">
        <ele>1697.199951171875</ele>
        <time>2026-06-24T14:12:17Z</time>
      </trkpt>
      <trkpt lat="46.37251166626811" lon="11.744853481650352">
        <ele>1697.800048828125</ele>
        <time>2026-06-24T14:12:16Z</time>
      </trkpt>
      <trkpt lat="46.372534800320864" lon="11.74496965482831">
        <ele>1698.4000244140625</ele>
        <time>2026-06-24T14:12:15Z</time>
      </trkpt>
      <trkpt lat="46.372544104233384" lon="11.745088929310441">
        <ele>1699</ele>
        <time>2026-06-24T14:12:14Z</time>
      </trkpt>
      <trkpt lat="46.372537650167942" lon="11.745326304808259">
        <ele>1699.800048828125</ele>
        <time>2026-06-24T14:12:12Z</time>
      </trkpt>
      <trkpt lat="46.37253656052053" lon="11.745439963415265">
        <ele>1700.199951171875</ele>
        <time>2026-06-24T14:12:11Z</time>
      </trkpt>
      <trkpt lat="46.372540751472116" lon="11.745549682527781">
        <ele>1700.5999755859375</ele>
        <time>2026-06-24T14:12:10Z</time>
      </trkpt>
      <trkpt lat="46.372554497793317" lon="11.745654456317425">
        <ele>1701.199951171875</ele>
        <time>2026-06-24T14:12:09Z</time>
      </trkpt>
      <trkpt lat="46.372577296569943" lon="11.745753530412912">
        <ele>1701.5999755859375</ele>
        <time>2026-06-24T14:12:08Z</time>
      </trkpt>
      <trkpt lat="46.372603699564934" lon="11.745844641700387">
        <ele>1702</ele>
        <time>2026-06-24T14:12:07Z</time>
      </trkpt>
      <trkpt lat="46.372622726485133" lon="11.745937010273337">
        <ele>1702.4000244140625</ele>
        <time>2026-06-24T14:12:06Z</time>
      </trkpt>
      <trkpt lat="46.372613841667771" lon="11.746398434042931">
        <ele>1705.199951171875</ele>
        <time>2026-06-24T14:12:01Z</time>
      </trkpt>
      <trkpt lat="46.372615769505501" lon="11.746488539502025">
        <ele>1705.5999755859375</ele>
        <time>2026-06-24T14:12:00Z</time>
      </trkpt>
      <trkpt lat="46.37265533208847" lon="11.746708648279309">
        <ele>1706.800048828125</ele>
        <time>2026-06-24T14:11:57Z</time>
      </trkpt>
      <trkpt lat="46.372663881629705" lon="11.747071165591478">
        <ele>1708.4000244140625</ele>
        <time>2026-06-24T14:11:50Z</time>
      </trkpt>
      <trkpt lat="46.372651308774948" lon="11.74716898240149">
        <ele>1711.800048828125</ele>
        <time>2026-06-24T14:11:47Z</time>
      </trkpt>
      <trkpt lat="46.372647788375616" lon="11.747191697359085">
        <ele>1711.800048828125</ele>
        <time>2026-06-24T14:11:46Z</time>
      </trkpt>
      <trkpt lat="46.372644854709506" lon="11.747215166687965">
        <ele>1713</ele>
        <time>2026-06-24T14:11:45Z</time>
      </trkpt>
      <trkpt lat="46.372637310996652" lon="11.747249364852905">
        <ele>1713.800048828125</ele>
        <time>2026-06-24T14:11:44Z</time>
      </trkpt>
      <trkpt lat="46.37261962518096" lon="11.747287083417177">
        <ele>1714.5999755859375</ele>
        <time>2026-06-24T14:11:43Z</time>
      </trkpt>
      <trkpt lat="46.372592383995652" lon="11.747314156964421">
        <ele>1715.199951171875</ele>
        <time>2026-06-24T14:11:42Z</time>
      </trkpt>
      <trkpt lat="46.372555335983634" lon="11.747325388714671">
        <ele>1716</ele>
        <time>2026-06-24T14:11:41Z</time>
      </trkpt>
      <trkpt lat="46.372511833906174" lon="11.747315246611834">
        <ele>1716.5999755859375</ele>
        <time>2026-06-24T14:11:40Z</time>
      </trkpt>
      <trkpt lat="46.372406976297498" lon="11.74724517390132">
        <ele>1717.800048828125</ele>
        <time>2026-06-24T14:11:38Z</time>
      </trkpt>
      <trkpt lat="46.372357103973627" lon="11.747206533327699">
        <ele>1718.4000244140625</ele>
        <time>2026-06-24T14:11:37Z</time>
      </trkpt>
      <trkpt lat="46.372315026819706" lon="11.747179962694645">
        <ele>1719</ele>
        <time>2026-06-24T14:11:36Z</time>
      </trkpt>
      <trkpt lat="46.37227957136929" lon="11.74717141315341">
        <ele>1720.199951171875</ele>
        <time>2026-06-24T14:11:35Z</time>
      </trkpt>
      <trkpt lat="46.37224780395627" lon="11.747180046513677">
        <ele>1720.199951171875</ele>
        <time>2026-06-24T14:11:34Z</time>
      </trkpt>
      <trkpt lat="46.372221149504185" lon="11.747206281870604">
        <ele>1721.800048828125</ele>
        <time>2026-06-24T14:11:33Z</time>
      </trkpt>
      <trkpt lat="46.372203463688493" lon="11.747242994606495">
        <ele>1722.4000244140625</ele>
        <time>2026-06-24T14:11:32Z</time>
      </trkpt>
      <trkpt lat="46.37219650670886" lon="11.747283563017845">
        <ele>1723.4000244140625</ele>
        <time>2026-06-24T14:11:31Z</time>
      </trkpt>
      <trkpt lat="46.372265070676804" lon="11.747536947950721">
        <ele>1726.5999755859375</ele>
        <time>2026-06-24T14:11:27Z</time>
      </trkpt>
      <trkpt lat="46.372296335175633" lon="11.747639793902636">
        <ele>1727.4000244140625</ele>
        <time>2026-06-24T14:11:26Z</time>
      </trkpt>
      <trkpt lat="46.37239146977663" lon="11.748174140229821">
        <ele>1730.4000244140625</ele>
        <time>2026-06-24T14:11:22Z</time>
      </trkpt>
      <trkpt lat="46.372414100915194" lon="11.748295174911618">
        <ele>1731.5999755859375</ele>
        <time>2026-06-24T14:11:21Z</time>
      </trkpt>
      <trkpt lat="46.372477300465107" lon="11.748522073030472">
        <ele>1733</ele>
        <time>2026-06-24T14:11:19Z</time>
      </trkpt>
      <trkpt lat="46.372515521943569" lon="11.748634222894907">
        <ele>1733.800048828125</ele>
        <time>2026-06-24T14:11:18Z</time>
      </trkpt>
      <trkpt lat="46.372550474479795" lon="11.74874184653163">
        <ele>1734.199951171875</ele>
        <time>2026-06-24T14:11:17Z</time>
      </trkpt>
      <trkpt lat="46.372578134760261" lon="11.748850895091891">
        <ele>1734.800048828125</ele>
        <time>2026-06-24T14:11:16Z</time>
      </trkpt>
      <trkpt lat="46.372587941586971" lon="11.748964805155993">
        <ele>1735.4000244140625</ele>
        <time>2026-06-24T14:11:15Z</time>
      </trkpt>
      <trkpt lat="46.372577380388975" lon="11.749204024672508">
        <ele>1736.4000244140625</ele>
        <time>2026-06-24T14:11:13Z</time>
      </trkpt>
      <trkpt lat="46.37255122885108" lon="11.74993023276329">
        <ele>1739.800048828125</ele>
        <time>2026-06-24T14:11:07Z</time>
      </trkpt>
      <trkpt lat="46.372551312670112" lon="11.750043472275138">
        <ele>1740.4000244140625</ele>
        <time>2026-06-24T14:11:06Z</time>
      </trkpt>
      <trkpt lat="46.372553491964936" lon="11.750154281035066">
        <ele>1740.800048828125</ele>
        <time>2026-06-24T14:11:05Z</time>
      </trkpt>
      <trkpt lat="46.372563885524869" lon="11.750257713720202">
        <ele>1741.199951171875</ele>
        <time>2026-06-24T14:11:04Z</time>
      </trkpt>
      <trkpt lat="46.372588779777288" lon="11.750347316265106">
        <ele>1741.5999755859375</ele>
        <time>2026-06-24T14:11:03Z</time>
      </trkpt>
      <trkpt lat="46.372718280181289" lon="11.750611765310168">
        <ele>1743</ele>
        <time>2026-06-24T14:11:00Z</time>
      </trkpt>
      <trkpt lat="46.372758010402322" lon="11.750705810263753">
        <ele>1743.199951171875</ele>
        <time>2026-06-24T14:10:59Z</time>
      </trkpt>
      <trkpt lat="46.37284392490983" lon="11.751129012554884">
        <ele>1744.4000244140625</ele>
        <time>2026-06-24T14:10:55Z</time>
      </trkpt>
      <trkpt lat="46.372860772535205" lon="11.751233451068401">
        <ele>1744.5999755859375</ele>
        <time>2026-06-24T14:10:54Z</time>
      </trkpt>
      <trkpt lat="46.372961103916168" lon="11.751547353342175">
        <ele>1744.800048828125</ele>
        <time>2026-06-24T14:10:50Z</time>
      </trkpt>
      <trkpt lat="46.372986417263746" lon="11.751603428274393">
        <ele>1745</ele>
        <time>2026-06-24T14:10:49Z</time>
      </trkpt>
      <trkpt lat="46.37325631454587" lon="11.751826051622629">
        <ele>1746</ele>
        <time>2026-06-24T14:10:41Z</time>
      </trkpt>
      <trkpt lat="46.373289674520493" lon="11.751848850399256">
        <ele>1746.199951171875</ele>
        <time>2026-06-24T14:10:40Z</time>
      </trkpt>
      <trkpt lat="46.37332471087575" lon="11.75187642686069">
        <ele>1746.4000244140625</ele>
        <time>2026-06-24T14:10:39Z</time>
      </trkpt>
      <trkpt lat="46.373358741402626" lon="11.751909619197249">
        <ele>1746.4000244140625</ele>
        <time>2026-06-24T14:10:38Z</time>
      </trkpt>
      <trkpt lat="46.373388916254044" lon="11.75194582901895">
        <ele>1746.4000244140625</ele>
        <time>2026-06-24T14:10:37Z</time>
      </trkpt>
      <trkpt lat="46.373414229601622" lon="11.75198589451611">
        <ele>1746.4000244140625</ele>
        <time>2026-06-24T14:10:36Z</time>
      </trkpt>
      <trkpt lat="46.373435854911804" lon="11.752023948356509">
        <ele>1746.4000244140625</ele>
        <time>2026-06-24T14:10:35Z</time>
      </trkpt>
      <trkpt lat="46.373458318412304" lon="11.752054877579212">
        <ele>1746.4000244140625</ele>
        <time>2026-06-24T14:10:34Z</time>
      </trkpt>
      <trkpt lat="46.373530235141516" lon="11.752327708527446">
        <ele>1747</ele>
        <time>2026-06-24T14:10:28Z</time>
      </trkpt>
      <trkpt lat="46.373733999207616" lon="11.752713862806559">
        <ele>1748.199951171875</ele>
        <time>2026-06-24T14:10:19Z</time>
      </trkpt>
      <trkpt lat="46.373834414407611" lon="11.752810506150126">
        <ele>1754.800048828125</ele>
        <time>2026-06-24T14:09:49Z</time>
      </trkpt>
      <trkpt lat="46.373789235949516" lon="11.752836992964149">
        <ele>1755</ele>
        <time>2026-06-24T14:09:48Z</time>
      </trkpt>
      <trkpt lat="46.373741878196597" lon="11.752859288826585">
        <ele>1755.4000244140625</ele>
        <time>2026-06-24T14:09:47Z</time>
      </trkpt>
      <trkpt lat="46.373693430796266" lon="11.752873538061976">
        <ele>1755.800048828125</ele>
        <time>2026-06-24T14:09:46Z</time>
      </trkpt>
      <trkpt lat="46.373644648119807" lon="11.752880159765482">
        <ele>1756.199951171875</ele>
        <time>2026-06-24T14:09:45Z</time>
      </trkpt>
      <trkpt lat="46.373410876840353" lon="11.752857696264982">
        <ele>1757.5999755859375</ele>
        <time>2026-06-24T14:09:40Z</time>
      </trkpt>
      <trkpt lat="46.373283639550209" lon="11.752849230542779">
        <ele>1758</ele>
        <time>2026-06-24T14:09:37Z</time>
      </trkpt>
      <trkpt lat="46.373242400586605" lon="11.752842860296369">
        <ele>1758.199951171875</ele>
        <time>2026-06-24T14:09:36Z</time>
      </trkpt>
      <trkpt lat="46.372886672616005" lon="11.752898013219237">
        <ele>1761</ele>
        <time>2026-06-24T14:09:24Z</time>
      </trkpt>
      <trkpt lat="46.372873177751899" lon="11.752919470891356">
        <ele>1761</ele>
        <time>2026-06-24T14:09:23Z</time>
      </trkpt>
      <trkpt lat="46.372836548835039" lon="11.7529914714396">
        <ele>1770.199951171875</ele>
        <time>2026-06-24T14:08:46Z</time>
      </trkpt>
      <trkpt lat="46.372836632654071" lon="11.752992980182171">
        <ele>1771</ele>
        <time>2026-06-24T14:08:45Z</time>
      </trkpt>
      <trkpt lat="46.37284342199564" lon="11.753070261329412">
        <ele>1774.800048828125</ele>
        <time>2026-06-24T14:08:40Z</time>
      </trkpt>
      <trkpt lat="46.372879380360246" lon="11.753281569108367">
        <ele>1778.199951171875</ele>
        <time>2026-06-24T14:08:37Z</time>
      </trkpt>
      <trkpt lat="46.372995637357235" lon="11.753973495215178">
        <ele>1781.5999755859375</ele>
        <time>2026-06-24T14:08:30Z</time>
      </trkpt>
      <trkpt lat="46.3731131516397" lon="11.754681933671236">
        <ele>1784.5999755859375</ele>
        <time>2026-06-24T14:08:24Z</time>
      </trkpt>
      <trkpt lat="46.373128239065409" lon="11.754796095192432">
        <ele>1785</ele>
        <time>2026-06-24T14:08:23Z</time>
      </trkpt>
      <trkpt lat="46.373139470815659" lon="11.754905814304948">
        <ele>1785.4000244140625</ele>
        <time>2026-06-24T14:08:22Z</time>
      </trkpt>
      <trkpt lat="46.373142572119832" lon="11.755011510103941">
        <ele>1785.800048828125</ele>
        <time>2026-06-24T14:08:21Z</time>
      </trkpt>
      <trkpt lat="46.373129077255726" lon="11.755111170932651">
        <ele>1786.199951171875</ele>
        <time>2026-06-24T14:08:20Z</time>
      </trkpt>
      <trkpt lat="46.37309605255723" lon="11.755197839811444">
        <ele>1786.800048828125</ele>
        <time>2026-06-24T14:08:19Z</time>
      </trkpt>
      <trkpt lat="46.373047437518835" lon="11.7552674934268">
        <ele>1787.199951171875</ele>
        <time>2026-06-24T14:08:18Z</time>
      </trkpt>
      <trkpt lat="46.372989602386951" lon="11.755323233082891">
        <ele>1787.4000244140625</ele>
        <time>2026-06-24T14:08:17Z</time>
      </trkpt>
      <trkpt lat="46.372928498312831" lon="11.755366986617446">
        <ele>1787.800048828125</ele>
        <time>2026-06-24T14:08:16Z</time>
      </trkpt>
      <trkpt lat="46.372865717858076" lon="11.755390455946326">
        <ele>1788.199951171875</ele>
        <time>2026-06-24T14:08:15Z</time>
      </trkpt>
      <trkpt lat="46.372801512479782" lon="11.75538282841444">
        <ele>1788.800048828125</ele>
        <time>2026-06-24T14:08:14Z</time>
      </trkpt>
      <trkpt lat="46.372738480567932" lon="11.755343433469534">
        <ele>1789.199951171875</ele>
        <time>2026-06-24T14:08:13Z</time>
      </trkpt>
      <trkpt lat="46.372610908001661" lon="11.755191972479224">
        <ele>1790.4000244140625</ele>
        <time>2026-06-24T14:08:11Z</time>
      </trkpt>
      <trkpt lat="46.372087793424726" lon="11.754346070811152">
        <ele>1793.199951171875</ele>
        <time>2026-06-24T14:08:01Z</time>
      </trkpt>
      <trkpt lat="46.372049739584327" lon="11.754294522106647">
        <ele>1793.4000244140625</ele>
        <time>2026-06-24T14:08:00Z</time>
      </trkpt>
      <trkpt lat="46.372015792876482" lon="11.754251522943377">
        <ele>1793.5999755859375</ele>
        <time>2026-06-24T14:07:59Z</time>
      </trkpt>
      <trkpt lat="46.371982265263796" lon="11.754224030300975">
        <ele>1793.800048828125</ele>
        <time>2026-06-24T14:07:58Z</time>
      </trkpt>
      <trkpt lat="46.371950665488839" lon="11.754221767187119">
        <ele>1794</ele>
        <time>2026-06-24T14:07:57Z</time>
      </trkpt>
      <trkpt lat="46.3719233404845" lon="11.754243895411491">
        <ele>1794.199951171875</ele>
        <time>2026-06-24T14:07:56Z</time>
      </trkpt>
      <trkpt lat="46.371901296079159" lon="11.754290498793125">
        <ele>1794.4000244140625</ele>
        <time>2026-06-24T14:07:55Z</time>
      </trkpt>
      <trkpt lat="46.371885370463133" lon="11.754357889294624">
        <ele>1794.5999755859375</ele>
        <time>2026-06-24T14:07:54Z</time>
      </trkpt>
      <trkpt lat="46.371868522837758" lon="11.754594594240189">
        <ele>1795.4000244140625</ele>
        <time>2026-06-24T14:07:51Z</time>
      </trkpt>
      <trkpt lat="46.371871791779995" lon="11.754669612273574">
        <ele>1795.5999755859375</ele>
        <time>2026-06-24T14:07:50Z</time>
      </trkpt>
      <trkpt lat="46.371886543929577" lon="11.754746893420815">
        <ele>1796</ele>
        <time>2026-06-24T14:07:49Z</time>
      </trkpt>
      <trkpt lat="46.371911941096187" lon="11.754827946424484">
        <ele>1796.4000244140625</ele>
        <time>2026-06-24T14:07:48Z</time>
      </trkpt>
      <trkpt lat="46.371942535042763" lon="11.754909669980407">
        <ele>1796.5999755859375</ele>
        <time>2026-06-24T14:07:47Z</time>
      </trkpt>
      <trkpt lat="46.371970782056451" lon="11.754993824288249">
        <ele>1797</ele>
        <time>2026-06-24T14:07:46Z</time>
      </trkpt>
      <trkpt lat="46.371989473700523" lon="11.755087114870548">
        <ele>1797.199951171875</ele>
        <time>2026-06-24T14:07:45Z</time>
      </trkpt>
      <trkpt lat="46.37200053781271" lon="11.755191385746002">
        <ele>1797.800048828125</ele>
        <time>2026-06-24T14:07:44Z</time>
      </trkpt>
      <trkpt lat="46.372013865038753" lon="11.755301021039486">
        <ele>1798</ele>
        <time>2026-06-24T14:07:43Z</time>
      </trkpt>
      <trkpt lat="46.372037250548601" lon="11.755405627191067">
        <ele>1798.4000244140625</ele>
        <time>2026-06-24T14:07:42Z</time>
      </trkpt>
      <trkpt lat="46.372320475056767" lon="11.756164440885186">
        <ele>1801.199951171875</ele>
        <time>2026-06-24T14:07:32Z</time>
      </trkpt>
      <trkpt lat="46.372344195842743" lon="11.756232921034098">
        <ele>1801.4000244140625</ele>
        <time>2026-06-24T14:07:31Z</time>
      </trkpt>
      <trkpt lat="46.372374622151256" lon="11.75634884275496">
        <ele>1801.5999755859375</ele>
        <time>2026-06-24T14:07:29Z</time>
      </trkpt>
      <trkpt lat="46.372399097308517" lon="11.756447749212384">
        <ele>1804.4000244140625</ele>
        <time>2026-06-24T14:06:54Z</time>
      </trkpt>
      <trkpt lat="46.372400019317865" lon="11.756447497755289">
        <ele>1804.800048828125</ele>
        <time>2026-06-24T14:06:53Z</time>
      </trkpt>
      <trkpt lat="46.372433211654425" lon="11.756564760580659">
        <ele>1806.5999755859375</ele>
        <time>2026-06-24T14:06:48Z</time>
      </trkpt>
      <trkpt lat="46.372494483366609" lon="11.756746312603354">
        <ele>1807.4000244140625</ele>
        <time>2026-06-24T14:06:46Z</time>
      </trkpt>
      <trkpt lat="46.372625157237053" lon="11.757191056385636">
        <ele>1809</ele>
        <time>2026-06-24T14:06:41Z</time>
      </trkpt>
      <trkpt lat="46.372651308774948" lon="11.757273701950908">
        <ele>1809.199951171875</ele>
        <time>2026-06-24T14:06:40Z</time>
      </trkpt>
      <trkpt lat="46.372675951570272" lon="11.757357269525528">
        <ele>1809.5999755859375</ele>
        <time>2026-06-24T14:06:39Z</time>
      </trkpt>
      <trkpt lat="46.372700091451406" lon="11.757444608956575">
        <ele>1810.4000244140625</ele>
        <time>2026-06-24T14:06:38Z</time>
      </trkpt>
      <trkpt lat="46.372772259637713" lon="11.757639823481441">
        <ele>1811</ele>
        <time>2026-06-24T14:06:36Z</time>
      </trkpt>
      <trkpt lat="46.372810816392303" lon="11.757732611149549">
        <ele>1811</ele>
        <time>2026-06-24T14:06:35Z</time>
      </trkpt>
      <trkpt lat="46.372877201065421" lon="11.757967555895448">
        <ele>1811.199951171875</ele>
        <time>2026-06-24T14:06:32Z</time>
      </trkpt>
      <trkpt lat="46.372931264340878" lon="11.758089931681752">
        <ele>1811.4000244140625</ele>
        <time>2026-06-24T14:06:30Z</time>
      </trkpt>
      <trkpt lat="46.372967641800642" lon="11.758145168423653">
        <ele>1811.5999755859375</ele>
        <time>2026-06-24T14:06:29Z</time>
      </trkpt>
      <trkpt lat="46.373003097251058" lon="11.758205434307456">
        <ele>1811.800048828125</ele>
        <time>2026-06-24T14:06:28Z</time>
      </trkpt>
      <trkpt lat="46.373037379235029" lon="11.758273746818304">
        <ele>1812</ele>
        <time>2026-06-24T14:06:27Z</time>
      </trkpt>
      <trkpt lat="46.373069481924176" lon="11.758348513394594">
        <ele>1812.199951171875</ele>
        <time>2026-06-24T14:06:26Z</time>
      </trkpt>
      <trkpt lat="46.373207783326507" lon="11.758675826713443">
        <ele>1813.5999755859375</ele>
        <time>2026-06-24T14:06:22Z</time>
      </trkpt>
      <trkpt lat="46.373401992022991" lon="11.759281419217587">
        <ele>1813.800048828125</ele>
        <time>2026-06-24T14:06:14Z</time>
      </trkpt>
      <trkpt lat="46.373419007286429" lon="11.759325005114079">
        <ele>1813.800048828125</ele>
        <time>2026-06-24T14:06:13Z</time>
      </trkpt>
      <trkpt lat="46.373437363654375" lon="11.759374625980854">
        <ele>1813.800048828125</ele>
        <time>2026-06-24T14:06:12Z</time>
      </trkpt>
      <trkpt lat="46.373457899317145" lon="11.759426090866327">
        <ele>1813.800048828125</ele>
        <time>2026-06-24T14:06:11Z</time>
      </trkpt>
      <trkpt lat="46.373476507142186" lon="11.759482501074672">
        <ele>1814.199951171875</ele>
        <time>2026-06-24T14:06:10Z</time>
      </trkpt>
      <trkpt lat="46.373541885986924" lon="11.759821381419897">
        <ele>1815</ele>
        <time>2026-06-24T14:06:05Z</time>
      </trkpt>
      <trkpt lat="46.373573653399944" lon="11.759960269555449">
        <ele>1815.4000244140625</ele>
        <time>2026-06-24T14:06:03Z</time>
      </trkpt>
      <trkpt lat="46.37363207526505" lon="11.760102258995175">
        <ele>1815.4000244140625</ele>
        <time>2026-06-24T14:06:01Z</time>
      </trkpt>
      <trkpt lat="46.373713295906782" lon="11.760355224832892">
        <ele>1815.5999755859375</ele>
        <time>2026-06-24T14:05:58Z</time>
      </trkpt>
      <trkpt lat="46.373730897903442" lon="11.76043376326561">
        <ele>1815.5999755859375</ele>
        <time>2026-06-24T14:05:57Z</time>
      </trkpt>
      <trkpt lat="46.373745985329151" lon="11.760502494871616">
        <ele>1815.5999755859375</ele>
        <time>2026-06-24T14:05:56Z</time>
      </trkpt>
      <trkpt lat="46.373858219012618" lon="11.760977748781443">
        <ele>1816.199951171875</ele>
        <time>2026-06-24T14:05:48Z</time>
      </trkpt>
      <trkpt lat="46.373986629769206" lon="11.761337500065565">
        <ele>1816.800048828125</ele>
        <time>2026-06-24T14:05:43Z</time>
      </trkpt>
      <trkpt lat="46.374015128239989" lon="11.761401453986764">
        <ele>1816.800048828125</ele>
        <time>2026-06-24T14:05:42Z</time>
      </trkpt>
      <trkpt lat="46.37407866306603" lon="11.761548724025488">
        <ele>1817</ele>
        <time>2026-06-24T14:05:40Z</time>
      </trkpt>
      <trkpt lat="46.374130295589566" lon="11.761721055954695">
        <ele>1817.4000244140625</ele>
        <time>2026-06-24T14:05:38Z</time>
      </trkpt>
      <trkpt lat="46.374152088537812" lon="11.761817447841167">
        <ele>1817.4000244140625</ele>
        <time>2026-06-24T14:05:37Z</time>
      </trkpt>
      <trkpt lat="46.374183101579547" lon="11.762067899107933">
        <ele>1817.4000244140625</ele>
        <time>2026-06-24T14:05:34Z</time>
      </trkpt>
      <trkpt lat="46.374189890921116" lon="11.762133948504925">
        <ele>1817.4000244140625</ele>
        <time>2026-06-24T14:05:33Z</time>
      </trkpt>
      <trkpt lat="46.374256862327456" lon="11.762396553531289">
        <ele>1817.5999755859375</ele>
        <time>2026-06-24T14:05:29Z</time>
      </trkpt>
      <trkpt lat="46.374277397990227" lon="11.762482719495893">
        <ele>1817.5999755859375</ele>
        <time>2026-06-24T14:05:28Z</time>
      </trkpt>
      <trkpt lat="46.374293239787221" lon="11.762569639831781">
        <ele>1817.5999755859375</ele>
        <time>2026-06-24T14:05:27Z</time>
      </trkpt>
      <trkpt lat="46.374303130432963" lon="11.762652704492211">
        <ele>1817.5999755859375</ele>
        <time>2026-06-24T14:05:26Z</time>
      </trkpt>
      <trkpt lat="46.374307572841644" lon="11.762727722525597">
        <ele>1817.5999755859375</ele>
        <time>2026-06-24T14:05:25Z</time>
      </trkpt>
      <trkpt lat="46.374316206201911" lon="11.762787820771337">
        <ele>1817.5999755859375</ele>
        <time>2026-06-24T14:05:24Z</time>
      </trkpt>
      <trkpt lat="46.374326599761844" lon="11.762844733893871">
        <ele>1817.5999755859375</ele>
        <time>2026-06-24T14:05:23Z</time>
      </trkpt>
      <trkpt lat="46.374337496235967" lon="11.762903071939945">
        <ele>1817.5999755859375</ele>
        <time>2026-06-24T14:05:22Z</time>
      </trkpt>
      <trkpt lat="46.374498847872019" lon="11.763549819588661">
        <ele>1818.5999755859375</ele>
        <time>2026-06-24T14:05:13Z</time>
      </trkpt>
      <trkpt lat="46.374546121805906" lon="11.763896662741899">
        <ele>1818.800048828125</ele>
        <time>2026-06-24T14:05:09Z</time>
      </trkpt>
      <trkpt lat="46.374555258080363" lon="11.764898551627994">
        <ele>1820.5999755859375</ele>
        <time>2026-06-24T14:04:59Z</time>
      </trkpt>
      <trkpt lat="46.374539583921432" lon="11.76566306501627">
        <ele>1821.5999755859375</ele>
        <time>2026-06-24T14:04:51Z</time>
      </trkpt>
      <trkpt lat="46.37454142794013" lon="11.765752583742142">
        <ele>1821.800048828125</ele>
        <time>2026-06-24T14:04:50Z</time>
      </trkpt>
      <trkpt lat="46.374542098492384" lon="11.765845036134124">
        <ele>1822.199951171875</ele>
        <time>2026-06-24T14:04:49Z</time>
      </trkpt>
      <trkpt lat="46.374535141512752" lon="11.765941176563501">
        <ele>1822.4000244140625</ele>
        <time>2026-06-24T14:04:48Z</time>
      </trkpt>
      <trkpt lat="46.37451552785933" lon="11.766033712774515">
        <ele>1822.4000244140625</ele>
        <time>2026-06-24T14:04:47Z</time>
      </trkpt>
      <trkpt lat="46.374491052702069" lon="11.766120800748467">
        <ele>1822.4000244140625</ele>
        <time>2026-06-24T14:04:46Z</time>
      </trkpt>
      <trkpt lat="46.374468421563506" lon="11.766209229826927">
        <ele>1822.4000244140625</ele>
        <time>2026-06-24T14:04:45Z</time>
      </trkpt>
      <trkpt lat="46.374442186206579" lon="11.766536878421903">
        <ele>1822.4000244140625</ele>
        <time>2026-06-24T14:04:41Z</time>
      </trkpt>
      <trkpt lat="46.374257113784552" lon="11.767531475052238">
        <ele>1821.4000244140625</ele>
        <time>2026-06-24T14:04:24Z</time>
      </trkpt>
      <trkpt lat="46.373973554000258" lon="11.768543841317296">
        <ele>1823</ele>
        <time>2026-06-24T14:04:12Z</time>
      </trkpt>
      <trkpt lat="46.373712122440338" lon="11.769628711044788">
        <ele>1824.199951171875</ele>
        <time>2026-06-24T14:04:01Z</time>
      </trkpt>
      <trkpt lat="46.373691502958536" lon="11.769697526469827">
        <ele>1824.199951171875</ele>
        <time>2026-06-24T14:04:00Z</time>
      </trkpt>
      <trkpt lat="46.373674320057034" lon="11.769760306924582">
        <ele>1824</ele>
        <time>2026-06-24T14:03:59Z</time>
      </trkpt>
      <trkpt lat="46.37366333976388" lon="11.76981839351356">
        <ele>1824</ele>
        <time>2026-06-24T14:03:58Z</time>
      </trkpt>
      <trkpt lat="46.373659400269389" lon="11.769879162311554">
        <ele>1824</ele>
        <time>2026-06-24T14:03:57Z</time>
      </trkpt>
      <trkpt lat="46.373663926497102" lon="11.769938338547945">
        <ele>1823.800048828125</ele>
        <time>2026-06-24T14:03:56Z</time>
      </trkpt>
      <trkpt lat="46.373673817142844" lon="11.769999274984002">
        <ele>1823.800048828125</ele>
        <time>2026-06-24T14:03:55Z</time>
      </trkpt>
      <trkpt lat="46.373802395537496" lon="11.770450808107853">
        <ele>1823.199951171875</ele>
        <time>2026-06-24T14:03:47Z</time>
      </trkpt>
      <trkpt lat="46.373811280354857" lon="11.770516270771623">
        <ele>1823</ele>
        <time>2026-06-24T14:03:46Z</time>
      </trkpt>
      <trkpt lat="46.373963998630643" lon="11.771520925685763">
        <ele>1822.4000244140625</ele>
        <time>2026-06-24T14:03:30Z</time>
      </trkpt>
      <trkpt lat="46.373967519029975" lon="11.772217797115445">
        <ele>1824</ele>
        <time>2026-06-24T14:03:21Z</time>
      </trkpt>
      <trkpt lat="46.373968692496419" lon="11.772299269214272">
        <ele>1824.199951171875</ele>
        <time>2026-06-24T14:03:20Z</time>
      </trkpt>
      <trkpt lat="46.373968021944165" lon="11.772918188944459">
        <ele>1824.4000244140625</ele>
        <time>2026-06-24T14:03:09Z</time>
      </trkpt>
      <trkpt lat="46.373979253694415" lon="11.77296076901257">
        <ele>1824.4000244140625</ele>
        <time>2026-06-24T14:03:08Z</time>
      </trkpt>
      <trkpt lat="46.373992413282394" lon="11.773000750690699">
        <ele>1824.5999755859375</ele>
        <time>2026-06-24T14:03:07Z</time>
      </trkpt>
      <trkpt lat="46.374008171260357" lon="11.773043079301715">
        <ele>1825</ele>
        <time>2026-06-24T14:03:06Z</time>
      </trkpt>
      <trkpt lat="46.374029964208603" lon="11.773087671026587">
        <ele>1825.4000244140625</ele>
        <time>2026-06-24T14:03:05Z</time>
      </trkpt>
      <trkpt lat="46.374051421880722" lon="11.773143326863647">
        <ele>1825.5999755859375</ele>
        <time>2026-06-24T14:03:04Z</time>
      </trkpt>
      <trkpt lat="46.374069023877382" lon="11.773207951337099">
        <ele>1826</ele>
        <time>2026-06-24T14:03:03Z</time>
      </trkpt>
      <trkpt lat="46.374158877879381" lon="11.773656383156776">
        <ele>1827.199951171875</ele>
        <time>2026-06-24T14:02:57Z</time>
      </trkpt>
      <trkpt lat="46.374178072437644" lon="11.773713212460279">
        <ele>1827.4000244140625</ele>
        <time>2026-06-24T14:02:56Z</time>
      </trkpt>
      <trkpt lat="46.374201122671366" lon="11.773771801963449">
        <ele>1827.4000244140625</ele>
        <time>2026-06-24T14:02:55Z</time>
      </trkpt>
      <trkpt lat="46.374259795993567" lon="11.773891160264611">
        <ele>1827.4000244140625</ele>
        <time>2026-06-24T14:02:53Z</time>
      </trkpt>
      <trkpt lat="46.374556766822934" lon="11.774223502725363">
        <ele>1826</ele>
        <time>2026-06-24T14:02:43Z</time>
      </trkpt>
      <trkpt lat="46.37505498714745" lon="11.774588786065578">
        <ele>1826.5999755859375</ele>
        <time>2026-06-24T14:02:28Z</time>
      </trkpt>
      <trkpt lat="46.375162526965141" lon="11.774660367518663">
        <ele>1825.4000244140625</ele>
        <time>2026-06-24T14:00:50Z</time>
      </trkpt>
      <trkpt lat="46.375173088163137" lon="11.774756340309978">
        <ele>1825.4000244140625</ele>
        <time>2026-06-24T14:00:48Z</time>
      </trkpt>
      <trkpt lat="46.375166047364473" lon="11.775006037205458">
        <ele>1825.4000244140625</ele>
        <time>2026-06-24T14:00:44Z</time>
      </trkpt>
      <trkpt lat="46.375134866684675" lon="11.775109134614468">
        <ele>1825.4000244140625</ele>
        <time>2026-06-24T14:00:42Z</time>
      </trkpt>
      <trkpt lat="46.37513461522758" lon="11.77534282207489">
        <ele>1825.5999755859375</ele>
        <time>2026-06-24T14:00:37Z</time>
      </trkpt>
      <trkpt lat="46.375152468681335" lon="11.775380205363035">
        <ele>1825.5999755859375</ele>
        <time>2026-06-24T14:00:36Z</time>
      </trkpt>
      <trkpt lat="46.375177949666977" lon="11.775412391871214">
        <ele>1825.5999755859375</ele>
        <time>2026-06-24T14:00:35Z</time>
      </trkpt>
      <trkpt lat="46.375211728736758" lon="11.77543418481946">
        <ele>1825.800048828125</ele>
        <time>2026-06-24T14:00:34Z</time>
      </trkpt>
      <trkpt lat="46.375253135338426" lon="11.775450697168708">
        <ele>1825.800048828125</ele>
        <time>2026-06-24T14:00:33Z</time>
      </trkpt>
      <trkpt lat="46.375294793397188" lon="11.775461677461863">
        <ele>1826</ele>
        <time>2026-06-24T14:00:32Z</time>
      </trkpt>
      <trkpt lat="46.375337541103363" lon="11.775473831221461">
        <ele>1826.199951171875</ele>
        <time>2026-06-24T14:00:31Z</time>
      </trkpt>
      <trkpt lat="46.375380204990506" lon="11.775489337742329">
        <ele>1826.199951171875</ele>
        <time>2026-06-24T14:00:30Z</time>
      </trkpt>
      <trkpt lat="46.375419767573476" lon="11.775507526472211">
        <ele>1826.199951171875</ele>
        <time>2026-06-24T14:00:29Z</time>
      </trkpt>
      <trkpt lat="46.37545513920486" lon="11.775524206459522">
        <ele>1826.199951171875</ele>
        <time>2026-06-24T14:00:28Z</time>
      </trkpt>
      <trkpt lat="46.375486655160785" lon="11.775536024942994">
        <ele>1826.199951171875</ele>
        <time>2026-06-24T14:00:27Z</time>
      </trkpt>
      <trkpt lat="46.375508531928062" lon="11.775545496493578">
        <ele>1826.4000244140625</ele>
        <time>2026-06-24T14:00:26Z</time>
      </trkpt>
      <trkpt lat="46.375587992370129" lon="11.775566367432475">
        <ele>1826.5999755859375</ele>
        <time>2026-06-24T14:00:18Z</time>
      </trkpt>
      <trkpt lat="46.3756413012743" lon="11.775587992742658">
        <ele>1827.199951171875</ele>
        <time>2026-06-24T14:00:13Z</time>
      </trkpt>
      <trkpt lat="46.375709781423211" lon="11.775601990520954">
        <ele>1827.5999755859375</ele>
        <time>2026-06-24T14:00:07Z</time>
      </trkpt>
      <trkpt lat="46.37575713917613" lon="11.775633338838816">
        <ele>1828</ele>
        <time>2026-06-24T14:00:02Z</time>
      </trkpt>
      <trkpt lat="46.375863756984472" lon="11.775597045198083">
        <ele>1829</ele>
        <time>2026-06-24T13:59:53Z</time>
      </trkpt>
      <trkpt lat="46.376118985936046" lon="11.775440135970712">
        <ele>1830</ele>
        <time>2026-06-24T13:59:43Z</time>
      </trkpt>
      <trkpt lat="46.376372873783112" lon="11.775575336068869">
        <ele>1831.800048828125</ele>
        <time>2026-06-24T13:59:33Z</time>
      </trkpt>
      <trkpt lat="46.376405730843544" lon="11.77560668438673">
        <ele>1832</ele>
        <time>2026-06-24T13:59:32Z</time>
      </trkpt>
      <trkpt lat="46.376447137445211" lon="11.775644067674875">
        <ele>1832.4000244140625</ele>
        <time>2026-06-24T13:59:31Z</time>
      </trkpt>
      <trkpt lat="46.376495836302638" lon="11.775671225041151">
        <ele>1832.5999755859375</ele>
        <time>2026-06-24T13:59:30Z</time>
      </trkpt>
      <trkpt lat="46.376546043902636" lon="11.775680864229798">
        <ele>1833</ele>
        <time>2026-06-24T13:59:29Z</time>
      </trkpt>
      <trkpt lat="46.376593820750713" lon="11.775669800117612">
        <ele>1833.4000244140625</ele>
        <time>2026-06-24T13:59:28Z</time>
      </trkpt>
      <trkpt lat="46.376642771065235" lon="11.77564138546586">
        <ele>1833.5999755859375</ele>
        <time>2026-06-24T13:59:27Z</time>
      </trkpt>
      <trkpt lat="46.376770595088601" lon="11.775535186752677">
        <ele>1834.800048828125</ele>
        <time>2026-06-24T13:59:24Z</time>
      </trkpt>
      <trkpt lat="46.37680915184319" lon="11.775495791807771">
        <ele>1835.199951171875</ele>
        <time>2026-06-24T13:59:23Z</time>
      </trkpt>
      <trkpt lat="46.376847876235843" lon="11.775449188426137">
        <ele>1835.4000244140625</ele>
        <time>2026-06-24T13:59:22Z</time>
      </trkpt>
      <trkpt lat="46.376876626163721" lon="11.775406189262867">
        <ele>1835.800048828125</ele>
        <time>2026-06-24T13:59:21Z</time>
      </trkpt>
      <trkpt lat="46.376898754388094" lon="11.775374505668879">
        <ele>1836.199951171875</ele>
        <time>2026-06-24T13:59:20Z</time>
      </trkpt>
      <trkpt lat="46.37691518291831" lon="11.775355897843838">
        <ele>1836.199951171875</ele>
        <time>2026-06-24T13:59:19Z</time>
      </trkpt>
      <trkpt lat="46.376932449638844" lon="11.775345336645842">
        <ele>1836.4000244140625</ele>
        <time>2026-06-24T13:59:18Z</time>
      </trkpt>
      <trkpt lat="46.376947872340679" lon="11.775340139865875">
        <ele>1836.5999755859375</ele>
        <time>2026-06-24T13:59:17Z</time>
      </trkpt>
      <trkpt lat="46.376964971423149" lon="11.775338044390082">
        <ele>1836.800048828125</ele>
        <time>2026-06-24T13:59:16Z</time>
      </trkpt>
      <trkpt lat="46.377038480713964" lon="11.775396382436156">
        <ele>1837.4000244140625</ele>
        <time>2026-06-24T13:59:12Z</time>
      </trkpt>
      <trkpt lat="46.377068152651191" lon="11.775451535359025">
        <ele>1837.800048828125</ele>
        <time>2026-06-24T13:59:08Z</time>
      </trkpt>
      <trkpt lat="46.377079049125314" lon="11.775459665805101">
        <ele>1838.4000244140625</ele>
        <time>2026-06-24T13:59:04Z</time>
      </trkpt>
      <trkpt lat="46.377089777961373" lon="11.77548648789525">
        <ele>1838.5999755859375</ele>
        <time>2026-06-24T13:59:03Z</time>
      </trkpt>
      <trkpt lat="46.377102769911289" lon="11.775525212287903">
        <ele>1838.5999755859375</ele>
        <time>2026-06-24T13:59:02Z</time>
      </trkpt>
      <trkpt lat="46.377117857336998" lon="11.775571228936315">
        <ele>1838.800048828125</ele>
        <time>2026-06-24T13:59:01Z</time>
      </trkpt>
      <trkpt lat="46.377134788781404" lon="11.775623951107264">
        <ele>1839</ele>
        <time>2026-06-24T13:59:00Z</time>
      </trkpt>
      <trkpt lat="46.37715901248157" lon="11.775679942220449">
        <ele>1839.5999755859375</ele>
        <time>2026-06-24T13:58:59Z</time>
      </trkpt>
      <trkpt lat="46.377233443781734" lon="11.77579628303647">
        <ele>1840</ele>
        <time>2026-06-24T13:58:57Z</time>
      </trkpt>
      <trkpt lat="46.37737350538373" lon="11.776003399863839">
        <ele>1841.199951171875</ele>
        <time>2026-06-24T13:58:54Z</time>
      </trkpt>
      <trkpt lat="46.377477021887898" lon="11.776141365990043">
        <ele>1842.199951171875</ele>
        <time>2026-06-24T13:58:52Z</time>
      </trkpt>
      <trkpt lat="46.377531252801418" lon="11.776213450357318">
        <ele>1842.5999755859375</ele>
        <time>2026-06-24T13:58:51Z</time>
      </trkpt>
      <trkpt lat="46.377584813162684" lon="11.776289725676179">
        <ele>1843</ele>
        <time>2026-06-24T13:58:50Z</time>
      </trkpt>
      <trkpt lat="46.377626219764352" lon="11.77637530490756">
        <ele>1843.199951171875</ele>
        <time>2026-06-24T13:58:49Z</time>
      </trkpt>
      <trkpt lat="46.377649772912264" lon="11.776470355689526">
        <ele>1843.5999755859375</ele>
        <time>2026-06-24T13:58:48Z</time>
      </trkpt>
      <trkpt lat="46.377651616930962" lon="11.776571944355965">
        <ele>1844</ele>
        <time>2026-06-24T13:58:47Z</time>
      </trkpt>
      <trkpt lat="46.377644408494234" lon="11.776679651811719">
        <ele>1844.199951171875</ele>
        <time>2026-06-24T13:58:46Z</time>
      </trkpt>
      <trkpt lat="46.377638457342982" lon="11.776787359267473">
        <ele>1844.5999755859375</ele>
        <time>2026-06-24T13:58:45Z</time>
      </trkpt>
      <trkpt lat="46.377644324675202" lon="11.776885511353612">
        <ele>1844.5999755859375</ele>
        <time>2026-06-24T13:58:44Z</time>
      </trkpt>
      <trkpt lat="46.377659998834133" lon="11.776975197717547">
        <ele>1845.199951171875</ele>
        <time>2026-06-24T13:58:43Z</time>
      </trkpt>
      <trkpt lat="46.377675672993064" lon="11.777061698958278">
        <ele>1845.5999755859375</ele>
        <time>2026-06-24T13:58:42Z</time>
      </trkpt>
      <trkpt lat="46.37768086977303" lon="11.777149708941579">
        <ele>1845.800048828125</ele>
        <time>2026-06-24T13:58:41Z</time>
      </trkpt>
      <trkpt lat="46.377606438472867" lon="11.777583891525865">
        <ele>1847.199951171875</ele>
        <time>2026-06-24T13:58:36Z</time>
      </trkpt>
      <trkpt lat="46.377592692151666" lon="11.777666453272104">
        <ele>1847.4000244140625</ele>
        <time>2026-06-24T13:58:35Z</time>
      </trkpt>
      <trkpt lat="46.377581292763352" lon="11.777748176828027">
        <ele>1847.800048828125</ele>
        <time>2026-06-24T13:58:34Z</time>
      </trkpt>
      <trkpt lat="46.37757676653564" lon="11.777830235660076">
        <ele>1848</ele>
        <time>2026-06-24T13:58:33Z</time>
      </trkpt>
      <trkpt lat="46.37757970020175" lon="11.777912881225348">
        <ele>1848.5999755859375</ele>
        <time>2026-06-24T13:58:32Z</time>
      </trkpt>
      <trkpt lat="46.377588752657175" lon="11.777993766590953">
        <ele>1848.800048828125</ele>
        <time>2026-06-24T13:58:31Z</time>
      </trkpt>
      <trkpt lat="46.377595961093903" lon="11.778077082708478">
        <ele>1849.199951171875</ele>
        <time>2026-06-24T13:58:30Z</time>
      </trkpt>
      <trkpt lat="46.377594284713268" lon="11.778162494301796">
        <ele>1849.5999755859375</ele>
        <time>2026-06-24T13:58:29Z</time>
      </trkpt>
      <trkpt lat="46.377584226429462" lon="11.77824622951448">
        <ele>1849.800048828125</ele>
        <time>2026-06-24T13:58:28Z</time>
      </trkpt>
      <trkpt lat="46.377566792070866" lon="11.778325941413641">
        <ele>1850.199951171875</ele>
        <time>2026-06-24T13:58:27Z</time>
      </trkpt>
      <trkpt lat="46.377542987465858" lon="11.778400540351868">
        <ele>1850.4000244140625</ele>
        <time>2026-06-24T13:58:26Z</time>
      </trkpt>
      <trkpt lat="46.377518177032471" lon="11.778472289443016">
        <ele>1850.800048828125</ele>
        <time>2026-06-24T13:58:25Z</time>
      </trkpt>
      <trkpt lat="46.377498982474208" lon="11.778543619439006">
        <ele>1851.199951171875</ele>
        <time>2026-06-24T13:58:24Z</time>
      </trkpt>
      <trkpt lat="46.377488588914275" lon="11.778615200892091">
        <ele>1851.5999755859375</ele>
        <time>2026-06-24T13:58:23Z</time>
      </trkpt>
      <trkpt lat="46.377483643591404" lon="11.778764231130481">
        <ele>1852</ele>
        <time>2026-06-24T13:58:21Z</time>
      </trkpt>
      <trkpt lat="46.377457743510604" lon="11.778974952176213">
        <ele>1852.800048828125</ele>
        <time>2026-06-24T13:58:18Z</time>
      </trkpt>
      <trkpt lat="46.377449613064528" lon="11.779034715145826">
        <ele>1853.199951171875</ele>
        <time>2026-06-24T13:58:17Z</time>
      </trkpt>
      <trkpt lat="46.377445170655847" lon="11.779089700430632">
        <ele>1853.4000244140625</ele>
        <time>2026-06-24T13:58:16Z</time>
      </trkpt>
      <trkpt lat="46.377496216446161" lon="11.779621699824929">
        <ele>1856.199951171875</ele>
        <time>2026-06-24T13:58:08Z</time>
      </trkpt>
      <trkpt lat="46.377509040758014" lon="11.779726725071669">
        <ele>1856.5999755859375</ele>
        <time>2026-06-24T13:58:07Z</time>
      </trkpt>
      <trkpt lat="46.377549357712269" lon="11.779920598492026">
        <ele>1857.199951171875</ele>
        <time>2026-06-24T13:58:05Z</time>
      </trkpt>
      <trkpt lat="46.377574084326625" lon="11.780010284855962">
        <ele>1857.4000244140625</ele>
        <time>2026-06-24T13:58:04Z</time>
      </trkpt>
      <trkpt lat="46.377596128731966" lon="11.780097037553787">
        <ele>1858.199951171875</ele>
        <time>2026-06-24T13:58:03Z</time>
      </trkpt>
      <trkpt lat="46.377610880881548" lon="11.78018462844193">
        <ele>1858.5999755859375</ele>
        <time>2026-06-24T13:58:02Z</time>
      </trkpt>
      <trkpt lat="46.377624794840813" lon="11.780272638425231">
        <ele>1858.800048828125</ele>
        <time>2026-06-24T13:58:01Z</time>
      </trkpt>
      <trkpt lat="46.377650275826454" lon="11.780357295647264">
        <ele>1859</ele>
        <time>2026-06-24T13:58:00Z</time>
      </trkpt>
      <trkpt lat="46.377687407657504" lon="11.780441785231233">
        <ele>1859.4000244140625</ele>
        <time>2026-06-24T13:57:59Z</time>
      </trkpt>
      <trkpt lat="46.377854291349649" lon="11.780959451571107">
        <ele>1861.5999755859375</ele>
        <time>2026-06-24T13:57:53Z</time>
      </trkpt>
      <trkpt lat="46.377928471192718" lon="11.781452056020498">
        <ele>1864.4000244140625</ele>
        <time>2026-06-24T13:57:48Z</time>
      </trkpt>
      <trkpt lat="46.377936769276857" lon="11.781553560867906">
        <ele>1865</ele>
        <time>2026-06-24T13:57:47Z</time>
      </trkpt>
      <trkpt lat="46.377952108159661" lon="11.781653892248869">
        <ele>1865.4000244140625</ele>
        <time>2026-06-24T13:57:46Z</time>
      </trkpt>
      <trkpt lat="46.37803265824914" lon="11.781918173655868">
        <ele>1866.5999755859375</ele>
        <time>2026-06-24T13:57:43Z</time>
      </trkpt>
      <trkpt lat="46.378058893606067" lon="11.78199746645987">
        <ele>1867</ele>
        <time>2026-06-24T13:57:42Z</time>
      </trkpt>
      <trkpt lat="46.378085380420089" lon="11.782071478664875">
        <ele>1867.4000244140625</ele>
        <time>2026-06-24T13:57:41Z</time>
      </trkpt>
      <trkpt lat="46.378115974366665" lon="11.782134594395757">
        <ele>1867.800048828125</ele>
        <time>2026-06-24T13:57:40Z</time>
      </trkpt>
      <trkpt lat="46.378153776749969" lon="11.782178431749344">
        <ele>1868.199951171875</ele>
        <time>2026-06-24T13:57:39Z</time>
      </trkpt>
      <trkpt lat="46.37824522331357" lon="11.782223023474216">
        <ele>1869</ele>
        <time>2026-06-24T13:57:37Z</time>
      </trkpt>
      <trkpt lat="46.378293000161648" lon="11.782237691804767">
        <ele>1869.199951171875</ele>
        <time>2026-06-24T13:57:36Z</time>
      </trkpt>
      <trkpt lat="46.378338430076838" lon="11.78224372677505">
        <ele>1869.4000244140625</ele>
        <time>2026-06-24T13:57:35Z</time>
      </trkpt>
      <trkpt lat="46.378381680697203" lon="11.782244481146336">
        <ele>1869.5999755859375</ele>
        <time>2026-06-24T13:57:34Z</time>
      </trkpt>
      <trkpt lat="46.378424176946282" lon="11.782240541651845">
        <ele>1869.800048828125</ele>
        <time>2026-06-24T13:57:33Z</time>
      </trkpt>
      <trkpt lat="46.378462482243776" lon="11.78222956135869">
        <ele>1869.800048828125</ele>
        <time>2026-06-24T13:57:32Z</time>
      </trkpt>
      <trkpt lat="46.378493662923574" lon="11.782209360972047">
        <ele>1870</ele>
        <time>2026-06-24T13:57:31Z</time>
      </trkpt>
      <trkpt lat="46.378513528034091" lon="11.78218555636704">
        <ele>1870</ele>
        <time>2026-06-24T13:57:30Z</time>
      </trkpt>
      <trkpt lat="46.378528028726578" lon="11.782160494476557">
        <ele>1870.199951171875</ele>
        <time>2026-06-24T13:57:29Z</time>
      </trkpt>
      <trkpt lat="46.378544541075826" lon="11.782140880823135">
        <ele>1870.4000244140625</ele>
        <time>2026-06-24T13:57:28Z</time>
      </trkpt>
      <trkpt lat="46.378562645986676" lon="11.782143479213119">
        <ele>1870.5999755859375</ele>
        <time>2026-06-24T13:57:27Z</time>
      </trkpt>
      <trkpt lat="46.378586618229747" lon="11.782305166125298">
        <ele>1871.5999755859375</ele>
        <time>2026-06-24T13:57:24Z</time>
      </trkpt>
      <trkpt lat="46.37877780944109" lon="11.783932177349925">
        <ele>1873.5999755859375</ele>
        <time>2026-06-24T13:57:09Z</time>
      </trkpt>
      <trkpt lat="46.378953913226724" lon="11.785519793629646">
        <ele>1875.199951171875</ele>
        <time>2026-06-24T13:56:54Z</time>
      </trkpt>
      <trkpt lat="46.378961037844419" lon="11.785614592954516">
        <ele>1875.4000244140625</ele>
        <time>2026-06-24T13:56:53Z</time>
      </trkpt>
      <trkpt lat="46.378964558243752" lon="11.785707464441657">
        <ele>1875.4000244140625</ele>
        <time>2026-06-24T13:56:52Z</time>
      </trkpt>
      <trkpt lat="46.378961708396673" lon="11.785797905176878">
        <ele>1875.5999755859375</ele>
        <time>2026-06-24T13:56:51Z</time>
      </trkpt>
      <trkpt lat="46.37895030900836" lon="11.785885663703084">
        <ele>1875.5999755859375</ele>
        <time>2026-06-24T13:56:50Z</time>
      </trkpt>
      <trkpt lat="46.378930443897843" lon="11.785970069468021">
        <ele>1875.800048828125</ele>
        <time>2026-06-24T13:56:49Z</time>
      </trkpt>
      <trkpt lat="46.378486035391688" lon="11.786908591166139">
        <ele>1876.5999755859375</ele>
        <time>2026-06-24T13:56:35Z</time>
      </trkpt>
      <trkpt lat="46.378461895510554" lon="11.786964917555451">
        <ele>1876.5999755859375</ele>
        <time>2026-06-24T13:56:34Z</time>
      </trkpt>
      <trkpt lat="46.378436833620071" lon="11.787016382440925">
        <ele>1876.5999755859375</ele>
        <time>2026-06-24T13:56:33Z</time>
      </trkpt>
      <trkpt lat="46.378410095348954" lon="11.7870625667274">
        <ele>1876.5999755859375</ele>
        <time>2026-06-24T13:56:32Z</time>
      </trkpt>
      <trkpt lat="46.378381513059139" lon="11.787103051319718">
        <ele>1876.5999755859375</ele>
        <time>2026-06-24T13:56:31Z</time>
      </trkpt>
      <trkpt lat="46.378260143101215" lon="11.78745592944324">
        <ele>1881.5999755859375</ele>
        <time>2026-06-24T13:44:19Z</time>
      </trkpt>
      <trkpt lat="46.378234913572669" lon="11.787645863369107">
        <ele>1881.800048828125</ele>
        <time>2026-06-24T13:44:18Z</time>
      </trkpt>
      <trkpt lat="46.378228543326259" lon="11.787725826725364">
        <ele>1882</ele>
        <time>2026-06-24T13:44:17Z</time>
      </trkpt>
      <trkpt lat="46.378124859184027" lon="11.788188088685274">
        <ele>1883</ele>
        <time>2026-06-24T13:44:12Z</time>
      </trkpt>
      <trkpt lat="46.378103904426098" lon="11.788306189700961">
        <ele>1883.4000244140625</ele>
        <time>2026-06-24T13:44:11Z</time>
      </trkpt>
      <trkpt lat="46.378087643533945" lon="11.788429822772741">
        <ele>1883.5999755859375</ele>
        <time>2026-06-24T13:44:10Z</time>
      </trkpt>
      <trkpt lat="46.378078171983361" lon="11.788554042577744">
        <ele>1884</ele>
        <time>2026-06-24T13:44:09Z</time>
      </trkpt>
      <trkpt lat="46.378076579421759" lon="11.788679184392095">
        <ele>1884.4000244140625</ele>
        <time>2026-06-24T13:44:08Z</time>
      </trkpt>
      <trkpt lat="46.378227872774005" lon="11.789823062717915">
        <ele>1884</ele>
        <time>2026-06-24T13:43:58Z</time>
      </trkpt>
      <trkpt lat="46.378394588828087" lon="11.791007509455085">
        <ele>1882</ele>
        <time>2026-06-24T13:43:43Z</time>
      </trkpt>
      <trkpt lat="46.37838645838201" lon="11.792004788294435">
        <ele>1880.5999755859375</ele>
        <time>2026-06-24T13:43:26Z</time>
      </trkpt>
      <trkpt lat="46.378320911899209" lon="11.792830657213926">
        <ele>1881.4000244140625</ele>
        <time>2026-06-24T13:43:08Z</time>
      </trkpt>
      <trkpt lat="46.378315296024084" lon="11.792870722711086">
        <ele>1881.5999755859375</ele>
        <time>2026-06-24T13:43:07Z</time>
      </trkpt>
      <trkpt lat="46.378312529996037" lon="11.792909195646644">
        <ele>1881.800048828125</ele>
        <time>2026-06-24T13:43:06Z</time>
      </trkpt>
      <trkpt lat="46.378313535824418" lon="11.792944315820932">
        <ele>1881.800048828125</ele>
        <time>2026-06-24T13:43:05Z</time>
      </trkpt>
      <trkpt lat="46.378315128386021" lon="11.792974239215255">
        <ele>1882</ele>
        <time>2026-06-24T13:43:04Z</time>
      </trkpt>
      <trkpt lat="46.378313368186355" lon="11.793045150116086">
        <ele>1880.4000244140625</ele>
        <time>2026-06-24T13:42:08Z</time>
      </trkpt>
      <trkpt lat="46.378309009596705" lon="11.793066691607237">
        <ele>1879.199951171875</ele>
        <time>2026-06-24T13:42:03Z</time>
      </trkpt>
      <trkpt lat="46.378352930769324" lon="11.79388141259551">
        <ele>1876.4000244140625</ele>
        <time>2026-06-24T13:41:42Z</time>
      </trkpt>
      <trkpt lat="46.378451837226748" lon="11.794610973447561">
        <ele>1875.4000244140625</ele>
        <time>2026-06-24T13:41:22Z</time>
      </trkpt>
      <trkpt lat="46.378471702337265" lon="11.794951781630516">
        <ele>1875.199951171875</ele>
        <time>2026-06-24T13:41:08Z</time>
      </trkpt>
      <trkpt lat="46.378479497507215" lon="11.795425107702613">
        <ele>1877</ele>
        <time>2026-06-24T13:40:53Z</time>
      </trkpt>
      <trkpt lat="46.378491818904877" lon="11.795509932562709">
        <ele>1876.5999755859375</ele>
        <time>2026-06-24T13:39:52Z</time>
      </trkpt>
      <trkpt lat="46.378493998199701" lon="11.795516721904278">
        <ele>1876.4000244140625</ele>
        <time>2026-06-24T13:39:48Z</time>
      </trkpt>
      <trkpt lat="46.37849391438067" lon="11.795725347474217">
        <ele>1875.5999755859375</ele>
        <time>2026-06-24T13:39:37Z</time>
      </trkpt>
      <trkpt lat="46.378507995977998" lon="11.796408891677856">
        <ele>1872.4000244140625</ele>
        <time>2026-06-24T13:39:19Z</time>
      </trkpt>
      <trkpt lat="46.378480084240437" lon="11.797056812793016">
        <ele>1870.199951171875</ele>
        <time>2026-06-24T13:39:04Z</time>
      </trkpt>
      <trkpt lat="46.378425350412726" lon="11.79761940613389">
        <ele>1867.199951171875</ele>
        <time>2026-06-24T13:38:51Z</time>
      </trkpt>
      <trkpt lat="46.378406742587686" lon="11.797775225713849">
        <ele>1862.800048828125</ele>
        <time>2026-06-24T13:38:47Z</time>
      </trkpt>
      <trkpt lat="46.378434989601374" lon="11.798549797385931">
        <ele>1861.800048828125</ele>
        <time>2026-06-24T13:38:26Z</time>
      </trkpt>
      <trkpt lat="46.378533644601703" lon="11.798993283882737">
        <ele>1858.800048828125</ele>
        <time>2026-06-24T13:38:14Z</time>
      </trkpt>
      <trkpt lat="46.378542445600033" lon="11.799029661342502">
        <ele>1858.4000244140625</ele>
        <time>2026-06-24T13:38:13Z</time>
      </trkpt>
      <trkpt lat="46.378667587414384" lon="11.799523858353496">
        <ele>1855.4000244140625</ele>
        <time>2026-06-24T13:37:59Z</time>
      </trkpt>
      <trkpt lat="46.378779150545597" lon="11.799988215789199">
        <ele>1852.199951171875</ele>
        <time>2026-06-24T13:37:46Z</time>
      </trkpt>
      <trkpt lat="46.378915272653103" lon="11.800518957898021">
        <ele>1849.199951171875</ele>
        <time>2026-06-24T13:37:31Z</time>
      </trkpt>
      <trkpt lat="46.37902457267046" lon="11.800941908732057">
        <ele>1846</ele>
        <time>2026-06-24T13:37:19Z</time>
      </trkpt>
      <trkpt lat="46.379141584038734" lon="11.801437949761748">
        <ele>1843</ele>
        <time>2026-06-24T13:37:05Z</time>
      </trkpt>
      <trkpt lat="46.379173351451755" lon="11.801852099597454">
        <ele>1841</ele>
        <time>2026-06-24T13:36:44Z</time>
      </trkpt>
      <trkpt lat="46.379119455814362" lon="11.801947904750705">
        <ele>1840.800048828125</ele>
        <time>2026-06-24T13:36:43Z</time>
      </trkpt>
      <trkpt lat="46.379047622904181" lon="11.802001800388098">
        <ele>1840.800048828125</ele>
        <time>2026-06-24T13:36:42Z</time>
      </trkpt>
      <trkpt lat="46.378998169675469" lon="11.80207958444953">
        <ele>1840.800048828125</ele>
        <time>2026-06-24T13:36:41Z</time>
      </trkpt>
      <trkpt lat="46.378939831629395" lon="11.802109591662884">
        <ele>1840.800048828125</ele>
        <time>2026-06-24T13:36:40Z</time>
      </trkpt>
      <trkpt lat="46.378593239933252" lon="11.802137168124318">
        <ele>1841.800048828125</ele>
        <time>2026-06-24T13:36:11Z</time>
      </trkpt>
      <trkpt lat="46.378168193623424" lon="11.802098779007792">
        <ele>1844.199951171875</ele>
        <time>2026-06-24T13:35:55Z</time>
      </trkpt>
      <trkpt lat="46.377691179513931" lon="11.802023341879249">
        <ele>1847.4000244140625</ele>
        <time>2026-06-24T13:35:39Z</time>
      </trkpt>
      <trkpt lat="46.377578023821115" lon="11.80206642486155">
        <ele>1847.199951171875</ele>
        <time>2026-06-24T13:35:38Z</time>
      </trkpt>
      <trkpt lat="46.37750250287354" lon="11.802141861990094">
        <ele>1848.800048828125</ele>
        <time>2026-06-24T13:35:28Z</time>
      </trkpt>
      <trkpt lat="46.377391191199422" lon="11.802233224734664">
        <ele>1852</ele>
        <time>2026-06-24T13:35:23Z</time>
      </trkpt>
      <trkpt lat="46.377305528149009" lon="11.80224915035069">
        <ele>1853.4000244140625</ele>
        <time>2026-06-24T13:35:21Z</time>
      </trkpt>
      <trkpt lat="46.377103691920638" lon="11.802315870299935">
        <ele>1856.800048828125</ele>
        <time>2026-06-24T13:35:14Z</time>
      </trkpt>
      <trkpt lat="46.376977376639843" lon="11.802376555278897">
        <ele>1860</ele>
        <time>2026-06-24T13:35:08Z</time>
      </trkpt>
      <trkpt lat="46.376786101609468" lon="11.802522568032146">
        <ele>1863.5999755859375</ele>
        <time>2026-06-24T13:35:03Z</time>
      </trkpt>
      <trkpt lat="46.37672365643084" lon="11.80258434265852">
        <ele>1865.199951171875</ele>
        <time>2026-06-24T13:35:01Z</time>
      </trkpt>
      <trkpt lat="46.376557946205139" lon="11.802791124209762">
        <ele>1868.4000244140625</ele>
        <time>2026-06-24T13:34:57Z</time>
      </trkpt>
      <trkpt lat="46.376423751935363" lon="11.802960941568017">
        <ele>1872</ele>
        <time>2026-06-24T13:34:54Z</time>
      </trkpt>
      <trkpt lat="46.376216718927026" lon="11.803184654563665">
        <ele>1875.800048828125</ele>
        <time>2026-06-24T13:34:50Z</time>
      </trkpt>
      <trkpt lat="46.375889154151082" lon="11.803529569879174">
        <ele>1879.5999755859375</ele>
        <time>2026-06-24T13:34:44Z</time>
      </trkpt>
      <trkpt lat="46.375688910484314" lon="11.803830815479159">
        <ele>1882.199951171875</ele>
        <time>2026-06-24T13:34:39Z</time>
      </trkpt>
      <trkpt lat="46.375647252425551" lon="11.803881525993347">
        <ele>1882.5999755859375</ele>
        <time>2026-06-24T13:34:38Z</time>
      </trkpt>
      <trkpt lat="46.37559930793941" lon="11.803938942030072">
        <ele>1883.4000244140625</ele>
        <time>2026-06-24T13:34:37Z</time>
      </trkpt>
      <trkpt lat="46.375545160844922" lon="11.804022844880819">
        <ele>1884.4000244140625</ele>
        <time>2026-06-24T13:34:36Z</time>
      </trkpt>
      <trkpt lat="46.375486738979816" lon="11.804123679175973">
        <ele>1885.4000244140625</ele>
        <time>2026-06-24T13:34:35Z</time>
      </trkpt>
      <trkpt lat="46.375427478924394" lon="11.804241696372628">
        <ele>1886.199951171875</ele>
        <time>2026-06-24T13:34:34Z</time>
      </trkpt>
      <trkpt lat="46.375219104811549" lon="11.804885426536202">
        <ele>1889.800048828125</ele>
        <time>2026-06-24T13:34:29Z</time>
      </trkpt>
      <trkpt lat="46.375015173107386" lon="11.805541897192597">
        <ele>1893.199951171875</ele>
        <time>2026-06-24T13:34:24Z</time>
      </trkpt>
      <trkpt lat="46.374885002151132" lon="11.805986138060689">
        <ele>1896.199951171875</ele>
        <time>2026-06-24T13:34:20Z</time>
      </trkpt>
      <trkpt lat="46.374725243076682" lon="11.806358294561505">
        <ele>1899.5999755859375</ele>
        <time>2026-06-24T13:34:16Z</time>
      </trkpt>
      <trkpt lat="46.37452969327569" lon="11.806668424978852">
        <ele>1902.5999755859375</ele>
        <time>2026-06-24T13:34:11Z</time>
      </trkpt>
      <trkpt lat="46.374493567273021" lon="11.806715782731771">
        <ele>1903.4000244140625</ele>
        <time>2026-06-24T13:34:10Z</time>
      </trkpt>
      <trkpt lat="46.374402120709419" lon="11.806805217638612">
        <ele>1906.199951171875</ele>
        <time>2026-06-24T13:34:06Z</time>
      </trkpt>
      <trkpt lat="46.374339424073696" lon="11.806881409138441">
        <ele>1909.199951171875</ele>
        <time>2026-06-24T13:34:02Z</time>
      </trkpt>
      <trkpt lat="46.374271027743816" lon="11.806975957006216">
        <ele>1912.5999755859375</ele>
        <time>2026-06-24T13:33:58Z</time>
      </trkpt>
      <trkpt lat="46.374163404107094" lon="11.807167651131749">
        <ele>1915.800048828125</ele>
        <time>2026-06-24T13:33:54Z</time>
      </trkpt>
      <trkpt lat="46.374066090211272" lon="11.807375773787498">
        <ele>1919</ele>
        <time>2026-06-24T13:33:50Z</time>
      </trkpt>
      <trkpt lat="46.373948911204934" lon="11.807648269459605">
        <ele>1923</ele>
        <time>2026-06-24T13:33:45Z</time>
      </trkpt>
      <trkpt lat="46.373828630894423" lon="11.807989329099655">
        <ele>1926.199951171875</ele>
        <time>2026-06-24T13:33:39Z</time>
      </trkpt>
      <trkpt lat="46.373755624517798" lon="11.808219663798809">
        <ele>1929</ele>
        <time>2026-06-24T13:33:35Z</time>
      </trkpt>
      <trkpt lat="46.373643139377236" lon="11.80873523466289">
        <ele>1932.5999755859375</ele>
        <time>2026-06-24T13:33:28Z</time>
      </trkpt>
      <trkpt lat="46.373504837974906" lon="11.809328254312277">
        <ele>1936</ele>
        <time>2026-06-24T13:33:17Z</time>
      </trkpt>
      <trkpt lat="46.373251872137189" lon="11.810177508741617">
        <ele>1938.800048828125</ele>
        <time>2026-06-24T13:33:04Z</time>
      </trkpt>
      <trkpt lat="46.373178446665406" lon="11.810529213398695">
        <ele>1940</ele>
        <time>2026-06-24T13:32:59Z</time>
      </trkpt>
      <trkpt lat="46.373156234622002" lon="11.810655444860458">
        <ele>1940.4000244140625</ele>
        <time>2026-06-24T13:32:57Z</time>
      </trkpt>
      <trkpt lat="46.373123545199633" lon="11.811126256361604">
        <ele>1942.199951171875</ele>
        <time>2026-06-24T13:32:48Z</time>
      </trkpt>
      <trkpt lat="46.373122036457062" lon="11.811231197789311">
        <ele>1956.4000244140625</ele>
        <time>2026-06-24T13:30:51Z</time>
      </trkpt>
      <trkpt lat="46.373127652332187" lon="11.811317782849073">
        <ele>1959.5999755859375</ele>
        <time>2026-06-24T13:30:45Z</time>
      </trkpt>
      <trkpt lat="46.37311072088778" lon="11.811518361791968">
        <ele>1962.5999755859375</ele>
        <time>2026-06-24T13:30:41Z</time>
      </trkpt>
      <trkpt lat="46.373102338984609" lon="11.81165087968111">
        <ele>1966.199951171875</ele>
        <time>2026-06-24T13:30:38Z</time>
      </trkpt>
      <trkpt lat="46.373104099184275" lon="11.811968218535185">
        <ele>1969.199951171875</ele>
        <time>2026-06-24T13:30:34Z</time>
      </trkpt>
      <trkpt lat="46.373096387833357" lon="11.812368454411626">
        <ele>1972.4000244140625</ele>
        <time>2026-06-24T13:30:28Z</time>
      </trkpt>
      <trkpt lat="46.373080965131521" lon="11.812744801864028">
        <ele>1976.199951171875</ele>
        <time>2026-06-24T13:30:23Z</time>
      </trkpt>
      <trkpt lat="46.373035032302141" lon="11.813068259507418">
        <ele>1977.800048828125</ele>
        <time>2026-06-24T13:30:18Z</time>
      </trkpt>
      <trkpt lat="46.373003432527184" lon="11.813167920336127">
        <ele>1983.4000244140625</ele>
        <time>2026-06-24T13:30:06Z</time>
      </trkpt>
      <trkpt lat="46.37300368398428" lon="11.813167920336127">
        <ele>1984.4000244140625</ele>
        <time>2026-06-24T13:30:05Z</time>
      </trkpt>
      <trkpt lat="46.373002678155899" lon="11.813233802095056">
        <ele>1987.800048828125</ele>
        <time>2026-06-24T13:30:01Z</time>
      </trkpt>
      <trkpt lat="46.372980466112494" lon="11.813398757949471">
        <ele>1991</ele>
        <time>2026-06-24T13:29:58Z</time>
      </trkpt>
      <trkpt lat="46.372934030368924" lon="11.813590284436941">
        <ele>1994</ele>
        <time>2026-06-24T13:29:55Z</time>
      </trkpt>
      <trkpt lat="46.372870746999979" lon="11.813784325495362">
        <ele>1997</ele>
        <time>2026-06-24T13:29:51Z</time>
      </trkpt>
      <trkpt lat="46.372795896604657" lon="11.81401583366096">
        <ele>2000.5999755859375</ele>
        <time>2026-06-24T13:29:46Z</time>
      </trkpt>
      <trkpt lat="46.372748203575611" lon="11.814219849184155">
        <ele>2004</ele>
        <time>2026-06-24T13:29:42Z</time>
      </trkpt>
      <trkpt lat="46.372733954340219" lon="11.814277432858944">
        <ele>2004.5999755859375</ele>
        <time>2026-06-24T13:29:41Z</time>
      </trkpt>
      <trkpt lat="46.372725823894143" lon="11.814326886087656">
        <ele>2005.199951171875</ele>
        <time>2026-06-24T13:29:40Z</time>
      </trkpt>
      <trkpt lat="46.372721884399652" lon="11.814365023747087">
        <ele>2006</ele>
        <time>2026-06-24T13:29:39Z</time>
      </trkpt>
      <trkpt lat="46.372710652649403" lon="11.814387403428555">
        <ele>2006.5999755859375</ele>
        <time>2026-06-24T13:29:38Z</time>
      </trkpt>
      <trkpt lat="46.372693721204996" lon="11.814396120607853">
        <ele>2007.4000244140625</ele>
        <time>2026-06-24T13:29:37Z</time>
      </trkpt>
      <trkpt lat="46.372669413685799" lon="11.814391342923045">
        <ele>2008</ele>
        <time>2026-06-24T13:29:36Z</time>
      </trkpt>
      <trkpt lat="46.37264066375792" lon="11.814371393993497">
        <ele>2008.800048828125</ele>
        <time>2026-06-24T13:29:35Z</time>
      </trkpt>
      <trkpt lat="46.372607471421361" lon="11.814336609095335">
        <ele>2009.4000244140625</ele>
        <time>2026-06-24T13:29:34Z</time>
      </trkpt>
      <trkpt lat="46.372543768957257" lon="11.814246252179146">
        <ele>2011</ele>
        <time>2026-06-24T13:29:32Z</time>
      </trkpt>
      <trkpt lat="46.372444191947579" lon="11.81409252807498">
        <ele>2015.199951171875</ele>
        <time>2026-06-24T13:29:27Z</time>
      </trkpt>
      <trkpt lat="46.372431367635727" lon="11.814080039039254">
        <ele>2015.800048828125</ele>
        <time>2026-06-24T13:29:26Z</time>
      </trkpt>
      <trkpt lat="46.372371101751924" lon="11.814083391800523">
        <ele>2017.800048828125</ele>
        <time>2026-06-24T13:29:23Z</time>
      </trkpt>
      <trkpt lat="46.372268674895167" lon="11.814217083156109">
        <ele>2021</ele>
        <time>2026-06-24T13:29:18Z</time>
      </trkpt>
      <trkpt lat="46.372170522809029" lon="11.814391678199172">
        <ele>2024</ele>
        <time>2026-06-24T13:29:13Z</time>
      </trkpt>
      <trkpt lat="46.372038507834077" lon="11.814624192193151">
        <ele>2027.4000244140625</ele>
        <time>2026-06-24T13:29:05Z</time>
      </trkpt>
      <trkpt lat="46.372023755684495" lon="11.814646068960428">
        <ele>2027.5999755859375</ele>
        <time>2026-06-24T13:29:04Z</time>
      </trkpt>
      <trkpt lat="46.371984528377652" lon="11.81468672119081">
        <ele>2029.5999755859375</ele>
        <time>2026-06-24T13:28:59Z</time>
      </trkpt>
      <trkpt lat="46.371941193938255" lon="11.814663168042898">
        <ele>2032</ele>
        <time>2026-06-24T13:28:53Z</time>
      </trkpt>
      <trkpt lat="46.371918143704534" lon="11.814641207456589">
        <ele>2032.4000244140625</ele>
        <time>2026-06-24T13:28:52Z</time>
      </trkpt>
      <trkpt lat="46.37189257889986" lon="11.814613295719028">
        <ele>2033</ele>
        <time>2026-06-24T13:28:51Z</time>
      </trkpt>
      <trkpt lat="46.371867684647441" lon="11.814579265192151">
        <ele>2033.5999755859375</ele>
        <time>2026-06-24T13:28:50Z</time>
      </trkpt>
      <trkpt lat="46.371845053508878" lon="11.814537104219198">
        <ele>2034</ele>
        <time>2026-06-24T13:28:49Z</time>
      </trkpt>
      <trkpt lat="46.371820913627744" lon="11.814490165561438">
        <ele>2034.4000244140625</ele>
        <time>2026-06-24T13:28:48Z</time>
      </trkpt>
      <trkpt lat="46.371785877272487" lon="11.814446244388819">
        <ele>2034.800048828125</ele>
        <time>2026-06-24T13:28:47Z</time>
      </trkpt>
      <trkpt lat="46.371623352169991" lon="11.814340045675635">
        <ele>2035.800048828125</ele>
        <time>2026-06-24T13:28:44Z</time>
      </trkpt>
      <trkpt lat="46.371581107378006" lon="11.814309116452932">
        <ele>2036.4000244140625</ele>
        <time>2026-06-24T13:28:43Z</time>
      </trkpt>
      <trkpt lat="46.371484883129597" lon="11.814195876941085">
        <ele>2037.4000244140625</ele>
        <time>2026-06-24T13:28:41Z</time>
      </trkpt>
      <trkpt lat="46.371431322768331" lon="11.814129240810871">
        <ele>2038</ele>
        <time>2026-06-24T13:28:40Z</time>
      </trkpt>
      <trkpt lat="46.371380193158984" lon="11.814060676842928">
        <ele>2038.4000244140625</ele>
        <time>2026-06-24T13:28:39Z</time>
      </trkpt>
      <trkpt lat="46.37133602052927" lon="11.813987083733082">
        <ele>2039</ele>
        <time>2026-06-24T13:28:38Z</time>
      </trkpt>
      <trkpt lat="46.371303834021091" lon="11.813907539471984">
        <ele>2040</ele>
        <time>2026-06-24T13:28:37Z</time>
      </trkpt>
      <trkpt lat="46.37127005495131" lon="11.813672678545117">
        <ele>2041.800048828125</ele>
        <time>2026-06-24T13:28:34Z</time>
      </trkpt>
      <trkpt lat="46.371258990839124" lon="11.813607718795538">
        <ele>2042.5999755859375</ele>
        <time>2026-06-24T13:28:33Z</time>
      </trkpt>
      <trkpt lat="46.371238036081195" lon="11.813549967482686">
        <ele>2043</ele>
        <time>2026-06-24T13:28:32Z</time>
      </trkpt>
      <trkpt lat="46.371174501255155" lon="11.813438991084695">
        <ele>2044</ele>
        <time>2026-06-24T13:28:30Z</time>
      </trkpt>
      <trkpt lat="46.371145248413086" lon="11.813384257256985">
        <ele>2044.4000244140625</ele>
        <time>2026-06-24T13:28:29Z</time>
      </trkpt>
      <trkpt lat="46.371113061904907" lon="11.813285266980529">
        <ele>2045.199951171875</ele>
        <time>2026-06-24T13:28:27Z</time>
      </trkpt>
      <trkpt lat="46.371106943115592" lon="11.813246374949813">
        <ele>2045.4000244140625</ele>
        <time>2026-06-24T13:28:26Z</time>
      </trkpt>
      <trkpt lat="46.371103590354323" lon="11.813206560909748">
        <ele>2045.800048828125</ele>
        <time>2026-06-24T13:28:25Z</time>
      </trkpt>
      <trkpt lat="46.371101243421435" lon="11.813168255612254">
        <ele>2046.800048828125</ele>
        <time>2026-06-24T13:28:24Z</time>
      </trkpt>
      <trkpt lat="46.371096801012754" lon="11.813136236742139">
        <ele>2046.800048828125</ele>
        <time>2026-06-24T13:28:23Z</time>
      </trkpt>
      <trkpt lat="46.371086155995727" lon="11.813113354146481">
        <ele>2047.5999755859375</ele>
        <time>2026-06-24T13:28:22Z</time>
      </trkpt>
      <trkpt lat="46.371068302541971" lon="11.813102373853326">
        <ele>2048</ele>
        <time>2026-06-24T13:28:21Z</time>
      </trkpt>
      <trkpt lat="46.371023040264845" lon="11.813106229528785">
        <ele>2048.60009765625</ele>
        <time>2026-06-24T13:28:19Z</time>
      </trkpt>
      <trkpt lat="46.370958667248487" lon="11.81312995031476">
        <ele>2054.60009765625</ele>
        <time>2026-06-24T13:27:59Z</time>
      </trkpt>
      <trkpt lat="46.370922289788723" lon="11.813139589503407">
        <ele>2057</ele>
        <time>2026-06-24T13:27:54Z</time>
      </trkpt>
      <trkpt lat="46.370884906500578" lon="11.813162639737129">
        <ele>2059.39990234375</ele>
        <time>2026-06-24T13:27:50Z</time>
      </trkpt>
      <trkpt lat="46.370709221810102" lon="11.813290044665337">
        <ele>2063.60009765625</ele>
        <time>2026-06-24T13:27:44Z</time>
      </trkpt>
      <trkpt lat="46.370589276775718" lon="11.813501184806228">
        <ele>2067.39990234375</ele>
        <time>2026-06-24T13:27:40Z</time>
      </trkpt>
      <trkpt lat="46.370475785806775" lon="11.813698494806886">
        <ele>2070</ele>
        <time>2026-06-24T13:27:36Z</time>
      </trkpt>
      <trkpt lat="46.370396409183741" lon="11.813811650499701">
        <ele>2073.199951171875</ele>
        <time>2026-06-24T13:27:32Z</time>
      </trkpt>
      <trkpt lat="46.370317619293928" lon="11.813883148133755">
        <ele>2076.800048828125</ele>
        <time>2026-06-24T13:27:28Z</time>
      </trkpt>
      <trkpt lat="46.370224999263883" lon="11.81398456916213">
        <ele>2080.199951171875</ele>
        <time>2026-06-24T13:27:23Z</time>
      </trkpt>
      <trkpt lat="46.370112514123321" lon="11.814125720411539">
        <ele>2083.199951171875</ele>
        <time>2026-06-24T13:27:18Z</time>
      </trkpt>
      <trkpt lat="46.370018972083926" lon="11.814172239974141">
        <ele>2086.800048828125</ele>
        <time>2026-06-24T13:27:14Z</time>
      </trkpt>
      <trkpt lat="46.369917383417487" lon="11.814089175313711">
        <ele>2090</ele>
        <time>2026-06-24T13:27:09Z</time>
      </trkpt>
      <trkpt lat="46.369858458638191" lon="11.813949113711715">
        <ele>2093.39990234375</ele>
        <time>2026-06-24T13:27:05Z</time>
      </trkpt>
      <trkpt lat="46.36983398348093" lon="11.813821205869317">
        <ele>2097</ele>
        <time>2026-06-24T13:27:02Z</time>
      </trkpt>
      <trkpt lat="46.369831636548042" lon="11.813763286918402">
        <ele>2097</ele>
        <time>2026-06-24T13:27:01Z</time>
      </trkpt>
      <trkpt lat="46.36983054690063" lon="11.813467657193542">
        <ele>2101.199951171875</ele>
        <time>2026-06-24T13:26:57Z</time>
      </trkpt>
      <trkpt lat="46.369850747287273" lon="11.813332960009575">
        <ele>2102.199951171875</ele>
        <time>2026-06-24T13:26:55Z</time>
      </trkpt>
      <trkpt lat="46.369912605732679" lon="11.813081251457334">
        <ele>2105.39990234375</ele>
        <time>2026-06-24T13:26:50Z</time>
      </trkpt>
      <trkpt lat="46.369931800290942" lon="11.812816383317113">
        <ele>2109</ele>
        <time>2026-06-24T13:26:45Z</time>
      </trkpt>
      <trkpt lat="46.369924591854215" lon="11.812530811876059">
        <ele>2112</ele>
        <time>2026-06-24T13:26:39Z</time>
      </trkpt>
      <trkpt lat="46.369905900210142" lon="11.812244402244687">
        <ele>2115.60009765625</ele>
        <time>2026-06-24T13:26:33Z</time>
      </trkpt>
      <trkpt lat="46.369892153888941" lon="11.811980539932847">
        <ele>2118.60009765625</ele>
        <time>2026-06-24T13:26:26Z</time>
      </trkpt>
      <trkpt lat="46.369830211624503" lon="11.811819355934858">
        <ele>2121.60009765625</ele>
        <time>2026-06-24T13:26:21Z</time>
      </trkpt>
      <trkpt lat="46.36975578032434" lon="11.811687424778938">
        <ele>2124.60009765625</ele>
        <time>2026-06-24T13:26:15Z</time>
      </trkpt>
      <trkpt lat="46.369621166959405" lon="11.811605282127857">
        <ele>2127.800048828125</ele>
        <time>2026-06-24T13:26:09Z</time>
      </trkpt>
      <trkpt lat="46.369448835030198" lon="11.811566473916173">
        <ele>2131</ele>
        <time>2026-06-24T13:26:03Z</time>
      </trkpt>
      <trkpt lat="46.369188157841563" lon="11.811573514714837">
        <ele>2134.199951171875</ele>
        <time>2026-06-24T13:25:55Z</time>
      </trkpt>
      <trkpt lat="46.368899988010526" lon="11.811618357896805">
        <ele>2137.800048828125</ele>
        <time>2026-06-24T13:25:47Z</time>
      </trkpt>
      <trkpt lat="46.368865538388491" lon="11.811633864417672">
        <ele>2138.39990234375</ele>
        <time>2026-06-24T13:25:46Z</time>
      </trkpt>
      <trkpt lat="46.368677280843258" lon="11.811779290437698">
        <ele>2141.60009765625</ele>
        <time>2026-06-24T13:25:40Z</time>
      </trkpt>
      <trkpt lat="46.368480892851949" lon="11.811995292082429">
        <ele>2144.39990234375</ele>
        <time>2026-06-24T13:25:30Z</time>
      </trkpt>
      <trkpt lat="46.368398917838931" lon="11.812057150527835">
        <ele>2146</ele>
        <time>2026-06-24T13:25:27Z</time>
      </trkpt>
      <trkpt lat="46.368103623390198" lon="11.812184471637011">
        <ele>2149.60009765625</ele>
        <time>2026-06-24T13:25:20Z</time>
      </trkpt>
      <trkpt lat="46.367859039455652" lon="11.812357306480408">
        <ele>2151.800048828125</ele>
        <time>2026-06-24T13:25:15Z</time>
      </trkpt>
      <trkpt lat="46.367808412760496" lon="11.812387146055698">
        <ele>2152.60009765625</ele>
        <time>2026-06-24T13:25:14Z</time>
      </trkpt>
      <trkpt lat="46.367693329229951" lon="11.812436431646347">
        <ele>2153.60009765625</ele>
        <time>2026-06-24T13:25:12Z</time>
      </trkpt>
      <trkpt lat="46.367557207122445" lon="11.812489321455359">
        <ele>2154.60009765625</ele>
        <time>2026-06-24T13:25:09Z</time>
      </trkpt>
      <trkpt lat="46.367434579879045" lon="11.812560064718127">
        <ele>2156.199951171875</ele>
        <time>2026-06-24T13:25:06Z</time>
      </trkpt>
      <trkpt lat="46.36725839227438" lon="11.812601052224636">
        <ele>2157</ele>
        <time>2026-06-24T13:25:02Z</time>
      </trkpt>
      <trkpt lat="46.36718949303031" lon="11.812608428299427">
        <ele>2156.39990234375</ele>
        <time>2026-06-24T13:25:00Z</time>
      </trkpt>
      <trkpt lat="46.367120677605271" lon="11.812582779675722">
        <ele>2166</ele>
        <time>2026-06-24T13:24:21Z</time>
      </trkpt>
      <trkpt lat="46.367121851071715" lon="11.812586467713118">
        <ele>2168.800048828125</ele>
        <time>2026-06-24T13:24:18Z</time>
      </trkpt>
      <trkpt lat="46.366929402574897" lon="11.812358731403947">
        <ele>2172.800048828125</ele>
        <time>2026-06-24T13:24:12Z</time>
      </trkpt>
      <trkpt lat="46.366823371499777" lon="11.812207354232669">
        <ele>2175</ele>
        <time>2026-06-24T13:24:09Z</time>
      </trkpt>
      <trkpt lat="46.366754556074739" lon="11.812118170782924">
        <ele>2176.199951171875</ele>
        <time>2026-06-24T13:24:07Z</time>
      </trkpt>
      <trkpt lat="46.366720022633672" lon="11.812027478590608">
        <ele>2178.199951171875</ele>
        <time>2026-06-24T13:24:05Z</time>
      </trkpt>
      <trkpt lat="46.366674676537514" lon="11.811890434473753">
        <ele>2180.60009765625</ele>
        <time>2026-06-24T13:24:01Z</time>
      </trkpt>
      <trkpt lat="46.366599323228002" lon="11.811748361214995">
        <ele>2183.800048828125</ele>
        <time>2026-06-24T13:23:56Z</time>
      </trkpt>
      <trkpt lat="46.366452137008309" lon="11.811639815568924">
        <ele>2186.800048828125</ele>
        <time>2026-06-24T13:23:51Z</time>
      </trkpt>
      <trkpt lat="46.366193471476436" lon="11.811455748975277">
        <ele>2190</ele>
        <time>2026-06-24T13:23:41Z</time>
      </trkpt>
      <trkpt lat="46.366116693243384" lon="11.811413755640388">
        <ele>2194.800048828125</ele>
        <time>2026-06-24T13:23:18Z</time>
      </trkpt>
      <trkpt lat="46.366071850061417" lon="11.811376623809338">
        <ele>2196.199951171875</ele>
        <time>2026-06-24T13:23:12Z</time>
      </trkpt>
      <trkpt lat="46.366025833413005" lon="11.81130831129849">
        <ele>2201.199951171875</ele>
        <time>2026-06-24T13:22:47Z</time>
      </trkpt>
      <trkpt lat="46.365996412932873" lon="11.8112628813833">
        <ele>2203.800048828125</ele>
        <time>2026-06-24T13:22:41Z</time>
      </trkpt>
      <trkpt lat="46.365803796797991" lon="11.810950906947255">
        <ele>2207</ele>
        <time>2026-06-24T13:22:33Z</time>
      </trkpt>
      <trkpt lat="46.365609252825379" lon="11.810633903369308">
        <ele>2211</ele>
        <time>2026-06-24T13:22:27Z</time>
      </trkpt>
      <trkpt lat="46.365456534549594" lon="11.810290580615401">
        <ele>2212.199951171875</ele>
        <time>2026-06-24T13:22:23Z</time>
      </trkpt>
      <trkpt lat="46.365330889821053" lon="11.809964776039124">
        <ele>2213.800048828125</ele>
        <time>2026-06-24T13:22:19Z</time>
      </trkpt>
      <trkpt lat="46.365218320861459" lon="11.80967828258872">
        <ele>2215.39990234375</ele>
        <time>2026-06-24T13:22:15Z</time>
      </trkpt>
      <trkpt lat="46.365105751901865" lon="11.809253739193082">
        <ele>2216.60009765625</ele>
        <time>2026-06-24T13:22:05Z</time>
      </trkpt>
      <trkpt lat="46.365059902891517" lon="11.808877307921648">
        <ele>2217.800048828125</ele>
        <time>2026-06-24T13:21:58Z</time>
      </trkpt>
      <trkpt lat="46.364964935928583" lon="11.807964853942394">
        <ele>2220.60009765625</ele>
        <time>2026-06-24T13:21:49Z</time>
      </trkpt>
      <trkpt lat="46.364953787997365" lon="11.807853374630213">
        <ele>2220.60009765625</ele>
        <time>2026-06-24T13:21:47Z</time>
      </trkpt>
      <trkpt lat="46.364943645894527" lon="11.807764945551753">
        <ele>2220.60009765625</ele>
        <time>2026-06-24T13:21:45Z</time>
      </trkpt>
      <trkpt lat="46.364936102181673" lon="11.807657908648252">
        <ele>2231.800048828125</ele>
        <time>2026-06-24T13:19:49Z</time>
      </trkpt>
      <trkpt lat="46.3649364374578" lon="11.807658411562443">
        <ele>2232.800048828125</ele>
        <time>2026-06-24T13:19:48Z</time>
      </trkpt>
      <trkpt lat="46.364949177950621" lon="11.807525977492332">
        <ele>2236</ele>
        <time>2026-06-24T13:19:42Z</time>
      </trkpt>
      <trkpt lat="46.364983879029751" lon="11.807164382189512">
        <ele>2239.39990234375</ele>
        <time>2026-06-24T13:19:31Z</time>
      </trkpt>
      <trkpt lat="46.364895282313228" lon="11.806643111631274">
        <ele>2241.60009765625</ele>
        <time>2026-06-24T13:19:21Z</time>
      </trkpt>
      <trkpt lat="46.364859994500875" lon="11.806562142446637">
        <ele>2241.60009765625</ele>
        <time>2026-06-24T13:19:18Z</time>
      </trkpt>
      <trkpt lat="46.36483920738101" lon="11.806532386690378">
        <ele>2240.199951171875</ele>
        <time>2026-06-24T13:19:15Z</time>
      </trkpt>
      <trkpt lat="46.364842895418406" lon="11.806480837985873">
        <ele>2242.800048828125</ele>
        <time>2026-06-24T13:18:12Z</time>
      </trkpt>
      <trkpt lat="46.364835938438773" lon="11.806448567658663">
        <ele>2251</ele>
        <time>2026-06-24T13:17:27Z</time>
      </trkpt>
      <trkpt lat="46.364779360592365" lon="11.806411016732454">
        <ele>2252.60009765625</ele>
        <time>2026-06-24T13:17:19Z</time>
      </trkpt>
      <trkpt lat="46.364413825795054" lon="11.806110944598913">
        <ele>2255.60009765625</ele>
        <time>2026-06-24T13:17:11Z</time>
      </trkpt>
      <trkpt lat="46.364174271002412" lon="11.805929392576218">
        <ele>2258.800048828125</ele>
        <time>2026-06-24T13:17:07Z</time>
      </trkpt>
      <trkpt lat="46.364112077280879" lon="11.805881280452013">
        <ele>2259.199951171875</ele>
        <time>2026-06-24T13:17:06Z</time>
      </trkpt>
      <trkpt lat="46.364005962386727" lon="11.805767035111785">
        <ele>2259.800048828125</ele>
        <time>2026-06-24T13:17:04Z</time>
      </trkpt>
      <trkpt lat="46.363726258277893" lon="11.805410133674741">
        <ele>2263.199951171875</ele>
        <time>2026-06-24T13:16:54Z</time>
      </trkpt>
      <trkpt lat="46.363670853897929" lon="11.805338384583592">
        <ele>2265</ele>
        <time>2026-06-24T13:16:43Z</time>
      </trkpt>
      <trkpt lat="46.36364939622581" lon="11.805318100377917">
        <ele>2268.800048828125</ele>
        <time>2026-06-24T13:16:37Z</time>
      </trkpt>
      <trkpt lat="46.363495504483581" lon="11.80508516728878">
        <ele>2272</ele>
        <time>2026-06-24T13:16:30Z</time>
      </trkpt>
      <trkpt lat="46.363466000184417" lon="11.804975112900138">
        <ele>2273.39990234375</ele>
        <time>2026-06-24T13:16:28Z</time>
      </trkpt>
      <trkpt lat="46.363389054313302" lon="11.804694151505828">
        <ele>2276.60009765625</ele>
        <time>2026-06-24T13:16:22Z</time>
      </trkpt>
      <trkpt lat="46.363368853926659" lon="11.804639920592308">
        <ele>2277</ele>
        <time>2026-06-24T13:16:21Z</time>
      </trkpt>
      <trkpt lat="46.363339349627495" lon="11.804511258378625">
        <ele>2278.199951171875</ele>
        <time>2026-06-24T13:16:19Z</time>
      </trkpt>
      <trkpt lat="46.363327698782086" lon="11.804450573399663">
        <ele>2279</ele>
        <time>2026-06-24T13:16:18Z</time>
      </trkpt>
      <trkpt lat="46.36331956833601" lon="11.804389050230384">
        <ele>2279.800048828125</ele>
        <time>2026-06-24T13:16:17Z</time>
      </trkpt>
      <trkpt lat="46.363303642719984" lon="11.804160811007023">
        <ele>2281.800048828125</ele>
        <time>2026-06-24T13:16:14Z</time>
      </trkpt>
      <trkpt lat="46.363291488960385" lon="11.803786642849445">
        <ele>2284.800048828125</ele>
        <time>2026-06-24T13:16:10Z</time>
      </trkpt>
      <trkpt lat="46.363291321322322" lon="11.803714977577329">
        <ele>2285.39990234375</ele>
        <time>2026-06-24T13:16:09Z</time>
      </trkpt>
      <trkpt lat="46.363295847550035" lon="11.803652616217732">
        <ele>2286.199951171875</ele>
        <time>2026-06-24T13:16:08Z</time>
      </trkpt>
      <trkpt lat="46.363387880846858" lon="11.803404092788696">
        <ele>2289.199951171875</ele>
        <time>2026-06-24T13:16:04Z</time>
      </trkpt>
      <trkpt lat="46.363469855859876" lon="11.803123131394386">
        <ele>2292.39990234375</ele>
        <time>2026-06-24T13:16:00Z</time>
      </trkpt>
      <trkpt lat="46.36350329965353" lon="11.802754160016775">
        <ele>2294.800048828125</ele>
        <time>2026-06-24T13:15:54Z</time>
      </trkpt>
      <trkpt lat="46.363498270511627" lon="11.802693223580718">
        <ele>2295</ele>
        <time>2026-06-24T13:15:53Z</time>
      </trkpt>
      <trkpt lat="46.36345636099577" lon="11.802514269948006">
        <ele>2295</ele>
        <time>2026-06-24T13:15:50Z</time>
      </trkpt>
      <trkpt lat="46.363399531692266" lon="11.802316624671221">
        <ele>2298</ele>
        <time>2026-06-24T13:15:44Z</time>
      </trkpt>
      <trkpt lat="46.363395089283586" lon="11.80229458026588">
        <ele>2298.39990234375</ele>
        <time>2026-06-24T13:15:43Z</time>
      </trkpt>
      <trkpt lat="46.363389054313302" lon="11.80226624943316">
        <ele>2298.60009765625</ele>
        <time>2026-06-24T13:15:42Z</time>
      </trkpt>
      <trkpt lat="46.363380085676908" lon="11.802231129258871">
        <ele>2298.800048828125</ele>
        <time>2026-06-24T13:15:41Z</time>
      </trkpt>
      <trkpt lat="46.363369775936007" lon="11.802191734313965">
        <ele>2299</ele>
        <time>2026-06-24T13:15:40Z</time>
      </trkpt>
      <trkpt lat="46.363359550014138" lon="11.802154015749693">
        <ele>2299.39990234375</ele>
        <time>2026-06-24T13:15:39Z</time>
      </trkpt>
      <trkpt lat="46.363345971331" lon="11.802118895575404">
        <ele>2299.800048828125</ele>
        <time>2026-06-24T13:15:38Z</time>
      </trkpt>
      <trkpt lat="46.363323843106627" lon="11.802077321335673">
        <ele>2300.199951171875</ele>
        <time>2026-06-24T13:15:37Z</time>
      </trkpt>
      <trkpt lat="46.3632941711694" lon="11.802029628306627">
        <ele>2300.60009765625</ele>
        <time>2026-06-24T13:15:36Z</time>
      </trkpt>
      <trkpt lat="46.363261984661222" lon="11.801983108744025">
        <ele>2300.800048828125</ele>
        <time>2026-06-24T13:15:35Z</time>
      </trkpt>
      <trkpt lat="46.363234324380755" lon="11.801931224763393">
        <ele>2301.199951171875</ele>
        <time>2026-06-24T13:15:34Z</time>
      </trkpt>
      <trkpt lat="46.363214543089271" lon="11.801870875060558">
        <ele>2301.800048828125</ele>
        <time>2026-06-24T13:15:33Z</time>
      </trkpt>
      <trkpt lat="46.36320129968226" lon="11.801804322749376">
        <ele>2302.199951171875</ele>
        <time>2026-06-24T13:15:32Z</time>
      </trkpt>
      <trkpt lat="46.363195264711976" lon="11.801730059087276">
        <ele>2302.60009765625</ele>
        <time>2026-06-24T13:15:31Z</time>
      </trkpt>
      <trkpt lat="46.363221080973744" lon="11.801182385534048">
        <ele>2304.60009765625</ele>
        <time>2026-06-24T13:15:26Z</time>
      </trkpt>
      <trkpt lat="46.36321940459311" lon="11.801089430227876">
        <ele>2304.800048828125</ele>
        <time>2026-06-24T13:15:25Z</time>
      </trkpt>
      <trkpt lat="46.363218231126666" lon="11.80100561119616">
        <ele>2305</ele>
        <time>2026-06-24T13:15:24Z</time>
      </trkpt>
      <trkpt lat="46.363290650770068" lon="11.800573859363794">
        <ele>2305.39990234375</ele>
        <time>2026-06-24T13:15:18Z</time>
      </trkpt>
      <trkpt lat="46.363300457596779" lon="11.800535973161459">
        <ele>2305.39990234375</ele>
        <time>2026-06-24T13:15:17Z</time>
      </trkpt>
      <trkpt lat="46.363308420404792" lon="11.800502110272646">
        <ele>2305.39990234375</ele>
        <time>2026-06-24T13:15:16Z</time>
      </trkpt>
      <trkpt lat="46.363313533365726" lon="11.800467073917389">
        <ele>2305.39990234375</ele>
        <time>2026-06-24T13:15:15Z</time>
      </trkpt>
      <trkpt lat="46.363315712660551" lon="11.800430193543434">
        <ele>2305.39990234375</ele>
        <time>2026-06-24T13:15:14Z</time>
      </trkpt>
      <trkpt lat="46.363312527537346" lon="11.800397336483002">
        <ele>2305.39990234375</ele>
        <time>2026-06-24T13:15:13Z</time>
      </trkpt>
      <trkpt lat="46.363300373777747" lon="11.800370765849948">
        <ele>2305.39990234375</ele>
        <time>2026-06-24T13:15:12Z</time>
      </trkpt>
      <trkpt lat="46.363217141479254" lon="11.800158368423581">
        <ele>2300.39990234375</ele>
        <time>2026-06-24T13:13:57Z</time>
      </trkpt>
      <trkpt lat="46.363049503415823" lon="11.799977067857981">
        <ele>2298.800048828125</ele>
        <time>2026-06-24T13:13:44Z</time>
      </trkpt>
      <trkpt lat="46.362832998856902" lon="11.799840610474348">
        <ele>2295.800048828125</ele>
        <time>2026-06-24T13:13:31Z</time>
      </trkpt>
      <trkpt lat="46.362817324697971" lon="11.799834575504065">
        <ele>2295.60009765625</ele>
        <time>2026-06-24T13:13:30Z</time>
      </trkpt>
      <trkpt lat="46.362802824005485" lon="11.799827869981527">
        <ele>2295.39990234375</ele>
        <time>2026-06-24T13:13:29Z</time>
      </trkpt>
      <trkpt lat="46.3627899158746" lon="11.799816889688373">
        <ele>2295.199951171875</ele>
        <time>2026-06-24T13:13:28Z</time>
      </trkpt>
      <trkpt lat="46.362776840105653" lon="11.799805574119091">
        <ele>2295</ele>
        <time>2026-06-24T13:13:27Z</time>
      </trkpt>
      <trkpt lat="46.362762339413166" lon="11.799797862768173">
        <ele>2294.60009765625</ele>
        <time>2026-06-24T13:13:26Z</time>
      </trkpt>
      <trkpt lat="46.362747251987457" lon="11.799793420359492">
        <ele>2294.39990234375</ele>
        <time>2026-06-24T13:13:25Z</time>
      </trkpt>
      <trkpt lat="46.362731996923685" lon="11.799792079254985">
        <ele>2294.199951171875</ele>
        <time>2026-06-24T13:13:24Z</time>
      </trkpt>
      <trkpt lat="46.362717663869262" lon="11.799795599654317">
        <ele>2294</ele>
        <time>2026-06-24T13:13:23Z</time>
      </trkpt>
      <trkpt lat="46.362704504281282" lon="11.799805657938123">
        <ele>2293.60009765625</ele>
        <time>2026-06-24T13:13:22Z</time>
      </trkpt>
      <trkpt lat="46.362693104892969" lon="11.799822002649307">
        <ele>2293.60009765625</ele>
        <time>2026-06-24T13:13:21Z</time>
      </trkpt>
      <trkpt lat="46.362684471532702" lon="11.799842454493046">
        <ele>2293.39990234375</ele>
        <time>2026-06-24T13:13:20Z</time>
      </trkpt>
      <trkpt lat="46.362675335258245" lon="11.799862235784531">
        <ele>2293.199951171875</ele>
        <time>2026-06-24T13:13:19Z</time>
      </trkpt>
      <trkpt lat="46.362663432955742" lon="11.799878161400557">
        <ele>2293</ele>
        <time>2026-06-24T13:13:18Z</time>
      </trkpt>
      <trkpt lat="46.362376939505339" lon="11.799972960725427">
        <ele>2290.199951171875</ele>
        <time>2026-06-24T13:13:01Z</time>
      </trkpt>
      <trkpt lat="46.362159764394164" lon="11.800172366201878">
        <ele>2287</ele>
        <time>2026-06-24T13:12:46Z</time>
      </trkpt>
      <trkpt lat="46.36193772777915" lon="11.800565058365464">
        <ele>2283.800048828125</ele>
        <time>2026-06-24T13:12:30Z</time>
      </trkpt>
      <trkpt lat="46.361924652010202" lon="11.800584169104695">
        <ele>2283.60009765625</ele>
        <time>2026-06-24T13:12:29Z</time>
      </trkpt>
      <trkpt lat="46.361911743879318" lon="11.800601687282324">
        <ele>2283.60009765625</ele>
        <time>2026-06-24T13:12:28Z</time>
      </trkpt>
      <trkpt lat="46.361899841576815" lon="11.800617864355445">
        <ele>2283.199951171875</ele>
        <time>2026-06-24T13:12:27Z</time>
      </trkpt>
      <trkpt lat="46.361889280378819" lon="11.800635131075978">
        <ele>2282.800048828125</ele>
        <time>2026-06-24T13:12:26Z</time>
      </trkpt>
      <trkpt lat="46.361879725009203" lon="11.800653906539083">
        <ele>2282.39990234375</ele>
        <time>2026-06-24T13:12:25Z</time>
      </trkpt>
      <trkpt lat="46.361873857676983" lon="11.800674274563789">
        <ele>2282.199951171875</ele>
        <time>2026-06-24T13:12:24Z</time>
      </trkpt>
      <trkpt lat="46.361872935667634" lon="11.80069774389267">
        <ele>2281.800048828125</ele>
        <time>2026-06-24T13:12:23Z</time>
      </trkpt>
      <trkpt lat="46.36187519878149" lon="11.800721548497677">
        <ele>2281.60009765625</ele>
        <time>2026-06-24T13:12:22Z</time>
      </trkpt>
      <trkpt lat="46.361878467723727" lon="11.800742754712701">
        <ele>2281.199951171875</ele>
        <time>2026-06-24T13:12:21Z</time>
      </trkpt>
      <trkpt lat="46.361851142719388" lon="11.800925228744745">
        <ele>2279.199951171875</ele>
        <time>2026-06-24T13:12:13Z</time>
      </trkpt>
      <trkpt lat="46.361824152991176" lon="11.801171489059925">
        <ele>2276.199951171875</ele>
        <time>2026-06-24T13:12:02Z</time>
      </trkpt>
      <trkpt lat="46.361786518245935" lon="11.801433423534036">
        <ele>2273</ele>
        <time>2026-06-24T13:11:50Z</time>
      </trkpt>
      <trkpt lat="46.361652156338096" lon="11.801667949184775">
        <ele>2269.800048828125</ele>
        <time>2026-06-24T13:11:38Z</time>
      </trkpt>
      <trkpt lat="46.361519219353795" lon="11.801800467073917">
        <ele>2266.800048828125</ele>
        <time>2026-06-24T13:11:28Z</time>
      </trkpt>
      <trkpt lat="46.361347977072001" lon="11.801944887265563">
        <ele>2263.39990234375</ele>
        <time>2026-06-24T13:11:16Z</time>
      </trkpt>
      <trkpt lat="46.361195426434278" lon="11.802234733477235">
        <ele>2260.39990234375</ele>
        <time>2026-06-24T13:11:01Z</time>
      </trkpt>
      <trkpt lat="46.361187547445297" lon="11.802255604416132">
        <ele>2260.39990234375</ele>
        <time>2026-06-24T13:11:00Z</time>
      </trkpt>
      <trkpt lat="46.36118084192276" lon="11.802277565002441">
        <ele>2260.199951171875</ele>
        <time>2026-06-24T13:10:59Z</time>
      </trkpt>
      <trkpt lat="46.361174555495381" lon="11.802298855036497">
        <ele>2260.199951171875</ele>
        <time>2026-06-24T13:10:58Z</time>
      </trkpt>
      <trkpt lat="46.361166341230273" lon="11.802319139242172">
        <ele>2260</ele>
        <time>2026-06-24T13:10:57Z</time>
      </trkpt>
      <trkpt lat="46.361156702041626" lon="11.802338417619467">
        <ele>2260</ele>
        <time>2026-06-24T13:10:56Z</time>
      </trkpt>
      <trkpt lat="46.361145470291376" lon="11.802354175597429">
        <ele>2259.800048828125</ele>
        <time>2026-06-24T13:10:55Z</time>
      </trkpt>
      <trkpt lat="46.361133735626936" lon="11.802364401519299">
        <ele>2259.800048828125</ele>
        <time>2026-06-24T13:10:54Z</time>
      </trkpt>
      <trkpt lat="46.361039103940129" lon="11.802332131192088">
        <ele>2258.800048828125</ele>
        <time>2026-06-24T13:10:47Z</time>
      </trkpt>
      <trkpt lat="46.360812708735466" lon="11.802034322172403">
        <ele>2256.60009765625</ele>
        <time>2026-06-24T13:10:31Z</time>
      </trkpt>
      <trkpt lat="46.360563766211271" lon="11.801666524261236">
        <ele>2253.39990234375</ele>
        <time>2026-06-24T13:10:13Z</time>
      </trkpt>
      <trkpt lat="46.360330414026976" lon="11.801262935623527">
        <ele>2250.800048828125</ele>
        <time>2026-06-24T13:09:56Z</time>
      </trkpt>
      <trkpt lat="46.360128158703446" lon="11.800966886803508">
        <ele>2248</ele>
        <time>2026-06-24T13:09:43Z</time>
      </trkpt>
      <trkpt lat="46.359880389645696" lon="11.800830597057939">
        <ele>2245</ele>
        <time>2026-06-24T13:09:30Z</time>
      </trkpt>
      <trkpt lat="46.359675703570247" lon="11.80089958012104">
        <ele>2241.800048828125</ele>
        <time>2026-06-24T13:09:15Z</time>
      </trkpt>
      <trkpt lat="46.359475459903479" lon="11.800859598442912">
        <ele>2239</ele>
        <time>2026-06-24T13:08:59Z</time>
      </trkpt>
      <trkpt lat="46.359237749129534" lon="11.800699587911367">
        <ele>2236.800048828125</ele>
        <time>2026-06-24T13:08:42Z</time>
      </trkpt>
      <trkpt lat="46.358955949544907" lon="11.800690954551101">
        <ele>2234.60009765625</ele>
        <time>2026-06-24T13:08:24Z</time>
      </trkpt>
      <trkpt lat="46.358676832169294" lon="11.800627000629902">
        <ele>2231.60009765625</ele>
        <time>2026-06-24T13:08:07Z</time>
      </trkpt>
      <trkpt lat="46.358425710350275" lon="11.8005839176476">
        <ele>2229.199951171875</ele>
        <time>2026-06-24T13:07:52Z</time>
      </trkpt>
      <trkpt lat="46.358341723680496" lon="11.800861526280642">
        <ele>2227.199951171875</ele>
        <time>2026-06-24T13:07:38Z</time>
      </trkpt>
      <trkpt lat="46.358209792524576" lon="11.801220690831542">
        <ele>2225.800048828125</ele>
        <time>2026-06-24T13:07:23Z</time>
      </trkpt>
      <trkpt lat="46.357888430356979" lon="11.801457647234201">
        <ele>2223.199951171875</ele>
        <time>2026-06-24T13:07:06Z</time>
      </trkpt>
      <trkpt lat="46.357605708763003" lon="11.801481116563082">
        <ele>2220.39990234375</ele>
        <time>2026-06-24T13:06:50Z</time>
      </trkpt>
      <trkpt lat="46.357365231961012" lon="11.801500143483281">
        <ele>2218.39990234375</ele>
        <time>2026-06-24T13:06:37Z</time>
      </trkpt>
      <trkpt lat="46.356948986649513" lon="11.80173123255372">
        <ele>2217.199951171875</ele>
        <time>2026-06-24T13:06:19Z</time>
      </trkpt>
      <trkpt lat="46.356568364426494" lon="11.801777249202132">
        <ele>2214.60009765625</ele>
        <time>2026-06-24T13:06:01Z</time>
      </trkpt>
      <trkpt lat="46.356141977012157" lon="11.801935331895947">
        <ele>2212.800048828125</ele>
        <time>2026-06-24T13:05:44Z</time>
      </trkpt>
      <trkpt lat="46.355800917372108" lon="11.802096515893936">
        <ele>2209.800048828125</ele>
        <time>2026-06-24T13:05:30Z</time>
      </trkpt>
      <trkpt lat="46.355779627338052" lon="11.802108250558376">
        <ele>2209.60009765625</ele>
        <time>2026-06-24T13:05:29Z</time>
      </trkpt>
      <trkpt lat="46.35576001368463" lon="11.802121745422482">
        <ele>2209.39990234375</ele>
        <time>2026-06-24T13:05:28Z</time>
      </trkpt>
      <trkpt lat="46.3557443395257" lon="11.802141107618809">
        <ele>2209.199951171875</ele>
        <time>2026-06-24T13:05:27Z</time>
      </trkpt>
      <trkpt lat="46.355734867975116" lon="11.802165163680911">
        <ele>2209</ele>
        <time>2026-06-24T13:05:26Z</time>
      </trkpt>
      <trkpt lat="46.355745261535048" lon="11.802233560010791">
        <ele>2207.800048828125</ele>
        <time>2026-06-24T13:05:23Z</time>
      </trkpt>
      <trkpt lat="46.355748614296317" lon="11.802256191149354">
        <ele>2207.60009765625</ele>
        <time>2026-06-24T13:05:22Z</time>
      </trkpt>
      <trkpt lat="46.355752218514681" lon="11.802276894450188">
        <ele>2207.39990234375</ele>
        <time>2026-06-24T13:05:21Z</time>
      </trkpt>
      <trkpt lat="46.355900578200817" lon="11.802439754828811">
        <ele>2205</ele>
        <time>2026-06-24T13:05:12Z</time>
      </trkpt>
      <trkpt lat="46.356084393337369" lon="11.8026078119874">
        <ele>2202</ele>
        <time>2026-06-24T13:05:00Z</time>
      </trkpt>
      <trkpt lat="46.356119262054563" lon="11.802906626835465">
        <ele>2199</ele>
        <time>2026-06-24T13:04:50Z</time>
      </trkpt>
      <trkpt lat="46.35603703558445" lon="11.803280711174011">
        <ele>2195.800048828125</ele>
        <time>2026-06-24T13:04:38Z</time>
      </trkpt>
      <trkpt lat="46.355797732248902" lon="11.803640127182007">
        <ele>2192.800048828125</ele>
        <time>2026-06-24T13:04:25Z</time>
      </trkpt>
      <trkpt lat="46.355701005086303" lon="11.803940869867802">
        <ele>2189.60009765625</ele>
        <time>2026-06-24T13:04:14Z</time>
      </trkpt>
      <trkpt lat="46.35552934370935" lon="11.804254101589322">
        <ele>2186.39990234375</ele>
        <time>2026-06-24T13:03:59Z</time>
      </trkpt>
      <trkpt lat="46.355443177744746" lon="11.804744442924857">
        <ele>2183.39990234375</ele>
        <time>2026-06-24T13:03:43Z</time>
      </trkpt>
      <trkpt lat="46.355243269354105" lon="11.8052879255265">
        <ele>2180.39990234375</ele>
        <time>2026-06-24T13:03:26Z</time>
      </trkpt>
      <trkpt lat="46.355180153623223" lon="11.805723868310452">
        <ele>2179.199951171875</ele>
        <time>2026-06-24T13:03:11Z</time>
      </trkpt>
      <trkpt lat="46.355188451707363" lon="11.805756306275725">
        <ele>2179.199951171875</ele>
        <time>2026-06-24T13:03:10Z</time>
      </trkpt>
      <trkpt lat="46.355194821953773" lon="11.805785056203604">
        <ele>2179.199951171875</ele>
        <time>2026-06-24T13:03:09Z</time>
      </trkpt>
      <trkpt lat="46.355199683457613" lon="11.805813470855355">
        <ele>2179.199951171875</ele>
        <time>2026-06-24T13:03:08Z</time>
      </trkpt>
      <trkpt lat="46.355202114209533" lon="11.805842807516456">
        <ele>2179.199951171875</ele>
        <time>2026-06-24T13:03:07Z</time>
      </trkpt>
      <trkpt lat="46.355199264362454" lon="11.805871138349175">
        <ele>2179.199951171875</ele>
        <time>2026-06-24T13:03:06Z</time>
      </trkpt>
      <trkpt lat="46.355190128087997" lon="11.805892679840326">
        <ele>2179.199951171875</ele>
        <time>2026-06-24T13:03:05Z</time>
      </trkpt>
      <trkpt lat="46.355178141966462" lon="11.805907683447003">
        <ele>2179.199951171875</ele>
        <time>2026-06-24T13:03:04Z</time>
      </trkpt>
      <trkpt lat="46.355166826397181" lon="11.805917406454682">
        <ele>2179.199951171875</ele>
        <time>2026-06-24T13:03:03Z</time>
      </trkpt>
      <trkpt lat="46.355155007913709" lon="11.805925955995917">
        <ele>2179.199951171875</ele>
        <time>2026-06-24T13:03:02Z</time>
      </trkpt>
      <trkpt lat="46.355148553848267" lon="11.806030226871371">
        <ele>2174.199951171875</ele>
        <time>2026-06-24T13:02:26Z</time>
      </trkpt>
      <trkpt lat="46.355140758678317" lon="11.806086385622621">
        <ele>2173.800048828125</ele>
        <time>2026-06-24T13:02:20Z</time>
      </trkpt>
      <trkpt lat="46.355138579383492" lon="11.80610884912312">
        <ele>2173.800048828125</ele>
        <time>2026-06-24T13:02:19Z</time>
      </trkpt>
      <trkpt lat="46.355134136974812" lon="11.806127456948161">
        <ele>2173.60009765625</ele>
        <time>2026-06-24T13:02:18Z</time>
      </trkpt>
      <trkpt lat="46.355126509442925" lon="11.80614061653614">
        <ele>2173.39990234375</ele>
        <time>2026-06-24T13:02:17Z</time>
      </trkpt>
      <trkpt lat="46.355115948244929" lon="11.806147070601583">
        <ele>2173.39990234375</ele>
        <time>2026-06-24T13:02:16Z</time>
      </trkpt>
      <trkpt lat="46.355084767565131" lon="11.806117398664355">
        <ele>2173</ele>
        <time>2026-06-24T13:02:13Z</time>
      </trkpt>
      <trkpt lat="46.355058951303363" lon="11.806045984849334">
        <ele>2172.60009765625</ele>
        <time>2026-06-24T13:02:09Z</time>
      </trkpt>
      <trkpt lat="46.354958871379495" lon="11.805910700932145">
        <ele>2172</ele>
        <time>2026-06-24T13:02:01Z</time>
      </trkpt>
      <trkpt lat="46.35462636128068" lon="11.805678606033325">
        <ele>2169.39990234375</ele>
        <time>2026-06-24T13:01:44Z</time>
      </trkpt>
      <trkpt lat="46.354287061840296" lon="11.805874658748507">
        <ele>2166.60009765625</ele>
        <time>2026-06-24T13:01:29Z</time>
      </trkpt>
      <trkpt lat="46.353864697739482" lon="11.806086469441652">
        <ele>2165.199951171875</ele>
        <time>2026-06-24T13:01:16Z</time>
      </trkpt>
      <trkpt lat="46.353408303111792" lon="11.806257795542479">
        <ele>2162.800048828125</ele>
        <time>2026-06-24T13:01:02Z</time>
      </trkpt>
      <trkpt lat="46.352923242375255" lon="11.80627447552979">
        <ele>2162</ele>
        <time>2026-06-24T13:00:51Z</time>
      </trkpt>
      <trkpt lat="46.35273733176291" lon="11.806256789714098">
        <ele>2160.39990234375</ele>
        <time>2026-06-24T13:00:45Z</time>
      </trkpt>
      <trkpt lat="46.352350506931543" lon="11.806308506056666">
        <ele>2157.800048828125</ele>
        <time>2026-06-24T13:00:30Z</time>
      </trkpt>
      <trkpt lat="46.351996120065451" lon="11.806167438626289">
        <ele>2155</ele>
        <time>2026-06-24T13:00:17Z</time>
      </trkpt>
      <trkpt lat="46.351634860038757" lon="11.806224016472697">
        <ele>2152</ele>
        <time>2026-06-24T13:00:03Z</time>
      </trkpt>
      <trkpt lat="46.351341661065817" lon="11.806079177185893">
        <ele>2148.60009765625</ele>
        <time>2026-06-24T12:59:51Z</time>
      </trkpt>
      <trkpt lat="46.351091209799051" lon="11.806006254628301">
        <ele>2145.60009765625</ele>
        <time>2026-06-24T12:59:39Z</time>
      </trkpt>
      <trkpt lat="46.350876465439796" lon="11.805954789742827">
        <ele>2142.199951171875</ele>
        <time>2026-06-24T12:59:26Z</time>
      </trkpt>
      <trkpt lat="46.350858695805073" lon="11.805954538285732">
        <ele>2142.199951171875</ele>
        <time>2026-06-24T12:59:25Z</time>
      </trkpt>
      <trkpt lat="46.350843105465174" lon="11.805950766429305">
        <ele>2142</ele>
        <time>2026-06-24T12:59:24Z</time>
      </trkpt>
      <trkpt lat="46.350831538438797" lon="11.805939115583897">
        <ele>2141.39990234375</ele>
        <time>2026-06-24T12:59:23Z</time>
      </trkpt>
      <trkpt lat="46.350823910906911" lon="11.8059216812253">
        <ele>2141.199951171875</ele>
        <time>2026-06-24T12:59:22Z</time>
      </trkpt>
      <trkpt lat="46.350764064118266" lon="11.805889578536153">
        <ele>2140.39990234375</ele>
        <time>2026-06-24T12:59:17Z</time>
      </trkpt>
      <trkpt lat="46.350499866530299" lon="11.805786481127143">
        <ele>2137.39990234375</ele>
        <time>2026-06-24T12:59:01Z</time>
      </trkpt>
      <trkpt lat="46.350209433585405" lon="11.805533347651362">
        <ele>2134.199951171875</ele>
        <time>2026-06-24T12:58:41Z</time>
      </trkpt>
      <trkpt lat="46.350045315921307" lon="11.80523369461298">
        <ele>2131.39990234375</ele>
        <time>2026-06-24T12:58:25Z</time>
      </trkpt>
      <trkpt lat="46.349830739200115" lon="11.804846366867423">
        <ele>2128.39990234375</ele>
        <time>2026-06-24T12:58:07Z</time>
      </trkpt>
      <trkpt lat="46.349674165248871" lon="11.804597843438387">
        <ele>2125.199951171875</ele>
        <time>2026-06-24T12:57:55Z</time>
      </trkpt>
      <trkpt lat="46.349641559645534" lon="11.804403550922871">
        <ele>2122.199951171875</ele>
        <time>2026-06-24T12:57:47Z</time>
      </trkpt>
      <trkpt lat="46.349832164123654" lon="11.804401874542236">
        <ele>2119.199951171875</ele>
        <time>2026-06-24T12:57:36Z</time>
      </trkpt>
      <trkpt lat="46.349981445819139" lon="11.80441478267312">
        <ele>2116</ele>
        <time>2026-06-24T12:57:28Z</time>
      </trkpt>
      <trkpt lat="46.350133661180735" lon="11.804406568408012">
        <ele>2113</ele>
        <time>2026-06-24T12:57:20Z</time>
      </trkpt>
      <trkpt lat="46.350338347256184" lon="11.804404808208346">
        <ele>2109.60009765625</ele>
        <time>2026-06-24T12:57:11Z</time>
      </trkpt>
      <trkpt lat="46.350362068042159" lon="11.804404892027378">
        <ele>2109.39990234375</ele>
        <time>2026-06-24T12:57:10Z</time>
      </trkpt>
      <trkpt lat="46.350597850978374" lon="11.804401455447078">
        <ele>2106.199951171875</ele>
        <time>2026-06-24T12:57:00Z</time>
      </trkpt>
      <trkpt lat="46.350978892296553" lon="11.804404556751251">
        <ele>2104.60009765625</ele>
        <time>2026-06-24T12:56:44Z</time>
      </trkpt>
      <trkpt lat="46.351097077131271" lon="11.803912119939923">
        <ele>2102</ele>
        <time>2026-06-24T12:56:27Z</time>
      </trkpt>
      <trkpt lat="46.35113999247551" lon="11.8034125585109">
        <ele>2098.800048828125</ele>
        <time>2026-06-24T12:56:13Z</time>
      </trkpt>
      <trkpt lat="46.351016275584698" lon="11.803045850247145">
        <ele>2095.800048828125</ele>
        <time>2026-06-24T12:56:02Z</time>
      </trkpt>
      <trkpt lat="46.350843859836459" lon="11.802723063156009">
        <ele>2092.60009765625</ele>
        <time>2026-06-24T12:55:50Z</time>
      </trkpt>
      <trkpt lat="46.350581925362349" lon="11.80234688334167">
        <ele>2089.60009765625</ele>
        <time>2026-06-24T12:55:36Z</time>
      </trkpt>
      <trkpt lat="46.35037187486887" lon="11.802097940817475">
        <ele>2086.60009765625</ele>
        <time>2026-06-24T12:55:23Z</time>
      </trkpt>
      <trkpt lat="46.350187221542001" lon="11.801960896700621">
        <ele>2083.39990234375</ele>
        <time>2026-06-24T12:55:12Z</time>
      </trkpt>
      <trkpt lat="46.350000137463212" lon="11.801844723522663">
        <ele>2080.800048828125</ele>
        <time>2026-06-24T12:55:01Z</time>
      </trkpt>
      <trkpt lat="46.349948337301612" lon="11.801813710480928">
        <ele>2077.39990234375</ele>
        <time>2026-06-24T12:54:58Z</time>
      </trkpt>
      <trkpt lat="46.349886227399111" lon="11.801750510931015">
        <ele>2074.39990234375</ele>
        <time>2026-06-24T12:54:54Z</time>
      </trkpt>
      <trkpt lat="46.349800815805793" lon="11.801641713827848">
        <ele>2077.39990234375</ele>
        <time>2026-06-24T12:54:48Z</time>
      </trkpt>
      <trkpt lat="46.349662346765399" lon="11.801200741901994">
        <ele>2074.199951171875</ele>
        <time>2026-06-24T12:54:31Z</time>
      </trkpt>
      <trkpt lat="46.349573163315654" lon="11.800914416089654">
        <ele>2071.199951171875</ele>
        <time>2026-06-24T12:54:20Z</time>
      </trkpt>
      <trkpt lat="46.349367052316666" lon="11.800571512430906">
        <ele>2068.199951171875</ele>
        <time>2026-06-24T12:54:06Z</time>
      </trkpt>
      <trkpt lat="46.349120708182454" lon="11.800198182463646">
        <ele>2065.800048828125</ele>
        <time>2026-06-24T12:53:49Z</time>
      </trkpt>
      <trkpt lat="46.349002104252577" lon="11.799847148358822">
        <ele>2062.800048828125</ele>
        <time>2026-06-24T12:53:35Z</time>
      </trkpt>
      <trkpt lat="46.348876627162099" lon="11.799517823383212">
        <ele>2060.199951171875</ele>
        <time>2026-06-24T12:53:20Z</time>
      </trkpt>
      <trkpt lat="46.348595162853599" lon="11.799523355439305">
        <ele>2057.199951171875</ele>
        <time>2026-06-24T12:53:04Z</time>
      </trkpt>
      <trkpt lat="46.348376227542758" lon="11.799549255520105">
        <ele>2054.199951171875</ele>
        <time>2026-06-24T12:52:52Z</time>
      </trkpt>
      <trkpt lat="46.348137091845274" lon="11.799579430371523">
        <ele>2051</ele>
        <time>2026-06-24T12:52:39Z</time>
      </trkpt>
      <trkpt lat="46.347839953377843" lon="11.799789732322097">
        <ele>2048.199951171875</ele>
        <time>2026-06-24T12:52:21Z</time>
      </trkpt>
      <trkpt lat="46.34779536165297" lon="11.799843460321426">
        <ele>2046.800048828125</ele>
        <time>2026-06-24T12:52:18Z</time>
      </trkpt>
      <trkpt lat="46.347702071070671" lon="11.79992719553411">
        <ele>2043</ele>
        <time>2026-06-24T12:52:12Z</time>
      </trkpt>
      <trkpt lat="46.347671225667" lon="11.799943037331104">
        <ele>2042</ele>
        <time>2026-06-24T12:52:10Z</time>
      </trkpt>
      <trkpt lat="46.347567876800895" lon="11.799957705661654">
        <ele>2038.4000244140625</ele>
        <time>2026-06-24T12:52:04Z</time>
      </trkpt>
      <trkpt lat="46.347287334501743" lon="11.799868019297719">
        <ele>2039.800048828125</ele>
        <time>2026-06-24T12:51:48Z</time>
      </trkpt>
      <trkpt lat="46.34709463454783" lon="11.799823762848973">
        <ele>2036.4000244140625</ele>
        <time>2026-06-24T12:51:37Z</time>
      </trkpt>
      <trkpt lat="46.346762795001268" lon="11.799974553287029">
        <ele>2034</ele>
        <time>2026-06-24T12:51:20Z</time>
      </trkpt>
      <trkpt lat="46.346417963504791" lon="11.800191896036267">
        <ele>2032</ele>
        <time>2026-06-24T12:51:04Z</time>
      </trkpt>
      <trkpt lat="46.346032815054059" lon="11.800171611830592">
        <ele>2030.800048828125</ele>
        <time>2026-06-24T12:50:49Z</time>
      </trkpt>
      <trkpt lat="46.345709273591638" lon="11.800112100318074">
        <ele>2028.199951171875</ele>
        <time>2026-06-24T12:50:35Z</time>
      </trkpt>
      <trkpt lat="46.345485392957926" lon="11.800357270985842">
        <ele>2025.4000244140625</ele>
        <time>2026-06-24T12:50:21Z</time>
      </trkpt>
      <trkpt lat="46.345254303887486" lon="11.800411250442266">
        <ele>2022.199951171875</ele>
        <time>2026-06-24T12:50:08Z</time>
      </trkpt>
      <trkpt lat="46.34497351013124" lon="11.800114614889026">
        <ele>2019.800048828125</ele>
        <time>2026-06-24T12:49:50Z</time>
      </trkpt>
      <trkpt lat="46.344957919791341" lon="11.800091145560145">
        <ele>2019.5999755859375</ele>
        <time>2026-06-24T12:49:49Z</time>
      </trkpt>
      <trkpt lat="46.344942161813378" lon="11.800072370097041">
        <ele>2019.4000244140625</ele>
        <time>2026-06-24T12:49:48Z</time>
      </trkpt>
      <trkpt lat="46.344852307811379" lon="11.800064910203218">
        <ele>2018.5999755859375</ele>
        <time>2026-06-24T12:49:43Z</time>
      </trkpt>
      <trkpt lat="46.344835879281163" lon="11.80007086135447">
        <ele>2018.4000244140625</ele>
        <time>2026-06-24T12:49:42Z</time>
      </trkpt>
      <trkpt lat="46.344821462407708" lon="11.800078321248293">
        <ele>2018.199951171875</ele>
        <time>2026-06-24T12:49:41Z</time>
      </trkpt>
      <trkpt lat="46.344810230657458" lon="11.800090726464987">
        <ele>2018.199951171875</ele>
        <time>2026-06-24T12:49:40Z</time>
      </trkpt>
      <trkpt lat="46.344801932573318" lon="11.800110088661313">
        <ele>2018</ele>
        <time>2026-06-24T12:49:39Z</time>
      </trkpt>
      <trkpt lat="46.344792963936925" lon="11.8001314625144">
        <ele>2017.800048828125</ele>
        <time>2026-06-24T12:49:38Z</time>
      </trkpt>
      <trkpt lat="46.344573944807053" lon="11.800287617370486">
        <ele>2017.800048828125</ele>
        <time>2026-06-24T12:49:26Z</time>
      </trkpt>
      <trkpt lat="46.344138253480196" lon="11.800275966525078">
        <ele>2017.199951171875</ele>
        <time>2026-06-24T12:49:08Z</time>
      </trkpt>
      <trkpt lat="46.343734245747328" lon="11.800276385620236">
        <ele>2015.5999755859375</ele>
        <time>2026-06-24T12:48:51Z</time>
      </trkpt>
      <trkpt lat="46.343384552747011" lon="11.800058288499713">
        <ele>2014</ele>
        <time>2026-06-24T12:48:36Z</time>
      </trkpt>
      <trkpt lat="46.343133011832833" lon="11.800089552998543">
        <ele>2013.5999755859375</ele>
        <time>2026-06-24T12:48:27Z</time>
      </trkpt>
      <trkpt lat="46.342953722923994" lon="11.800537062808871">
        <ele>2011.800048828125</ele>
        <time>2026-06-24T12:48:15Z</time>
      </trkpt>
      <trkpt lat="46.342613836750388" lon="11.801093369722366">
        <ele>2010.199951171875</ele>
        <time>2026-06-24T12:47:59Z</time>
      </trkpt>
      <trkpt lat="46.342413257807493" lon="11.801753779873252">
        <ele>2007</ele>
        <time>2026-06-24T12:47:42Z</time>
      </trkpt>
      <trkpt lat="46.342301443219185" lon="11.802208665758371">
        <ele>2004</ele>
        <time>2026-06-24T12:47:30Z</time>
      </trkpt>
      <trkpt lat="46.342150736600161" lon="11.802695402875543">
        <ele>2001</ele>
        <time>2026-06-24T12:47:14Z</time>
      </trkpt>
      <trkpt lat="46.342017129063606" lon="11.803098740056157">
        <ele>2000.199951171875</ele>
        <time>2026-06-24T12:46:59Z</time>
      </trkpt>
      <trkpt lat="46.342005813494325" lon="11.803120784461498">
        <ele>2000.199951171875</ele>
        <time>2026-06-24T12:46:58Z</time>
      </trkpt>
      <trkpt lat="46.341992570087314" lon="11.803139895200729">
        <ele>2000.199951171875</ele>
        <time>2026-06-24T12:46:57Z</time>
      </trkpt>
      <trkpt lat="46.341975387185812" lon="11.803151881322265">
        <ele>2000.199951171875</ele>
        <time>2026-06-24T12:46:56Z</time>
      </trkpt>
      <trkpt lat="46.341955773532391" lon="11.803157581016421">
        <ele>2000.199951171875</ele>
        <time>2026-06-24T12:46:55Z</time>
      </trkpt>
      <trkpt lat="46.341935656964779" lon="11.803159927949309">
        <ele>2000.199951171875</ele>
        <time>2026-06-24T12:46:54Z</time>
      </trkpt>
      <trkpt lat="46.341918054968119" lon="11.80279447697103">
        <ele>1999</ele>
        <time>2026-06-24T12:46:41Z</time>
      </trkpt>
      <trkpt lat="46.341923335567117" lon="11.802763547748327">
        <ele>1998.800048828125</ele>
        <time>2026-06-24T12:46:40Z</time>
      </trkpt>
      <trkpt lat="46.341918390244246" lon="11.802668077871203">
        <ele>1998.5999755859375</ele>
        <time>2026-06-24T12:46:37Z</time>
      </trkpt>
      <trkpt lat="46.3418551068753" lon="11.802395330742002">
        <ele>1997.800048828125</ele>
        <time>2026-06-24T12:46:27Z</time>
      </trkpt>
      <trkpt lat="46.341609349474311" lon="11.802375800907612">
        <ele>1996</ele>
        <time>2026-06-24T12:46:15Z</time>
      </trkpt>
      <trkpt lat="46.341581773012877" lon="11.802374292165041">
        <ele>1996</ele>
        <time>2026-06-24T12:46:14Z</time>
      </trkpt>
      <trkpt lat="46.341544892638922" lon="11.802365072071552">
        <ele>1996.199951171875</ele>
        <time>2026-06-24T12:46:13Z</time>
      </trkpt>
      <trkpt lat="46.341501725837588" lon="11.802336070686579">
        <ele>1996.199951171875</ele>
        <time>2026-06-24T12:46:12Z</time>
      </trkpt>
      <trkpt lat="46.341463001444936" lon="11.802281839773059">
        <ele>1996.4000244140625</ele>
        <time>2026-06-24T12:46:11Z</time>
      </trkpt>
      <trkpt lat="46.34141287766397" lon="11.802123421803117">
        <ele>1996.5999755859375</ele>
        <time>2026-06-24T12:46:09Z</time>
      </trkpt>
      <trkpt lat="46.341386642307043" lon="11.802041949704289">
        <ele>1996.800048828125</ele>
        <time>2026-06-24T12:46:08Z</time>
      </trkpt>
      <trkpt lat="46.341350683942437" lon="11.801967266947031">
        <ele>1997.199951171875</ele>
        <time>2026-06-24T12:46:07Z</time>
      </trkpt>
      <trkpt lat="46.341264937072992" lon="11.8018445558846">
        <ele>1997.5999755859375</ele>
        <time>2026-06-24T12:46:05Z</time>
      </trkpt>
      <trkpt lat="46.340876938775182" lon="11.801434177905321">
        <ele>1999.4000244140625</ele>
        <time>2026-06-24T12:45:54Z</time>
      </trkpt>
      <trkpt lat="46.340860761702061" lon="11.801412468776107">
        <ele>1999.4000244140625</ele>
        <time>2026-06-24T12:45:53Z</time>
      </trkpt>
      <trkpt lat="46.340845339000225" lon="11.801383215934038">
        <ele>2000</ele>
        <time>2026-06-24T12:44:50Z</time>
      </trkpt>
      <trkpt lat="46.34084852412343" lon="11.801347089931369">
        <ele>1999.4000244140625</ele>
        <time>2026-06-24T12:44:44Z</time>
      </trkpt>
      <trkpt lat="46.340865539386868" lon="11.801005778834224">
        <ele>1996.4000244140625</ele>
        <time>2026-06-24T12:44:30Z</time>
      </trkpt>
      <trkpt lat="46.340864198282361" lon="11.800980968400836">
        <ele>1996.199951171875</ele>
        <time>2026-06-24T12:44:29Z</time>
      </trkpt>
      <trkpt lat="46.340862018987536" lon="11.800954565405846">
        <ele>1996</ele>
        <time>2026-06-24T12:44:28Z</time>
      </trkpt>
      <trkpt lat="46.340857408940792" lon="11.800921875983477">
        <ele>1996</ele>
        <time>2026-06-24T12:44:27Z</time>
      </trkpt>
      <trkpt lat="46.340846428647637" lon="11.800883738324046">
        <ele>1996</ele>
        <time>2026-06-24T12:44:26Z</time>
      </trkpt>
      <trkpt lat="46.340823043137789" lon="11.800848366692662">
        <ele>1996</ele>
        <time>2026-06-24T12:44:25Z</time>
      </trkpt>
      <trkpt lat="46.340788090601563" lon="11.800825316458941">
        <ele>1996</ele>
        <time>2026-06-24T12:44:24Z</time>
      </trkpt>
      <trkpt lat="46.340746181085706" lon="11.800822550430894">
        <ele>1996.199951171875</ele>
        <time>2026-06-24T12:44:23Z</time>
      </trkpt>
      <trkpt lat="46.340703936293721" lon="11.800844008103013">
        <ele>1996.199951171875</ele>
        <time>2026-06-24T12:44:22Z</time>
      </trkpt>
      <trkpt lat="46.340666553005576" lon="11.800890611484647">
        <ele>1996.4000244140625</ele>
        <time>2026-06-24T12:44:21Z</time>
      </trkpt>
      <trkpt lat="46.340610813349485" lon="11.801030002534389">
        <ele>1996.4000244140625</ele>
        <time>2026-06-24T12:44:19Z</time>
      </trkpt>
      <trkpt lat="46.340580470860004" lon="11.801099572330713">
        <ele>1996.5999755859375</ele>
        <time>2026-06-24T12:44:18Z</time>
      </trkpt>
      <trkpt lat="46.340545937418938" lon="11.801162268966436">
        <ele>1996.5999755859375</ele>
        <time>2026-06-24T12:44:17Z</time>
      </trkpt>
      <trkpt lat="46.340426160022616" lon="11.801307778805494">
        <ele>1997.199951171875</ele>
        <time>2026-06-24T12:44:14Z</time>
      </trkpt>
      <trkpt lat="46.340388525277376" lon="11.801356561481953">
        <ele>1997.199951171875</ele>
        <time>2026-06-24T12:44:13Z</time>
      </trkpt>
      <trkpt lat="46.34032566100359" lon="11.801466783508658">
        <ele>1997.5999755859375</ele>
        <time>2026-06-24T12:44:11Z</time>
      </trkpt>
      <trkpt lat="46.340297078713775" lon="11.801525456830859">
        <ele>1997.5999755859375</ele>
        <time>2026-06-24T12:44:10Z</time>
      </trkpt>
      <trkpt lat="46.340269586071372" lon="11.80158413015306">
        <ele>1997.800048828125</ele>
        <time>2026-06-24T12:44:09Z</time>
      </trkpt>
      <trkpt lat="46.340245865285397" lon="11.801642216742039">
        <ele>1998</ele>
        <time>2026-06-24T12:44:08Z</time>
      </trkpt>
      <trkpt lat="46.340227257460356" lon="11.801699548959732">
        <ele>1998.199951171875</ele>
        <time>2026-06-24T12:44:07Z</time>
      </trkpt>
      <trkpt lat="46.340198423713446" lon="11.801857464015484">
        <ele>1999</ele>
        <time>2026-06-24T12:44:04Z</time>
      </trkpt>
      <trkpt lat="46.340189203619957" lon="11.801901552826166">
        <ele>1999</ele>
        <time>2026-06-24T12:44:03Z</time>
      </trkpt>
      <trkpt lat="46.340144695714116" lon="11.802000375464559">
        <ele>1998.800048828125</ele>
        <time>2026-06-24T12:43:45Z</time>
      </trkpt>
      <trkpt lat="46.340145701542497" lon="11.802001046016812">
        <ele>1998.800048828125</ele>
        <time>2026-06-24T12:43:43Z</time>
      </trkpt>
      <trkpt lat="46.339883515611291" lon="11.802106574177742">
        <ele>1997.199951171875</ele>
        <time>2026-06-24T12:43:27Z</time>
      </trkpt>
      <trkpt lat="46.339584784582257" lon="11.802039351314306">
        <ele>1995.199951171875</ele>
        <time>2026-06-24T12:43:11Z</time>
      </trkpt>
      <trkpt lat="46.339478753507137" lon="11.801611706614494">
        <ele>1994.199951171875</ele>
        <time>2026-06-24T12:42:55Z</time>
      </trkpt>
      <trkpt lat="46.339246574789286" lon="11.801365111023188">
        <ele>1993.199951171875</ele>
        <time>2026-06-24T12:42:42Z</time>
      </trkpt>
      <trkpt lat="46.338900988921523" lon="11.801273915916681">
        <ele>1991.5999755859375</ele>
        <time>2026-06-24T12:42:25Z</time>
      </trkpt>
      <trkpt lat="46.338683729991317" lon="11.801157742738724">
        <ele>1992.5999755859375</ele>
        <time>2026-06-24T12:42:15Z</time>
      </trkpt>
      <trkpt lat="46.338591361418366" lon="11.800334053114057">
        <ele>1987.4000244140625</ele>
        <time>2026-06-24T12:34:49Z</time>
      </trkpt>
      <trkpt lat="46.338584488257766" lon="11.799779674038291">
        <ele>1984.4000244140625</ele>
        <time>2026-06-24T12:34:31Z</time>
      </trkpt>
      <trkpt lat="46.338646346703172" lon="11.799392178654671">
        <ele>1981.4000244140625</ele>
        <time>2026-06-24T12:34:16Z</time>
      </trkpt>
      <trkpt lat="46.338787330314517" lon="11.798949865624309">
        <ele>1978.4000244140625</ele>
        <time>2026-06-24T12:34:01Z</time>
      </trkpt>
      <trkpt lat="46.338972738012671" lon="11.79873394779861">
        <ele>1975.199951171875</ele>
        <time>2026-06-24T12:33:49Z</time>
      </trkpt>
      <trkpt lat="46.339297452941537" lon="11.798678794875741">
        <ele>1972</ele>
        <time>2026-06-24T12:33:34Z</time>
      </trkpt>
      <trkpt lat="46.339658293873072" lon="11.798566142097116">
        <ele>1969</ele>
        <time>2026-06-24T12:33:17Z</time>
      </trkpt>
      <trkpt lat="46.339944368228316" lon="11.798455584794283">
        <ele>1966</ele>
        <time>2026-06-24T12:33:03Z</time>
      </trkpt>
      <trkpt lat="46.340182414278388" lon="11.798524148762226">
        <ele>1962.800048828125</ele>
        <time>2026-06-24T12:32:51Z</time>
      </trkpt>
      <trkpt lat="46.34038869291544" lon="11.798468409106135">
        <ele>1960.199951171875</ele>
        <time>2026-06-24T12:32:38Z</time>
      </trkpt>
      <trkpt lat="46.340485503897071" lon="11.798058114945889">
        <ele>1957</ele>
        <time>2026-06-24T12:32:22Z</time>
      </trkpt>
      <trkpt lat="46.340751210227609" lon="11.797806322574615">
        <ele>1954</ele>
        <time>2026-06-24T12:32:05Z</time>
      </trkpt>
      <trkpt lat="46.341033009812236" lon="11.79756123572588">
        <ele>1950.800048828125</ele>
        <time>2026-06-24T12:31:48Z</time>
      </trkpt>
      <trkpt lat="46.341269882395864" lon="11.797365350648761">
        <ele>1947.800048828125</ele>
        <time>2026-06-24T12:31:34Z</time>
      </trkpt>
      <trkpt lat="46.34153407998383" lon="11.797154545783997">
        <ele>1944.800048828125</ele>
        <time>2026-06-24T12:31:19Z</time>
      </trkpt>
      <trkpt lat="46.341460822150111" lon="11.796683482825756">
        <ele>1941.800048828125</ele>
        <time>2026-06-24T12:31:03Z</time>
      </trkpt>
      <trkpt lat="46.34119838476181" lon="11.796388775110245">
        <ele>1938.5999755859375</ele>
        <time>2026-06-24T12:30:47Z</time>
      </trkpt>
      <trkpt lat="46.341050025075674" lon="11.795983929187059">
        <ele>1935.800048828125</ele>
        <time>2026-06-24T12:30:31Z</time>
      </trkpt>
      <trkpt lat="46.341144656762481" lon="11.795533737167716">
        <ele>1933.199951171875</ele>
        <time>2026-06-24T12:30:15Z</time>
      </trkpt>
      <trkpt lat="46.341400304809213" lon="11.795344389975071">
        <ele>1930</ele>
        <time>2026-06-24T12:30:01Z</time>
      </trkpt>
      <trkpt lat="46.341546988114715" lon="11.794875338673592">
        <ele>1927.4000244140625</ele>
        <time>2026-06-24T12:29:43Z</time>
      </trkpt>
      <trkpt lat="46.341471970081329" lon="11.794464122503996">
        <ele>1924</ele>
        <time>2026-06-24T12:29:29Z</time>
      </trkpt>
      <trkpt lat="46.341437604278326" lon="11.794325737282634">
        <ele>1920.5999755859375</ele>
        <time>2026-06-24T12:29:24Z</time>
      </trkpt>
      <trkpt lat="46.341414051130414" lon="11.79424392990768">
        <ele>1917.5999755859375</ele>
        <time>2026-06-24T12:29:21Z</time>
      </trkpt>
      <trkpt lat="46.341365016996861" lon="11.794077046215534">
        <ele>1915.199951171875</ele>
        <time>2026-06-24T12:29:15Z</time>
      </trkpt>
      <trkpt lat="46.341339787468314" lon="11.793989539146423">
        <ele>1919.4000244140625</ele>
        <time>2026-06-24T12:29:12Z</time>
      </trkpt>
      <trkpt lat="46.341367615386844" lon="11.793406661599874">
        <ele>1916.5999755859375</ele>
        <time>2026-06-24T12:28:53Z</time>
      </trkpt>
      <trkpt lat="46.341543048620224" lon="11.793070212006569">
        <ele>1914.4000244140625</ele>
        <time>2026-06-24T12:28:39Z</time>
      </trkpt>
      <trkpt lat="46.341329226270318" lon="11.792639130726457">
        <ele>1912.199951171875</ele>
        <time>2026-06-24T12:28:21Z</time>
      </trkpt>
      <trkpt lat="46.341260327026248" lon="11.792075112462044">
        <ele>1909.800048828125</ele>
        <time>2026-06-24T12:28:02Z</time>
      </trkpt>
      <trkpt lat="46.341295363381505" lon="11.791607905179262">
        <ele>1907.800048828125</ele>
        <time>2026-06-24T12:27:46Z</time>
      </trkpt>
      <trkpt lat="46.341305924579501" lon="11.791061740368605">
        <ele>1907.5999755859375</ele>
        <time>2026-06-24T12:27:27Z</time>
      </trkpt>
      <trkpt lat="46.341300560161471" lon="11.791034247726202">
        <ele>1907.800048828125</ele>
        <time>2026-06-24T12:27:26Z</time>
      </trkpt>
      <trkpt lat="46.34129611775279" lon="11.791007006540895">
        <ele>1908</ele>
        <time>2026-06-24T12:27:25Z</time>
      </trkpt>
      <trkpt lat="46.341292597353458" lon="11.790979094803333">
        <ele>1908.199951171875</ele>
        <time>2026-06-24T12:27:24Z</time>
      </trkpt>
      <trkpt lat="46.341288574039936" lon="11.790951350703835">
        <ele>1908.4000244140625</ele>
        <time>2026-06-24T12:27:23Z</time>
      </trkpt>
      <trkpt lat="46.341281365603209" lon="11.790927210822701">
        <ele>1908.4000244140625</ele>
        <time>2026-06-24T12:27:22Z</time>
      </trkpt>
      <trkpt lat="46.341270804405212" lon="11.790907764807343">
        <ele>1908.4000244140625</ele>
        <time>2026-06-24T12:27:21Z</time>
      </trkpt>
      <trkpt lat="46.341261332854629" lon="11.790889408439398">
        <ele>1908.199951171875</ele>
        <time>2026-06-24T12:27:20Z</time>
      </trkpt>
      <trkpt lat="46.34126678109169" lon="11.790836183354259">
        <ele>1905.800048828125</ele>
        <time>2026-06-24T12:25:57Z</time>
      </trkpt>
      <trkpt lat="46.341271558776498" lon="11.790814474225044">
        <ele>1905.4000244140625</ele>
        <time>2026-06-24T12:25:52Z</time>
      </trkpt>
      <trkpt lat="46.341273486614227" lon="11.790794441476464">
        <ele>1905.199951171875</ele>
        <time>2026-06-24T12:25:51Z</time>
      </trkpt>
      <trkpt lat="46.34112412109971" lon="11.790497554466128">
        <ele>1902.800048828125</ele>
        <time>2026-06-24T12:25:36Z</time>
      </trkpt>
      <trkpt lat="46.340896971523762" lon="11.790651194751263">
        <ele>1899.800048828125</ele>
        <time>2026-06-24T12:25:21Z</time>
      </trkpt>
      <trkpt lat="46.340821366757154" lon="11.791097447276115">
        <ele>1896.800048828125</ele>
        <time>2026-06-24T12:25:04Z</time>
      </trkpt>
      <trkpt lat="46.34070435538888" lon="11.791444206610322">
        <ele>1893.5999755859375</ele>
        <time>2026-06-24T12:24:51Z</time>
      </trkpt>
      <trkpt lat="46.340523893013597" lon="11.791770933195949">
        <ele>1890.4000244140625</ele>
        <time>2026-06-24T12:24:37Z</time>
      </trkpt>
      <trkpt lat="46.340320631861687" lon="11.792049212381244">
        <ele>1887.199951171875</ele>
        <time>2026-06-24T12:24:23Z</time>
      </trkpt>
      <trkpt lat="46.340095661580563" lon="11.792346769943833">
        <ele>1884</ele>
        <time>2026-06-24T12:24:08Z</time>
      </trkpt>
      <trkpt lat="46.339843617752194" lon="11.792666707187891">
        <ele>1880.800048828125</ele>
        <time>2026-06-24T12:23:52Z</time>
      </trkpt>
      <trkpt lat="46.339550502598286" lon="11.792803080752492">
        <ele>1877.800048828125</ele>
        <time>2026-06-24T12:23:37Z</time>
      </trkpt>
      <trkpt lat="46.339312791824341" lon="11.792706856504083">
        <ele>1874.5999755859375</ele>
        <time>2026-06-24T12:23:24Z</time>
      </trkpt>
      <trkpt lat="46.339128222316504" lon="11.792181981727481">
        <ele>1871.4000244140625</ele>
        <time>2026-06-24T12:23:04Z</time>
      </trkpt>
      <trkpt lat="46.338751036673784" lon="11.79191174916923">
        <ele>1869</ele>
        <time>2026-06-24T12:22:43Z</time>
      </trkpt>
      <trkpt lat="46.338731925934553" lon="11.79189900867641">
        <ele>1868.800048828125</ele>
        <time>2026-06-24T12:22:42Z</time>
      </trkpt>
      <trkpt lat="46.338712563738227" lon="11.791888196021318">
        <ele>1868.5999755859375</ele>
        <time>2026-06-24T12:22:41Z</time>
      </trkpt>
      <trkpt lat="46.338692866265774" lon="11.791881239041686">
        <ele>1868.5999755859375</ele>
        <time>2026-06-24T12:22:40Z</time>
      </trkpt>
      <trkpt lat="46.33867266587913" lon="11.791877551004291">
        <ele>1868.4000244140625</ele>
        <time>2026-06-24T12:22:39Z</time>
      </trkpt>
      <trkpt lat="46.338652297854424" lon="11.791875958442688">
        <ele>1868.199951171875</ele>
        <time>2026-06-24T12:22:38Z</time>
      </trkpt>
      <trkpt lat="46.338632181286812" lon="11.791873360052705">
        <ele>1868.199951171875</ele>
        <time>2026-06-24T12:22:37Z</time>
      </trkpt>
      <trkpt lat="46.338596222922206" lon="11.791848046705127">
        <ele>1867.800048828125</ele>
        <time>2026-06-24T12:22:35Z</time>
      </trkpt>
      <trkpt lat="46.338560096919537" lon="11.791820386424661">
        <ele>1867</ele>
        <time>2026-06-24T12:22:33Z</time>
      </trkpt>
      <trkpt lat="46.338400254026055" lon="11.791669679805636">
        <ele>1863.800048828125</ele>
        <time>2026-06-24T12:22:23Z</time>
      </trkpt>
      <trkpt lat="46.338238567113876" lon="11.791233737021685">
        <ele>1861.4000244140625</ele>
        <time>2026-06-24T12:22:07Z</time>
      </trkpt>
      <trkpt lat="46.337986858561635" lon="11.791117563843727">
        <ele>1858.199951171875</ele>
        <time>2026-06-24T12:21:54Z</time>
      </trkpt>
      <trkpt lat="46.337714865803719" lon="11.791068194434047">
        <ele>1855</ele>
        <time>2026-06-24T12:21:41Z</time>
      </trkpt>
      <trkpt lat="46.33747112005949" lon="11.79096476174891">
        <ele>1852</ele>
        <time>2026-06-24T12:21:29Z</time>
      </trkpt>
      <trkpt lat="46.337165767326951" lon="11.79081229493022">
        <ele>1848.800048828125</ele>
        <time>2026-06-24T12:21:14Z</time>
      </trkpt>
      <trkpt lat="46.337042385712266" lon="11.790747838094831">
        <ele>1846.5999755859375</ele>
        <time>2026-06-24T12:21:08Z</time>
      </trkpt>
      <trkpt lat="46.336753712967038" lon="11.790707018226385">
        <ele>1843.4000244140625</ele>
        <time>2026-06-24T12:20:54Z</time>
      </trkpt>
      <trkpt lat="46.336452551186085" lon="11.79063736461103">
        <ele>1840.199951171875</ele>
        <time>2026-06-24T12:20:40Z</time>
      </trkpt>
      <trkpt lat="46.336209056898952" lon="11.790552875027061">
        <ele>1837</ele>
        <time>2026-06-24T12:20:28Z</time>
      </trkpt>
      <trkpt lat="46.335915606468916" lon="11.790432594716549">
        <ele>1833.800048828125</ele>
        <time>2026-06-24T12:20:14Z</time>
      </trkpt>
      <trkpt lat="46.335668424144387" lon="11.790339723229408">
        <ele>1830.800048828125</ele>
        <time>2026-06-24T12:20:02Z</time>
      </trkpt>
      <trkpt lat="46.335395677015185" lon="11.790246181190014">
        <ele>1827.5999755859375</ele>
        <time>2026-06-24T12:19:49Z</time>
      </trkpt>
      <trkpt lat="46.335129467770457" lon="11.790158590301871">
        <ele>1824.4000244140625</ele>
        <time>2026-06-24T12:19:36Z</time>
      </trkpt>
      <trkpt lat="46.334834843873978" lon="11.790022887289524">
        <ele>1821.4000244140625</ele>
        <time>2026-06-24T12:19:22Z</time>
      </trkpt>
      <trkpt lat="46.334554385393858" lon="11.789903026074171">
        <ele>1818.4000244140625</ele>
        <time>2026-06-24T12:19:08Z</time>
      </trkpt>
      <trkpt lat="46.334258923307061" lon="11.78976321592927">
        <ele>1815.199951171875</ele>
        <time>2026-06-24T12:18:53Z</time>
      </trkpt>
      <trkpt lat="46.333994474261999" lon="11.789645869284868">
        <ele>1812</ele>
        <time>2026-06-24T12:18:39Z</time>
      </trkpt>
      <trkpt lat="46.333832871168852" lon="11.789598930627108">
        <ele>1808.800048828125</ele>
        <time>2026-06-24T12:18:31Z</time>
      </trkpt>
      <trkpt lat="46.33349759504199" lon="11.78950765170157">
        <ele>1806.199951171875</ele>
        <time>2026-06-24T12:18:14Z</time>
      </trkpt>
      <trkpt lat="46.333215795457363" lon="11.789388377219439">
        <ele>1803.199951171875</ele>
        <time>2026-06-24T12:17:59Z</time>
      </trkpt>
      <trkpt lat="46.332917064428329" lon="11.789232306182384">
        <ele>1800.199951171875</ele>
        <time>2026-06-24T12:17:42Z</time>
      </trkpt>
      <trkpt lat="46.332657476887107" lon="11.789127197116613">
        <ele>1797</ele>
        <time>2026-06-24T12:17:27Z</time>
      </trkpt>
      <trkpt lat="46.332367630675435" lon="11.788979256525636">
        <ele>1794</ele>
        <time>2026-06-24T12:17:12Z</time>
      </trkpt>
      <trkpt lat="46.332040317356586" lon="11.788866939023137">
        <ele>1791</ele>
        <time>2026-06-24T12:16:56Z</time>
      </trkpt>
      <trkpt lat="46.331779640167952" lon="11.788752358406782">
        <ele>1789.4000244140625</ele>
        <time>2026-06-24T12:16:42Z</time>
      </trkpt>
      <trkpt lat="46.331762121990323" lon="11.788744814693928">
        <ele>1789.4000244140625</ele>
        <time>2026-06-24T12:16:41Z</time>
      </trkpt>
      <trkpt lat="46.331744603812695" lon="11.788737857714295">
        <ele>1789.199951171875</ele>
        <time>2026-06-24T12:16:40Z</time>
      </trkpt>
      <trkpt lat="46.331727420911193" lon="11.788728469982743">
        <ele>1789.199951171875</ele>
        <time>2026-06-24T12:16:39Z</time>
      </trkpt>
      <trkpt lat="46.331713423132896" lon="11.788712544366717">
        <ele>1789.199951171875</ele>
        <time>2026-06-24T12:16:38Z</time>
      </trkpt>
      <trkpt lat="46.331700515002012" lon="11.788691002875566">
        <ele>1789.199951171875</ele>
        <time>2026-06-24T12:16:37Z</time>
      </trkpt>
      <trkpt lat="46.331687774509192" lon="11.788679771125317">
        <ele>1789.199951171875</ele>
        <time>2026-06-24T12:16:36Z</time>
      </trkpt>
      <trkpt lat="46.331673273816705" lon="11.788678010925651">
        <ele>1789.199951171875</ele>
        <time>2026-06-24T12:16:35Z</time>
      </trkpt>
      <trkpt lat="46.331605883315206" lon="11.788699049502611">
        <ele>1787.5999755859375</ele>
        <time>2026-06-24T12:15:41Z</time>
      </trkpt>
      <trkpt lat="46.331580318510532" lon="11.788687314838171">
        <ele>1786.199951171875</ele>
        <time>2026-06-24T12:15:35Z</time>
      </trkpt>
      <trkpt lat="46.331272618845105" lon="11.788495788350701">
        <ele>1783</ele>
        <time>2026-06-24T12:15:20Z</time>
      </trkpt>
      <trkpt lat="46.330943964421749" lon="11.788216419517994">
        <ele>1779.800048828125</ele>
        <time>2026-06-24T12:15:04Z</time>
      </trkpt>
      <trkpt lat="46.330679096281528" lon="11.788026904687285">
        <ele>1776.800048828125</ele>
        <time>2026-06-24T12:14:51Z</time>
      </trkpt>
      <trkpt lat="46.330391764640808" lon="11.7879259865731">
        <ele>1773.800048828125</ele>
        <time>2026-06-24T12:14:39Z</time>
      </trkpt>
      <trkpt lat="46.330087585374713" lon="11.787685761228204">
        <ele>1770.4000244140625</ele>
        <time>2026-06-24T12:14:27Z</time>
      </trkpt>
      <trkpt lat="46.329865884035826" lon="11.787467747926712">
        <ele>1767.199951171875</ele>
        <time>2026-06-24T12:14:15Z</time>
      </trkpt>
      <trkpt lat="46.329647284001112" lon="11.78723992779851">
        <ele>1764</ele>
        <time>2026-06-24T12:14:04Z</time>
      </trkpt>
      <trkpt lat="46.329444022849202" lon="11.787020405754447">
        <ele>1761</ele>
        <time>2026-06-24T12:13:52Z</time>
      </trkpt>
      <trkpt lat="46.329228356480598" lon="11.786714633926749">
        <ele>1758</ele>
        <time>2026-06-24T12:13:39Z</time>
      </trkpt>
      <trkpt lat="46.329003302380443" lon="11.786412969231606">
        <ele>1754.800048828125</ele>
        <time>2026-06-24T12:13:25Z</time>
      </trkpt>
      <trkpt lat="46.328767016530037" lon="11.786083895713091">
        <ele>1751.5999755859375</ele>
        <time>2026-06-24T12:13:11Z</time>
      </trkpt>
      <trkpt lat="46.328531065955758" lon="11.785758845508099">
        <ele>1748.5999755859375</ele>
        <time>2026-06-24T12:12:57Z</time>
      </trkpt>
      <trkpt lat="46.328328642994165" lon="11.785435806959867">
        <ele>1745.5999755859375</ele>
        <time>2026-06-24T12:12:45Z</time>
      </trkpt>
      <trkpt lat="46.328160418197513" lon="11.785117797553539">
        <ele>1742.4000244140625</ele>
        <time>2026-06-24T12:12:32Z</time>
      </trkpt>
      <trkpt lat="46.327950116246939" lon="11.784767853096128">
        <ele>1739.4000244140625</ele>
        <time>2026-06-24T12:12:18Z</time>
      </trkpt>
      <trkpt lat="46.327705616131425" lon="11.784327300265431">
        <ele>1736.5999755859375</ele>
        <time>2026-06-24T12:12:02Z</time>
      </trkpt>
      <trkpt lat="46.327449968084693" lon="11.783864954486489">
        <ele>1733.5999755859375</ele>
        <time>2026-06-24T12:11:45Z</time>
      </trkpt>
      <trkpt lat="46.327388109639287" lon="11.783738136291504">
        <ele>1731.199951171875</ele>
        <time>2026-06-24T12:11:41Z</time>
      </trkpt>
      <trkpt lat="46.327053001150489" lon="11.783277466893196">
        <ele>1728</ele>
        <time>2026-06-24T12:11:23Z</time>
      </trkpt>
      <trkpt lat="46.326834233477712" lon="11.783029278740287">
        <ele>1724.800048828125</ele>
        <time>2026-06-24T12:11:12Z</time>
      </trkpt>
      <trkpt lat="46.326627871021628" lon="11.782728536054492">
        <ele>1721.800048828125</ele>
        <time>2026-06-24T12:11:00Z</time>
      </trkpt>
      <trkpt lat="46.326422095298767" lon="11.782504739239812">
        <ele>1718.800048828125</ele>
        <time>2026-06-24T12:10:50Z</time>
      </trkpt>
      <trkpt lat="46.326164435595274" lon="11.782283876091242">
        <ele>1715.5999755859375</ele>
        <time>2026-06-24T12:10:38Z</time>
      </trkpt>
      <trkpt lat="46.325949188321829" lon="11.781941307708621">
        <ele>1712.4000244140625</ele>
        <time>2026-06-24T12:10:26Z</time>
      </trkpt>
      <trkpt lat="46.325676357373595" lon="11.781688760966063">
        <ele>1709</ele>
        <time>2026-06-24T12:10:13Z</time>
      </trkpt>
      <trkpt lat="46.325438311323524" lon="11.781409224495292">
        <ele>1706</ele>
        <time>2026-06-24T12:10:00Z</time>
      </trkpt>
      <trkpt lat="46.325242090970278" lon="11.781115019693971">
        <ele>1702.800048828125</ele>
        <time>2026-06-24T12:09:49Z</time>
      </trkpt>
      <trkpt lat="46.325186351314187" lon="11.781043438240886">
        <ele>1699.800048828125</ele>
        <time>2026-06-24T12:09:46Z</time>
      </trkpt>
      <trkpt lat="46.325040757656097" lon="11.780915781855583">
        <ele>1700.199951171875</ele>
        <time>2026-06-24T12:09:39Z</time>
      </trkpt>
      <trkpt lat="46.324977809563279" lon="11.780870016664267">
        <ele>1695.5999755859375</ele>
        <time>2026-06-24T12:09:36Z</time>
      </trkpt>
      <trkpt lat="46.324851326644421" lon="11.780760381370783">
        <ele>1691</ele>
        <time>2026-06-24T12:09:30Z</time>
      </trkpt>
      <trkpt lat="46.324740350246429" lon="11.780612776055932">
        <ele>1695.199951171875</ele>
        <time>2026-06-24T12:09:24Z</time>
      </trkpt>
      <trkpt lat="46.324519068002701" lon="11.780258053913713">
        <ele>1692.199951171875</ele>
        <time>2026-06-24T12:09:11Z</time>
      </trkpt>
      <trkpt lat="46.324357045814395" lon="11.779837952926755">
        <ele>1689</ele>
        <time>2026-06-24T12:08:58Z</time>
      </trkpt>
      <trkpt lat="46.324196280911565" lon="11.779519943520427">
        <ele>1686</ele>
        <time>2026-06-24T12:08:47Z</time>
      </trkpt>
      <trkpt lat="46.323962928727269" lon="11.779225487262011">
        <ele>1682.800048828125</ele>
        <time>2026-06-24T12:08:35Z</time>
      </trkpt>
      <trkpt lat="46.32373527623713" lon="11.778872525319457">
        <ele>1679.800048828125</ele>
        <time>2026-06-24T12:08:22Z</time>
      </trkpt>
      <trkpt lat="46.32349044084549" lon="11.778473211452365">
        <ele>1676.5999755859375</ele>
        <time>2026-06-24T12:08:08Z</time>
      </trkpt>
      <trkpt lat="46.323237475007772" lon="11.778126787394285">
        <ele>1673.800048828125</ele>
        <time>2026-06-24T12:07:55Z</time>
      </trkpt>
      <trkpt lat="46.322914939373732" lon="11.777785727754235">
        <ele>1672</ele>
        <time>2026-06-24T12:07:40Z</time>
      </trkpt>
      <trkpt lat="46.32289289496839" lon="11.777758318930864">
        <ele>1671.800048828125</ele>
        <time>2026-06-24T12:07:39Z</time>
      </trkpt>
      <trkpt lat="46.322869341820478" lon="11.777730993926525">
        <ele>1671.800048828125</ele>
        <time>2026-06-24T12:07:38Z</time>
      </trkpt>
      <trkpt lat="46.322847967967391" lon="11.777704004198313">
        <ele>1671.5999755859375</ele>
        <time>2026-06-24T12:07:37Z</time>
      </trkpt>
      <trkpt lat="46.322829024866223" lon="11.777672655880451">
        <ele>1671.4000244140625</ele>
        <time>2026-06-24T12:07:36Z</time>
      </trkpt>
      <trkpt lat="46.322809411212802" lon="11.777642564848065">
        <ele>1671.199951171875</ele>
        <time>2026-06-24T12:07:35Z</time>
      </trkpt>
      <trkpt lat="46.322787869721651" lon="11.777616832405329">
        <ele>1671</ele>
        <time>2026-06-24T12:07:34Z</time>
      </trkpt>
      <trkpt lat="46.322765070945024" lon="11.777593195438385">
        <ele>1671</ele>
        <time>2026-06-24T12:07:33Z</time>
      </trkpt>
      <trkpt lat="46.322743613272905" lon="11.77757584489882">
        <ele>1670.800048828125</ele>
        <time>2026-06-24T12:07:32Z</time>
      </trkpt>
      <trkpt lat="46.322721820324659" lon="11.777565702795982">
        <ele>1670.800048828125</ele>
        <time>2026-06-24T12:07:31Z</time>
      </trkpt>
      <trkpt lat="46.322697177529335" lon="11.77756461314857">
        <ele>1670.5999755859375</ele>
        <time>2026-06-24T12:07:30Z</time>
      </trkpt>
      <trkpt lat="46.322679156437516" lon="11.777580287307501">
        <ele>1670.4000244140625</ele>
        <time>2026-06-24T12:07:29Z</time>
      </trkpt>
      <trkpt lat="46.322939917445183" lon="11.778101222589612">
        <ele>1667.4000244140625</ele>
        <time>2026-06-24T12:07:10Z</time>
      </trkpt>
      <trkpt lat="46.323109399527311" lon="11.778483940288424">
        <ele>1666</ele>
        <time>2026-06-24T12:06:56Z</time>
      </trkpt>
      <trkpt lat="46.322933714836836" lon="11.778703043237329">
        <ele>1664.800048828125</ele>
        <time>2026-06-24T12:06:45Z</time>
      </trkpt>
      <trkpt lat="46.322866156697273" lon="11.778678651899099">
        <ele>1663.199951171875</ele>
        <time>2026-06-24T12:06:42Z</time>
      </trkpt>
      <trkpt lat="46.322720730677247" lon="11.778585948050022">
        <ele>1659</ele>
        <time>2026-06-24T12:06:35Z</time>
      </trkpt>
      <trkpt lat="46.322425603866577" lon="11.778467008844018">
        <ele>1656</ele>
        <time>2026-06-24T12:06:21Z</time>
      </trkpt>
      <trkpt lat="46.322385286912322" lon="11.778455022722483">
        <ele>1656.800048828125</ele>
        <time>2026-06-24T12:06:19Z</time>
      </trkpt>
      <trkpt lat="46.32206954061985" lon="11.778364917263389">
        <ele>1656.5999755859375</ele>
        <time>2026-06-24T12:06:04Z</time>
      </trkpt>
      <trkpt lat="46.321781203150749" lon="11.778431050479412">
        <ele>1655.800048828125</ele>
        <time>2026-06-24T12:05:48Z</time>
      </trkpt>
      <trkpt lat="46.321611134335399" lon="11.778949135914445">
        <ele>1655.4000244140625</ele>
        <time>2026-06-24T12:05:31Z</time>
      </trkpt>
      <trkpt lat="46.321481885388494" lon="11.779489852488041">
        <ele>1655.4000244140625</ele>
        <time>2026-06-24T12:05:15Z</time>
      </trkpt>
      <trkpt lat="46.321366550400853" lon="11.779906013980508">
        <ele>1655.5999755859375</ele>
        <time>2026-06-24T12:05:02Z</time>
      </trkpt>
      <trkpt lat="46.321360934525728" lon="11.779934344813228">
        <ele>1655.5999755859375</ele>
        <time>2026-06-24T12:05:01Z</time>
      </trkpt>
      <trkpt lat="46.321356911212206" lon="11.779961166903377">
        <ele>1655.5999755859375</ele>
        <time>2026-06-24T12:05:00Z</time>
      </trkpt>
      <trkpt lat="46.321406029164791" lon="11.780070969834924">
        <ele>1675.609293</ele>
        <time>2026-08-10T01:17:41Z</time>
      </trkpt>
      <trkpt lat="46.321531003341079" lon="11.780765997245908">
        <ele>1676.5384899999999</ele>
        <time>2026-08-10T01:17:58Z</time>
      </trkpt>
      <trkpt lat="46.321609038859606" lon="11.781765036284924">
        <ele>1677.839246</ele>
        <time>2026-08-10T01:18:29Z</time>
      </trkpt>
      <trkpt lat="46.321609038859606" lon="11.781765036284924">
        <ele>1679.248182</ele>
        <time>2026-09-17T03:05:35Z</time>
      </trkpt>
      <trkpt lat="46.321596968919039" lon="11.782192010432482">
        <ele>1679.9074149999999</ele>
        <time>2026-09-17T03:05:48Z</time>
      </trkpt>
      <trkpt lat="46.321554975584149" lon="11.782554024830461">
        <ele>1680.4736600000001</ele>
        <time>2026-09-17T03:06:00Z</time>
      </trkpt>
      <trkpt lat="46.321582971140742" lon="11.782806990668178">
        <ele>1680.8689159999999</ele>
        <time>2026-09-17T03:06:08Z</time>
      </trkpt>
      <trkpt lat="46.321609960868955" lon="11.783552980050445">
        <ele>1682.02127</ele>
        <time>2026-09-17T03:06:35Z</time>
      </trkpt>
      <trkpt lat="46.321580959483981" lon="11.784248007461429">
        <ele>1684.637356</ele>
        <time>2026-09-17T03:07:01Z</time>
      </trkpt>
      <trkpt lat="46.321483980864286" lon="11.784892994910479">
        <ele>1687.124824</ele>
        <time>2026-09-17T03:07:27Z</time>
      </trkpt>
      <trkpt lat="46.321302009746432" lon="11.785145038738847">
        <ele>1688.4988330000001</ele>
        <time>2026-09-17T03:07:42Z</time>
      </trkpt>
      <trkpt lat="46.321161026135087" lon="11.785446032881737">
        <ele>1689.8693820000001</ele>
        <time>2026-09-17T03:07:56Z</time>
      </trkpt>
      <trkpt lat="46.321086008101702" lon="11.785693969577551">
        <ele>1690.8895829999999</ele>
        <time>2026-09-17T03:08:07Z</time>
      </trkpt>
      <trkpt lat="46.321045020595193" lon="11.786021031439304">
        <ele>1692.2156769999999</ele>
        <time>2026-09-17T03:08:20Z</time>
      </trkpt>
      <trkpt lat="46.321024987846613" lon="11.786426967009902">
        <ele>1694.1247619999999</ele>
        <time>2026-09-17T03:08:37Z</time>
      </trkpt>
      <trkpt lat="46.321035968139768" lon="11.786814965307713">
        <ele>1695.9461160000001</ele>
        <time>2026-09-17T03:08:53Z</time>
      </trkpt>
      <trkpt lat="46.321122972294688" lon="11.786928959190845">
        <ele>1696.7429850000001</ele>
        <time>2026-09-17T03:09:00Z</time>
      </trkpt>
      <trkpt lat="46.321380967274308" lon="11.787134986370802">
        <ele>1698.743903</ele>
        <time>2026-09-17T03:09:17Z</time>
      </trkpt>
      <trkpt lat="46.321456991136074" lon="11.787265995517373">
        <ele>1699.546349</ele>
        <time>2026-09-17T03:09:25Z</time>
      </trkpt>
      <trkpt lat="46.321983961388469" lon="11.788479024544358">
        <ele>1707.2365990000001</ele>
        <time>2026-09-17T03:10:30Z</time>
      </trkpt>
      <trkpt lat="46.322340024635196" lon="11.789451995864511">
        <ele>1714.6632850000001</ele>
        <time>2026-09-17T03:11:28Z</time>
      </trkpt>
      <trkpt lat="46.322662979364395" lon="11.789949964731932">
        <ele>1719.271193</ele>
        <time>2026-09-17T03:12:06Z</time>
      </trkpt>
      <trkpt lat="46.322797005996108" lon="11.79028800688684">
        <ele>1721.894157</ele>
        <time>2026-09-17T03:12:29Z</time>
      </trkpt>
      <trkpt lat="46.322813015431166" lon="11.790679022669792">
        <ele>1724.4821690000001</ele>
        <time>2026-09-17T03:12:51Z</time>
      </trkpt>
      <trkpt lat="46.322584021836519" lon="11.791091999039054">
        <ele>1727.9817499999999</ele>
        <time>2026-09-17T03:13:21Z</time>
      </trkpt>
      <trkpt lat="46.32232803851366" lon="11.791673032566905">
        <ele>1732.5354689999999</ele>
        <time>2026-09-17T03:13:57Z</time>
      </trkpt>
      <trkpt lat="46.321437964215875" lon="11.793282022699714">
        <ele>1743.9527250000001</ele>
        <time>2026-09-17T03:15:34Z</time>
      </trkpt>
      <trkpt lat="46.321276025846601" lon="11.793638002127409">
        <ele>1745.9222569999999</ele>
        <time>2026-09-17T03:15:52Z</time>
      </trkpt>
      <trkpt lat="46.321171000599861" lon="11.793950982391834">
        <ele>1747.5297840000001</ele>
        <time>2026-09-17T03:16:06Z</time>
      </trkpt>
      <trkpt lat="46.321064969524741" lon="11.794308973476291">
        <ele>1749.3292300000001</ele>
        <time>2026-09-17T03:16:22Z</time>
      </trkpt>
      <trkpt lat="46.320994980633259" lon="11.794512988999486">
        <ele>1750.381568</ele>
        <time>2026-09-17T03:16:30Z</time>
      </trkpt>
      <trkpt lat="46.320776967331767" lon="11.795202987268567">
        <ele>1752.5568310000001</ele>
        <time>2026-09-17T03:16:58Z</time>
      </trkpt>
      <trkpt lat="46.319915978237987" lon="11.797700962051749">
        <ele>1759.111862</ele>
        <time>2026-09-17T03:18:28Z</time>
      </trkpt>
      <trkpt lat="46.319892005994916" lon="11.798020983114839">
        <ele>1759.68867</ele>
        <time>2026-09-17T03:18:37Z</time>
      </trkpt>
      <trkpt lat="46.319928970187902" lon="11.798653984442353">
        <ele>1760.8270540000001</ele>
        <time>2026-09-17T03:18:56Z</time>
      </trkpt>
      <trkpt lat="46.319958977401257" lon="11.798957996070385">
        <ele>1761.3773510000001</ele>
        <time>2026-09-17T03:19:04Z</time>
      </trkpt>
      <trkpt lat="46.319952020421624" lon="11.799123035743833">
        <ele>1761.6735859999999</ele>
        <time>2026-09-17T03:19:09Z</time>
      </trkpt>
      <trkpt lat="46.319886976853013" lon="11.799342976883054">
        <ele>1762.1023849999999</ele>
        <time>2026-09-17T03:19:16Z</time>
      </trkpt>
      <trkpt lat="46.319010984152555" lon="11.800894970074296">
        <ele>1765.36024</ele>
        <time>2026-09-17T03:20:14Z</time>
      </trkpt>
      <trkpt lat="46.318671014159918" lon="11.801775991916656">
        <ele>1767.066638</ele>
        <time>2026-09-17T03:20:44Z</time>
      </trkpt>
      <trkpt lat="46.3184629753232" lon="11.802203971892595">
        <ele>1768.036038</ele>
        <time>2026-09-17T03:21:00Z</time>
      </trkpt>
      <trkpt lat="46.318103978410363" lon="11.802819035947323">
        <ele>1769.5276229999999</ele>
        <time>2026-09-17T03:21:24Z</time>
      </trkpt>
      <trkpt lat="46.317648002877831" lon="11.803677007555962">
        <ele>1771.5391420000001</ele>
        <time>2026-09-17T03:21:58Z</time>
      </trkpt>
      <trkpt lat="46.317256987094879" lon="11.804928006604314">
        <ele>1774.150987</ele>
        <time>2026-09-17T03:22:40Z</time>
      </trkpt>
      <trkpt lat="46.317116003483534" lon="11.805312987416983">
        <ele>1774.979887</ele>
        <time>2026-09-17T03:22:53Z</time>
      </trkpt>
      <trkpt lat="46.316235987469554" lon="11.80672399699688">
        <ele>1779.064848</ele>
        <time>2026-09-17T03:23:50Z</time>
      </trkpt>
      <trkpt lat="46.316017974168062" lon="11.807169998064637">
        <ele>1780.312623</ele>
        <time>2026-09-17T03:24:07Z</time>
      </trkpt>
      <trkpt lat="46.315571973100305" lon="11.808198960497975">
        <ele>1783.6669179999999</ele>
        <time>2026-09-17T03:24:50Z</time>
      </trkpt>
      <trkpt lat="46.315511036664248" lon="11.808418985456228">
        <ele>1784.5648120000001</ele>
        <time>2026-09-17T03:24:59Z</time>
      </trkpt>
      <trkpt lat="46.315232003107667" lon="11.810470037162304">
        <ele>1792.64426</ele>
        <time>2026-09-17T03:26:23Z</time>
      </trkpt>
      <trkpt lat="46.315179029479623" lon="11.810662988573313">
        <ele>1793.7395180000001</ele>
        <time>2026-09-17T03:26:31Z</time>
      </trkpt>
      <trkpt lat="46.315082972869277" lon="11.81087102741003">
        <ele>1795.0587379999999</ele>
        <time>2026-09-17T03:26:41Z</time>
      </trkpt>
      <trkpt lat="46.314650969579816" lon="11.811475027352571">
        <ele>1799.643928</ele>
        <time>2026-09-17T03:27:19Z</time>
      </trkpt>
      <trkpt lat="46.314566982910037" lon="11.811592960730195">
        <ele>1800.5375320000001</ele>
        <time>2026-09-17T03:27:27Z</time>
      </trkpt>
      <trkpt lat="46.314466986805201" lon="11.811822038143873">
        <ele>1801.966265</ele>
        <time>2026-09-17T03:27:40Z</time>
      </trkpt>
      <trkpt lat="46.314211003482342" lon="11.812790986150503">
        <ele>1807.769</ele>
        <time>2026-09-17T03:28:33Z</time>
      </trkpt>
      <trkpt lat="46.31418501958251" lon="11.813229024410248">
        <ele>1810.557519</ele>
        <time>2026-09-17T03:28:59Z</time>
      </trkpt>
      <trkpt lat="46.314231958240271" lon="11.813543010503054">
        <ele>1812.5954839999999</ele>
        <time>2026-09-17T03:29:16Z</time>
      </trkpt>
      <trkpt lat="46.314206980168819" lon="11.813907958567142">
        <ele>1814.922071</ele>
        <time>2026-09-17T03:29:34Z</time>
      </trkpt>
      <trkpt lat="46.314186025410891" lon="11.8140500318259">
        <ele>1815.843206</ele>
        <time>2026-09-17T03:29:42Z</time>
      </trkpt>
      <trkpt lat="46.31416498683393" lon="11.814174000173807">
        <ele>1816.653049</ele>
        <time>2026-09-17T03:29:47Z</time>
      </trkpt>
      <trkpt lat="46.314107989892364" lon="11.814483962953091">
        <ele>1818.6878939999999</ele>
        <time>2026-09-17T03:30:02Z</time>
      </trkpt>
      <trkpt lat="46.313990978524089" lon="11.814684960991144">
        <ele>1820.3552380000001</ele>
        <time>2026-09-17T03:30:15Z</time>
      </trkpt>
      <trkpt lat="46.31388695910573" lon="11.814785962924361">
        <ele>1821.505296</ele>
        <time>2026-09-17T03:30:25Z</time>
      </trkpt>
      <trkpt lat="46.313546989113092" lon="11.815141020342708">
        <ele>1825.513942</ele>
        <time>2026-09-17T03:30:56Z</time>
      </trkpt>
      <trkpt lat="46.313441963866353" lon="11.81527404114604">
        <ele>1826.8622760000001</ele>
        <time>2026-09-17T03:31:05Z</time>
      </trkpt>
      <trkpt lat="46.313366023823619" lon="11.815527006983757">
        <ele>1828.7039609999999</ele>
        <time>2026-09-17T03:31:18Z</time>
      </trkpt>
      <trkpt lat="46.31332696415484" lon="11.815774021670222">
        <ele>1830.395321</ele>
        <time>2026-09-17T03:31:30Z</time>
      </trkpt>
      <trkpt lat="46.31326200440526" lon="11.815973008051515">
        <ele>1831.8647759999999</ele>
        <time>2026-09-17T03:31:41Z</time>
      </trkpt>
      <trkpt lat="46.313151028007269" lon="11.816104017198086">
        <ele>1833.2488049999999</ele>
        <time>2026-09-17T03:31:50Z</time>
      </trkpt>
      <trkpt lat="46.312967967242002" lon="11.816539037972689">
        <ele>1836.6488260000001</ele>
        <time>2026-09-17T03:32:18Z</time>
      </trkpt>
      <trkpt lat="46.312686000019312" lon="11.817051004618406">
        <ele>1841.3817329999999</ele>
        <time>2026-09-17T03:32:59Z</time>
      </trkpt>
      <trkpt lat="46.312457006424665" lon="11.817537993192673">
        <ele>1846.3936819999999</ele>
        <time>2026-09-17T03:33:36Z</time>
      </trkpt>
      <trkpt lat="46.312253996729851" lon="11.817713007330894">
        <ele>1849.303596</ele>
        <time>2026-09-17T03:33:57Z</time>
      </trkpt>
      <trkpt lat="46.311835991218686" lon="11.818789998069406">
        <ele>1859.813298</ele>
        <time>2026-09-17T03:35:12Z</time>
      </trkpt>
      <trkpt lat="46.311786035075784" lon="11.818817993625998">
        <ele>1860.4735840000001</ele>
        <time>2026-09-17T03:35:17Z</time>
      </trkpt>
      <trkpt lat="46.311697019264102" lon="11.818788992241025">
        <ele>1861.5971649999999</ele>
        <time>2026-09-17T03:35:25Z</time>
      </trkpt>
      <trkpt lat="46.311567015945911" lon="11.818719003349543">
        <ele>1863.025783</ele>
        <time>2026-09-17T03:35:38Z</time>
      </trkpt>
      <trkpt lat="46.311423014849424" lon="11.81871498003602">
        <ele>1864.457459</ele>
        <time>2026-09-17T03:35:50Z</time>
      </trkpt>
      <trkpt lat="46.31115697324276" lon="11.818955037742853">
        <ele>1867.573065</ele>
        <time>2026-09-17T03:36:16Z</time>
      </trkpt>
      <trkpt lat="46.310581974685192" lon="11.819052016362548">
        <ele>1873.3274469999999</ele>
        <time>2026-09-17T03:36:57Z</time>
      </trkpt>
      <trkpt lat="46.31042699329555" lon="11.819040030241013">
        <ele>1874.8704049999999</ele>
        <time>2026-09-17T03:37:08Z</time>
      </trkpt>
      <trkpt lat="46.31014896556735" lon="11.819168021902442">
        <ele>1877.770223</ele>
        <time>2026-09-17T03:37:30Z</time>
      </trkpt>
      <trkpt lat="46.30976197309792" lon="11.819169027730823">
        <ele>1881.618428</ele>
        <time>2026-09-17T03:37:59Z</time>
      </trkpt>
      <trkpt lat="46.309543959796429" lon="11.819217978045344">
        <ele>1883.8128810000001</ele>
        <time>2026-09-17T03:38:14Z</time>
      </trkpt>
      <trkpt lat="46.308333026245236" lon="11.819182019680738">
        <ele>1895.8613760000001</ele>
        <time>2026-09-17T03:39:32Z</time>
      </trkpt>
      <trkpt lat="46.308194976300001" lon="11.819117981940508">
        <ele>1897.3027979999999</ele>
        <time>2026-09-17T03:39:43Z</time>
      </trkpt>
      <trkpt lat="46.307933963835239" lon="11.818912960588932">
        <ele>1900.078393</ele>
        <time>2026-09-17T03:40:04Z</time>
      </trkpt>
      <trkpt lat="46.30763397552073" lon="11.818725960329175">
        <ele>1903.1073919999999</ele>
        <time>2026-09-17T03:40:28Z</time>
      </trkpt>
      <trkpt lat="46.307222004979849" lon="11.818645996972919">
        <ele>1906.962297</ele>
        <time>2026-09-17T03:40:56Z</time>
      </trkpt>
      <trkpt lat="46.307144975289702" lon="11.818595035001636">
        <ele>1907.7475489999999</ele>
        <time>2026-09-17T03:41:02Z</time>
      </trkpt>
      <trkpt lat="46.306854039430618" lon="11.81804995983839">
        <ele>1912.160224</ele>
        <time>2026-09-17T03:41:29Z</time>
      </trkpt>
      <trkpt lat="46.30627702921629" lon="11.817480996251106">
        <ele>1916.554439</ele>
        <time>2026-09-17T03:42:00Z</time>
      </trkpt>
      <trkpt lat="46.305977962911129" lon="11.817230964079499">
        <ele>1918.2177200000001</ele>
        <time>2026-09-17T03:42:13Z</time>
      </trkpt>
      <trkpt lat="46.305330963805318" lon="11.816815976053476">
        <ele>1921.6265880000001</ele>
        <time>2026-09-17T03:42:47Z</time>
      </trkpt>
      <trkpt lat="46.304326979443431" lon="11.816314989700913">
        <ele>1928.288333</ele>
        <time>2026-09-17T03:43:47Z</time>
      </trkpt>
      <trkpt lat="46.304283980280161" lon="11.816296968609095">
        <ele>1928.5923330000001</ele>
        <time>2026-09-17T03:43:50Z</time>
      </trkpt>
      <trkpt lat="46.302227983251214" lon="11.815306982025504">
        <ele>1946.9297329999999</ele>
        <time>2026-09-17T03:46:18Z</time>
      </trkpt>
      <trkpt lat="46.30211197771132" lon="11.815191982313991">
        <ele>1948.310389</ele>
        <time>2026-09-17T03:46:31Z</time>
      </trkpt>
      <trkpt lat="46.30200401879847" lon="11.814957959577441">
        <ele>1950.2195320000001</ele>
        <time>2026-09-17T03:46:48Z</time>
      </trkpt>
      <trkpt lat="46.301912991330028" lon="11.81441699154675">
        <ele>1954.175665</ele>
        <time>2026-09-17T03:47:23Z</time>
      </trkpt>
      <trkpt lat="46.301703024655581" lon="11.81422496214509">
        <ele>1956.9941080000001</ele>
        <time>2026-09-17T03:47:47Z</time>
      </trkpt>
      <trkpt lat="46.301426002755761" lon="11.81418196298182">
        <ele>1960.1552810000001</ele>
        <time>2026-09-17T03:48:13Z</time>
      </trkpt>
      <trkpt lat="46.301306979730725" lon="11.814223034307361">
        <ele>1961.5433129999999</ele>
        <time>2026-09-17T03:48:23Z</time>
      </trkpt>
      <trkpt lat="46.301200026646256" lon="11.814297968521714">
        <ele>1962.892321</ele>
        <time>2026-09-17T03:48:34Z</time>
      </trkpt>
      <trkpt lat="46.301000034436584" lon="11.814565015956759">
        <ele>1965.979615</ele>
        <time>2026-09-17T03:48:56Z</time>
      </trkpt>
      <trkpt lat="46.300916969776154" lon="11.814573984593153">
        <ele>1966.924064</ele>
        <time>2026-09-17T03:49:02Z</time>
      </trkpt>
      <trkpt lat="46.30088796839118" lon="11.814544983208179">
        <ele>1967.3240249999999</ele>
        <time>2026-09-17T03:49:05Z</time>
      </trkpt>
      <trkpt lat="46.300860978662968" lon="11.814440041780472">
        <ele>1968.202329</ele>
        <time>2026-09-17T03:49:11Z</time>
      </trkpt>
      <trkpt lat="46.30088503472507" lon="11.814345996826887">
        <ele>1968.9879430000001</ele>
        <time>2026-09-17T03:49:16Z</time>
      </trkpt>
      <trkpt lat="46.301053008064628" lon="11.814069980755448">
        <ele>1971.8716039999999</ele>
        <time>2026-09-17T03:49:36Z</time>
      </trkpt>
      <trkpt lat="46.30140395835042" lon="11.813739985227585">
        <ele>1976.214678</ele>
        <time>2026-09-17T03:50:07Z</time>
      </trkpt>
      <trkpt lat="46.301437988877296" lon="11.813645018264651">
        <ele>1976.952125</ele>
        <time>2026-09-17T03:50:12Z</time>
      </trkpt>
      <trkpt lat="46.301415022462606" lon="11.813399009406567">
        <ele>1978.6631709999999</ele>
        <time>2026-09-17T03:50:23Z</time>
      </trkpt>
      <trkpt lat="46.301332963630557" lon="11.813250984996557">
        <ele>1979.9708089999999</ele>
        <time>2026-09-17T03:50:32Z</time>
      </trkpt>
      <trkpt lat="46.301245959475636" lon="11.813185019418597">
        <ele>1980.950781</ele>
        <time>2026-09-17T03:50:38Z</time>
      </trkpt>
      <trkpt lat="46.30112299695611" lon="11.813172027468681">
        <ele>1982.1811990000001</ele>
        <time>2026-09-17T03:50:46Z</time>
      </trkpt>
      <trkpt lat="46.300923004746437" lon="11.81323598138988">
        <ele>1984.2247460000001</ele>
        <time>2026-09-17T03:51:03Z</time>
      </trkpt>
      <trkpt lat="46.300839018076658" lon="11.813307981938124">
        <ele>1985.198719</ele>
        <time>2026-09-17T03:51:11Z</time>
      </trkpt>
      <trkpt lat="46.300739021971822" lon="11.813468998298049">
        <ele>1986.6909889999999</ele>
        <time>2026-09-17T03:51:23Z</time>
      </trkpt>
      <trkpt lat="46.300641037523746" lon="11.813763035461307">
        <ele>1988.9409909999999</ele>
        <time>2026-09-17T03:51:43Z</time>
      </trkpt>
      <trkpt lat="46.300603989511728" lon="11.813870994374156">
        <ele>1989.7719070000001</ele>
        <time>2026-09-17T03:51:51Z</time>
      </trkpt>
      <trkpt lat="46.300486978143454" lon="11.813928997144103">
        <ele>1991.005758</ele>
        <time>2026-09-17T03:52:02Z</time>
      </trkpt>
      <trkpt lat="46.300339959561825" lon="11.813811985775828">
        <ele>1992.81288</ele>
        <time>2026-09-17T03:52:16Z</time>
      </trkpt>
      <trkpt lat="46.300278017297387" lon="11.813630014657974">
        <ele>1994.337892</ele>
        <time>2026-09-17T03:52:28Z</time>
      </trkpt>
      <trkpt lat="46.300201993435621" lon="11.812872039154172">
        <ele>2000.0941419999999</ele>
        <time>2026-09-17T03:53:07Z</time>
      </trkpt>
      <trkpt lat="46.300178021192551" lon="11.812720997259021">
        <ele>2001.258591</ele>
        <time>2026-09-17T03:53:16Z</time>
      </trkpt>
      <trkpt lat="46.300143990665674" lon="11.812662994489074">
        <ele>2001.83024</ele>
        <time>2026-09-17T03:53:21Z</time>
      </trkpt>
      <trkpt lat="46.300094034522772" lon="11.812627958133817">
        <ele>2002.434397</ele>
        <time>2026-09-17T03:53:26Z</time>
      </trkpt>
      <trkpt lat="46.30004801787436" lon="11.8126339931041">
        <ele>2002.936805</ele>
        <time>2026-09-17T03:53:31Z</time>
      </trkpt>
      <trkpt lat="46.299993032589555" lon="11.812661988660693">
        <ele>2003.571013</ele>
        <time>2026-09-17T03:53:36Z</time>
      </trkpt>
      <trkpt lat="46.299949027597904" lon="11.812728960067034">
        <ele>2004.265721</ele>
        <time>2026-09-17T03:53:42Z</time>
      </trkpt>
      <trkpt lat="46.29991801455617" lon="11.812820993363857">
        <ele>2005.034979</ele>
        <time>2026-09-17T03:53:49Z</time>
      </trkpt>
      <trkpt lat="46.299866968765855" lon="11.813375037163496">
        <ele>2009.2352619999999</ele>
        <time>2026-09-17T03:54:21Z</time>
      </trkpt>
      <trkpt lat="46.299825981259346" lon="11.813436979427934">
        <ele>2009.8802559999999</ele>
        <time>2026-09-17T03:54:25Z</time>
      </trkpt>
      <trkpt lat="46.299777030944824" lon="11.813489031046629">
        <ele>2010.5411839999999</ele>
        <time>2026-09-17T03:54:30Z</time>
      </trkpt>
      <trkpt lat="46.29968399181962" lon="11.813499005511403">
        <ele>2011.3849640000001</ele>
        <time>2026-09-17T03:54:37Z</time>
      </trkpt>
      <trkpt lat="46.299543008208275" lon="11.813297001644969">
        <ele>2013.075791</ele>
        <time>2026-09-17T03:54:50Z</time>
      </trkpt>
      <trkpt lat="46.299448041245341" lon="11.813011011108756">
        <ele>2014.9443819999999</ele>
        <time>2026-09-17T03:55:04Z</time>
      </trkpt>
      <trkpt lat="46.299459021538496" lon="11.812795009464025">
        <ele>2016.219713</ele>
        <time>2026-09-17T03:55:12Z</time>
      </trkpt>
      <trkpt lat="46.299518030136824" lon="11.812674980610609">
        <ele>2017.0869720000001</ele>
        <time>2026-09-17T03:55:17Z</time>
      </trkpt>
      <trkpt lat="46.299669994041324" lon="11.812474988400936">
        <ele>2018.8377250000001</ele>
        <time>2026-09-17T03:55:29Z</time>
      </trkpt>
      <trkpt lat="46.300142984837294" lon="11.812028987333179">
        <ele>2023.6489799999999</ele>
        <time>2026-09-17T03:56:03Z</time>
      </trkpt>
      <trkpt lat="46.300425035879016" lon="11.811891021206975">
        <ele>2026.1986059999999</ele>
        <time>2026-09-17T03:56:18Z</time>
      </trkpt>
      <trkpt lat="46.300651011988521" lon="11.811841987073421">
        <ele>2028.420247</ele>
        <time>2026-09-17T03:56:31Z</time>
      </trkpt>
      <trkpt lat="46.300713960081339" lon="11.811799993738532">
        <ele>2029.0945630000001</ele>
        <time>2026-09-17T03:56:35Z</time>
      </trkpt>
      <trkpt lat="46.300789983943105" lon="11.811672002077103">
        <ele>2030.228151</ele>
        <time>2026-09-17T03:56:43Z</time>
      </trkpt>
      <trkpt lat="46.300786966457963" lon="11.811610981822014">
        <ele>2030.6388959999999</ele>
        <time>2026-09-17T03:56:45Z</time>
      </trkpt>
      <trkpt lat="46.300755031406879" lon="11.811533030122519">
        <ele>2031.2481929999999</ele>
        <time>2026-09-17T03:56:50Z</time>
      </trkpt>
      <trkpt lat="46.300723012536764" lon="11.811512997373939">
        <ele>2031.587053</ele>
        <time>2026-09-17T03:56:52Z</time>
      </trkpt>
      <trkpt lat="46.300010969862342" lon="11.811289032921195">
        <ele>2038.670601</ele>
        <time>2026-09-17T03:57:41Z</time>
      </trkpt>
      <trkpt lat="46.299864035099745" lon="11.811286015436053">
        <ele>2040.0998480000001</ele>
        <time>2026-09-17T03:57:48Z</time>
      </trkpt>
      <trkpt lat="46.299737971276045" lon="11.811333037912846">
        <ele>2041.36482</ele>
        <time>2026-09-17T03:57:56Z</time>
      </trkpt>
      <trkpt lat="46.299449969083071" lon="11.811555996537209">
        <ele>2044.7061900000001</ele>
        <time>2026-09-17T03:58:19Z</time>
      </trkpt>
      <trkpt lat="46.299363970756531" lon="11.811668984591961">
        <ele>2046.0312530000001</ele>
        <time>2026-09-17T03:58:27Z</time>
      </trkpt>
      <trkpt lat="46.299263974651694" lon="11.811952963471413">
        <ele>2048.5436220000001</ele>
        <time>2026-09-17T03:58:44Z</time>
      </trkpt>
      <trkpt lat="46.29923103377223" lon="11.812129989266396">
        <ele>2049.988601</ele>
        <time>2026-09-17T03:58:53Z</time>
      </trkpt>
      <trkpt lat="46.299131037667394" lon="11.8122230283916">
        <ele>2051.344607</ele>
        <time>2026-09-17T03:59:01Z</time>
      </trkpt>
      <trkpt lat="46.2989960052073" lon="11.812148010358214">
        <ele>2052.994256</ele>
        <time>2026-09-17T03:59:11Z</time>
      </trkpt>
      <trkpt lat="46.298934984952211" lon="11.811997974291444">
        <ele>2054.3661310000002</ele>
        <time>2026-09-17T03:59:19Z</time>
      </trkpt>
      <trkpt lat="46.29891000688076" lon="11.811673007905483">
        <ele>2056.9435539999999</ele>
        <time>2026-09-17T03:59:35Z</time>
      </trkpt>
      <trkpt lat="46.299028024077415" lon="11.811034977436066">
        <ele>2062.1492229999999</ele>
        <time>2026-09-17T04:00:09Z</time>
      </trkpt>
      <trkpt lat="46.298991981893778" lon="11.810943027958274">
        <ele>2062.9825759999999</ele>
        <time>2026-09-17T04:00:15Z</time>
      </trkpt>
      <trkpt lat="46.298887962475419" lon="11.810877984389663">
        <ele>2064.2615030000002</ele>
        <time>2026-09-17T04:00:25Z</time>
      </trkpt>
      <trkpt lat="46.298788972198963" lon="11.81089298799634">
        <ele>2065.3089679999998</ele>
        <time>2026-09-17T04:00:33Z</time>
      </trkpt>
      <trkpt lat="46.298729963600636" lon="11.811012011021376">
        <ele>2066.3738480000002</ele>
        <time>2026-09-17T04:00:41Z</time>
      </trkpt>
      <trkpt lat="46.298657041043043" lon="11.811260031536222">
        <ele>2068.333701</ele>
        <time>2026-09-17T04:00:54Z</time>
      </trkpt>
      <trkpt lat="46.298291003331542" lon="11.811460023745894">
        <ele>2072.4504470000002</ele>
        <time>2026-09-17T04:01:19Z</time>
      </trkpt>
      <trkpt lat="46.298098973929882" lon="11.811635959893465">
        <ele>2074.8419690000001</ele>
        <time>2026-09-17T04:01:33Z</time>
      </trkpt>
      <trkpt lat="46.297915996983647" lon="11.811876017600298">
        <ele>2077.4406180000001</ele>
        <time>2026-09-17T04:01:49Z</time>
      </trkpt>
      <trkpt lat="46.297741988673806" lon="11.812070980668068">
        <ele>2079.7563249999998</ele>
        <time>2026-09-17T04:02:03Z</time>
      </trkpt>
      <trkpt lat="46.297636041417718" lon="11.812092019245028">
        <ele>2080.8821589999998</ele>
        <time>2026-09-17T04:02:10Z</time>
      </trkpt>
      <trkpt lat="46.297201020643115" lon="11.812041979283094">
        <ele>2085.7457749999999</ele>
        <time>2026-09-17T04:02:38Z</time>
      </trkpt>
      <trkpt lat="46.297121979296207" lon="11.811985988169909">
        <ele>2086.7743150000001</ele>
        <time>2026-09-17T04:02:43Z</time>
      </trkpt>
      <trkpt lat="46.297075962647796" lon="11.811905018985271">
        <ele>2087.6213539999999</ele>
        <time>2026-09-17T04:02:48Z</time>
      </trkpt>
      <trkpt lat="46.297075962647796" lon="11.811780966818333">
        <ele>2088.623094</ele>
        <time>2026-09-17T04:02:54Z</time>
      </trkpt>
      <trkpt lat="46.297144023701549" lon="11.811699997633696">
        <ele>2089.6528280000002</ele>
        <time>2026-09-17T04:03:01Z</time>
      </trkpt>
      <trkpt lat="46.297394977882504" lon="11.811785995960236">
        <ele>2092.6687480000001</ele>
        <time>2026-09-17T04:03:21Z</time>
      </trkpt>
      <trkpt lat="46.297477036714554" lon="11.811745008453727">
        <ele>2093.683129</ele>
        <time>2026-09-17T04:03:28Z</time>
      </trkpt>
      <trkpt lat="46.297535039484501" lon="11.81158198043704">
        <ele>2095.1642929999998</ele>
        <time>2026-09-17T04:03:38Z</time>
      </trkpt>
      <trkpt lat="46.297588013112545" lon="11.810584031045437">
        <ele>2103.250391</ele>
        <time>2026-09-17T04:04:30Z</time>
      </trkpt>
      <trkpt lat="46.297636963427067" lon="11.810088995844126">
        <ele>2107.5124719999999</ele>
        <time>2026-09-17T04:04:55Z</time>
      </trkpt>
      <trkpt lat="46.297767972573638" lon="11.809494970366359">
        <ele>2112.8964089999999</ele>
        <time>2026-09-17T04:05:28Z</time>
      </trkpt>
      <trkpt lat="46.297762021422386" lon="11.809326997026801">
        <ele>2114.3489650000001</ele>
        <time>2026-09-17T04:05:37Z</time>
      </trkpt>
      <trkpt lat="46.29766495898366" lon="11.808914020657539">
        <ele>2118.1154879999999</ele>
        <time>2026-09-17T04:06:02Z</time>
      </trkpt>
      <trkpt lat="46.297563035041094" lon="11.808810001239181">
        <ele>2119.6747770000002</ele>
        <time>2026-09-17T04:06:12Z</time>
      </trkpt>
      <trkpt lat="46.297433031722903" lon="11.808785023167729">
        <ele>2121.3137270000002</ele>
        <time>2026-09-17T04:06:22Z</time>
      </trkpt>
      <trkpt lat="46.297291964292526" lon="11.808855012059212">
        <ele>2123.1766510000002</ele>
        <time>2026-09-17T04:06:34Z</time>
      </trkpt>
      <trkpt lat="46.297182999551296" lon="11.808974035084248">
        <ele>2124.8829569999998</ele>
        <time>2026-09-17T04:06:45Z</time>
      </trkpt>
      <trkpt lat="46.297080991789699" lon="11.80902399122715">
        <ele>2126.2288269999999</ele>
        <time>2026-09-17T04:06:53Z</time>
      </trkpt>
      <trkpt lat="46.296972027048469" lon="11.808984009549022">
        <ele>2127.2662890000001</ele>
        <time>2026-09-17T04:07:02Z</time>
      </trkpt>
      <trkpt lat="46.296528959646821" lon="11.80820700712502">
        <ele>2133.0450070000002</ele>
        <time>2026-09-17T04:07:49Z</time>
      </trkpt>
      <trkpt lat="46.29650498740375" lon="11.808132994920015">
        <ele>2133.5139380000001</ele>
        <time>2026-09-17T04:07:52Z</time>
      </trkpt>
      <trkpt lat="46.296515967696905" lon="11.807995028793812">
        <ele>2134.3108069999998</ele>
        <time>2026-09-17T04:07:58Z</time>
      </trkpt>
      <trkpt lat="46.296634990721941" lon="11.807869970798492">
        <ele>2135.5315759999999</ele>
        <time>2026-09-17T04:08:06Z</time>
      </trkpt>
      <trkpt lat="46.296872030943632" lon="11.807879023253918">
        <ele>2137.4999290000001</ele>
        <time>2026-09-17T04:08:17Z</time>
      </trkpt>
      <trkpt lat="46.296929027885199" lon="11.807835018262267">
        <ele>2138.0362679999998</ele>
        <time>2026-09-17T04:08:20Z</time>
      </trkpt>
      <trkpt lat="46.29699700511992" lon="11.80766997858882">
        <ele>2139.1383489999998</ele>
        <time>2026-09-17T04:08:25Z</time>
      </trkpt>
      <trkpt lat="46.297119967639446" lon="11.807123981416225">
        <ele>2142.1213670000002</ele>
        <time>2026-09-17T04:08:41Z</time>
      </trkpt>
      <trkpt lat="46.297203032299876" lon="11.806875038892031">
        <ele>2143.193714</ele>
        <time>2026-09-17T04:08:49Z</time>
      </trkpt>
      <trkpt lat="46.297290958464146" lon="11.806857017800212">
        <ele>2143.6926539999999</ele>
        <time>2026-09-17T04:08:52Z</time>
      </trkpt>
      <trkpt lat="46.297460021451116" lon="11.807010993361473">
        <ele>2144.813795</ele>
        <time>2026-09-17T04:09:00Z</time>
      </trkpt>
      <trkpt lat="46.297572003677487" lon="11.807039994746447">
        <ele>2145.452542</ele>
        <time>2026-09-17T04:09:05Z</time>
      </trkpt>
      <trkpt lat="46.297818012535572" lon="11.806887025013566">
        <ele>2146.9556899999998</ele>
        <time>2026-09-17T04:09:17Z</time>
      </trkpt>
      <trkpt lat="46.29796695895493" lon="11.806817036122084">
        <ele>2147.8351339999999</ele>
        <time>2026-09-17T04:09:24Z</time>
      </trkpt>
      <trkpt lat="46.298868013545871" lon="11.806686026975513">
        <ele>2153.349189</ele>
        <time>2026-09-17T04:10:08Z</time>
      </trkpt>
      <trkpt lat="46.299214018508792" lon="11.806752998381853">
        <ele>2155.9337820000001</ele>
        <time>2026-09-17T04:10:27Z</time>
      </trkpt>
      <trkpt lat="46.299358019605279" lon="11.806805972009897">
        <ele>2157.0338820000002</ele>
        <time>2026-09-17T04:10:34Z</time>
      </trkpt>
      <trkpt lat="46.299727996811271" lon="11.807019039988518">
        <ele>2159.9820679999998</ele>
        <time>2026-09-17T04:10:56Z</time>
      </trkpt>
      <trkpt lat="46.299830004572868" lon="11.807023985311389">
        <ele>2160.737705</ele>
        <time>2026-09-17T04:11:01Z</time>
      </trkpt>
      <trkpt lat="46.299890018999577" lon="11.806991966441274">
        <ele>2161.2111399999999</ele>
        <time>2026-09-17T04:11:05Z</time>
      </trkpt>
      <trkpt lat="46.299925977364182" lon="11.806922983378172">
        <ele>2161.6534310000002</ele>
        <time>2026-09-17T04:11:08Z</time>
      </trkpt>
      <trkpt lat="46.299934023991227" lon="11.80678702890873">
        <ele>2162.3516239999999</ele>
        <time>2026-09-17T04:11:13Z</time>
      </trkpt>
      <trkpt lat="46.299908040091395" lon="11.806717962026596">
        <ele>2162.7536610000002</ele>
        <time>2026-09-17T04:11:16Z</time>
      </trkpt>
      <trkpt lat="46.29987602122128" lon="11.806655013933778">
        <ele>2163.1536449999999</ele>
        <time>2026-09-17T04:11:20Z</time>
      </trkpt>
      <trkpt lat="46.299630012363195" lon="11.80650900118053">
        <ele>2165.050729</ele>
        <time>2026-09-17T04:11:35Z</time>
      </trkpt>
      <trkpt lat="46.299587013199925" lon="11.806400958448648">
        <ele>2165.495469</ele>
        <time>2026-09-17T04:11:41Z</time>
      </trkpt>
      <trkpt lat="46.299460027366877" lon="11.805805005133152">
        <ele>2167.7207830000002</ele>
        <time>2026-09-17T04:12:11Z</time>
      </trkpt>
      <trkpt lat="46.299355002120137" lon="11.805338971316814">
        <ele>2169.4696170000002</ele>
        <time>2026-09-17T04:12:31Z</time>
      </trkpt>
      <trkpt lat="46.299245031550527" lon="11.805119030177593">
        <ele>2170.4385499999999</ele>
        <time>2026-09-17T04:12:41Z</time>
      </trkpt>
      <trkpt lat="46.298903971910477" lon="11.804578984156251">
        <ele>2173.0487670000002</ele>
        <time>2026-09-17T04:13:06Z</time>
      </trkpt>
      <trkpt lat="46.298743961378932" lon="11.804280001670122">
        <ele>2174.1274870000002</ele>
        <time>2026-09-17T04:13:16Z</time>
      </trkpt>
      <trkpt lat="46.298696016892791" lon="11.804159972816706">
        <ele>2174.0233149999999</ele>
        <time>2026-09-17T04:13:19Z</time>
      </trkpt>
      <trkpt lat="46.298679001629353" lon="11.804174976423383">
        <ele>2174.0016660000001</ele>
        <time>2026-09-17T04:13:19Z</time>
      </trkpt>
      <trkpt lat="46.298663998022676" lon="11.804157961159945">
        <ele>2173.9809500000001</ele>
        <time>2026-09-17T04:13:19Z</time>
      </trkpt>
      <trkpt lat="46.29865201190114" lon="11.804143041372299">
        <ele>2173.9637090000001</ele>
        <time>2026-09-17T04:13:20Z</time>
      </trkpt>
      <trkpt lat="46.298640025779605" lon="11.804134994745255">
        <ele>2173.9493430000002</ele>
        <time>2026-09-17T04:13:20Z</time>
      </trkpt>
      <trkpt lat="46.298628961667418" lon="11.804128037765622">
        <ele>2173.9362759999999</ele>
        <time>2026-09-17T04:13:20Z</time>
      </trkpt>
      <trkpt lat="46.298614041879773" lon="11.804118985310197">
        <ele>2173.9186199999999</ele>
        <time>2026-09-17T04:13:21Z</time>
      </trkpt>
      <trkpt lat="46.298601971939206" lon="11.804111022502184">
        <ele>2173.904254</ele>
        <time>2026-09-17T04:13:21Z</time>
      </trkpt>
      <trkpt lat="46.298590991646051" lon="11.804105993360281">
        <ele>2173.891717</ele>
        <time>2026-09-17T04:13:21Z</time>
      </trkpt>
      <trkpt lat="46.298570958897471" lon="11.804100964218378">
        <ele>2173.869647</ele>
        <time>2026-09-17T04:13:22Z</time>
      </trkpt>
      <trkpt lat="46.298554027453065" lon="11.80410398170352">
        <ele>2173.8510249999999</ele>
        <time>2026-09-17T04:13:22Z</time>
      </trkpt>
      <trkpt lat="46.298538018018007" lon="11.804111022502184">
        <ele>2173.8328489999999</ele>
        <time>2026-09-17T04:13:22Z</time>
      </trkpt>
      <trkpt lat="46.29852301441133" lon="11.804122002795339">
        <ele>2173.8145639999998</ele>
        <time>2026-09-17T04:13:23Z</time>
      </trkpt>
      <trkpt lat="46.298513039946556" lon="11.804129965603352">
        <ele>2173.8021399999998</ele>
        <time>2026-09-17T04:13:23Z</time>
      </trkpt>
      <trkpt lat="46.298512034118176" lon="11.804132983088493">
        <ele>2173.799638</ele>
        <time>2026-09-17T04:13:23Z</time>
      </trkpt>
      <trkpt lat="46.298509016633034" lon="11.804136000573635">
        <ele>2173.7956730000001</ele>
        <time>2026-09-17T04:13:23Z</time>
      </trkpt>
      <trkpt lat="46.29850197583437" lon="11.804143963381648">
        <ele>2173.7859739999999</ele>
        <time>2026-09-17T04:13:23Z</time>
      </trkpt>
      <trkpt lat="46.298497030511498" lon="11.804149998351932">
        <ele>2173.7789120000002</ele>
        <time>2026-09-17T04:13:23Z</time>
      </trkpt>
      <trkpt lat="46.298489989712834" lon="11.804157039150596">
        <ele>2173.7696599999999</ele>
        <time>2026-09-17T04:13:24Z</time>
      </trkpt>
      <trkpt lat="46.298485966399312" lon="11.804162990301847">
        <ele>2173.7633959999998</ele>
        <time>2026-09-17T04:13:24Z</time>
      </trkpt>
      <trkpt lat="46.298482026904821" lon="11.804171036928892">
        <ele>2173.7559769999998</ele>
        <time>2026-09-17T04:13:24Z</time>
      </trkpt>
      <trkpt lat="46.298478003591299" lon="11.804180005565286">
        <ele>2173.747938</ele>
        <time>2026-09-17T04:13:24Z</time>
      </trkpt>
      <trkpt lat="46.298476997762918" lon="11.80419098585844">
        <ele>2173.739603</ele>
        <time>2026-09-17T04:13:24Z</time>
      </trkpt>
      <trkpt lat="46.298476997762918" lon="11.804203977808356">
        <ele>2173.729836</ele>
        <time>2026-09-17T04:13:24Z</time>
      </trkpt>
      <trkpt lat="46.298476997762918" lon="11.804213030263782">
        <ele>2173.7230749999999</ele>
        <time>2026-09-17T04:13:24Z</time>
      </trkpt>
      <trkpt lat="46.29848001524806" lon="11.804223004728556">
        <ele>2173.714884</ele>
        <time>2026-09-17T04:13:25Z</time>
      </trkpt>
      <trkpt lat="46.298481021076441" lon="11.804230967536569">
        <ele>2173.7087759999999</ele>
        <time>2026-09-17T04:13:25Z</time>
      </trkpt>
      <trkpt lat="46.298484038561583" lon="11.804243959486485">
        <ele>2173.6984790000001</ele>
        <time>2026-09-17T04:13:25Z</time>
      </trkpt>
      <trkpt lat="46.298484960570931" lon="11.804256029427052">
        <ele>2173.6893989999999</ele>
        <time>2026-09-17T04:13:25Z</time>
      </trkpt>
      <trkpt lat="46.298484960570931" lon="11.804268015548587">
        <ele>2173.6803839999998</ele>
        <time>2026-09-17T04:13:25Z</time>
      </trkpt>
      <trkpt lat="46.298487978056073" lon="11.804282013326883">
        <ele>2173.6693719999998</ele>
        <time>2026-09-17T04:13:25Z</time>
      </trkpt>
      <trkpt lat="46.298485966399312" lon="11.804293999448419">
        <ele>2173.6600979999998</ele>
        <time>2026-09-17T04:13:26Z</time>
      </trkpt>
      <trkpt lat="46.29847900941968" lon="11.804301040247083">
        <ele>2173.650846</ele>
        <time>2026-09-17T04:13:26Z</time>
      </trkpt>
      <trkpt lat="46.298473980277777" lon="11.804304979741573">
        <ele>2173.6446340000002</ele>
        <time>2026-09-17T04:13:26Z</time>
      </trkpt>
      <trkpt lat="46.298498036339879" lon="11.80419098585844">
        <ele>2173.5551009999999</ele>
        <time>2026-09-17T04:13:28Z</time>
      </trkpt>
      <trkpt lat="46.298509016633034" lon="11.804172964766622">
        <ele>2173.5370469999998</ele>
        <time>2026-09-17T04:13:28Z</time>
      </trkpt>
      <trkpt lat="46.298526031896472" lon="11.804148992523551">
        <ele>2173.5112250000002</ele>
        <time>2026-09-17T04:13:29Z</time>
      </trkpt>
      <trkpt lat="46.298553021624684" lon="11.804114961996675">
        <ele>2173.4723090000002</ele>
        <time>2026-09-17T04:13:29Z</time>
      </trkpt>
      <trkpt lat="46.298581017181277" lon="11.804079003632069">
        <ele>2173.4315849999998</ele>
        <time>2026-09-17T04:13:30Z</time>
      </trkpt>
      <trkpt lat="46.29860800690949" lon="11.804033992812037">
        <ele>2173.3868090000001</ele>
        <time>2026-09-17T04:13:31Z</time>
      </trkpt>
      <trkpt lat="46.29863197915256" lon="11.803970038890839">
        <ele>2173.3321019999998</ele>
        <time>2026-09-17T04:13:32Z</time>
      </trkpt>
      <trkpt lat="46.298637008294463" lon="11.803918993100524">
        <ele>2173.2934030000001</ele>
        <time>2026-09-17T04:13:33Z</time>
      </trkpt>
      <trkpt lat="46.29863197915256" lon="11.803855961188674">
        <ele>2173.245762</ele>
        <time>2026-09-17T04:13:34Z</time>
      </trkpt>
      <trkpt lat="46.29860901273787" lon="11.803864007815719">
        <ele>2173.2200400000002</ele>
        <time>2026-09-17T04:13:34Z</time>
      </trkpt>
      <trkpt lat="46.298570036888123" lon="11.80363199673593">
        <ele>2173.040661</ele>
        <time>2026-09-17T04:13:37Z</time>
      </trkpt>
      <trkpt lat="46.298614963889122" lon="11.803481038659811">
        <ele>2172.9171160000001</ele>
        <time>2026-09-17T04:13:39Z</time>
      </trkpt>
      <trkpt lat="46.299281995743513" lon="11.802850970998406">
        <ele>2171.2924419999999</ele>
        <time>2026-09-17T04:13:51Z</time>
      </trkpt>
      <trkpt lat="46.299330024048686" lon="11.802773019298911">
        <ele>2170.8589670000001</ele>
        <time>2026-09-17T04:13:52Z</time>
      </trkpt>
      <trkpt lat="46.299375034868717" lon="11.802644021809101">
        <ele>2170.2592669999999</ele>
        <time>2026-09-17T04:13:54Z</time>
      </trkpt>
      <trkpt lat="46.299437982961535" lon="11.802029041573405">
        <ele>2167.6792</ele>
        <time>2026-09-17T04:14:00Z</time>
      </trkpt>
      <trkpt lat="46.299486011266708" lon="11.801712037995458">
        <ele>2166.3324699999998</ele>
        <time>2026-09-17T04:14:03Z</time>
      </trkpt>
      <trkpt lat="46.299695977941155" lon="11.801140978932381">
        <ele>2163.6480900000001</ele>
        <time>2026-09-17T04:14:09Z</time>
      </trkpt>
      <trkpt lat="46.29974601790309" lon="11.800834033638239">
        <ele>2162.3391689999999</ele>
        <time>2026-09-17T04:14:12Z</time>
      </trkpt>
      <trkpt lat="46.29976999014616" lon="11.800226010382175">
        <ele>2158.8569689999999</ele>
        <time>2026-09-17T04:14:17Z</time>
      </trkpt>
      <trkpt lat="46.299815000966191" lon="11.799967009574175">
        <ele>2157.0885130000001</ele>
        <time>2026-09-17T04:14:19Z</time>
      </trkpt>
      <trkpt lat="46.29985498264432" lon="11.799881011247635">
        <ele>2156.4020099999998</ele>
        <time>2026-09-17T04:14:20Z</time>
      </trkpt>
      <trkpt lat="46.300489995628595" lon="11.799036031588912">
        <ele>2148.1345799999999</ele>
        <time>2026-09-17T04:14:31Z</time>
      </trkpt>
      <trkpt lat="46.300510028377175" lon="11.798892030492425">
        <ele>2147.1619719999999</ele>
        <time>2026-09-17T04:14:32Z</time>
      </trkpt>
      <trkpt lat="46.300355968996882" lon="11.798480981960893">
        <ele>2144.0567900000001</ele>
        <time>2026-09-17T04:14:36Z</time>
      </trkpt>
      <trkpt lat="46.300352029502392" lon="11.798414010554552">
        <ele>2143.5744370000002</ele>
        <time>2026-09-17T04:14:37Z</time>
      </trkpt>
      <trkpt lat="46.300393017008901" lon="11.798307979479432">
        <ele>2142.7031010000001</ele>
        <time>2026-09-17T04:14:38Z</time>
      </trkpt>
      <trkpt lat="46.300485972315073" lon="11.79823799058795">
        <ele>2141.614849</ele>
        <time>2026-09-17T04:14:39Z</time>
      </trkpt>
      <trkpt lat="46.300628967583179" lon="11.798199014738202">
        <ele>2140.1041249999998</ele>
        <time>2026-09-17T04:14:41Z</time>
      </trkpt>
      <trkpt lat="46.300675990059972" lon="11.798098012804985">
        <ele>2139.230693</ele>
        <time>2026-09-17T04:14:42Z</time>
      </trkpt>
      <trkpt lat="46.3007159717381" lon="11.797670032829046">
        <ele>2136.1328910000002</ele>
        <time>2026-09-17T04:14:45Z</time>
      </trkpt>
      <trkpt lat="46.300684958696365" lon="11.797437015920877">
        <ele>2134.430985</ele>
        <time>2026-09-17T04:14:47Z</time>
      </trkpt>
      <trkpt lat="46.300694011151791" lon="11.797316987067461">
        <ele>2133.5652249999998</ele>
        <time>2026-09-17T04:14:49Z</time>
      </trkpt>
      <trkpt lat="46.300777997821569" lon="11.796780964359641">
        <ele>2129.6230850000002</ele>
        <time>2026-09-17T04:14:53Z</time>
      </trkpt>
      <trkpt lat="46.300834994763136" lon="11.796598993241787">
        <ele>2128.1898200000001</ele>
        <time>2026-09-17T04:14:55Z</time>
      </trkpt>
      <trkpt lat="46.300932979211211" lon="11.796348039060831">
        <ele>2126.12192</ele>
        <time>2026-09-17T04:14:58Z</time>
      </trkpt>
      <trkpt lat="46.301054013893008" lon="11.796142011880875">
        <ele>2124.069755</ele>
        <time>2026-09-17T04:15:00Z</time>
      </trkpt>
      <trkpt lat="46.301227016374469" lon="11.795933973044157">
        <ele>2121.5354139999999</ele>
        <time>2026-09-17T04:15:03Z</time>
      </trkpt>
      <trkpt lat="46.301419967785478" lon="11.795763988047838">
        <ele>2118.9894760000002</ele>
        <time>2026-09-17T04:15:05Z</time>
      </trkpt>
      <trkpt lat="46.301533961668611" lon="11.795528037473559">
        <ele>2116.7475840000002</ele>
        <time>2026-09-17T04:15:08Z</time>
      </trkpt>
      <trkpt lat="46.301557011902332" lon="11.795455031096935">
        <ele>2116.1229509999998</ele>
        <time>2026-09-17T04:15:09Z</time>
      </trkpt>
      <trkpt lat="46.301549971103668" lon="11.79538001306355">
        <ele>2115.5337530000002</ele>
        <time>2026-09-17T04:15:09Z</time>
      </trkpt>
      <trkpt lat="46.301489034667611" lon="11.795269958674908">
        <ele>2114.4356170000001</ele>
        <time>2026-09-17T04:15:10Z</time>
      </trkpt>
      <trkpt lat="46.301256017759442" lon="11.794985979795456">
        <ele>2111.0030339999998</ele>
        <time>2026-09-17T04:15:14Z</time>
      </trkpt>
      <trkpt lat="46.30120899528265" lon="11.794827980920672">
        <ele>2109.6637799999999</ele>
        <time>2026-09-17T04:15:16Z</time>
      </trkpt>
      <trkpt lat="46.301215030252934" lon="11.794789005070925">
        <ele>2109.3527159999999</ele>
        <time>2026-09-17T04:15:16Z</time>
      </trkpt>
      <trkpt lat="46.301291976124048" lon="11.794625977054238">
        <ele>2107.8154220000001</ele>
        <time>2026-09-17T04:15:18Z</time>
      </trkpt>
      <trkpt lat="46.301458021625876" lon="11.794430008158088">
        <ele>2105.4013629999999</ele>
        <time>2026-09-17T04:15:20Z</time>
      </trkpt>
      <trkpt lat="46.301620965823531" lon="11.794288018718362">
        <ele>2103.7785100000001</ele>
        <time>2026-09-17T04:15:22Z</time>
      </trkpt>
      <trkpt lat="46.302180960774422" lon="11.793972020968795">
        <ele>2098.7907019999998</ele>
        <time>2026-09-17T04:15:30Z</time>
      </trkpt>
      <trkpt lat="46.302300989627838" lon="11.793859032914042">
        <ele>2097.6026999999999</ele>
        <time>2026-09-17T04:15:32Z</time>
      </trkpt>
      <trkpt lat="46.302492013201118" lon="11.793654011562467">
        <ele>2095.6294950000001</ele>
        <time>2026-09-17T04:15:35Z</time>
      </trkpt>
      <trkpt lat="46.30252000875771" lon="11.793587962165475">
        <ele>2095.1854659999999</ele>
        <time>2026-09-17T04:15:36Z</time>
      </trkpt>
      <trkpt lat="46.302511040121317" lon="11.793547980487347">
        <ele>2094.944289</ele>
        <time>2026-09-17T04:15:36Z</time>
      </trkpt>
      <trkpt lat="46.302431998774409" lon="11.793539011850953">
        <ele>2094.2866800000002</ele>
        <time>2026-09-17T04:15:37Z</time>
      </trkpt>
      <trkpt lat="46.302272994071245" lon="11.793671026825905">
        <ele>2092.7656050000001</ele>
        <time>2026-09-17T04:15:40Z</time>
      </trkpt>
      <trkpt lat="46.302136033773422" lon="11.793733974918723">
        <ele>2091.5727160000001</ele>
        <time>2026-09-17T04:15:42Z</time>
      </trkpt>
      <trkpt lat="46.301110005006194" lon="11.793969003483653">
        <ele>2085.170208</ele>
        <time>2026-09-17T04:15:56Z</time>
      </trkpt>
      <trkpt lat="46.300884028896689" lon="11.794061036780477">
        <ele>2083.809381</ele>
        <time>2026-09-17T04:15:59Z</time>
      </trkpt>
      <trkpt lat="46.300653023645282" lon="11.794152986258268">
        <ele>2082.420631</ele>
        <time>2026-09-17T04:16:03Z</time>
      </trkpt>
      <trkpt lat="46.300514973700047" lon="11.794145023450255">
        <ele>2081.6200749999998</ele>
        <time>2026-09-17T04:16:04Z</time>
      </trkpt>
      <trkpt lat="46.300465017557144" lon="11.794093977659941">
        <ele>2081.2655180000002</ele>
        <time>2026-09-17T04:16:05Z</time>
      </trkpt>
      <trkpt lat="46.300443978980184" lon="11.794024994596839">
        <ele>2080.963573</ele>
        <time>2026-09-17T04:16:06Z</time>
      </trkpt>
      <trkpt lat="46.300452025607228" lon="11.79376901127398">
        <ele>2079.9373329999999</ele>
        <time>2026-09-17T04:16:08Z</time>
      </trkpt>
      <trkpt lat="46.300473986193538" lon="11.793524008244276">
        <ele>2078.1969600000002</ele>
        <time>2026-09-17T04:16:10Z</time>
      </trkpt>
      <trkpt lat="46.300496030598879" lon="11.793213039636612">
        <ele>2075.9386279999999</ele>
        <time>2026-09-17T04:16:13Z</time>
      </trkpt>
      <trkpt lat="46.300472980365157" lon="11.792971976101398">
        <ele>2074.1811720000001</ele>
        <time>2026-09-17T04:16:15Z</time>
      </trkpt>
      <trkpt lat="46.300299977883697" lon="11.792654972523451">
        <ele>2071.262984</ele>
        <time>2026-09-17T04:16:19Z</time>
      </trkpt>
      <trkpt lat="46.30030601285398" lon="11.792433019727468">
        <ele>2069.6580789999998</ele>
        <time>2026-09-17T04:16:21Z</time>
      </trkpt>
      <trkpt lat="46.300348006188869" lon="11.792280972003937">
        <ele>2068.4755030000001</ele>
        <time>2026-09-17T04:16:22Z</time>
      </trkpt>
      <trkpt lat="46.300613963976502" lon="11.791860032826662">
        <ele>2064.3542910000001</ele>
        <time>2026-09-17T04:16:27Z</time>
      </trkpt>
      <trkpt lat="46.300724018365145" lon="11.791503969579935">
        <ele>2061.5371620000001</ele>
        <time>2026-09-17T04:16:30Z</time>
      </trkpt>
      <trkpt lat="46.300788978114724" lon="11.791387964040041">
        <ele>2060.3947520000002</ele>
        <time>2026-09-17T04:16:31Z</time>
      </trkpt>
      <trkpt lat="46.301207989454269" lon="11.791096022352576">
        <ele>2055.0323950000002</ele>
        <time>2026-09-17T04:16:37Z</time>
      </trkpt>
      <trkpt lat="46.301436983048916" lon="11.790840039029717">
        <ele>2051.6959240000001</ele>
        <time>2026-09-17T04:16:40Z</time>
      </trkpt>
      <trkpt lat="46.301559023559093" lon="11.790540972724557">
        <ele>2048.92956</ele>
        <time>2026-09-17T04:16:43Z</time>
      </trkpt>
      <trkpt lat="46.301996977999806" lon="11.789574036374688">
        <ele>2039.9951020000001</ele>
        <time>2026-09-17T04:16:53Z</time>
      </trkpt>
      <trkpt lat="46.302204011008143" lon="11.789243035018444">
        <ele>2038.0345789999999</ele>
        <time>2026-09-17T04:16:57Z</time>
      </trkpt>
      <trkpt lat="46.302215997129679" lon="11.789143960922956">
        <ele>2037.593218</ele>
        <time>2026-09-17T04:16:58Z</time>
      </trkpt>
      <trkpt lat="46.302139973267913" lon="11.788999037817121">
        <ele>2036.793997</ele>
        <time>2026-09-17T04:17:00Z</time>
      </trkpt>
      <trkpt lat="46.301913997158408" lon="11.788970958441496">
        <ele>2035.3522720000001</ele>
        <time>2026-09-17T04:17:03Z</time>
      </trkpt>
      <trkpt lat="46.301718028262258" lon="11.789037007838488">
        <ele>2034.073214</ele>
        <time>2026-09-17T04:17:06Z</time>
      </trkpt>
      <trkpt lat="46.301459027454257" lon="11.789217973127961">
        <ele>2032.2451639999999</ele>
        <time>2026-09-17T04:17:10Z</time>
      </trkpt>
      <trkpt lat="46.300963992252946" lon="11.789727006107569">
        <ele>2028.179601</ele>
        <time>2026-09-17T04:17:18Z</time>
      </trkpt>
      <trkpt lat="46.300808005034924" lon="11.789856003597379">
        <ele>2026.582457</ele>
        <time>2026-09-17T04:17:21Z</time>
      </trkpt>
      <trkpt lat="46.300731981173158" lon="11.789851980283856">
        <ele>2025.906397</ele>
        <time>2026-09-17T04:17:22Z</time>
      </trkpt>
      <trkpt lat="46.300639025866985" lon="11.789789032191038">
        <ele>2024.993596</ele>
        <time>2026-09-17T04:17:23Z</time>
      </trkpt>
      <trkpt lat="46.300580017268658" lon="11.789679983630776">
        <ele>2024.1431620000001</ele>
        <time>2026-09-17T04:17:24Z</time>
      </trkpt>
      <trkpt lat="46.300574988126755" lon="11.789613012224436">
        <ele>2023.729278</ele>
        <time>2026-09-17T04:17:25Z</time>
      </trkpt>
      <trkpt lat="46.300571970641613" lon="11.789560038596392">
        <ele>2023.4026799999999</ele>
        <time>2026-09-17T04:17:25Z</time>
      </trkpt>
      <trkpt lat="46.300619998946786" lon="11.789427017793059">
        <ele>2022.4811050000001</ele>
        <time>2026-09-17T04:17:27Z</time>
      </trkpt>
      <trkpt lat="46.300725024193525" lon="11.789264995604753">
        <ele>2021.116855</ele>
        <time>2026-09-17T04:17:29Z</time>
      </trkpt>
      <trkpt lat="46.301404964178801" lon="11.788521017879248">
        <ele>2013.5392199999999</ele>
        <time>2026-09-17T04:17:39Z</time>
      </trkpt>
      <trkpt lat="46.301657008007169" lon="11.78826997987926">
        <ele>2010.73098</ele>
        <time>2026-09-17T04:17:43Z</time>
      </trkpt>
      <trkpt lat="46.301762033253908" lon="11.788209965452552">
        <ele>2009.6848520000001</ele>
        <time>2026-09-17T04:17:44Z</time>
      </trkpt>
      <trkpt lat="46.301808971911669" lon="11.788132013753057">
        <ele>2009.0222160000001</ele>
        <time>2026-09-17T04:17:45Z</time>
      </trkpt>
      <trkpt lat="46.301796985790133" lon="11.788061019033194">
        <ele>2008.554249</ele>
        <time>2026-09-17T04:17:46Z</time>
      </trkpt>
      <trkpt lat="46.301758009940386" lon="11.788017014041543">
        <ele>2008.0960150000001</ele>
        <time>2026-09-17T04:17:46Z</time>
      </trkpt>
      <trkpt lat="46.301704030483961" lon="11.788015002384782">
        <ele>2007.595427</ele>
        <time>2026-09-17T04:17:47Z</time>
      </trkpt>
      <trkpt lat="46.301285019144416" lon="11.78818398155272">
        <ele>2003.56457</ele>
        <time>2026-09-17T04:17:53Z</time>
      </trkpt>
      <trkpt lat="46.301063988357782" lon="11.788205020129681">
        <ele>2001.512127</ele>
        <time>2026-09-17T04:17:55Z</time>
      </trkpt>
      <trkpt lat="46.300912024453282" lon="11.788173001259565">
        <ele>2000.088704</ele>
        <time>2026-09-17T04:17:57Z</time>
      </trkpt>
      <trkpt lat="46.300757965072989" lon="11.788124972954392">
        <ele>1998.628854</ele>
        <time>2026-09-17T04:17:59Z</time>
      </trkpt>
      <trkpt lat="46.300631985068321" lon="11.788001004606485">
        <ele>1997.21687</ele>
        <time>2026-09-17T04:18:01Z</time>
      </trkpt>
      <trkpt lat="46.300440039485693" lon="11.787982983514667">
        <ele>1995.4417430000001</ele>
        <time>2026-09-17T04:18:04Z</time>
      </trkpt>
      <trkpt lat="46.300327973440289" lon="11.787868989631534">
        <ele>1994.185219</ele>
        <time>2026-09-17T04:18:06Z</time>
      </trkpt>
      <trkpt lat="46.300169974565506" lon="11.787563972175121">
        <ele>1991.7682179999999</ele>
        <time>2026-09-17T04:18:09Z</time>
      </trkpt>
      <trkpt lat="46.300126975402236" lon="11.78760495968163">
        <ele>1991.2956790000001</ele>
        <time>2026-09-17T04:18:09Z</time>
      </trkpt>
      <trkpt lat="46.299102958291769" lon="11.788203008472919">
        <ele>1981.1623320000001</ele>
        <time>2026-09-17T04:18:23Z</time>
      </trkpt>
      <trkpt lat="46.298959041014314" lon="11.788249025121331">
        <ele>1979.809035</ele>
        <time>2026-09-17T04:18:25Z</time>
      </trkpt>
      <trkpt lat="46.298872958868742" lon="11.788220023736358">
        <ele>1979.2322360000001</ele>
        <time>2026-09-17T04:18:26Z</time>
      </trkpt>
      <trkpt lat="46.298748990520835" lon="11.788008967414498">
        <ele>1978.0297949999999</ele>
        <time>2026-09-17T04:18:29Z</time>
      </trkpt>
      <trkpt lat="46.298611024394631" lon="11.78781702183187">
        <ele>1976.8271380000001</ele>
        <time>2026-09-17T04:18:31Z</time>
      </trkpt>
      <trkpt lat="46.298519996926188" lon="11.787772011011839">
        <ele>1976.222947</ele>
        <time>2026-09-17T04:18:33Z</time>
      </trkpt>
      <trkpt lat="46.298274993896484" lon="11.78779598325491">
        <ele>1974.680116</ele>
        <time>2026-09-17T04:18:36Z</time>
      </trkpt>
      <trkpt lat="46.298169968649745" lon="11.787848034873605">
        <ele>1973.9828640000001</ele>
        <time>2026-09-17T04:18:38Z</time>
      </trkpt>
      <trkpt lat="46.298005012795329" lon="11.788035035133362">
        <ele>1972.666189</ele>
        <time>2026-09-17T04:18:41Z</time>
      </trkpt>
      <trkpt lat="46.297981040552258" lon="11.788062024861574">
        <ele>1972.475207</ele>
        <time>2026-09-17T04:18:41Z</time>
      </trkpt>
      <trkpt lat="46.297737965360284" lon="11.788206025958061">
        <ele>1970.825454</ele>
        <time>2026-09-17T04:18:45Z</time>
      </trkpt>
      <trkpt lat="46.297701001167297" lon="11.788303004577756">
        <ele>1970.344476</ele>
        <time>2026-09-17T04:18:46Z</time>
      </trkpt>
      <trkpt lat="46.297731008380651" lon="11.788342986255884">
        <ele>1970.088201</ele>
        <time>2026-09-17T04:18:46Z</time>
      </trkpt>
      <trkpt lat="46.297773001715541" lon="11.788340974599123">
        <ele>1969.8241760000001</ele>
        <time>2026-09-17T04:18:47Z</time>
      </trkpt>
      <trkpt lat="46.298118000850081" lon="11.788157997652888">
        <ele>1967.0904559999999</ele>
        <time>2026-09-17T04:18:52Z</time>
      </trkpt>
      <trkpt lat="46.298174997791648" lon="11.788163026794791">
        <ele>1966.566415</ele>
        <time>2026-09-17T04:18:53Z</time>
      </trkpt>
      <trkpt lat="46.298257978633046" lon="11.788278026506305">
        <ele>1965.5119950000001</ele>
        <time>2026-09-17T04:18:54Z</time>
      </trkpt>
      <trkpt lat="46.29824498668313" lon="11.788539038971066">
        <ele>1963.8528710000001</ele>
        <time>2026-09-17T04:18:56Z</time>
      </trkpt>
      <trkpt lat="46.298270970582962" lon="11.788951009511948">
        <ele>1961.229777</ele>
        <time>2026-09-17T04:19:00Z</time>
      </trkpt>
      <trkpt lat="46.298270970582962" lon="11.789022004231811">
        <ele>1960.779612</ele>
        <time>2026-09-17T04:19:00Z</time>
      </trkpt>
      <trkpt lat="46.29826501943171" lon="11.789140021428466">
        <ele>1960.0294289999999</ele>
        <time>2026-09-17T04:19:01Z</time>
      </trkpt>
      <trkpt lat="46.298225959762931" lon="11.789240017533302">
        <ele>1959.3013559999999</ele>
        <time>2026-09-17T04:19:02Z</time>
      </trkpt>
      <trkpt lat="46.297970982268453" lon="11.789255021139979">
        <ele>1956.9593219999999</ele>
        <time>2026-09-17T04:19:06Z</time>
      </trkpt>
      <trkpt lat="46.297923037782311" lon="11.789221996441483">
        <ele>1956.471665</ele>
        <time>2026-09-17T04:19:06Z</time>
      </trkpt>
      <trkpt lat="46.297812983393669" lon="11.789412014186382">
        <ele>1954.8999650000001</ele>
        <time>2026-09-17T04:19:08Z</time>
      </trkpt>
      <trkpt lat="46.297575021162629" lon="11.78942802362144">
        <ele>1952.7135149999999</ele>
        <time>2026-09-17T04:19:11Z</time>
      </trkpt>
      <trkpt lat="46.297118961811066" lon="11.789354011416435">
        <ele>1948.712102</ele>
        <time>2026-09-17T04:19:15Z</time>
      </trkpt>
      <trkpt lat="46.296819979324937" lon="11.789412014186382">
        <ele>1946.1127429999999</ele>
        <time>2026-09-17T04:19:19Z</time>
      </trkpt>
      <trkpt lat="46.296514039859176" lon="11.789588034152985">
        <ele>1943.275539</ele>
        <time>2026-09-17T04:19:22Z</time>
      </trkpt>
      <trkpt lat="46.295893024653196" lon="11.790190022438765">
        <ele>1936.835358</ele>
        <time>2026-09-17T04:19:30Z</time>
      </trkpt>
      <trkpt lat="46.295524975284934" lon="11.790407029911876">
        <ele>1934.9994449999999</ele>
        <time>2026-09-17T04:19:35Z</time>
      </trkpt>
      <trkpt lat="46.295291036367416" lon="11.790492022410035">
        <ele>1934.012563</ele>
        <time>2026-09-17T04:19:38Z</time>
      </trkpt>
      <trkpt lat="46.295116022229195" lon="11.790521023795009">
        <ele>1933.2920360000001</ele>
        <time>2026-09-17T04:19:40Z</time>
      </trkpt>
      <trkpt lat="46.29461201839149" lon="11.790515994653106">
        <ele>1931.230339</ele>
        <time>2026-09-17T04:19:47Z</time>
      </trkpt>
      <trkpt lat="46.294285962358117" lon="11.790555976331234">
        <ele>1929.8920290000001</ele>
        <time>2026-09-17T04:19:52Z</time>
      </trkpt>
      <trkpt lat="46.294098040089011" lon="11.790627976879478">
        <ele>1929.0965309999999</ele>
        <time>2026-09-17T04:19:54Z</time>
      </trkpt>
      <trkpt lat="46.293935012072325" lon="11.790725961327553">
        <ele>1927.246054</ele>
        <time>2026-09-17T04:19:56Z</time>
      </trkpt>
      <trkpt lat="46.293680034577847" lon="11.79095302708447">
        <ele>1924.0548670000001</ele>
        <time>2026-09-17T04:19:59Z</time>
      </trkpt>
      <trkpt lat="46.292858021333814" lon="11.791765987873077">
        <ele>1913.442139</ele>
        <time>2026-09-17T04:20:10Z</time>
      </trkpt>
      <trkpt lat="46.292499024420977" lon="11.792160021141171">
        <ele>1908.7149320000001</ele>
        <time>2026-09-17T04:20:14Z</time>
      </trkpt>
      <trkpt lat="46.292316969484091" lon="11.792340986430645">
        <ele>1906.501356</ele>
        <time>2026-09-17T04:20:16Z</time>
      </trkpt>
      <trkpt lat="46.291954033076763" lon="11.792569980025291">
        <ele>1902.5319999999999</ele>
        <time>2026-09-17T04:20:20Z</time>
      </trkpt>
      <trkpt lat="46.29143301397562" lon="11.792680034413934">
        <ele>1897.2542599999999</ele>
        <time>2026-09-17T04:20:26Z</time>
      </trkpt>
      <trkpt lat="46.291118022054434" lon="11.792813977226615">
        <ele>1893.9631440000001</ele>
        <time>2026-09-17T04:20:29Z</time>
      </trkpt>
      <trkpt lat="46.290975026786327" lon="11.79291196167469">
        <ele>1892.3771260000001</ele>
        <time>2026-09-17T04:20:31Z</time>
      </trkpt>
      <trkpt lat="46.290340013802052" lon="11.79355401545763">
        <ele>1889.7392239999999</ele>
        <time>2026-09-17T04:20:40Z</time>
      </trkpt>
      <trkpt lat="46.290060980245471" lon="11.793734980747104">
        <ele>1888.8378319999999</ele>
        <time>2026-09-17T04:20:44Z</time>
      </trkpt>
      <trkpt lat="46.289858976379037" lon="11.793809998780489">
        <ele>1888.2230239999999</ele>
        <time>2026-09-17T04:20:47Z</time>
      </trkpt>
      <trkpt lat="46.288986001163721" lon="11.793902032077312">
        <ele>1887.5658229999999</ele>
        <time>2026-09-17T04:21:01Z</time>
      </trkpt>
      <trkpt lat="46.2887919601053" lon="11.793950982391834">
        <ele>1888.185725</ele>
        <time>2026-09-17T04:21:05Z</time>
      </trkpt>
      <trkpt lat="46.288656005635858" lon="11.794036980718374">
        <ele>1888.65291</ele>
        <time>2026-09-17T04:21:09Z</time>
      </trkpt>
      <trkpt lat="46.288529019802809" lon="11.79415600374341">
        <ele>1889.1291639999999</ele>
        <time>2026-09-17T04:21:13Z</time>
      </trkpt>
      <trkpt lat="46.288438998162746" lon="11.794301010668278">
        <ele>1889.5531209999999</ele>
        <time>2026-09-17T04:21:18Z</time>
      </trkpt>
      <trkpt lat="46.288317041471601" lon="11.79462899453938">
        <ele>1890.3633789999999</ele>
        <time>2026-09-17T04:21:27Z</time>
      </trkpt>
      <trkpt lat="46.288288040086627" lon="11.794810965657234">
        <ele>1890.7696559999999</ele>
        <time>2026-09-17T04:21:33Z</time>
      </trkpt>
      <trkpt lat="46.288257027044892" lon="11.795586962252855">
        <ele>1892.19354</ele>
        <time>2026-09-17T04:21:59Z</time>
      </trkpt>
      <trkpt lat="46.288211010396481" lon="11.795815033838153">
        <ele>1892.1001349999999</ele>
        <time>2026-09-17T04:22:06Z</time>
      </trkpt>
      <trkpt lat="46.288171028718352" lon="11.795902037993073">
        <ele>1892.059041</ele>
        <time>2026-09-17T04:22:09Z</time>
      </trkpt>
      <trkpt lat="46.288062985986471" lon="11.796023994684219">
        <ele>1891.9810709999999</ele>
        <time>2026-09-17T04:22:14Z</time>
      </trkpt>
      <trkpt lat="46.287929965183139" lon="11.796084009110928">
        <ele>1891.901791</ele>
        <time>2026-09-17T04:22:19Z</time>
      </trkpt>
      <trkpt lat="46.287798034027219" lon="11.796065988019109">
        <ele>1891.826339</ele>
        <time>2026-09-17T04:22:22Z</time>
      </trkpt>
      <trkpt lat="46.287549007683992" lon="11.79591603577137">
        <ele>1891.672849</ele>
        <time>2026-09-17T04:22:27Z</time>
      </trkpt>
      <trkpt lat="46.287471977993846" lon="11.795785026624799">
        <ele>1891.605217</ele>
        <time>2026-09-17T04:22:29Z</time>
      </trkpt>
      <trkpt lat="46.287080962210894" lon="11.795378001406789">
        <ele>1891.3311189999999</ele>
        <time>2026-09-17T04:22:34Z</time>
      </trkpt>
      <trkpt lat="46.287011979147792" lon="11.795341037213802">
        <ele>1891.2892429999999</ele>
        <time>2026-09-17T04:22:35Z</time>
      </trkpt>
      <trkpt lat="46.286907037720084" lon="11.795336008071899">
        <ele>1891.2294569999999</ele>
        <time>2026-09-17T04:22:36Z</time>
      </trkpt>
      <trkpt lat="46.286572013050318" lon="11.795440027490258">
        <ele>1888.6089979999999</ele>
        <time>2026-09-17T04:22:40Z</time>
      </trkpt>
      <trkpt lat="46.286465981975198" lon="11.795503981411457">
        <ele>1887.644652</ele>
        <time>2026-09-17T04:22:41Z</time>
      </trkpt>
      <trkpt lat="46.285841027274728" lon="11.7961769644171">
        <ele>1881.1036469999999</ele>
        <time>2026-09-17T04:22:50Z</time>
      </trkpt>
      <trkpt lat="46.285212971270084" lon="11.796684991568327">
        <ele>1874.9262140000001</ele>
        <time>2026-09-17T04:22:57Z</time>
      </trkpt>
      <trkpt lat="46.284990012645721" lon="11.796969976276159">
        <ele>1872.101674</ele>
        <time>2026-09-17T04:23:00Z</time>
      </trkpt>
      <trkpt lat="46.284592961892486" lon="11.797245992347598">
        <ele>1867.9203359999999</ele>
        <time>2026-09-17T04:23:05Z</time>
      </trkpt>
      <trkpt lat="46.284540994092822" lon="11.797326039522886">
        <ele>1867.199795</ele>
        <time>2026-09-17T04:23:06Z</time>
      </trkpt>
      <trkpt lat="46.284505035728216" lon="11.79744497872889">
        <ele>1866.3475390000001</ele>
        <time>2026-09-17T04:23:07Z</time>
      </trkpt>
      <trkpt lat="46.28449397161603" lon="11.797576993703842">
        <ele>1865.475246</ele>
        <time>2026-09-17T04:23:08Z</time>
      </trkpt>
      <trkpt lat="46.28451400436461" lon="11.797704985365272">
        <ele>1864.614274</ele>
        <time>2026-09-17T04:23:08Z</time>
      </trkpt>
      <trkpt lat="46.284546023234725" lon="11.79778503254056">
        <ele>1864.007836</ele>
        <time>2026-09-17T04:23:09Z</time>
      </trkpt>
      <trkpt lat="46.28460100851953" lon="11.797837000340223">
        <ele>1863.3841199999999</ele>
        <time>2026-09-17T04:23:10Z</time>
      </trkpt>
      <trkpt lat="46.28494500182569" lon="11.798025006428361">
        <ele>1859.8932</ele>
        <time>2026-09-17T04:23:14Z</time>
      </trkpt>
      <trkpt lat="46.285258987918496" lon="11.79825902916491">
        <ele>1856.6015159999999</ele>
        <time>2026-09-17T04:23:18Z</time>
      </trkpt>
      <trkpt lat="46.285702977329493" lon="11.798312002792954">
        <ele>1852.476165</ele>
        <time>2026-09-17T04:23:23Z</time>
      </trkpt>
      <trkpt lat="46.285901963710785" lon="11.798284007236362">
        <ele>1850.624759</ele>
        <time>2026-09-17T04:23:25Z</time>
      </trkpt>
      <trkpt lat="46.286036996170878" lon="11.798298005014658">
        <ele>1849.37147</ele>
        <time>2026-09-17T04:23:26Z</time>
      </trkpt>
      <trkpt lat="46.286121988669038" lon="11.798336980864406">
        <ele>1848.545762</ele>
        <time>2026-09-17T04:23:27Z</time>
      </trkpt>
      <trkpt lat="46.286183008924127" lon="11.798447035253048">
        <ele>1847.6432460000001</ele>
        <time>2026-09-17T04:23:28Z</time>
      </trkpt>
      <trkpt lat="46.286187032237649" lon="11.798542002215981">
        <ele>1847.034204</ele>
        <time>2026-09-17T04:23:29Z</time>
      </trkpt>
      <trkpt lat="46.286151995882392" lon="11.798653984442353">
        <ele>1846.2476320000001</ele>
        <time>2026-09-17T04:23:30Z</time>
      </trkpt>
      <trkpt lat="46.285444982349873" lon="11.799724018201232">
        <ele>1838.139625</ele>
        <time>2026-09-17T04:23:40Z</time>
      </trkpt>
      <trkpt lat="46.28533199429512" lon="11.80004102177918">
        <ele>1836.4131460000001</ele>
        <time>2026-09-17T04:23:43Z</time>
      </trkpt>
      <trkpt lat="46.285302992910147" lon="11.800242019817233">
        <ele>1835.419267</ele>
        <time>2026-09-17T04:23:45Z</time>
      </trkpt>
      <trkpt lat="46.285281032323837" lon="11.800397001206875">
        <ele>1834.6533569999999</ele>
        <time>2026-09-17T04:23:46Z</time>
      </trkpt>
      <trkpt lat="46.285239038988948" lon="11.800426002591848">
        <ele>1834.327411</ele>
        <time>2026-09-17T04:23:47Z</time>
      </trkpt>
      <trkpt lat="46.285192016512156" lon="11.80040798150003">
        <ele>1833.9868839999999</ele>
        <time>2026-09-17T04:23:47Z</time>
      </trkpt>
      <trkpt lat="46.285172989591956" lon="11.80034201592207">
        <ele>1833.6408120000001</ele>
        <time>2026-09-17T04:23:48Z</time>
      </trkpt>
      <trkpt lat="46.28518195822835" lon="11.800253000110388">
        <ele>1833.205436</ele>
        <time>2026-09-17T04:23:49Z</time>
      </trkpt>
      <trkpt lat="46.285360995680094" lon="11.799628967419267">
        <ele>1829.935205</ele>
        <time>2026-09-17T04:23:55Z</time>
      </trkpt>
      <trkpt lat="46.285535003989935" lon="11.799148013815284">
        <ele>1827.953422</ele>
        <time>2026-09-17T04:24:00Z</time>
      </trkpt>
      <trkpt lat="46.285507008433342" lon="11.799034019932151">
        <ele>1827.5207820000001</ele>
        <time>2026-09-17T04:24:01Z</time>
      </trkpt>
      <trkpt lat="46.285414975136518" lon="11.799013987183571">
        <ele>1827.039381</ele>
        <time>2026-09-17T04:24:02Z</time>
      </trkpt>
      <trkpt lat="46.285383962094784" lon="11.799078024923801">
        <ele>1826.7599009999999</ele>
        <time>2026-09-17T04:24:03Z</time>
      </trkpt>
      <trkpt lat="46.28531196154654" lon="11.799415983259678">
        <ele>1825.495109</ele>
        <time>2026-09-17T04:24:05Z</time>
      </trkpt>
      <trkpt lat="46.285293018445373" lon="11.799500975757837">
        <ele>1825.175647</ele>
        <time>2026-09-17T04:24:06Z</time>
      </trkpt>
      <trkpt lat="46.285011973232031" lon="11.800115033984184">
        <ele>1822.542187</ele>
        <time>2026-09-17T04:24:12Z</time>
      </trkpt>
      <trkpt lat="46.284991018474102" lon="11.800330029800534">
        <ele>1821.765709</ele>
        <time>2026-09-17T04:24:14Z</time>
      </trkpt>
      <trkpt lat="46.28496503457427" lon="11.800603028386831">
        <ele>1820.7802389999999</ele>
        <time>2026-09-17T04:24:16Z</time>
      </trkpt>
      <trkpt lat="46.284908037632704" lon="11.800621971487999">
        <ele>1820.477566</ele>
        <time>2026-09-17T04:24:16Z</time>
      </trkpt>
      <trkpt lat="46.284875012934208" lon="11.800597999244928">
        <ele>1820.2858799999999</ele>
        <time>2026-09-17T04:24:17Z</time>
      </trkpt>
      <trkpt lat="46.284854980185628" lon="11.80053697898984">
        <ele>1820.0437019999999</ele>
        <time>2026-09-17T04:24:17Z</time>
      </trkpt>
      <trkpt lat="46.284952964633703" lon="11.79959200322628">
        <ele>1816.616121</ele>
        <time>2026-09-17T04:24:24Z</time>
      </trkpt>
      <trkpt lat="46.284940978512168" lon="11.799491001293063">
        <ele>1816.2485280000001</ele>
        <time>2026-09-17T04:24:25Z</time>
      </trkpt>
      <trkpt lat="46.284896973520517" lon="11.799464011564851">
        <ele>1816.0004670000001</ele>
        <time>2026-09-17T04:24:26Z</time>
      </trkpt>
      <trkpt lat="46.284833019599319" lon="11.799512961879373">
        <ele>1815.624652</ele>
        <time>2026-09-17T04:24:27Z</time>
      </trkpt>
      <trkpt lat="46.284793959930539" lon="11.799770034849644">
        <ele>1814.680852</ele>
        <time>2026-09-17T04:24:29Z</time>
      </trkpt>
      <trkpt lat="46.284745009616017" lon="11.79997798986733">
        <ele>1813.8926160000001</ele>
        <time>2026-09-17T04:24:31Z</time>
      </trkpt>
      <trkpt lat="46.284606037661433" lon="11.800563968718052">
        <ele>1811.67031</ele>
        <time>2026-09-17T04:24:37Z</time>
      </trkpt>
      <trkpt lat="46.284626992419362" lon="11.800775025039911">
        <ele>1810.9317610000001</ele>
        <time>2026-09-17T04:24:38Z</time>
      </trkpt>
      <trkpt lat="46.284721037372947" lon="11.800956996157765">
        <ele>1810.20832</ele>
        <time>2026-09-17T04:24:40Z</time>
      </trkpt>
      <trkpt lat="46.28470703959465" lon="11.801007958129048">
        <ele>1810.0335950000001</ele>
        <time>2026-09-17T04:24:41Z</time>
      </trkpt>
      <trkpt lat="46.284768981859088" lon="11.801079958677292">
        <ele>1809.667328</ele>
        <time>2026-09-17T04:24:43Z</time>
      </trkpt>
      <trkpt lat="46.28483503125608" lon="11.801147013902664">
        <ele>1809.295881</ele>
        <time>2026-09-17T04:24:45Z</time>
      </trkpt>
      <trkpt lat="46.284894039854407" lon="11.801234018057585">
        <ele>1808.907778</ele>
        <time>2026-09-17T04:24:46Z</time>
      </trkpt>
      <trkpt lat="46.284913988783956" lon="11.801325967535377">
        <ele>1808.6007010000001</ele>
        <time>2026-09-17T04:24:48Z</time>
      </trkpt>
      <trkpt lat="46.28492102958262" lon="11.801415989175439">
        <ele>1808.312334</ele>
        <time>2026-09-17T04:24:49Z</time>
      </trkpt>
      <trkpt lat="46.28490200266242" lon="11.801515985280275">
        <ele>1807.9821219999999</ele>
        <time>2026-09-17T04:24:51Z</time>
      </trkpt>
      <trkpt lat="46.284848023205996" lon="11.801603995263577">
        <ele>1807.6074160000001</ele>
        <time>2026-09-17T04:24:52Z</time>
      </trkpt>
      <trkpt lat="46.28477300517261" lon="11.80165302939713">
        <ele>1807.228282</ele>
        <time>2026-09-17T04:24:54Z</time>
      </trkpt>
      <trkpt lat="46.284684995189309" lon="11.801678007468581">
        <ele>1806.8151</ele>
        <time>2026-09-17T04:24:56Z</time>
      </trkpt>
      <trkpt lat="46.284679966047406" lon="11.801627967506647">
        <ele>1806.654243</ele>
        <time>2026-09-17T04:24:57Z</time>
      </trkpt>
      <trkpt lat="46.284327004104853" lon="11.801702985540032">
        <ele>1805.010432</ele>
        <time>2026-09-17T04:25:02Z</time>
      </trkpt>
      <trkpt lat="46.283931965008378" lon="11.801771968603134">
        <ele>1803.1773390000001</ele>
        <time>2026-09-17T04:25:07Z</time>
      </trkpt>
      <trkpt lat="46.28337699919939" lon="11.801715977489948">
        <ele>1798.8518280000001</ele>
        <time>2026-09-17T04:25:14Z</time>
      </trkpt>
      <trkpt lat="46.282423976808786" lon="11.801880011335015">
        <ele>1790.9469120000001</ele>
        <time>2026-09-17T04:25:26Z</time>
      </trkpt>
      <trkpt lat="46.281969007104635" lon="11.801924016326666">
        <ele>1787.284079</ele>
        <time>2026-09-17T04:25:32Z</time>
      </trkpt>
      <trkpt lat="46.281907986849546" lon="11.801873976364732">
        <ele>1786.7703100000001</ele>
        <time>2026-09-17T04:25:33Z</time>
      </trkpt>
      <trkpt lat="46.281904969364405" lon="11.801771968603134">
        <ele>1786.253248</ele>
        <time>2026-09-17T04:25:34Z</time>
      </trkpt>
      <trkpt lat="46.282604020088911" lon="11.801399979740381">
        <ele>1780.795288</ele>
        <time>2026-09-17T04:25:44Z</time>
      </trkpt>
      <trkpt lat="46.282721031457186" lon="11.80128900334239">
        <ele>1779.7700150000001</ele>
        <time>2026-09-17T04:25:46Z</time>
      </trkpt>
      <trkpt lat="46.282720025628805" lon="11.801209039986134">
        <ele>1779.364783</ele>
        <time>2026-09-17T04:25:47Z</time>
      </trkpt>
      <trkpt lat="46.282679960131645" lon="11.80116000585258">
        <ele>1778.98071</ele>
        <time>2026-09-17T04:25:48Z</time>
      </trkpt>
      <trkpt lat="46.28262598067522" lon="11.801145002245903">
        <ele>1778.577757</ele>
        <time>2026-09-17T04:25:48Z</time>
      </trkpt>
      <trkpt lat="46.281802961602807" lon="11.801326973363757">
        <ele>1772.017879</ele>
        <time>2026-09-17T04:25:59Z</time>
      </trkpt>
      <trkpt lat="46.281123021617532" lon="11.80130903609097">
        <ele>1766.0727670000001</ele>
        <time>2026-09-17T04:26:07Z</time>
      </trkpt>
      <trkpt lat="46.280784979462624" lon="11.801353041082621">
        <ele>1763.1062569999999</ele>
        <time>2026-09-17T04:26:12Z</time>
      </trkpt>
      <trkpt lat="46.2805409822613" lon="11.801450019702315">
        <ele>1760.894329</ele>
        <time>2026-09-17T04:26:15Z</time>
      </trkpt>
      <trkpt lat="46.280207969248295" lon="11.801869031041861">
        <ele>1757.2812759999999</ele>
        <time>2026-09-17T04:26:21Z</time>
      </trkpt>
      <trkpt lat="46.280127000063658" lon="11.801899038255215">
        <ele>1756.635667</ele>
        <time>2026-09-17T04:26:22Z</time>
      </trkpt>
      <trkpt lat="46.279929019510746" lon="11.801972966641188">
        <ele>1755.0566249999999</ele>
        <time>2026-09-17T04:26:24Z</time>
      </trkpt>
      <trkpt lat="46.279782000929117" lon="11.802092995494604">
        <ele>1753.753369</ele>
        <time>2026-09-17T04:26:27Z</time>
      </trkpt>
      <trkpt lat="46.279735984280705" lon="11.802179999649525">
        <ele>1753.168799</ele>
        <time>2026-09-17T04:26:28Z</time>
      </trkpt>
      <trkpt lat="46.279656020924449" lon="11.802478982135653">
        <ele>1751.457746</ele>
        <time>2026-09-17T04:26:30Z</time>
      </trkpt>
      <trkpt lat="46.279577985405922" lon="11.802972005680203">
        <ele>1748.7587209999999</ele>
        <time>2026-09-17T04:26:35Z</time>
      </trkpt>
      <trkpt lat="46.279539009556174" lon="11.803017016500235">
        <ele>1748.37355</ele>
        <time>2026-09-17T04:26:36Z</time>
      </trkpt>
      <trkpt lat="46.279475977644324" lon="11.803025985136628">
        <ele>1747.8847290000001</ele>
        <time>2026-09-17T04:26:36Z</time>
      </trkpt>
      <trkpt lat="46.279427027329803" lon="11.8029860034585">
        <ele>1747.4503090000001</ele>
        <time>2026-09-17T04:26:37Z</time>
      </trkpt>
      <trkpt lat="46.279397020116448" lon="11.802785005420446">
        <ele>1746.3529109999999</ele>
        <time>2026-09-17T04:26:39Z</time>
      </trkpt>
      <trkpt lat="46.279470026493073" lon="11.802167007699609">
        <ele>1743.8498649999999</ele>
        <time>2026-09-17T04:26:45Z</time>
      </trkpt>
      <trkpt lat="46.279616039246321" lon="11.801501987501979">
        <ele>1741.5289560000001</ele>
        <time>2026-09-17T04:26:51Z</time>
      </trkpt>
      <trkpt lat="46.279662977904081" lon="11.801370978355408">
        <ele>1741.0379989999999</ele>
        <time>2026-09-17T04:26:53Z</time>
      </trkpt>
      <trkpt lat="46.279909992590547" lon="11.800999995321035">
        <ele>1739.3245199999999</ele>
        <time>2026-09-17T04:26:58Z</time>
      </trkpt>
      <trkpt lat="46.280123982578516" lon="11.800393983721733">
        <ele>1737.0609219999999</ele>
        <time>2026-09-17T04:27:05Z</time>
      </trkpt>
      <trkpt lat="46.280272006988525" lon="11.800165995955467">
        <ele>1735.9175789999999</ele>
        <time>2026-09-17T04:27:08Z</time>
      </trkpt>
      <trkpt lat="46.280602002516389" lon="11.79974103346467">
        <ele>1733.4057740000001</ele>
        <time>2026-09-17T04:27:14Z</time>
      </trkpt>
      <trkpt lat="46.280971979722381" lon="11.79946199990809">
        <ele>1731.033598</ele>
        <time>2026-09-17T04:27:20Z</time>
      </trkpt>
      <trkpt lat="46.281008021906018" lon="11.799357980489731">
        <ele>1730.576548</ele>
        <time>2026-09-17T04:27:21Z</time>
      </trkpt>
      <trkpt lat="46.280982960015535" lon="11.799271982163191">
        <ele>1730.2099430000001</ele>
        <time>2026-09-17T04:27:22Z</time>
      </trkpt>
      <trkpt lat="46.280924035236239" lon="11.799216996878386">
        <ele>1729.8109059999999</ele>
        <time>2026-09-17T04:27:23Z</time>
      </trkpt>
      <trkpt lat="46.280782967805862" lon="11.799224959686399">
        <ele>1729.0086289999999</ele>
        <time>2026-09-17T04:27:25Z</time>
      </trkpt>
      <trkpt lat="46.280114008113742" lon="11.799494018778205">
        <ele>1724.4435559999999</ele>
        <time>2026-09-17T04:27:34Z</time>
      </trkpt>
      <trkpt lat="46.279201973229647" lon="11.799946976825595">
        <ele>1716.3597380000001</ele>
        <time>2026-09-17T04:27:46Z</time>
      </trkpt>
      <trkpt lat="46.278766030445695" lon="11.8002990167588">
        <ele>1712.1739620000001</ele>
        <time>2026-09-17T04:27:53Z</time>
      </trkpt>
      <trkpt lat="46.278465958312154" lon="11.800607973709702">
        <ele>1709.46327</ele>
        <time>2026-09-17T04:27:57Z</time>
      </trkpt>
      <trkpt lat="46.278205029666424" lon="11.800962025299668">
        <ele>1706.9783970000001</ele>
        <time>2026-09-17T04:28:02Z</time>
      </trkpt>
      <trkpt lat="46.278031021356583" lon="11.801344994455576">
        <ele>1704.7780869999999</ele>
        <time>2026-09-17T04:28:06Z</time>
      </trkpt>
      <trkpt lat="46.277890037745237" lon="11.801730981096625">
        <ele>1702.682129</ele>
        <time>2026-09-17T04:28:10Z</time>
      </trkpt>
      <trkpt lat="46.277761962264776" lon="11.802359037101269">
        <ele>1699.538916</ele>
        <time>2026-09-17T04:28:16Z</time>
      </trkpt>
      <trkpt lat="46.277675963938236" lon="11.802447969093919">
        <ele>1698.804494</ele>
        <time>2026-09-17T04:28:18Z</time>
      </trkpt>
      <trkpt lat="46.277629025280476" lon="11.802437994629145">
        <ele>1698.4724630000001</ele>
        <time>2026-09-17T04:28:18Z</time>
      </trkpt>
      <trkpt lat="46.277572028338909" lon="11.802349984645844">
        <ele>1697.8896830000001</ele>
        <time>2026-09-17T04:28:20Z</time>
      </trkpt>
      <trkpt lat="46.277545038610697" lon="11.801320016384125">
        <ele>1692.9089349999999</ele>
        <time>2026-09-17T04:28:29Z</time>
      </trkpt>
      <trkpt lat="46.277385028079152" lon="11.80060101673007">
        <ele>1689.2589359999999</ele>
        <time>2026-09-17T04:28:36Z</time>
      </trkpt>
      <trkpt lat="46.277371030300856" lon="11.800248976796865">
        <ele>1687.5551809999999</ele>
        <time>2026-09-17T04:28:39Z</time>
      </trkpt>
      <trkpt lat="46.277396008372307" lon="11.799919987097383">
        <ele>1685.9767999999999</ele>
        <time>2026-09-17T04:28:42Z</time>
      </trkpt>
      <trkpt lat="46.277464991435409" lon="11.799666015431285">
        <ele>1684.7650619999999</ele>
        <time>2026-09-17T04:28:44Z</time>
      </trkpt>
      <trkpt lat="46.277698008343577" lon="11.799019016325474">
        <ele>1681.525844</ele>
        <time>2026-09-17T04:28:51Z</time>
      </trkpt>
      <trkpt lat="46.277866987511516" lon="11.798637975007296">
        <ele>1679.5158160000001</ele>
        <time>2026-09-17T04:28:56Z</time>
      </trkpt>
      <trkpt lat="46.277866987511516" lon="11.798531021922827">
        <ele>1679.040741</ele>
        <time>2026-09-17T04:28:57Z</time>
      </trkpt>
      <trkpt lat="46.277846032753587" lon="11.798486011102796">
        <ele>1678.7996639999999</ele>
        <time>2026-09-17T04:28:57Z</time>
      </trkpt>
      <trkpt lat="46.277743019163609" lon="11.798437982797623">
        <ele>1678.104527</ele>
        <time>2026-09-17T04:28:58Z</time>
      </trkpt>
      <trkpt lat="46.277027036994696" lon="11.798853976652026">
        <ele>1672.8012120000001</ele>
        <time>2026-09-17T04:29:09Z</time>
      </trkpt>
      <trkpt lat="46.276635015383363" lon="11.799410032108426">
        <ele>1668.4660940000001</ele>
        <time>2026-09-17T04:29:16Z</time>
      </trkpt>
      <trkpt lat="46.276208963245153" lon="11.79972100071609">
        <ele>1664.6978959999999</ele>
        <time>2026-09-17T04:29:22Z</time>
      </trkpt>
      <trkpt lat="46.276012994349003" lon="11.799901966005564">
        <ele>1662.8616320000001</ele>
        <time>2026-09-17T04:29:25Z</time>
      </trkpt>
      <trkpt lat="46.275473032146692" lon="11.800576960667968">
        <ele>1657.96261</ele>
        <time>2026-09-17T04:29:34Z</time>
      </trkpt>
      <trkpt lat="46.275460962206125" lon="11.800591964274645">
        <ele>1657.8659339999999</ele>
        <time>2026-09-17T04:29:34Z</time>
      </trkpt>
      <trkpt lat="46.275173965841532" lon="11.801033020019531">
        <ele>1655.3136589999999</ele>
        <time>2026-09-17T04:29:40Z</time>
      </trkpt>
      <trkpt lat="46.275113029405475" lon="11.801006030291319">
        <ele>1654.9247780000001</ele>
        <time>2026-09-17T04:29:40Z</time>
      </trkpt>
      <trkpt lat="46.275086961686611" lon="11.800898993387818">
        <ele>1654.446866</ele>
        <time>2026-09-17T04:29:42Z</time>
      </trkpt>
      <trkpt lat="46.275146976113319" lon="11.800134982913733">
        <ele>1651.206913</ele>
        <time>2026-09-17T04:29:49Z</time>
      </trkpt>
      <trkpt lat="46.275100959464908" lon="11.798878032714128">
        <ele>1646.4486750000001</ele>
        <time>2026-09-17T04:30:01Z</time>
      </trkpt>
      <trkpt lat="46.275129038840532" lon="11.797774974256754">
        <ele>1642.505226</ele>
        <time>2026-09-17T04:30:12Z</time>
      </trkpt>
      <trkpt lat="46.275100037455559" lon="11.797607000917196">
        <ele>1641.886561</ele>
        <time>2026-09-17T04:30:13Z</time>
      </trkpt>
      <trkpt lat="46.275015966966748" lon="11.797579005360603">
        <ele>1641.4409900000001</ele>
        <time>2026-09-17T04:30:15Z</time>
      </trkpt>
      <trkpt lat="46.274915970861912" lon="11.797651005908847">
        <ele>1640.863617</ele>
        <time>2026-09-17T04:30:16Z</time>
      </trkpt>
      <trkpt lat="46.274571977555752" lon="11.798057025298476">
        <ele>1637.9526760000001</ele>
        <time>2026-09-17T04:30:22Z</time>
      </trkpt>
      <trkpt lat="46.274003013968468" lon="11.798729002475739">
        <ele>1632.716428</ele>
        <time>2026-09-17T04:30:32Z</time>
      </trkpt>
      <trkpt lat="46.273825988173485" lon="11.799027984961867">
        <ele>1630.7766160000001</ele>
        <time>2026-09-17T04:30:35Z</time>
      </trkpt>
      <trkpt lat="46.273555001243949" lon="11.799607006832957">
        <ele>1627.3278809999999</ele>
        <time>2026-09-17T04:30:41Z</time>
      </trkpt>
      <trkpt lat="46.273442013189197" lon="11.799847986549139">
        <ele>1625.782962</ele>
        <time>2026-09-17T04:30:44Z</time>
      </trkpt>
      <trkpt lat="46.273331958800554" lon="11.799931973218918">
        <ele>1624.8283240000001</ele>
        <time>2026-09-17T04:30:46Z</time>
      </trkpt>
      <trkpt lat="46.273266999050975" lon="11.799878999590874">
        <ele>1624.255672</ele>
        <time>2026-09-17T04:30:47Z</time>
      </trkpt>
      <trkpt lat="46.27321201376617" lon="11.799703985452652">
        <ele>1623.235821</ele>
        <time>2026-09-17T04:30:48Z</time>
      </trkpt>
      <trkpt lat="46.273053009063005" lon="11.79903301410377">
        <ele>1619.4727379999999</ele>
        <time>2026-09-17T04:30:55Z</time>
      </trkpt>
      <trkpt lat="46.273029036819935" lon="11.79879798553884">
        <ele>1618.212503</ele>
        <time>2026-09-17T04:30:57Z</time>
      </trkpt>
      <trkpt lat="46.273056026548147" lon="11.798524986952543">
        <ele>1616.7494589999999</ele>
        <time>2026-09-17T04:30:59Z</time>
      </trkpt>
      <trkpt lat="46.273043034598231" lon="11.798485005274415">
        <ele>1616.5149690000001</ele>
        <time>2026-09-17T04:31:00Z</time>
      </trkpt>
      <trkpt lat="46.27299701794982" lon="11.798468995839357">
        <ele>1616.1518599999999</ele>
        <time>2026-09-17T04:31:00Z</time>
      </trkpt>
      <trkpt lat="46.272662999108434" lon="11.798831010237336">
        <ele>1612.91337</ele>
        <time>2026-09-17T04:31:06Z</time>
      </trkpt>
      <trkpt lat="46.272554034367204" lon="11.799091016873717">
        <ele>1611.2076489999999</ele>
        <time>2026-09-17T04:31:09Z</time>
      </trkpt>
      <trkpt lat="46.27254699356854" lon="11.799105014652014">
        <ele>1611.1107260000001</ele>
        <time>2026-09-17T04:31:09Z</time>
      </trkpt>
      <trkpt lat="46.272495025768876" lon="11.799296960234642">
        <ele>1609.954</ele>
        <time>2026-09-17T04:31:11Z</time>
      </trkpt>
      <trkpt lat="46.272442974150181" lon="11.799673978239298">
        <ele>1607.79756</ele>
        <time>2026-09-17T04:31:14Z</time>
      </trkpt>
      <trkpt lat="46.272385977208614" lon="11.800087038427591">
        <ele>1605.4351429999999</ele>
        <time>2026-09-17T04:31:18Z</time>
      </trkpt>
      <trkpt lat="46.27235303632915" lon="11.800319971516728">
        <ele>1604.1009939999999</ele>
        <time>2026-09-17T04:31:20Z</time>
      </trkpt>
      <trkpt lat="46.272328980267048" lon="11.800700007006526">
        <ele>1601.9605329999999</ele>
        <time>2026-09-17T04:31:23Z</time>
      </trkpt>
      <trkpt lat="46.272300984710455" lon="11.800872003659606">
        <ele>1600.9693159999999</ele>
        <time>2026-09-17T04:31:25Z</time>
      </trkpt>
      <trkpt lat="46.272261003032327" lon="11.800968982279301">
        <ele>1600.335732</ele>
        <time>2026-09-17T04:31:26Z</time>
      </trkpt>
      <trkpt lat="46.272181961685419" lon="11.801038971170783">
        <ele>1599.583944</ele>
        <time>2026-09-17T04:31:27Z</time>
      </trkpt>
      <trkpt lat="46.271940981969237" lon="11.801145002245903">
        <ele>1597.2653049999999</ele>
        <time>2026-09-17T04:31:30Z</time>
      </trkpt>
      <trkpt lat="46.271804021671414" lon="11.801280034705997">
        <ele>1595.6621270000001</ele>
        <time>2026-09-17T04:31:32Z</time>
      </trkpt>
      <trkpt lat="46.271458016708493" lon="11.801914963871241">
        <ele>1590.2565770000001</ele>
        <time>2026-09-17T04:31:39Z</time>
      </trkpt>
      <trkpt lat="46.27112802118063" lon="11.802166001871228">
        <ele>1586.6507160000001</ele>
        <time>2026-09-17T04:31:44Z</time>
      </trkpt>
      <trkpt lat="46.271003969013691" lon="11.802287036553025">
        <ele>1585.2041200000001</ele>
        <time>2026-09-17T04:31:46Z</time>
      </trkpt>
      <trkpt lat="46.270567020401359" lon="11.802630024030805">
        <ele>1580.9501990000001</ele>
        <time>2026-09-17T04:31:52Z</time>
      </trkpt>
      <trkpt lat="46.269314009696245" lon="11.804025024175644">
        <ele>1572.8467920000001</ele>
        <time>2026-09-17T04:32:14Z</time>
      </trkpt>
      <trkpt lat="46.269080992788076" lon="11.804284024983644">
        <ele>1571.2508829999999</ele>
        <time>2026-09-17T04:32:19Z</time>
      </trkpt>
      <trkpt lat="46.268886029720306" lon="11.804391983896494">
        <ele>1570.086049</ele>
        <time>2026-09-17T04:32:22Z</time>
      </trkpt>
      <trkpt lat="46.268091006204486" lon="11.80431998334825">
        <ele>1565.642362</ele>
        <time>2026-09-17T04:32:33Z</time>
      </trkpt>
      <trkpt lat="46.26711199991405" lon="11.804522993043065">
        <ele>1559.794979</ele>
        <time>2026-09-17T04:32:46Z</time>
      </trkpt>
      <trkpt lat="46.26636098138988" lon="11.804431965574622">
        <ele>1554.9593890000001</ele>
        <time>2026-09-17T04:32:55Z</time>
      </trkpt>
      <trkpt lat="46.266309013590217" lon="11.80444898083806">
        <ele>1554.6173220000001</ele>
        <time>2026-09-17T04:32:56Z</time>
      </trkpt>
      <trkpt lat="46.266258973628283" lon="11.804518969729543">
        <ele>1554.170852</ele>
        <time>2026-09-17T04:32:57Z</time>
      </trkpt>
      <trkpt lat="46.266246987506747" lon="11.804603962227702">
        <ele>1553.786036</ele>
        <time>2026-09-17T04:32:58Z</time>
      </trkpt>
      <trkpt lat="46.26625101082027" lon="11.805333020165563">
        <ele>1550.613726</ele>
        <time>2026-09-17T04:33:05Z</time>
      </trkpt>
      <trkpt lat="46.266245981678367" lon="11.805360009893775">
        <ele>1550.5228520000001</ele>
        <time>2026-09-17T04:33:06Z</time>
      </trkpt>
      <trkpt lat="46.266228966414928" lon="11.805440979078412">
        <ele>1550.2476489999999</ele>
        <time>2026-09-17T04:33:06Z</time>
      </trkpt>
      <trkpt lat="46.266092006117105" lon="11.805765023455024">
        <ele>1549.012892</ele>
        <time>2026-09-17T04:33:11Z</time>
      </trkpt>
      <trkpt lat="46.266093011945486" lon="11.806065011769533">
        <ele>1548.0375610000001</ele>
        <time>2026-09-17T04:33:14Z</time>
      </trkpt>
      <trkpt lat="46.266150008887053" lon="11.806279001757503">
        <ele>1547.2919810000001</ele>
        <time>2026-09-17T04:33:17Z</time>
      </trkpt>
      <trkpt lat="46.266262996941805" lon="11.806545965373516">
        <ele>1546.2742000000001</ele>
        <time>2026-09-17T04:33:21Z</time>
      </trkpt>
      <trkpt lat="46.266250004991889" lon="11.806611008942127">
        <ele>1546.054216</ele>
        <time>2026-09-17T04:33:21Z</time>
      </trkpt>
      <trkpt lat="46.266174986958504" lon="11.806645961478353">
        <ele>1545.6836089999999</ele>
        <time>2026-09-17T04:33:22Z</time>
      </trkpt>
      <trkpt lat="46.266137016937137" lon="11.806579995900393">
        <ele>1545.404368</ele>
        <time>2026-09-17T04:33:23Z</time>
      </trkpt>
      <trkpt lat="46.265958985313773" lon="11.805992005392909">
        <ele>1543.317495</ele>
        <time>2026-09-17T04:33:29Z</time>
      </trkpt>
      <trkpt lat="46.265943981707096" lon="11.805817997083068">
        <ele>1542.747427</ele>
        <time>2026-09-17T04:33:31Z</time>
      </trkpt>
      <trkpt lat="46.265967031940818" lon="11.805216008797288">
        <ele>1539.578757</ele>
        <time>2026-09-17T04:33:36Z</time>
      </trkpt>
      <trkpt lat="46.265939036384225" lon="11.805010987445712">
        <ele>1538.3650250000001</ele>
        <time>2026-09-17T04:33:38Z</time>
      </trkpt>
      <trkpt lat="46.265701996162534" lon="11.804375974461436">
        <ele>1534.173509</ele>
        <time>2026-09-17T04:33:44Z</time>
      </trkpt>
      <trkpt lat="46.265631001442671" lon="11.804100964218378">
        <ele>1532.4684440000001</ele>
        <time>2026-09-17T04:33:46Z</time>
      </trkpt>
      <trkpt lat="46.265625972300768" lon="11.803951011970639">
        <ele>1531.596172</ele>
        <time>2026-09-17T04:33:48Z</time>
      </trkpt>
      <trkpt lat="46.265676012262702" lon="11.803797958418727">
        <ele>1530.613196</ele>
        <time>2026-09-17T04:33:49Z</time>
      </trkpt>
      <trkpt lat="46.265753963962197" lon="11.803701985627413">
        <ele>1529.7527259999999</ele>
        <time>2026-09-17T04:33:51Z</time>
      </trkpt>
      <trkpt lat="46.266418984159827" lon="11.803367966786027">
        <ele>1524.920541</ele>
        <time>2026-09-17T04:34:00Z</time>
      </trkpt>
      <trkpt lat="46.266530966386199" lon="11.803272999823093">
        <ele>1524.17967</ele>
        <time>2026-09-17T04:34:02Z</time>
      </trkpt>
      <trkpt lat="46.266589974984527" lon="11.80309496819973">
        <ele>1523.4009619999999</ele>
        <time>2026-09-17T04:34:04Z</time>
      </trkpt>
      <trkpt lat="46.266587963327765" lon="11.802989020943642">
        <ele>1522.982661</ele>
        <time>2026-09-17T04:34:05Z</time>
      </trkpt>
      <trkpt lat="46.266539013013244" lon="11.802413016557693">
        <ele>1520.6933389999999</ele>
        <time>2026-09-17T04:34:11Z</time>
      </trkpt>
      <trkpt lat="46.26648897305131" lon="11.802314026281238">
        <ele>1520.2096879999999</ele>
        <time>2026-09-17T04:34:12Z</time>
      </trkpt>
      <trkpt lat="46.266425019130111" lon="11.802317965775728">
        <ele>1519.8441459999999</ele>
        <time>2026-09-17T04:34:13Z</time>
      </trkpt>
      <trkpt lat="46.266385959461331" lon="11.802393989637494">
        <ele>1519.470773</ele>
        <time>2026-09-17T04:34:14Z</time>
      </trkpt>
      <trkpt lat="46.266385037451982" lon="11.802732031792402">
        <ele>1518.1374269999999</ele>
        <time>2026-09-17T04:34:17Z</time>
      </trkpt>
      <trkpt lat="46.266362993046641" lon="11.802937975153327">
        <ele>1517.315163</ele>
        <time>2026-09-17T04:34:19Z</time>
      </trkpt>
      <trkpt lat="46.266285963356495" lon="11.803111983463168">
        <ele>1516.4237270000001</ele>
        <time>2026-09-17T04:34:21Z</time>
      </trkpt>
      <trkpt lat="46.266149003058672" lon="11.803199993446469">
        <ele>1515.4223469999999</ele>
        <time>2026-09-17T04:34:23Z</time>
      </trkpt>
      <trkpt lat="46.265676012262702" lon="11.803237963467836">
        <ele>1512.2576819999999</ele>
        <time>2026-09-17T04:34:29Z</time>
      </trkpt>
      <trkpt lat="46.265469985082746" lon="11.803294960409403">
        <ele>1510.856583</ele>
        <time>2026-09-17T04:34:31Z</time>
      </trkpt>
      <trkpt lat="46.265350040048361" lon="11.80337299592793">
        <ele>1509.9777280000001</ele>
        <time>2026-09-17T04:34:33Z</time>
      </trkpt>
      <trkpt lat="46.26507100649178" lon="11.803855039179325">
        <ele>1507.0744769999999</ele>
        <time>2026-09-17T04:34:39Z</time>
      </trkpt>
      <trkpt lat="46.264949971809983" lon="11.804278995841742">
        <ele>1504.9560530000001</ele>
        <time>2026-09-17T04:34:43Z</time>
      </trkpt>
      <trkpt lat="46.264874031767249" lon="11.80442500859499">
        <ele>1504.284457</ele>
        <time>2026-09-17T04:34:45Z</time>
      </trkpt>
      <trkpt lat="46.264776969328523" lon="11.804528022184968">
        <ele>1503.6495460000001</ele>
        <time>2026-09-17T04:34:47Z</time>
      </trkpt>
      <trkpt lat="46.264670016244054" lon="11.804572027176619">
        <ele>1503.0626</ele>
        <time>2026-09-17T04:34:49Z</time>
      </trkpt>
      <trkpt lat="46.264569014310837" lon="11.804542019963264">
        <ele>1502.5185630000001</ele>
        <time>2026-09-17T04:34:50Z</time>
      </trkpt>
      <trkpt lat="46.26455401070416" lon="11.804473958909512">
        <ele>1502.2581970000001</ele>
        <time>2026-09-17T04:34:51Z</time>
      </trkpt>
      <trkpt lat="46.265008980408311" lon="11.80352495983243">
        <ele>1498.045486</ele>
        <time>2026-09-17T04:35:02Z</time>
      </trkpt>
      <trkpt lat="46.265008980408311" lon="11.80341700091958">
        <ele>1497.6515340000001</ele>
        <time>2026-09-17T04:35:03Z</time>
      </trkpt>
      <trkpt lat="46.264970004558563" lon="11.803324967622757">
        <ele>1497.2578779999999</ele>
        <time>2026-09-17T04:35:04Z</time>
      </trkpt>
      <trkpt lat="46.264884006232023" lon="11.803218014538288">
        <ele>1496.659341</ele>
        <time>2026-09-17T04:35:05Z</time>
      </trkpt>
      <trkpt lat="46.264803037047386" lon="11.803118018433452">
        <ele>1496.097452</ele>
        <time>2026-09-17T04:35:07Z</time>
      </trkpt>
      <trkpt lat="46.264689965173602" lon="11.802962031215429">
        <ele>1495.2464010000001</ele>
        <time>2026-09-17T04:35:09Z</time>
      </trkpt>
      <trkpt lat="46.264617964625359" lon="11.80281400680542">
        <ele>1494.4813449999999</ele>
        <time>2026-09-17T04:35:11Z</time>
      </trkpt>
      <trkpt lat="46.264541018754244" lon="11.802337998524308">
        <ele>1492.414698</ele>
        <time>2026-09-17T04:35:15Z</time>
      </trkpt>
      <trkpt lat="46.264522997662425" lon="11.802198020741343">
        <ele>1491.812698</ele>
        <time>2026-09-17T04:35:16Z</time>
      </trkpt>
      <trkpt lat="46.264347983524203" lon="11.801855033263564">
        <ele>1490.0105349999999</ele>
        <time>2026-09-17T04:35:20Z</time>
      </trkpt>
      <trkpt lat="46.263999966904521" lon="11.801220020279288">
        <ele>1486.584897</ele>
        <time>2026-09-17T04:35:28Z</time>
      </trkpt>
      <trkpt lat="46.26393299549818" lon="11.801214991137385">
        <ele>1486.1746439999999</ele>
        <time>2026-09-17T04:35:29Z</time>
      </trkpt>
      <trkpt lat="46.263886978849769" lon="11.801257990300655">
        <ele>1485.839725</ele>
        <time>2026-09-17T04:35:30Z</time>
      </trkpt>
      <trkpt lat="46.263922015205026" lon="11.80152403190732">
        <ele>1484.695009</ele>
        <time>2026-09-17T04:35:32Z</time>
      </trkpt>
      <trkpt lat="46.263951016589999" lon="11.801785966381431">
        <ele>1483.614951</ele>
        <time>2026-09-17T04:35:35Z</time>
      </trkpt>
      <trkpt lat="46.263936012983322" lon="11.801913036033511">
        <ele>1483.0963549999999</ele>
        <time>2026-09-17T04:35:36Z</time>
      </trkpt>
      <trkpt lat="46.263136966153979" lon="11.802980974316597">
        <ele>1476.762266</ele>
        <time>2026-09-17T04:35:51Z</time>
      </trkpt>
      <trkpt lat="46.262893974781036" lon="11.80352495983243">
        <ele>1474.1552710000001</ele>
        <time>2026-09-17T04:35:57Z</time>
      </trkpt>
      <trkpt lat="46.262810993939638" lon="11.803541975095868">
        <ele>1473.662482</ele>
        <time>2026-09-17T04:35:58Z</time>
      </trkpt>
      <trkpt lat="46.262635979801416" lon="11.803036965429783">
        <ele>1471.353368</ele>
        <time>2026-09-17T04:36:02Z</time>
      </trkpt>
      <trkpt lat="46.262229038402438" lon="11.802394995465875">
        <ele>1467.7927219999999</ele>
        <time>2026-09-17T04:36:09Z</time>
      </trkpt>
      <trkpt lat="46.262093000113964" lon="11.802128031849861">
        <ele>1466.43705</ele>
        <time>2026-09-17T04:36:11Z</time>
      </trkpt>
      <trkpt lat="46.261960985139012" lon="11.801866013556719">
        <ele>1465.11184</ele>
        <time>2026-09-17T04:36:14Z</time>
      </trkpt>
      <trkpt lat="46.26182503066957" lon="11.801405008882284">
        <ele>1463.1309799999999</ele>
        <time>2026-09-17T04:36:18Z</time>
      </trkpt>
      <trkpt lat="46.261809021234512" lon="11.801041988655925">
        <ele>1462.013708</ele>
        <time>2026-09-17T04:36:21Z</time>
      </trkpt>
      <trkpt lat="46.261821007356048" lon="11.800797991454601">
        <ele>1461.262332</ele>
        <time>2026-09-17T04:36:23Z</time>
      </trkpt>
      <trkpt lat="46.261821007356048" lon="11.800650972872972">
        <ele>1460.8108</ele>
        <time>2026-09-17T04:36:25Z</time>
      </trkpt>
      <trkpt lat="46.261783959344029" lon="11.80055701173842">
        <ele>1460.4785489999999</ele>
        <time>2026-09-17T04:36:25Z</time>
      </trkpt>
      <trkpt lat="46.261596959084272" lon="11.800504038110375">
        <ele>1459.63193</ele>
        <time>2026-09-17T04:36:28Z</time>
      </trkpt>
      <trkpt lat="46.261199992150068" lon="11.800576038658619">
        <ele>1457.8542950000001</ele>
        <time>2026-09-17T04:36:33Z</time>
      </trkpt>
      <trkpt lat="46.260822974145412" lon="11.800720961764455">
        <ele>1456.121122</ele>
        <time>2026-09-17T04:36:37Z</time>
      </trkpt>
      <trkpt lat="46.260474035516381" lon="11.801003012806177">
        <ele>1453.8898830000001</ele>
        <time>2026-09-17T04:36:42Z</time>
      </trkpt>
      <trkpt lat="46.260293992236257" lon="11.801190013065934">
        <ele>1452.4573009999999</ele>
        <time>2026-09-17T04:36:44Z</time>
      </trkpt>
      <trkpt lat="46.260229032486677" lon="11.801275005564094">
        <ele>1451.8908630000001</ele>
        <time>2026-09-17T04:36:45Z</time>
      </trkpt>
      <trkpt lat="46.260188966989517" lon="11.801379024982452">
        <ele>1451.3589870000001</ele>
        <time>2026-09-17T04:36:46Z</time>
      </trkpt>
      <trkpt lat="46.260152002796531" lon="11.801578011363745">
        <ele>1450.4380180000001</ele>
        <time>2026-09-17T04:36:48Z</time>
      </trkpt>
      <trkpt lat="46.260060975328088" lon="11.80178496055305">
        <ele>1449.341715</ele>
        <time>2026-09-17T04:36:50Z</time>
      </trkpt>
      <trkpt lat="46.259830975905061" lon="11.80201998911798">
        <ele>1447.5214169999999</ele>
        <time>2026-09-17T04:36:53Z</time>
      </trkpt>
      <trkpt lat="46.259538028389215" lon="11.802213024348021">
        <ele>1445.4402600000001</ele>
        <time>2026-09-17T04:36:56Z</time>
      </trkpt>
      <trkpt lat="46.25943903811276" lon="11.8022779840976">
        <ele>1444.7374609999999</ele>
        <time>2026-09-17T04:36:58Z</time>
      </trkpt>
      <trkpt lat="46.259028995409608" lon="11.802437994629145">
        <ele>1442.078428</ele>
        <time>2026-09-17T04:37:02Z</time>
      </trkpt>
      <trkpt lat="46.258386019617319" lon="11.802575038745999">
        <ele>1438.086515</ele>
        <time>2026-09-17T04:37:10Z</time>
      </trkpt>
      <trkpt lat="46.258058035746217" lon="11.802569003775716">
        <ele>1436.0717850000001</ele>
        <time>2026-09-17T04:37:13Z</time>
      </trkpt>
      <trkpt lat="46.257527964189649" lon="11.802493985742331">
        <ele>1432.8009930000001</ele>
        <time>2026-09-17T04:37:20Z</time>
      </trkpt>
      <trkpt lat="46.257140971720219" lon="11.802183017134666">
        <ele>1429.107354</ele>
        <time>2026-09-17T04:37:25Z</time>
      </trkpt>
      <trkpt lat="46.25694902613759" lon="11.802153009921312">
        <ele>1427.4749409999999</ele>
        <time>2026-09-17T04:37:27Z</time>
      </trkpt>
      <trkpt lat="46.256855987012386" lon="11.802184022963047">
        <ele>1426.6682069999999</ele>
        <time>2026-09-17T04:37:28Z</time>
      </trkpt>
      <trkpt lat="46.256783986464143" lon="11.802286030724645">
        <ele>1425.8162649999999</ele>
        <time>2026-09-17T04:37:29Z</time>
      </trkpt>
      <trkpt lat="46.256770994514227" lon="11.802350990474224">
        <ele>1425.4207919999999</ele>
        <time>2026-09-17T04:37:29Z</time>
      </trkpt>
      <trkpt lat="46.256807958707213" lon="11.802532039582729">
        <ele>1424.317652</ele>
        <time>2026-09-17T04:37:31Z</time>
      </trkpt>
      <trkpt lat="46.256925975903869" lon="11.802832027897239">
        <ele>1422.300414</ele>
        <time>2026-09-17T04:37:33Z</time>
      </trkpt>
      <trkpt lat="46.256951037794352" lon="11.803034031763673">
        <ele>1421.1010429999999</ele>
        <time>2026-09-17T04:37:35Z</time>
      </trkpt>
      <trkpt lat="46.256900997832417" lon="11.803139979019761">
        <ele>1420.351079</ele>
        <time>2026-09-17T04:37:36Z</time>
      </trkpt>
      <trkpt lat="46.256768982857466" lon="11.803211979568005">
        <ele>1419.1585729999999</ele>
        <time>2026-09-17T04:37:37Z</time>
      </trkpt>
      <trkpt lat="46.256490033119917" lon="11.803060015663505">
        <ele>1416.910302</ele>
        <time>2026-09-17T04:37:40Z</time>
      </trkpt>
      <trkpt lat="46.256226003170013" lon="11.802805038169026">
        <ele>1415.106648</ele>
        <time>2026-09-17T04:37:44Z</time>
      </trkpt>
      <trkpt lat="46.255907993763685" lon="11.802102969959378">
        <ele>1411.809808</ele>
        <time>2026-09-17T04:37:50Z</time>
      </trkpt>
      <trkpt lat="46.255654022097588" lon="11.801192024722695">
        <ele>1407.9510479999999</ele>
        <time>2026-09-17T04:37:59Z</time>
      </trkpt>
      <trkpt lat="46.255572969093919" lon="11.800345033407211">
        <ele>1404.9493030000001</ele>
        <time>2026-09-17T04:38:06Z</time>
      </trkpt>
      <trkpt lat="46.255523012951016" lon="11.800162978470325">
        <ele>1404.2834290000001</ele>
        <time>2026-09-17T04:38:08Z</time>
      </trkpt>
      <trkpt lat="46.255343975499272" lon="11.799750002101064">
        <ele>1402.6261179999999</ele>
        <time>2026-09-17T04:38:12Z</time>
      </trkpt>
      <trkpt lat="46.255113976076245" lon="11.799556966871023">
        <ele>1401.318528</ele>
        <time>2026-09-17T04:38:15Z</time>
      </trkpt>
      <trkpt lat="46.254909038543701" lon="11.799554033204913">
        <ele>1400.3104089999999</ele>
        <time>2026-09-17T04:38:17Z</time>
      </trkpt>
      <trkpt lat="46.254851035773754" lon="11.7995909973979">
        <ele>1399.9986859999999</ele>
        <time>2026-09-17T04:38:18Z</time>
      </trkpt>
      <trkpt lat="46.254749028012156" lon="11.799751007929444">
        <ele>1399.258728</ele>
        <time>2026-09-17T04:38:19Z</time>
      </trkpt>
      <trkpt lat="46.254719020798802" lon="11.799915041774511">
        <ele>1398.6819190000001</ele>
        <time>2026-09-17T04:38:21Z</time>
      </trkpt>
      <trkpt lat="46.254693958908319" lon="11.800371017307043">
        <ele>1396.535376</ele>
        <time>2026-09-17T04:38:24Z</time>
      </trkpt>
      <trkpt lat="46.254681972786784" lon="11.800571009516716">
        <ele>1395.5369020000001</ele>
        <time>2026-09-17T04:38:26Z</time>
      </trkpt>
      <trkpt lat="46.254620030522346" lon="11.801315993070602">
        <ele>1391.8047650000001</ele>
        <time>2026-09-17T04:38:32Z</time>
      </trkpt>
      <trkpt lat="46.254589017480612" lon="11.80143803358078">
        <ele>1391.1583009999999</ele>
        <time>2026-09-17T04:38:33Z</time>
      </trkpt>
      <trkpt lat="46.254347031936049" lon="11.801871964707971">
        <ele>1388.3852850000001</ele>
        <time>2026-09-17T04:38:37Z</time>
      </trkpt>
      <trkpt lat="46.254205964505672" lon="11.802516030147672">
        <ele>1385.060381</ele>
        <time>2026-09-17T04:38:42Z</time>
      </trkpt>
      <trkpt lat="46.254114015027881" lon="11.80262197740376">
        <ele>1384.281279</ele>
        <time>2026-09-17T04:38:43Z</time>
      </trkpt>
      <trkpt lat="46.253960039466619" lon="11.802647961303592">
        <ele>1383.2543350000001</ele>
        <time>2026-09-17T04:38:45Z</time>
      </trkpt>
      <trkpt lat="46.253288984298706" lon="11.802559029310942">
        <ele>1378.791322</ele>
        <time>2026-09-17T04:38:52Z</time>
      </trkpt>
      <trkpt lat="46.252873996272683" lon="11.802501026540995">
        <ele>1376.029769</ele>
        <time>2026-09-17T04:38:57Z</time>
      </trkpt>
      <trkpt lat="46.252247029915452" lon="11.802417039871216">
        <ele>1372.341471</ele>
        <time>2026-09-17T04:39:04Z</time>
      </trkpt>
      <trkpt lat="46.251832041889429" lon="11.802359037101269">
        <ele>1370.36636</ele>
        <time>2026-09-17T04:39:09Z</time>
      </trkpt>
      <trkpt lat="46.251329965889454" lon="11.802288964390755">
        <ele>1367.9772390000001</ele>
        <time>2026-09-17T04:39:15Z</time>
      </trkpt>
      <trkpt lat="46.250865021720529" lon="11.802304973825812">
        <ele>1365.7738019999999</ele>
        <time>2026-09-17T04:39:21Z</time>
      </trkpt>
      <trkpt lat="46.250285999849439" lon="11.802219981327653">
        <ele>1361.6428969999999</ele>
        <time>2026-09-17T04:39:28Z</time>
      </trkpt>
      <trkpt lat="46.249947035685182" lon="11.802275972440839">
        <ele>1358.9247130000001</ele>
        <time>2026-09-17T04:39:31Z</time>
      </trkpt>
      <trkpt lat="46.249689040705562" lon="11.802222998812795">
        <ele>1356.8487379999999</ele>
        <time>2026-09-17T04:39:34Z</time>
      </trkpt>
      <trkpt lat="46.249587032943964" lon="11.802244037389755">
        <ele>1356.0279680000001</ele>
        <time>2026-09-17T04:39:35Z</time>
      </trkpt>
      <trkpt lat="46.249128961935639" lon="11.802585013210773">
        <ele>1351.924135</ele>
        <time>2026-09-17T04:39:41Z</time>
      </trkpt>
      <trkpt lat="46.248667035251856" lon="11.802818030118942">
        <ele>1347.83467</ele>
        <time>2026-09-17T04:39:46Z</time>
      </trkpt>
      <trkpt lat="46.248305020853877" lon="11.803162023425102">
        <ele>1344.136972</ele>
        <time>2026-09-17T04:39:50Z</time>
      </trkpt>
      <trkpt lat="46.248182980343699" lon="11.803231006488204">
        <ele>1343.0187089999999</ele>
        <time>2026-09-17T04:39:52Z</time>
      </trkpt>
      <trkpt lat="46.248061023652554" lon="11.803261013701558">
        <ele>1341.9623160000001</ele>
        <time>2026-09-17T04:39:53Z</time>
      </trkpt>
      <trkpt lat="46.24775399453938" lon="11.803241986781359">
        <ele>1339.3392389999999</ele>
        <time>2026-09-17T04:39:56Z</time>
      </trkpt>
      <trkpt lat="46.24741000123322" lon="11.803317004814744">
        <ele>1336.369524</ele>
        <time>2026-09-17T04:40:00Z</time>
      </trkpt>
      <trkpt lat="46.24723699875176" lon="11.803489001467824">
        <ele>1334.6431540000001</ele>
        <time>2026-09-17T04:40:03Z</time>
      </trkpt>
      <trkpt lat="46.247127028182149" lon="11.803524037823081">
        <ele>1333.763612</ele>
        <time>2026-09-17T04:40:04Z</time>
      </trkpt>
      <trkpt lat="46.247027032077312" lon="11.803515991196036">
        <ele>1332.9815149999999</ele>
        <time>2026-09-17T04:40:05Z</time>
      </trkpt>
      <trkpt lat="46.246828967705369" lon="11.803360003978014">
        <ele>1331.2207129999999</ele>
        <time>2026-09-17T04:40:08Z</time>
      </trkpt>
      <trkpt lat="46.246736012399197" lon="11.803324967622757">
        <ele>1330.47028</ele>
        <time>2026-09-17T04:40:09Z</time>
      </trkpt>
      <trkpt lat="46.246567033231258" lon="11.8034159950912">
        <ele>1329.0620249999999</ele>
        <time>2026-09-17T04:40:11Z</time>
      </trkpt>
      <trkpt lat="46.246304009109735" lon="11.80371698923409">
        <ele>1326.442808</ele>
        <time>2026-09-17T04:40:14Z</time>
      </trkpt>
      <trkpt lat="46.246071998029947" lon="11.803775997832417">
        <ele>1324.603308</ele>
        <time>2026-09-17T04:40:17Z</time>
      </trkpt>
      <trkpt lat="46.24552097171545" lon="11.804220993071795">
        <ele>1319.8011739999999</ele>
        <time>2026-09-17T04:40:24Z</time>
      </trkpt>
      <trkpt lat="46.244924012571573" lon="11.804445963352919">
        <ele>1315.3568640000001</ele>
        <time>2026-09-17T04:40:30Z</time>
      </trkpt>
      <trkpt lat="46.243735961616039" lon="11.805046023800969">
        <ele>1307.1336960000001</ele>
        <time>2026-09-17T04:40:45Z</time>
      </trkpt>
      <trkpt lat="46.243487019091845" lon="11.805058009922504">
        <ele>1306.0741270000001</ele>
        <time>2026-09-17T04:40:48Z</time>
      </trkpt>
      <trkpt lat="46.243305969983339" lon="11.805015010759234">
        <ele>1305.2940249999999</ele>
        <time>2026-09-17T04:40:50Z</time>
      </trkpt>
      <trkpt lat="46.243165992200375" lon="11.80504702962935">
        <ele>1304.6912199999999</ele>
        <time>2026-09-17T04:40:52Z</time>
      </trkpt>
      <trkpt lat="46.242829039692879" lon="11.805365961045027">
        <ele>1302.978165</ele>
        <time>2026-09-17T04:40:57Z</time>
      </trkpt>
      <trkpt lat="46.24276801943779" lon="11.805388005450368">
        <ele>1302.710787</ele>
        <time>2026-09-17T04:40:58Z</time>
      </trkpt>
      <trkpt lat="46.242617983371019" lon="11.805360009893775">
        <ele>1302.0675530000001</ele>
        <time>2026-09-17T04:41:00Z</time>
      </trkpt>
      <trkpt lat="46.242136023938656" lon="11.805143002420664">
        <ele>1298.999476</ele>
        <time>2026-09-17T04:41:06Z</time>
      </trkpt>
      <trkpt lat="46.242028987035155" lon="11.805144008249044">
        <ele>1298.0049489999999</ele>
        <time>2026-09-17T04:41:07Z</time>
      </trkpt>
      <trkpt lat="46.241739979013801" lon="11.805383982136846">
        <ele>1294.907332</ele>
        <time>2026-09-17T04:41:10Z</time>
      </trkpt>
      <trkpt lat="46.241404032334685" lon="11.805460005998611">
        <ele>1291.7464150000001</ele>
        <time>2026-09-17T04:41:14Z</time>
      </trkpt>
      <trkpt lat="46.241224994882941" lon="11.805536029860377">
        <ele>1290.012461</ele>
        <time>2026-09-17T04:41:16Z</time>
      </trkpt>
      <trkpt lat="46.240759966894984" lon="11.805931990966201">
        <ele>1284.99658</ele>
        <time>2026-09-17T04:41:21Z</time>
      </trkpt>
      <trkpt lat="46.240601968020201" lon="11.805954035371542">
        <ele>1284.124677</ele>
        <time>2026-09-17T04:41:23Z</time>
      </trkpt>
      <trkpt lat="46.240240959450603" lon="11.80588698014617">
        <ele>1285.1897489999999</ele>
        <time>2026-09-17T04:41:27Z</time>
      </trkpt>
      <trkpt lat="46.2401910033077" lon="11.805900977924466">
        <ele>1285.338784</ele>
        <time>2026-09-17T04:41:28Z</time>
      </trkpt>
      <trkpt lat="46.240172982215881" lon="11.805940959602594">
        <ele>1285.435369</ele>
        <time>2026-09-17T04:41:29Z</time>
      </trkpt>
      <trkpt lat="46.239657998085022" lon="11.805484984070063">
        <ele>1287.202577</ele>
        <time>2026-09-17T04:41:57Z</time>
      </trkpt>
      <trkpt lat="46.239498993381858" lon="11.805436033755541">
        <ele>1287.6783150000001</ele>
        <time>2026-09-17T04:42:08Z</time>
      </trkpt>
      <trkpt lat="46.239210991188884" lon="11.805215002968907">
        <ele>1288.6324420000001</ele>
        <time>2026-09-17T04:42:33Z</time>
      </trkpt>
      <trkpt lat="46.239107977598906" lon="11.805168986320496">
        <ele>1288.9479060000001</ele>
        <time>2026-09-17T04:42:43Z</time>
      </trkpt>
      <trkpt lat="46.238577989861369" lon="11.80502800270915">
        <ele>1294.091054</ele>
        <time>2026-09-17T04:43:26Z</time>
      </trkpt>
      <trkpt lat="46.237983964383602" lon="11.804969999939203">
        <ele>1300.6822239999999</ele>
        <time>2026-09-17T04:44:14Z</time>
      </trkpt>
      <trkpt lat="46.237829988822341" lon="11.804907973855734">
        <ele>1302.4520299999999</ele>
        <time>2026-09-17T04:44:27Z</time>
      </trkpt>
      <trkpt lat="46.237795036286116" lon="11.804880984127522">
        <ele>1302.8912250000001</ele>
        <time>2026-09-17T04:44:31Z</time>
      </trkpt>
      <trkpt lat="46.237756982445717" lon="11.804851982742548">
        <ele>1303.3669359999999</ele>
        <time>2026-09-17T04:44:34Z</time>
      </trkpt>
      <trkpt lat="46.237343000248075" lon="11.804249994456768">
        <ele>1309.8295559999999</ele>
        <time>2026-09-17T04:45:25Z</time>
      </trkpt>
      <trkpt lat="46.237094979733229" lon="11.804095013067126">
        <ele>1312.660926</ele>
        <time>2026-09-17T04:45:48Z</time>
      </trkpt>
      <trkpt lat="46.237067990005016" lon="11.803959980607033">
        <ele>1313.6795500000001</ele>
        <time>2026-09-17T04:45:56Z</time>
      </trkpt>
      <trkpt lat="46.236960031092167" lon="11.80374096147716">
        <ele>1315.629117</ele>
        <time>2026-09-17T04:46:12Z</time>
      </trkpt>
      <trkpt lat="46.236787028610706" lon="11.803749008104205">
        <ele>1317.443002</ele>
        <time>2026-09-17T04:46:26Z</time>
      </trkpt>
      <trkpt lat="46.236726008355618" lon="11.80371698923409">
        <ele>1318.1230330000001</ele>
        <time>2026-09-17T04:46:32Z</time>
      </trkpt>
      <trkpt lat="46.236446974799037" lon="11.803778009489179">
        <ele>1321.080064</ele>
        <time>2026-09-17T04:46:55Z</time>
      </trkpt>
      <trkpt lat="46.236261986196041" lon="11.803809022530913">
        <ele>1323.0317540000001</ele>
        <time>2026-09-17T04:47:09Z</time>
      </trkpt>
      <trkpt lat="46.235993010923266" lon="11.80378102697432">
        <ele>1325.8580420000001</ele>
        <time>2026-09-17T04:47:29Z</time>
      </trkpt>
      <trkpt lat="46.235447013750672" lon="11.803407026454806">
        <ele>1331.148839</ele>
        <time>2026-09-17T04:48:11Z</time>
      </trkpt>
      <trkpt lat="46.234802026301622" lon="11.803041994571686">
        <ele>1336.6020289999999</ele>
        <time>2026-09-17T04:48:54Z</time>
      </trkpt>
      <trkpt lat="46.234468007460237" lon="11.802801014855504">
        <ele>1339.5409090000001</ele>
        <time>2026-09-17T04:49:19Z</time>
      </trkpt>
      <trkpt lat="46.234009014442563" lon="11.802796991541982">
        <ele>1343.675305</ele>
        <time>2026-09-17T04:49:50Z</time>
      </trkpt>
      <trkpt lat="46.233861995860934" lon="11.80272800847888">
        <ele>1345.53286</ele>
        <time>2026-09-17T04:50:01Z</time>
      </trkpt>
      <trkpt lat="46.233698967844248" lon="11.802358031272888">
        <ele>1349.179766</ele>
        <time>2026-09-17T04:50:25Z</time>
      </trkpt>
      <trkpt lat="46.233512973412871" lon="11.802181005477905">
        <ele>1351.8561050000001</ele>
        <time>2026-09-17T04:50:43Z</time>
      </trkpt>
      <trkpt lat="46.233365032821894" lon="11.80197698995471">
        <ele>1354.3138349999999</ele>
        <time>2026-09-17T04:51:02Z</time>
      </trkpt>
      <trkpt lat="46.233005030080676" lon="11.801123963668942">
        <ele>1362.6211510000001</ele>
        <time>2026-09-17T04:52:11Z</time>
      </trkpt>
      <trkpt lat="46.232385020703077" lon="11.800764966756105">
        <ele>1370.3327850000001</ele>
        <time>2026-09-17T04:53:13Z</time>
      </trkpt>
      <trkpt lat="46.232066005468369" lon="11.800615014508367">
        <ele>1374.1791940000001</ele>
        <time>2026-09-17T04:53:42Z</time>
      </trkpt>
      <trkpt lat="46.231895014643669" lon="11.800421979278326">
        <ele>1376.666761</ele>
        <time>2026-09-17T04:53:59Z</time>
      </trkpt>
      <trkpt lat="46.231686975806952" lon="11.800529016181827">
        <ele>1379.198275</ele>
        <time>2026-09-17T04:54:16Z</time>
      </trkpt>
      <trkpt lat="46.231235023587942" lon="11.800506971776485">
        <ele>1384.38402</ele>
        <time>2026-09-17T04:54:50Z</time>
      </trkpt>
      <trkpt lat="46.230730013921857" lon="11.800217963755131">
        <ele>1389.2168549999999</ele>
        <time>2026-09-17T04:55:28Z</time>
      </trkpt>
      <trkpt lat="46.230545025318861" lon="11.800163984298706">
        <ele>1390.8943999999999</ele>
        <time>2026-09-17T04:55:42Z</time>
      </trkpt>
      <trkpt lat="46.230344027280807" lon="11.800217963755131">
        <ele>1392.7115650000001</ele>
        <time>2026-09-17T04:55:56Z</time>
      </trkpt>
      <trkpt lat="46.230225004255772" lon="11.800142023712397">
        <ele>1393.867915</ele>
        <time>2026-09-17T04:56:06Z</time>
      </trkpt>
      <trkpt lat="46.230046972632408" lon="11.799756037071347">
        <ele>1396.7203119999999</ele>
        <time>2026-09-17T04:56:29Z</time>
      </trkpt>
      <trkpt lat="46.229527965188026" lon="11.799401985481381">
        <ele>1400.824642</ele>
        <time>2026-09-17T04:57:13Z</time>
      </trkpt>
      <trkpt lat="46.229245997965336" lon="11.798983979970217">
        <ele>1401.907089</ele>
        <time>2026-09-17T04:57:39Z</time>
      </trkpt>
      <trkpt lat="46.229027984663844" lon="11.798371011391282">
        <ele>1403.1849279999999</ele>
        <time>2026-09-17T04:58:04Z</time>
      </trkpt>
      <trkpt lat="46.228826986625791" lon="11.798413004726171">
        <ele>1403.7291990000001</ele>
        <time>2026-09-17T04:58:12Z</time>
      </trkpt>
      <trkpt lat="46.228664964437485" lon="11.798376040533185">
        <ele>1404.168739</ele>
        <time>2026-09-17T04:58:17Z</time>
      </trkpt>
      <trkpt lat="46.228563040494919" lon="11.798318037763238">
        <ele>1404.4624839999999</ele>
        <time>2026-09-17T04:58:20Z</time>
      </trkpt>
      <trkpt lat="46.228427002206445" lon="11.798257017508149">
        <ele>1404.8441009999999</ele>
        <time>2026-09-17T04:58:24Z</time>
      </trkpt>
      <trkpt lat="46.228222986683249" lon="11.79832398891449">
        <ele>1404.672296</ele>
        <time>2026-09-17T04:58:29Z</time>
      </trkpt>
      <trkpt lat="46.228103963658214" lon="11.798331029713154">
        <ele>1403.7607640000001</ele>
        <time>2026-09-17T04:58:32Z</time>
      </trkpt>
      <trkpt lat="46.227823002263904" lon="11.798212006688118">
        <ele>1401.5197069999999</ele>
        <time>2026-09-17T04:58:38Z</time>
      </trkpt>
      <trkpt lat="46.227556960657239" lon="11.798221981152892">
        <ele>1399.4831610000001</ele>
        <time>2026-09-17T04:58:44Z</time>
      </trkpt>
      <trkpt lat="46.227233000099659" lon="11.798059958964586">
        <ele>1396.859236</ele>
        <time>2026-09-17T04:58:51Z</time>
      </trkpt>
      <trkpt lat="46.227153036743402" lon="11.798049984499812">
        <ele>1396.2446629999999</ele>
        <time>2026-09-17T04:58:53Z</time>
      </trkpt>
      <trkpt lat="46.227091010659933" lon="11.79806599393487">
        <ele>1395.762637</ele>
        <time>2026-09-17T04:58:54Z</time>
      </trkpt>
      <trkpt lat="46.227021021768451" lon="11.798131037503481">
        <ele>1395.1258660000001</ele>
        <time>2026-09-17T04:58:56Z</time>
      </trkpt>
      <trkpt lat="46.226853970438242" lon="11.798420967534184">
        <ele>1393.1280180000001</ele>
        <time>2026-09-17T04:59:02Z</time>
      </trkpt>
      <trkpt lat="46.226807031780481" lon="11.798500008881092">
        <ele>1392.5763260000001</ele>
        <time>2026-09-17T04:59:03Z</time>
      </trkpt>
      <trkpt lat="46.22667602263391" lon="11.798502020537853">
        <ele>1391.573648</ele>
        <time>2026-09-17T04:59:06Z</time>
      </trkpt>
      <trkpt lat="46.226516012102365" lon="11.798062976449728">
        <ele>1391.0544609999999</ele>
        <time>2026-09-17T04:59:15Z</time>
      </trkpt>
      <trkpt lat="46.226438982412219" lon="11.797970021143556">
        <ele>1390.9334699999999</ele>
        <time>2026-09-17T04:59:18Z</time>
      </trkpt>
      <trkpt lat="46.226328006014228" lon="11.79793699644506">
        <ele>1390.796826</ele>
        <time>2026-09-17T04:59:21Z</time>
      </trkpt>
      <trkpt lat="46.226049978286028" lon="11.798050990328193">
        <ele>1390.448388</ele>
        <time>2026-09-17T04:59:31Z</time>
      </trkpt>
      <trkpt lat="46.225819978863001" lon="11.79798100143671">
        <ele>1390.1649749999999</ele>
        <time>2026-09-17T04:59:42Z</time>
      </trkpt>
      <trkpt lat="46.225770022720098" lon="11.797912018373609">
        <ele>1390.081621</ele>
        <time>2026-09-17T04:59:45Z</time>
      </trkpt>
      <trkpt lat="46.225725011900067" lon="11.79778897203505">
        <ele>1389.9655519999999</ele>
        <time>2026-09-17T04:59:49Z</time>
      </trkpt>
      <trkpt lat="46.225629961118102" lon="11.797436010092497">
        <ele>1389.6495870000001</ele>
        <time>2026-09-17T04:59:57Z</time>
      </trkpt>
      <trkpt lat="46.225577993318439" lon="11.797368032857776">
        <ele>1389.565034</ele>
        <time>2026-09-17T05:00:00Z</time>
      </trkpt>
      <trkpt lat="46.225528959184885" lon="11.797360992059112">
        <ele>1389.505662</ele>
        <time>2026-09-17T05:00:01Z</time>
      </trkpt>
      <trkpt lat="46.225486965849996" lon="11.797364009544253">
        <ele>1389.4549569999999</ele>
        <time>2026-09-17T05:00:02Z</time>
      </trkpt>
      <trkpt lat="46.225432986393571" lon="11.797437015920877">
        <ele>1389.365806</ele>
        <time>2026-09-17T05:00:05Z</time>
      </trkpt>
      <trkpt lat="46.225382024422288" lon="11.797714037820697">
        <ele>1388.937833</ele>
        <time>2026-09-17T05:00:10Z</time>
      </trkpt>
      <trkpt lat="46.225244980305433" lon="11.7980229947716">
        <ele>1388.2542840000001</ele>
        <time>2026-09-17T05:00:17Z</time>
      </trkpt>
      <trkpt lat="46.224985979497433" lon="11.798193985596299">
        <ele>1387.4877269999999</ele>
        <time>2026-09-17T05:00:24Z</time>
      </trkpt>
      <trkpt lat="46.224689008668065" lon="11.798508977517486">
        <ele>1386.4960080000001</ele>
        <time>2026-09-17T05:00:33Z</time>
      </trkpt>
      <trkpt lat="46.224589012563229" lon="11.798576032742858">
        <ele>1386.1992789999999</ele>
        <time>2026-09-17T05:00:36Z</time>
      </trkpt>
      <trkpt lat="46.224148040637374" lon="11.798543008044362">
        <ele>1385.0104570000001</ele>
        <time>2026-09-17T05:00:47Z</time>
      </trkpt>
      <trkpt lat="46.2239929754287" lon="11.798338992521167">
        <ele>1384.4461080000001</ele>
        <time>2026-09-17T05:00:53Z</time>
      </trkpt>
      <trkpt lat="46.223845034837723" lon="11.798292975872755">
        <ele>1383.661807</ele>
        <time>2026-09-17T05:00:58Z</time>
      </trkpt>
      <trkpt lat="46.223769010975957" lon="11.798353996127844">
        <ele>1383.20687</ele>
        <time>2026-09-17T05:01:01Z</time>
      </trkpt>
      <trkpt lat="46.223627021536231" lon="11.798573015257716">
        <ele>1382.120152</ele>
        <time>2026-09-17T05:01:08Z</time>
      </trkpt>
      <trkpt lat="46.223535994067788" lon="11.798619031906128">
        <ele>1381.61564</ele>
        <time>2026-09-17T05:01:11Z</time>
      </trkpt>
      <trkpt lat="46.22349601238966" lon="11.798606961965561">
        <ele>1381.4018470000001</ele>
        <time>2026-09-17T05:01:12Z</time>
      </trkpt>
      <trkpt lat="46.223289985209703" lon="11.798384003341198">
        <ele>1380.0549579999999</ele>
        <time>2026-09-17T05:01:19Z</time>
      </trkpt>
      <trkpt lat="46.223053028807044" lon="11.798360031098127">
        <ele>1378.8116279999999</ele>
        <time>2026-09-17T05:01:25Z</time>
      </trkpt>
      <trkpt lat="46.222996031865478" lon="11.79840998724103">
        <ele>1378.4626940000001</ele>
        <time>2026-09-17T05:01:26Z</time>
      </trkpt>
      <trkpt lat="46.222974993288517" lon="11.798488022759557">
        <ele>1378.1596520000001</ele>
        <time>2026-09-17T05:01:28Z</time>
      </trkpt>
      <trkpt lat="46.222909027710557" lon="11.799189001321793">
        <ele>1375.5981650000001</ele>
        <time>2026-09-17T05:01:38Z</time>
      </trkpt>
      <trkpt lat="46.222879020497203" lon="11.799315987154841">
        <ele>1375.1122760000001</ele>
        <time>2026-09-17T05:01:40Z</time>
      </trkpt>
      <trkpt lat="46.22276796028018" lon="11.799550009891391">
        <ele>1372.6293760000001</ele>
        <time>2026-09-17T05:01:45Z</time>
      </trkpt>
      <trkpt lat="46.222567968070507" lon="11.800297005102038">
        <ele>1365.237613</ele>
        <time>2026-09-17T05:01:56Z</time>
      </trkpt>
      <trkpt lat="46.222488004714251" lon="11.800433965399861">
        <ele>1363.583198</ele>
        <time>2026-09-17T05:01:58Z</time>
      </trkpt>
      <trkpt lat="46.222348026931286" lon="11.800586013123393">
        <ele>1361.247652</ele>
        <time>2026-09-17T05:02:02Z</time>
      </trkpt>
      <trkpt lat="46.22212003916502" lon="11.801082976162434">
        <ele>1355.744465</ele>
        <time>2026-09-17T05:02:10Z</time>
      </trkpt>
      <trkpt lat="46.222015013918281" lon="11.801228988915682">
        <ele>1353.8010420000001</ele>
        <time>2026-09-17T05:02:13Z</time>
      </trkpt>
      <trkpt lat="46.221944019198418" lon="11.801462005823851">
        <ele>1351.4514919999999</ele>
        <time>2026-09-17T05:02:17Z</time>
      </trkpt>
      <trkpt lat="46.22186497785151" lon="11.801582034677267">
        <ele>1349.9601970000001</ele>
        <time>2026-09-17T05:02:19Z</time>
      </trkpt>
      <trkpt lat="46.221704967319965" lon="11.801692005246878">
        <ele>1347.676365</ele>
        <time>2026-09-17T05:02:23Z</time>
      </trkpt>
      <trkpt lat="46.221689041703939" lon="11.801755959168077">
        <ele>1347.0694800000001</ele>
        <time>2026-09-17T05:02:24Z</time>
      </trkpt>
      <trkpt lat="46.221294002607465" lon="11.802179999649525">
        <ele>1340.727351</ele>
        <time>2026-09-17T05:02:34Z</time>
      </trkpt>
      <trkpt lat="46.220577014610171" lon="11.803070995956659">
        <ele>1328.5388150000001</ele>
        <time>2026-09-17T05:02:53Z</time>
      </trkpt>
      <trkpt lat="46.22008097358048" lon="11.803547004237771">
        <ele>1323.644683</ele>
        <time>2026-09-17T05:03:06Z</time>
      </trkpt>
      <trkpt lat="46.219873018562794" lon="11.803638031706214">
        <ele>1321.958494</ele>
        <time>2026-09-17T05:03:11Z</time>
      </trkpt>
      <trkpt lat="46.219680989161134" lon="11.803607018664479">
        <ele>1320.459501</ele>
        <time>2026-09-17T05:03:16Z</time>
      </trkpt>
      <trkpt lat="46.219551991671324" lon="11.803655968979001">
        <ele>1319.4246009999999</ele>
        <time>2026-09-17T05:03:19Z</time>
      </trkpt>
      <trkpt lat="46.218930976465344" lon="11.804065005853772">
        <ele>1314.129563</ele>
        <time>2026-09-17T05:03:35Z</time>
      </trkpt>
      <trkpt lat="46.218351032584906" lon="11.804359965026379">
        <ele>1312.6498590000001</ele>
        <time>2026-09-17T05:03:49Z</time>
      </trkpt>
      <trkpt lat="46.218264028429985" lon="11.804487034678459">
        <ele>1312.3867479999999</ele>
        <time>2026-09-17T05:03:52Z</time>
      </trkpt>
      <trkpt lat="46.218213988468051" lon="11.804666994139552">
        <ele>1312.1011880000001</ele>
        <time>2026-09-17T05:03:55Z</time>
      </trkpt>
      <trkpt lat="46.218238966539502" lon="11.804842008277774">
        <ele>1311.8381119999999</ele>
        <time>2026-09-17T05:03:59Z</time>
      </trkpt>
      <trkpt lat="46.218289006501436" lon="11.804932029917836">
        <ele>1311.668185</ele>
        <time>2026-09-17T05:04:01Z</time>
      </trkpt>
      <trkpt lat="46.218289006501436" lon="11.80504702962935">
        <ele>1311.4988780000001</ele>
        <time>2026-09-17T05:04:03Z</time>
      </trkpt>
      <trkpt lat="46.218253970146179" lon="11.805121041834354">
        <ele>1311.3669110000001</ele>
        <time>2026-09-17T05:04:05Z</time>
      </trkpt>
      <trkpt lat="46.217622980475426" lon="11.80500403046608">
        <ele>1310.184422</ele>
        <time>2026-09-17T05:04:20Z</time>
      </trkpt>
      <trkpt lat="46.217465987429023" lon="11.805000007152557">
        <ele>1310.929097</ele>
        <time>2026-09-17T05:04:25Z</time>
      </trkpt>
      <trkpt lat="46.217082012444735" lon="11.80532899685204">
        <ele>1313.046139</ele>
        <time>2026-09-17T05:04:49Z</time>
      </trkpt>
      <trkpt lat="46.216898029670119" lon="11.805450031533837">
        <ele>1314.004831</ele>
        <time>2026-09-17T05:05:01Z</time>
      </trkpt>
      <trkpt lat="46.216297969222069" lon="11.805780027061701">
        <ele>1317.0493710000001</ele>
        <time>2026-09-17T05:05:29Z</time>
      </trkpt>
      <trkpt lat="46.215849034488201" lon="11.806078003719449">
        <ele>1319.208535</ele>
        <time>2026-09-17T05:05:45Z</time>
      </trkpt>
      <trkpt lat="46.215057028457522" lon="11.80648603476584">
        <ele>1322.274713</ele>
        <time>2026-09-17T05:06:15Z</time>
      </trkpt>
      <trkpt lat="46.214656960219145" lon="11.806511012837291">
        <ele>1323.7347500000001</ele>
        <time>2026-09-17T05:06:30Z</time>
      </trkpt>
      <trkpt lat="46.213689018040895" lon="11.80665803141892">
        <ele>1326.9873170000001</ele>
        <time>2026-09-17T05:07:06Z</time>
      </trkpt>
      <trkpt lat="46.213511992245913" lon="11.806648978963494">
        <ele>1327.543118</ele>
        <time>2026-09-17T05:07:12Z</time>
      </trkpt>
      <trkpt lat="46.213008994236588" lon="11.80670497007668">
        <ele>1329.126299</ele>
        <time>2026-09-17T05:07:29Z</time>
      </trkpt>
      <trkpt lat="46.212071981281042" lon="11.806904040277004">
        <ele>1332.068597</ele>
        <time>2026-09-17T05:07:58Z</time>
      </trkpt>
      <trkpt lat="46.211857991293073" lon="11.806800020858645">
        <ele>1332.7608889999999</ele>
        <time>2026-09-17T05:08:05Z</time>
      </trkpt>
      <trkpt lat="46.210716040804982" lon="11.807289021089673">
        <ele>1336.486981</ele>
        <time>2026-09-17T05:08:46Z</time>
      </trkpt>
      <trkpt lat="46.210617972537875" lon="11.807252978906035">
        <ele>1337.0304839999999</ele>
        <time>2026-09-17T05:08:50Z</time>
      </trkpt>
      <trkpt lat="46.210424015298486" lon="11.807052986696362">
        <ele>1338.3113949999999</ele>
        <time>2026-09-17T05:08:59Z</time>
      </trkpt>
      <trkpt lat="46.210079016163945" lon="11.806904040277004">
        <ele>1340.246819</ele>
        <time>2026-09-17T05:09:13Z</time>
      </trkpt>
      <trkpt lat="46.209732005372643" lon="11.806989032775164">
        <ele>1342.138553</ele>
        <time>2026-09-17T05:09:27Z</time>
      </trkpt>
      <trkpt lat="46.209419025108218" lon="11.807010993361473">
        <ele>1343.8229180000001</ele>
        <time>2026-09-17T05:09:41Z</time>
      </trkpt>
      <trkpt lat="46.209188019856811" lon="11.807013005018234">
        <ele>1345.064566</ele>
        <time>2026-09-17T05:09:53Z</time>
      </trkpt>
      <trkpt lat="46.209081988781691" lon="11.806950978934765">
        <ele>1345.67922</ele>
        <time>2026-09-17T05:09:59Z</time>
      </trkpt>
      <trkpt lat="46.208944022655487" lon="11.806921977549791">
        <ele>1346.76404</ele>
        <time>2026-09-17T05:10:07Z</time>
      </trkpt>
      <trkpt lat="46.208655014634132" lon="11.806920971721411">
        <ele>1349.4846130000001</ele>
        <time>2026-09-17T05:10:25Z</time>
      </trkpt>
      <trkpt lat="46.208419986069202" lon="11.806803960353136">
        <ele>1351.8244649999999</ele>
        <time>2026-09-17T05:10:41Z</time>
      </trkpt>
      <trkpt lat="46.208139024674892" lon="11.806758027523756">
        <ele>1354.4866420000001</ele>
        <time>2026-09-17T05:11:00Z</time>
      </trkpt>
      <trkpt lat="46.207881029695272" lon="11.806546971201897">
        <ele>1357.277396</ele>
        <time>2026-09-17T05:11:20Z</time>
      </trkpt>
      <trkpt lat="46.20761901140213" lon="11.806409005075693">
        <ele>1359.9025369999999</ele>
        <time>2026-09-17T05:11:39Z</time>
      </trkpt>
      <trkpt lat="46.20725397951901" lon="11.806384027004242">
        <ele>1363.2994510000001</ele>
        <time>2026-09-17T05:12:02Z</time>
      </trkpt>
      <trkpt lat="46.206925995647907" lon="11.806417973712087">
        <ele>1366.0843359999999</ele>
        <time>2026-09-17T05:12:21Z</time>
      </trkpt>
      <trkpt lat="46.206753998994827" lon="11.806469019502401">
        <ele>1367.571312</ele>
        <time>2026-09-17T05:12:31Z</time>
      </trkpt>
      <trkpt lat="46.206339010968804" lon="11.80653003975749">
        <ele>1371.103977</ele>
        <time>2026-09-17T05:12:55Z</time>
      </trkpt>
      <trkpt lat="46.206060983240604" lon="11.806533979251981">
        <ele>1373.4584050000001</ele>
        <time>2026-09-17T05:13:09Z</time>
      </trkpt>
      <trkpt lat="46.205869959667325" lon="11.806511012837291">
        <ele>1375.0815419999999</ele>
        <time>2026-09-17T05:13:20Z</time>
      </trkpt>
      <trkpt lat="46.205477016046643" lon="11.806328035891056">
        <ele>1378.5830370000001</ele>
        <time>2026-09-17T05:13:43Z</time>
      </trkpt>
      <trkpt lat="46.205354975536466" lon="11.806313032284379">
        <ele>1379.63131</ele>
        <time>2026-09-17T05:13:51Z</time>
      </trkpt>
      <trkpt lat="46.204865975305438" lon="11.806453010067344">
        <ele>1383.8992539999999</ele>
        <time>2026-09-17T05:14:23Z</time>
      </trkpt>
      <trkpt lat="46.204648967832327" lon="11.806457033380866">
        <ele>1385.7572419999999</ele>
        <time>2026-09-17T05:14:37Z</time>
      </trkpt>
      <trkpt lat="46.204391978681087" lon="11.80650900118053">
        <ele>1387.9790049999999</ele>
        <time>2026-09-17T05:14:52Z</time>
      </trkpt>
      <trkpt lat="46.204405976459384" lon="11.806434988975525">
        <ele>1388.4335639999999</ele>
        <time>2026-09-17T05:14:56Z</time>
      </trkpt>
      <trkpt lat="46.204436989501119" lon="11.806414034217596">
        <ele>1388.72669</ele>
        <time>2026-09-17T05:14:58Z</time>
      </trkpt>
      <trkpt lat="46.204877039417624" lon="11.806269027292728">
        <ele>1392.5904660000001</ele>
        <time>2026-09-17T05:15:27Z</time>
      </trkpt>
      <trkpt lat="46.205412978306413" lon="11.806013965979218">
        <ele>1397.659406</ele>
        <time>2026-09-17T05:16:05Z</time>
      </trkpt>
      <trkpt lat="46.205545999109745" lon="11.805975995957851">
        <ele>1398.8912969999999</ele>
        <time>2026-09-17T05:16:15Z</time>
      </trkpt>
      <trkpt lat="46.205885969102383" lon="11.805999968200922">
        <ele>1401.984361</ele>
        <time>2026-09-17T05:16:40Z</time>
      </trkpt>
      <trkpt lat="46.206209007650614" lon="11.805940959602594">
        <ele>1404.9426289999999</ele>
        <time>2026-09-17T05:17:06Z</time>
      </trkpt>
      <trkpt lat="46.206434983760118" lon="11.805753959342837">
        <ele>1407.3090139999999</ele>
        <time>2026-09-17T05:17:26Z</time>
      </trkpt>
      <trkpt lat="46.206777971237898" lon="11.805410971865058">
        <ele>1410.6868870000001</ele>
        <time>2026-09-17T05:17:58Z</time>
      </trkpt>
      <trkpt lat="46.206908980384469" lon="11.80535196326673">
        <ele>1411.5089009999999</ele>
        <time>2026-09-17T05:18:08Z</time>
      </trkpt>
      <trkpt lat="46.207201005890965" lon="11.805289015173912">
        <ele>1413.277566</ele>
        <time>2026-09-17T05:18:28Z</time>
      </trkpt>
      <trkpt lat="46.207480961456895" lon="11.805088017135859">
        <ele>1415.150541</ele>
        <time>2026-09-17T05:18:47Z</time>
      </trkpt>
      <trkpt lat="46.207596966996789" lon="11.805101009085774">
        <ele>1415.847544</ele>
        <time>2026-09-17T05:18:53Z</time>
      </trkpt>
      <trkpt lat="46.207814980298281" lon="11.80522003211081">
        <ele>1417.243588</ele>
        <time>2026-09-17T05:19:05Z</time>
      </trkpt>
      <trkpt lat="46.207994017750025" lon="11.805276023223996">
        <ele>1418.3407609999999</ele>
        <time>2026-09-17T05:19:12Z</time>
      </trkpt>
      <trkpt lat="46.20813399553299" lon="11.80522195994854">
        <ele>1419.2088180000001</ele>
        <time>2026-09-17T05:19:18Z</time>
      </trkpt>
      <trkpt lat="46.208657026290894" lon="11.805191030725837">
        <ele>1423.8406339999999</ele>
        <time>2026-09-17T05:19:42Z</time>
      </trkpt>
      <trkpt lat="46.209041001275182" lon="11.805301001295447">
        <ele>1428.2735680000001</ele>
        <time>2026-09-17T05:20:09Z</time>
      </trkpt>
      <trkpt lat="46.20918701402843" lon="11.805279040709138">
        <ele>1429.935798</ele>
        <time>2026-09-17T05:20:20Z</time>
      </trkpt>
      <trkpt lat="46.209389017894864" lon="11.805195976048708">
        <ele>1432.3138690000001</ele>
        <time>2026-09-17T05:20:39Z</time>
      </trkpt>
      <trkpt lat="46.209752038121223" lon="11.805009981617332">
        <ele>1436.6751529999999</ele>
        <time>2026-09-17T05:21:17Z</time>
      </trkpt>
      <trkpt lat="46.210117992013693" lon="11.80474997498095">
        <ele>1441.423767</ele>
        <time>2026-09-17T05:22:02Z</time>
      </trkpt>
      <trkpt lat="46.210228968411684" lon="11.804625000804663">
        <ele>1443.8105579999999</ele>
        <time>2026-09-17T05:22:19Z</time>
      </trkpt>
      <trkpt lat="46.21037196367979" lon="11.804557023569942">
        <ele>1446.3638739999999</ele>
        <time>2026-09-17T05:22:37Z</time>
      </trkpt>
      <trkpt lat="46.210547983646393" lon="11.804539002478123">
        <ele>1449.356415</ele>
        <time>2026-09-17T05:22:58Z</time>
      </trkpt>
      <trkpt lat="46.210742024704814" lon="11.804473958909512">
        <ele>1452.7340670000001</ele>
        <time>2026-09-17T05:23:21Z</time>
      </trkpt>
      <trkpt lat="46.211007982492447" lon="11.804315960034728">
        <ele>1457.611856</ele>
        <time>2026-09-17T05:23:54Z</time>
      </trkpt>
      <trkpt lat="46.211206968873739" lon="11.804076991975307">
        <ele>1462.0005189999999</ele>
        <time>2026-09-17T05:24:22Z</time>
      </trkpt>
      <trkpt lat="46.211304031312466" lon="11.804014965891838">
        <ele>1463.7994490000001</ele>
        <time>2026-09-17T05:24:34Z</time>
      </trkpt>
      <trkpt lat="46.211406961083412" lon="11.804011026397347">
        <ele>1465.547026</ele>
        <time>2026-09-17T05:24:45Z</time>
      </trkpt>
      <trkpt lat="46.211756989359856" lon="11.803883034735918">
        <ele>1471.6167760000001</ele>
        <time>2026-09-17T05:25:23Z</time>
      </trkpt>
      <trkpt lat="46.212166026234627" lon="11.803449019789696">
        <ele>1476.74875</ele>
        <time>2026-09-17T05:26:11Z</time>
      </trkpt>
      <trkpt lat="46.212579002603889" lon="11.803118018433452">
        <ele>1481.525138</ele>
        <time>2026-09-17T05:26:48Z</time>
      </trkpt>
      <trkpt lat="46.213044030591846" lon="11.802914002910256">
        <ele>1486.44001</ele>
        <time>2026-09-17T05:27:19Z</time>
      </trkpt>
      <trkpt lat="46.213132962584496" lon="11.802926994860172">
        <ele>1487.344728</ele>
        <time>2026-09-17T05:27:24Z</time>
      </trkpt>
      <trkpt lat="46.213503023609519" lon="11.803153976798058">
        <ele>1491.446565</ele>
        <time>2026-09-17T05:27:48Z</time>
      </trkpt>
      <trkpt lat="46.214017001911998" lon="11.80290101096034">
        <ele>1497.057413</ele>
        <time>2026-09-17T05:28:23Z</time>
      </trkpt>
      <trkpt lat="46.214355966076255" lon="11.802692972123623">
        <ele>1500.862985</ele>
        <time>2026-09-17T05:28:51Z</time>
      </trkpt>
      <trkpt lat="46.21488100849092" lon="11.802183017134666">
        <ele>1507.399557</ele>
        <time>2026-09-17T05:29:47Z</time>
      </trkpt>
      <trkpt lat="46.215544017031789" lon="11.801741039380431">
        <ele>1516.444454</ele>
        <time>2026-09-17T05:31:05Z</time>
      </trkpt>
      <trkpt lat="46.215629009529948" lon="11.801665015518665">
        <ele>1517.710988</ele>
        <time>2026-09-17T05:31:15Z</time>
      </trkpt>
      <trkpt lat="46.215692963451147" lon="11.801550015807152">
        <ele>1519.0049550000001</ele>
        <time>2026-09-17T05:31:25Z</time>
      </trkpt>
      <trkpt lat="46.215878035873175" lon="11.801410038024187">
        <ele>1521.6510929999999</ele>
        <time>2026-09-17T05:31:45Z</time>
      </trkpt>
      <trkpt lat="46.215705033391714" lon="11.801263019442558">
        <ele>1524.194064</ele>
        <time>2026-09-17T05:32:03Z</time>
      </trkpt>
      <trkpt lat="46.215335978195071" lon="11.801343988627195">
        <ele>1528.923425</ele>
        <time>2026-09-17T05:32:33Z</time>
      </trkpt>
      <trkpt lat="46.215093992650509" lon="11.801324961706996">
        <ele>1531.4944740000001</ele>
        <time>2026-09-17T05:32:51Z</time>
      </trkpt>
      <trkpt lat="46.214334005489945" lon="11.801636014133692">
        <ele>1535.873433</ele>
        <time>2026-09-17T05:33:35Z</time>
      </trkpt>
      <trkpt lat="46.213637972250581" lon="11.801744978874922">
        <ele>1539.7545279999999</ele>
        <time>2026-09-17T05:34:05Z</time>
      </trkpt>
      <trkpt lat="46.213390035554767" lon="11.801811028271914">
        <ele>1541.240356</ele>
        <time>2026-09-17T05:34:19Z</time>
      </trkpt>
      <trkpt lat="46.212889971211553" lon="11.801819996908307">
        <ele>1547.2363989999999</ele>
        <time>2026-09-17T05:34:52Z</time>
      </trkpt>
      <trkpt lat="46.212441958487034" lon="11.801701979711652">
        <ele>1552.696938</ele>
        <time>2026-09-17T05:35:33Z</time>
      </trkpt>
      <trkpt lat="46.212239032611251" lon="11.801583962514997">
        <ele>1555.320686</ele>
        <time>2026-09-17T05:35:55Z</time>
      </trkpt>
      <trkpt lat="46.211964022368193" lon="11.801340971142054">
        <ele>1559.1858709999999</ele>
        <time>2026-09-17T05:36:30Z</time>
      </trkpt>
      <trkpt lat="46.211775010451674" lon="11.80122597143054">
        <ele>1561.6449030000001</ele>
        <time>2026-09-17T05:36:51Z</time>
      </trkpt>
      <trkpt lat="46.211491031572223" lon="11.80118297226727">
        <ele>1565.1401780000001</ele>
        <time>2026-09-17T05:37:20Z</time>
      </trkpt>
      <trkpt lat="46.211409978568554" lon="11.801103008911014">
        <ele>1566.351167</ele>
        <time>2026-09-17T05:37:30Z</time>
      </trkpt>
      <trkpt lat="46.211488014087081" lon="11.800899999216199">
        <ele>1568.3344279999999</ele>
        <time>2026-09-17T05:37:46Z</time>
      </trkpt>
      <trkpt lat="46.211800994351506" lon="11.800739988684654">
        <ele>1572.4323979999999</ele>
        <time>2026-09-17T05:38:18Z</time>
      </trkpt>
      <trkpt lat="46.212211037054658" lon="11.800629012286663">
        <ele>1577.581101</ele>
        <time>2026-09-17T05:38:53Z</time>
      </trkpt>
      <trkpt lat="46.212307009845972" lon="11.800603028386831">
        <ele>1578.786666</ele>
        <time>2026-09-17T05:39:01Z</time>
      </trkpt>
      <trkpt lat="46.21286197565496" lon="11.80013095960021">
        <ele>1586.487453</ele>
        <time>2026-09-17T05:39:47Z</time>
      </trkpt>
      <trkpt lat="46.213452983647585" lon="11.799847986549139">
        <ele>1593.1643650000001</ele>
        <time>2026-09-17T05:40:36Z</time>
      </trkpt>
      <trkpt lat="46.213726988062263" lon="11.79965402930975">
        <ele>1596.436528</ele>
        <time>2026-09-17T05:41:01Z</time>
      </trkpt>
      <trkpt lat="46.214194027706981" lon="11.799409026280046">
        <ele>1601.7645480000001</ele>
        <time>2026-09-17T05:41:43Z</time>
      </trkpt>
      <trkpt lat="46.214495021849871" lon="11.79937600158155">
        <ele>1604.9560630000001</ele>
        <time>2026-09-17T05:42:08Z</time>
      </trkpt>
      <trkpt lat="46.214524023234844" lon="11.799234012141824">
        <ele>1605.9967690000001</ele>
        <time>2026-09-17T05:42:17Z</time>
      </trkpt>
      <trkpt lat="46.214082967489958" lon="11.799111971631646">
        <ele>1610.557933</ele>
        <time>2026-09-17T05:42:54Z</time>
      </trkpt>
      <trkpt lat="46.213832013309002" lon="11.799093028530478">
        <ele>1613.111169</ele>
        <time>2026-09-17T05:43:15Z</time>
      </trkpt>
      <trkpt lat="46.213577035814524" lon="11.799167962744832">
        <ele>1615.7546460000001</ele>
        <time>2026-09-17T05:43:35Z</time>
      </trkpt>
      <trkpt lat="46.212915033102036" lon="11.799170980229974">
        <ele>1622.454712</ele>
        <time>2026-09-17T05:44:23Z</time>
      </trkpt>
      <trkpt lat="46.212737001478672" lon="11.799171986058354">
        <ele>1623.6541850000001</ele>
        <time>2026-09-17T05:44:36Z</time>
      </trkpt>
      <trkpt lat="46.212370963767171" lon="11.799243986606598">
        <ele>1626.1432440000001</ele>
        <time>2026-09-17T05:45:00Z</time>
      </trkpt>
      <trkpt lat="46.212347997352481" lon="11.799185983836651">
        <ele>1626.4549589999999</ele>
        <time>2026-09-17T05:45:02Z</time>
      </trkpt>
      <trkpt lat="46.212429972365499" lon="11.799003006890416">
        <ele>1627.4715670000001</ele>
        <time>2026-09-17T05:45:11Z</time>
      </trkpt>
      <trkpt lat="46.212698025628924" lon="11.798748029395938">
        <ele>1629.6338029999999</ele>
        <time>2026-09-17T05:45:29Z</time>
      </trkpt>
      <trkpt lat="46.212730966508389" lon="11.798606039956212">
        <ele>1630.332287</ele>
        <time>2026-09-17T05:45:34Z</time>
      </trkpt>
      <trkpt lat="46.21307797729969" lon="11.798621965572238">
        <ele>1632.6717570000001</ele>
        <time>2026-09-17T05:45:54Z</time>
      </trkpt>
      <trkpt lat="46.213307976722717" lon="11.798594975844026">
        <ele>1634.226731</ele>
        <time>2026-09-17T05:46:08Z</time>
      </trkpt>
      <trkpt lat="46.213715001940727" lon="11.798450974747539">
        <ele>1637.4537949999999</ele>
        <time>2026-09-17T05:46:35Z</time>
      </trkpt>
      <trkpt lat="46.213863026350737" lon="11.79826196283102">
        <ele>1638.9974239999999</ele>
        <time>2026-09-17T05:46:49Z</time>
      </trkpt>
      <trkpt lat="46.214108029380441" lon="11.797714959830046">
        <ele>1642.521344</ele>
        <time>2026-09-17T05:47:24Z</time>
      </trkpt>
      <trkpt lat="46.214187992736697" lon="11.797283040359616">
        <ele>1644.9398920000001</ele>
        <time>2026-09-17T05:47:49Z</time>
      </trkpt>
      <trkpt lat="46.214181035757065" lon="11.797063015401363">
        <ele>1646.130946</ele>
        <time>2026-09-17T05:48:00Z</time>
      </trkpt>
      <trkpt lat="46.214081961661577" lon="11.796548031270504">
        <ele>1648.520426</ele>
        <time>2026-09-17T05:48:23Z</time>
      </trkpt>
      <trkpt lat="46.213996969163418" lon="11.796345021575689">
        <ele>1648.3348639999999</ele>
        <time>2026-09-17T05:48:31Z</time>
      </trkpt>
      <trkpt lat="46.213857997208834" lon="11.796107981353998">
        <ele>1648.0918939999999</ele>
        <time>2026-09-17T05:48:40Z</time>
      </trkpt>
      <trkpt lat="46.213654987514019" lon="11.795998010784388">
        <ele>1647.8468640000001</ele>
        <time>2026-09-17T05:48:48Z</time>
      </trkpt>
      <trkpt lat="46.21314100921154" lon="11.795608000829816">
        <ele>1647.190736</ele>
        <time>2026-09-17T05:49:04Z</time>
      </trkpt>
      <trkpt lat="46.212278008460999" lon="11.794920014217496">
        <ele>1644.128543</ele>
        <time>2026-09-17T05:49:29Z</time>
      </trkpt>
      <trkpt lat="46.211952036246657" lon="11.794660007581115">
        <ele>1641.9784050000001</ele>
        <time>2026-09-17T05:49:38Z</time>
      </trkpt>
      <trkpt lat="46.211280981078744" lon="11.794340992346406">
        <ele>1637.8994439999999</ele>
        <time>2026-09-17T05:49:56Z</time>
      </trkpt>
      <trkpt lat="46.210828023031354" lon="11.794261028990149">
        <ele>1635.5365790000001</ele>
        <time>2026-09-17T05:50:07Z</time>
      </trkpt>
      <trkpt lat="46.21066901832819" lon="11.794214006513357">
        <ele>1634.88293</ele>
        <time>2026-09-17T05:50:12Z</time>
      </trkpt>
      <trkpt lat="46.210471959784627" lon="11.79383103735745">
        <ele>1633.5528750000001</ele>
        <time>2026-09-17T05:50:20Z</time>
      </trkpt>
      <trkpt lat="46.21017599478364" lon="11.793291997164488">
        <ele>1631.6350379999999</ele>
        <time>2026-09-17T05:50:33Z</time>
      </trkpt>
      <trkpt lat="46.209853962063789" lon="11.792867034673691">
        <ele>1629.878602</ele>
        <time>2026-09-17T05:50:45Z</time>
      </trkpt>
      <trkpt lat="46.209490019828081" lon="11.792267980054021">
        <ele>1628.076092</ele>
        <time>2026-09-17T05:51:01Z</time>
      </trkpt>
      <trkpt lat="46.209405027329922" lon="11.79215700365603">
        <ele>1627.7677779999999</ele>
        <time>2026-09-17T05:51:05Z</time>
      </trkpt>
      <trkpt lat="46.209321040660143" lon="11.792154991999269">
        <ele>1627.5416909999999</ele>
        <time>2026-09-17T05:51:07Z</time>
      </trkpt>
      <trkpt lat="46.208630036562681" lon="11.792297987267375">
        <ele>1625.663141</ele>
        <time>2026-09-17T05:51:27Z</time>
      </trkpt>
      <trkpt lat="46.208113040775061" lon="11.792302010580897">
        <ele>1624.2718030000001</ele>
        <time>2026-09-17T05:51:41Z</time>
      </trkpt>
      <trkpt lat="46.205516997724771" lon="11.79142601788044">
        <ele>1615.3943959999999</ele>
        <time>2026-09-17T05:52:53Z</time>
      </trkpt>
      <trkpt lat="46.204645028337836" lon="11.791195012629032">
        <ele>1613.136221</ele>
        <time>2026-09-17T05:53:19Z</time>
      </trkpt>
      <trkpt lat="46.20441603474319" lon="11.791182020679116">
        <ele>1612.5195900000001</ele>
        <time>2026-09-17T05:53:27Z</time>
      </trkpt>
      <trkpt lat="46.204066006466746" lon="11.791270030662417">
        <ele>1611.5113530000001</ele>
        <time>2026-09-17T05:53:38Z</time>
      </trkpt>
      <trkpt lat="46.203549010679126" lon="11.791543029248714">
        <ele>1609.949177</ele>
        <time>2026-09-17T05:53:54Z</time>
      </trkpt>
      <trkpt lat="46.202472019940615" lon="11.792103024199605">
        <ele>1606.3021100000001</ele>
        <time>2026-09-17T05:54:24Z</time>
      </trkpt>
      <trkpt lat="46.201910013332963" lon="11.79235297255218">
        <ele>1603.990558</ele>
        <time>2026-09-17T05:54:39Z</time>
      </trkpt>
      <trkpt lat="46.201767018064857" lon="11.792399995028973">
        <ele>1603.4140649999999</ele>
        <time>2026-09-17T05:54:41Z</time>
      </trkpt>
      <trkpt lat="46.20171002112329" lon="11.792378034442663">
        <ele>1603.1821420000001</ele>
        <time>2026-09-17T05:54:41Z</time>
      </trkpt>
      <trkpt lat="46.201608013361692" lon="11.792176030576229">
        <ele>1602.501837</ele>
        <time>2026-09-17T05:54:44Z</time>
      </trkpt>
      <trkpt lat="46.201571971178055" lon="11.792057007551193">
        <ele>1602.1484929999999</ele>
        <time>2026-09-17T05:54:45Z</time>
      </trkpt>
      <trkpt lat="46.201585968956351" lon="11.791920969262719">
        <ele>1601.774404</ele>
        <time>2026-09-17T05:54:46Z</time>
      </trkpt>
      <trkpt lat="46.201868019998074" lon="11.791458036750555">
        <ele>1599.762939</ele>
        <time>2026-09-17T05:54:52Z</time>
      </trkpt>
      <trkpt lat="46.202254006639123" lon="11.790552958846092">
        <ele>1595.1754719999999</ele>
        <time>2026-09-17T05:55:01Z</time>
      </trkpt>
      <trkpt lat="46.202318966388702" lon="11.790312984958291">
        <ele>1594.0633069999999</ele>
        <time>2026-09-17T05:55:03Z</time>
      </trkpt>
      <trkpt lat="46.202317038550973" lon="11.790216006338596">
        <ele>1593.6445289999999</ele>
        <time>2026-09-17T05:55:04Z</time>
      </trkpt>
      <trkpt lat="46.202282002195716" lon="11.790101006627083">
        <ele>1593.1023970000001</ele>
        <time>2026-09-17T05:55:05Z</time>
      </trkpt>
      <trkpt lat="46.202044039964676" lon="11.789765981957316">
        <ele>1591.0306760000001</ele>
        <time>2026-09-17T05:55:08Z</time>
      </trkpt>
      <trkpt lat="46.202015038579702" lon="11.789650982245803">
        <ele>1590.5024900000001</ele>
        <time>2026-09-17T05:55:09Z</time>
      </trkpt>
      <trkpt lat="46.202059965580702" lon="11.789283016696572">
        <ele>1588.33932</ele>
        <time>2026-09-17T05:55:12Z</time>
      </trkpt>
      <trkpt lat="46.201773975044489" lon="11.78861103951931">
        <ele>1581.5932089999999</ele>
        <time>2026-09-17T05:55:17Z</time>
      </trkpt>
      <trkpt lat="46.201722007244825" lon="11.788556976243854">
        <ele>1580.8019899999999</ele>
        <time>2026-09-17T05:55:18Z</time>
      </trkpt>
      <trkpt lat="46.201659981161356" lon="11.788530992344022">
        <ele>1580.004336</ele>
        <time>2026-09-17T05:55:19Z</time>
      </trkpt>
      <trkpt lat="46.201582029461861" lon="11.788543984293938">
        <ele>1579.034218</ele>
        <time>2026-09-17T05:55:19Z</time>
      </trkpt>
      <trkpt lat="46.200927989557385" lon="11.788841960951686">
        <ele>1570.5614149999999</ele>
        <time>2026-09-17T05:55:26Z</time>
      </trkpt>
      <trkpt lat="46.200813995674253" lon="11.788893006742001">
        <ele>1569.086914</ele>
        <time>2026-09-17T05:55:28Z</time>
      </trkpt>
      <trkpt lat="46.200273027643561" lon="11.789057040587068">
        <ele>1560.9657649999999</ele>
        <time>2026-09-17T05:55:33Z</time>
      </trkpt>
      <trkpt lat="46.199892992153764" lon="11.789197018370032">
        <ele>1554.861666</ele>
        <time>2026-09-17T05:55:37Z</time>
      </trkpt>
      <trkpt lat="46.199253033846617" lon="11.789526008069515">
        <ele>1544.288069</ele>
        <time>2026-09-17T05:55:44Z</time>
      </trkpt>
      <trkpt lat="46.198814995586872" lon="11.789903026074171">
        <ele>1536.300244</ele>
        <time>2026-09-17T05:55:49Z</time>
      </trkpt>
      <trkpt lat="46.197729958221316" lon="11.791080012917519">
        <ele>1514.7994200000001</ele>
        <time>2026-09-17T05:56:02Z</time>
      </trkpt>
      <trkpt lat="46.197516974061728" lon="11.79147002287209">
        <ele>1509.6260609999999</ele>
        <time>2026-09-17T05:56:06Z</time>
      </trkpt>
      <trkpt lat="46.197179015725851" lon="11.79196497425437">
        <ele>1503.5248099999999</ele>
        <time>2026-09-17T05:56:11Z</time>
      </trkpt>
      <trkpt lat="46.196135971695185" lon="11.792752034962177">
        <ele>1488.607972</ele>
        <time>2026-09-17T05:56:23Z</time>
      </trkpt>
      <trkpt lat="46.195424012839794" lon="11.792897041887045">
        <ele>1479.466674</ele>
        <time>2026-09-17T05:56:30Z</time>
      </trkpt>
      <trkpt lat="46.194652039557695" lon="11.793323010206223">
        <ele>1468.9580530000001</ele>
        <time>2026-09-17T05:56:40Z</time>
      </trkpt>
      <trkpt lat="46.194451963528991" lon="11.793336002156138">
        <ele>1466.412253</ele>
        <time>2026-09-17T05:56:43Z</time>
      </trkpt>
      <trkpt lat="46.194144012406468" lon="11.793299037963152">
        <ele>1461.9950240000001</ele>
        <time>2026-09-17T05:56:46Z</time>
      </trkpt>
      <trkpt lat="46.193855004385114" lon="11.793178003281355">
        <ele>1457.444536</ele>
        <time>2026-09-17T05:56:50Z</time>
      </trkpt>
      <trkpt lat="46.193563984706998" lon="11.792948003858328">
        <ele>1452.4280450000001</ele>
        <time>2026-09-17T05:56:54Z</time>
      </trkpt>
      <trkpt lat="46.193183027207851" lon="11.792838033288717">
        <ele>1446.552128</ele>
        <time>2026-09-17T05:56:58Z</time>
      </trkpt>
      <trkpt lat="46.192768039181828" lon="11.792808026075363">
        <ele>1440.268112</ele>
        <time>2026-09-17T05:57:03Z</time>
      </trkpt>
      <trkpt lat="46.192469978705049" lon="11.792827975004911">
        <ele>1435.6092180000001</ele>
        <time>2026-09-17T05:57:07Z</time>
      </trkpt>
      <trkpt lat="46.192083992063999" lon="11.792732002213597">
        <ele>1429.269812</ele>
        <time>2026-09-17T05:57:11Z</time>
      </trkpt>
      <trkpt lat="46.191834965720773" lon="11.792517006397247">
        <ele>1424.574644</ele>
        <time>2026-09-17T05:57:15Z</time>
      </trkpt>
      <trkpt lat="46.191335991024971" lon="11.792230010032654">
        <ele>1415.881617</ele>
        <time>2026-09-17T05:57:21Z</time>
      </trkpt>
      <trkpt lat="46.19071296416223" lon="11.79209397174418">
        <ele>1405.3687379999999</ele>
        <time>2026-09-17T05:57:28Z</time>
      </trkpt>
      <trkpt lat="46.190547002479434" lon="11.791944019496441">
        <ele>1401.873294</ele>
        <time>2026-09-17T05:57:31Z</time>
      </trkpt>
      <trkpt lat="46.190214995294809" lon="11.791502963751554">
        <ele>1393.821612</ele>
        <time>2026-09-17T05:57:36Z</time>
      </trkpt>
      <trkpt lat="46.189882988110185" lon="11.790836015716195">
        <ele>1383.6690659999999</ele>
        <time>2026-09-17T05:57:43Z</time>
      </trkpt>
      <trkpt lat="46.189578976482153" lon="11.790433013811707">
        <ele>1376.3533239999999</ele>
        <time>2026-09-17T05:57:47Z</time>
      </trkpt>
      <trkpt lat="46.189010012894869" lon="11.789882993325591">
        <ele>1365.987126</ele>
        <time>2026-09-17T05:57:55Z</time>
      </trkpt>
      <trkpt lat="46.188212977722287" lon="11.789172040298581">
        <ele>1351.8038590000001</ele>
        <time>2026-09-17T05:58:06Z</time>
      </trkpt>
      <trkpt lat="46.187533959746361" lon="11.788626965135336">
        <ele>1342.261845</ele>
        <time>2026-09-17T05:58:16Z</time>
      </trkpt>
      <trkpt lat="46.187201030552387" lon="11.788323959335685">
        <ele>1337.7161719999999</ele>
        <time>2026-09-17T05:58:21Z</time>
      </trkpt>
      <trkpt lat="46.18684496730566" lon="11.788101000711322">
        <ele>1333.2343499999999</ele>
        <time>2026-09-17T05:58:25Z</time>
      </trkpt>
      <trkpt lat="46.185899991542101" lon="11.787791959941387">
        <ele>1323.3308079999999</ele>
        <time>2026-09-17T05:58:37Z</time>
      </trkpt>
      <trkpt lat="46.185380984097719" lon="11.787461964413524">
        <ele>1318.0622519999999</ele>
        <time>2026-09-17T05:58:45Z</time>
      </trkpt>
      <trkpt lat="46.185237988829613" lon="11.787283010780811">
        <ele>1316.3041459999999</ele>
        <time>2026-09-17T05:58:47Z</time>
      </trkpt>
      <trkpt lat="46.185085019096732" lon="11.787190977483988">
        <ele>1314.7643639999999</ele>
        <time>2026-09-17T05:58:49Z</time>
      </trkpt>
      <trkpt lat="46.184159992262721" lon="11.786969024688005">
        <ele>1305.501882</ele>
        <time>2026-09-17T05:59:01Z</time>
      </trkpt>
      <trkpt lat="46.183560015633702" lon="11.786667024716735">
        <ele>1299.0441450000001</ele>
        <time>2026-09-17T05:59:09Z</time>
      </trkpt>
      <trkpt lat="46.182875968515873" lon="11.786153968423605">
        <ele>1291.0173440000001</ele>
        <time>2026-09-17T05:59:18Z</time>
      </trkpt>
      <trkpt lat="46.182840010151267" lon="11.786125972867012">
        <ele>1290.568573</ele>
        <time>2026-09-17T05:59:19Z</time>
      </trkpt>
      <trkpt lat="46.182209020480514" lon="11.785678965970874">
        <ele>1282.8547840000001</ele>
        <time>2026-09-17T05:59:27Z</time>
      </trkpt>
      <trkpt lat="46.181560009717941" lon="11.785329021513462">
        <ele>1275.2512409999999</ele>
        <time>2026-09-17T05:59:36Z</time>
      </trkpt>
      <trkpt lat="46.18093597702682" lon="11.784741031005979">
        <ele>1266.4587329999999</ele>
        <time>2026-09-17T05:59:45Z</time>
      </trkpt>
      <trkpt lat="46.180313033983111" lon="11.784103000536561">
        <ele>1257.3205350000001</ele>
        <time>2026-09-17T05:59:54Z</time>
      </trkpt>
      <trkpt lat="46.179977003484964" lon="11.783591033890843">
        <ele>1251.5303719999999</ele>
        <time>2026-09-17T06:00:00Z</time>
      </trkpt>
      <trkpt lat="46.179611971601844" lon="11.783203035593033">
        <ele>1246.435706</ele>
        <time>2026-09-17T06:00:06Z</time>
      </trkpt>
      <trkpt lat="46.179335033521056" lon="11.783103039488196">
        <ele>1243.226052</ele>
        <time>2026-09-17T06:00:09Z</time>
      </trkpt>
      <trkpt lat="46.178832035511732" lon="11.782777989283204">
        <ele>1237.031596</ele>
        <time>2026-09-17T06:00:16Z</time>
      </trkpt>
      <trkpt lat="46.178520983085036" lon="11.782427961006761">
        <ele>1232.5994370000001</ele>
        <time>2026-09-17T06:00:21Z</time>
      </trkpt>
      <trkpt lat="46.177813969552517" lon="11.781347030773759">
        <ele>1219.819614</ele>
        <time>2026-09-17T06:00:33Z</time>
      </trkpt>
      <trkpt lat="46.177620012313128" lon="11.781167993322015">
        <ele>1216.951323</ele>
        <time>2026-09-17T06:00:36Z</time>
      </trkpt>
      <trkpt lat="46.177065968513489" lon="11.780423009768128">
        <ele>1208.037726</ele>
        <time>2026-09-17T06:00:45Z</time>
      </trkpt>
      <trkpt lat="46.176745025441051" lon="11.780006010085344">
        <ele>1203.9117980000001</ele>
        <time>2026-09-17T06:00:51Z</time>
      </trkpt>
      <trkpt lat="46.176525000482798" lon="11.779838958755136">
        <ele>1201.536724</ele>
        <time>2026-09-17T06:00:54Z</time>
      </trkpt>
      <trkpt lat="46.176362978294492" lon="11.779763018712401">
        <ele>1199.908999</ele>
        <time>2026-09-17T06:00:56Z</time>
      </trkpt>
      <trkpt lat="46.176055027171969" lon="11.779519021511078">
        <ele>1196.5519549999999</ele>
        <time>2026-09-17T06:01:00Z</time>
      </trkpt>
      <trkpt lat="46.175632998347282" lon="11.779085006564856">
        <ele>1191.6763639999999</ele>
        <time>2026-09-17T06:01:07Z</time>
      </trkpt>
      <trkpt lat="46.175290010869503" lon="11.778870010748506">
        <ele>1188.3849150000001</ele>
        <time>2026-09-17T06:01:12Z</time>
      </trkpt>
      <trkpt lat="46.174907041713595" lon="11.778803961351514">
        <ele>1184.989587</ele>
        <time>2026-09-17T06:01:17Z</time>
      </trkpt>
      <trkpt lat="46.174886003136635" lon="11.778768002986908">
        <ele>1184.702665</ele>
        <time>2026-09-17T06:01:17Z</time>
      </trkpt>
      <trkpt lat="46.174905030056834" lon="11.778647974133492">
        <ele>1183.9523320000001</ele>
        <time>2026-09-17T06:01:18Z</time>
      </trkpt>
      <trkpt lat="46.174945011734962" lon="11.778607992455363">
        <ele>1183.5240490000001</ele>
        <time>2026-09-17T06:01:19Z</time>
      </trkpt>
      <trkpt lat="46.175276013091207" lon="11.778639005497098">
        <ele>1180.6042560000001</ele>
        <time>2026-09-17T06:01:23Z</time>
      </trkpt>
      <trkpt lat="46.17532798089087" lon="11.778590977191925">
        <ele>1180.0609999999999</ele>
        <time>2026-09-17T06:01:24Z</time>
      </trkpt>
      <trkpt lat="46.175352958962321" lon="11.778524005785584">
        <ele>1179.5970890000001</ele>
        <time>2026-09-17T06:01:24Z</time>
      </trkpt>
      <trkpt lat="46.175381038337946" lon="11.778343040496111">
        <ele>1178.4666219999999</ele>
        <time>2026-09-17T06:01:26Z</time>
      </trkpt>
      <trkpt lat="46.175416996702552" lon="11.778041962534189">
        <ele>1176.611924</ele>
        <time>2026-09-17T06:01:28Z</time>
      </trkpt>
      <trkpt lat="46.175405010581017" lon="11.777835013344884">
        <ele>1175.423626</ele>
        <time>2026-09-17T06:01:30Z</time>
      </trkpt>
      <trkpt lat="46.17536997422576" lon="11.777685983106494">
        <ele>1174.523555</ele>
        <time>2026-09-17T06:01:31Z</time>
      </trkpt>
      <trkpt lat="46.175323035567999" lon="11.777603002265096">
        <ele>1173.9102009999999</ele>
        <time>2026-09-17T06:01:32Z</time>
      </trkpt>
      <trkpt lat="46.174450982362032" lon="11.776913003996015">
        <ele>1165.6958239999999</ele>
        <time>2026-09-17T06:01:42Z</time>
      </trkpt>
      <trkpt lat="46.17401696741581" lon="11.776689039543271">
        <ele>1161.8883089999999</ele>
        <time>2026-09-17T06:01:48Z</time>
      </trkpt>
      <trkpt lat="46.173509024083614" lon="11.77656096406281">
        <ele>1158.65653</ele>
        <time>2026-09-17T06:01:53Z</time>
      </trkpt>
      <trkpt lat="46.173385977745056" lon="11.776545960456133">
        <ele>1157.8844360000001</ele>
        <time>2026-09-17T06:01:55Z</time>
      </trkpt>
      <trkpt lat="46.171792997047305" lon="11.776418974623084">
        <ele>1146.8732869999999</ele>
        <time>2026-09-17T06:02:13Z</time>
      </trkpt>
      <trkpt lat="46.171625023707747" lon="11.776358038187027">
        <ele>1145.376708</ele>
        <time>2026-09-17T06:02:15Z</time>
      </trkpt>
      <trkpt lat="46.171246999874711" lon="11.77602200768888">
        <ele>1141.5419509999999</ele>
        <time>2026-09-17T06:02:19Z</time>
      </trkpt>
      <trkpt lat="46.171168964356184" lon="11.775962999090552">
        <ele>1140.781234</ele>
        <time>2026-09-17T06:02:20Z</time>
      </trkpt>
      <trkpt lat="46.170917004346848" lon="11.775840958580375">
        <ele>1138.485038</ele>
        <time>2026-09-17T06:02:23Z</time>
      </trkpt>
      <trkpt lat="46.170746013522148" lon="11.77567801438272">
        <ele>1136.714876</ele>
        <time>2026-09-17T06:02:25Z</time>
      </trkpt>
      <trkpt lat="46.170467985793948" lon="11.775256991386414">
        <ele>1133.2103910000001</ele>
        <time>2026-09-17T06:02:29Z</time>
      </trkpt>
      <trkpt lat="46.169815035536885" lon="11.774270022287965">
        <ele>1124.9361690000001</ele>
        <time>2026-09-17T06:02:39Z</time>
      </trkpt>
      <trkpt lat="46.169709004461765" lon="11.774053014814854">
        <ele>1123.3264959999999</ele>
        <time>2026-09-17T06:02:41Z</time>
      </trkpt>
      <trkpt lat="46.16963398642838" lon="11.773790996521711">
        <ele>1121.6080159999999</ele>
        <time>2026-09-17T06:02:44Z</time>
      </trkpt>
      <trkpt lat="46.169567015022039" lon="11.773016005754471">
        <ele>1117.756523</ele>
        <time>2026-09-17T06:02:50Z</time>
      </trkpt>
      <trkpt lat="46.169261997565627" lon="11.768437977880239">
        <ele>1099.5940840000001</ele>
        <time>2026-09-17T06:03:26Z</time>
      </trkpt>
      <trkpt lat="46.169209023937583" lon="11.76820102147758">
        <ele>1098.4979579999999</ele>
        <time>2026-09-17T06:03:28Z</time>
      </trkpt>
      <trkpt lat="46.169120008125901" lon="11.767926011234522">
        <ele>1096.7781520000001</ele>
        <time>2026-09-17T06:03:31Z</time>
      </trkpt>
      <trkpt lat="46.168934013694525" lon="11.767670027911663">
        <ele>1094.675947</ele>
        <time>2026-09-17T06:03:33Z</time>
      </trkpt>
      <trkpt lat="46.16860100068152" lon="11.767279012128711">
        <ele>1091.16461</ele>
        <time>2026-09-17T06:03:38Z</time>
      </trkpt>
      <trkpt lat="46.168174026533961" lon="11.766935018822551">
        <ele>1087.1643389999999</ele>
        <time>2026-09-17T06:03:43Z</time>
      </trkpt>
      <trkpt lat="46.167987026274204" lon="11.766747012734413">
        <ele>1085.300176</ele>
        <time>2026-09-17T06:03:46Z</time>
      </trkpt>
      <trkpt lat="46.167875966057181" lon="11.766530005261302">
        <ele>1083.7891609999999</ele>
        <time>2026-09-17T06:03:48Z</time>
      </trkpt>
      <trkpt lat="46.167842019349337" lon="11.76611996255815">
        <ele>1081.568055</ele>
        <time>2026-09-17T06:03:51Z</time>
      </trkpt>
      <trkpt lat="46.167837996035814" lon="11.765934973955154">
        <ele>1080.572471</ele>
        <time>2026-09-17T06:03:52Z</time>
      </trkpt>
      <trkpt lat="46.167833972722292" lon="11.765499031171203">
        <ele>1078.2270599999999</ele>
        <time>2026-09-17T06:03:55Z</time>
      </trkpt>
      <trkpt lat="46.167786028236151" lon="11.765109021216631">
        <ele>1076.096415</ele>
        <time>2026-09-17T06:03:58Z</time>
      </trkpt>
      <trkpt lat="46.167644038796425" lon="11.76476301625371">
        <ele>1073.9330629999999</ele>
        <time>2026-09-17T06:04:02Z</time>
      </trkpt>
      <trkpt lat="46.167438011616468" lon="11.764452969655395">
        <ele>1071.6221410000001</ele>
        <time>2026-09-17T06:04:05Z</time>
      </trkpt>
      <trkpt lat="46.167176999151707" lon="11.764139989390969">
        <ele>1068.7955609999999</ele>
        <time>2026-09-17T06:04:08Z</time>
      </trkpt>
      <trkpt lat="46.166249960660934" lon="11.762884967029095">
        <ele>1057.296977</ele>
        <time>2026-09-17T06:04:22Z</time>
      </trkpt>
      <trkpt lat="46.165314959362149" lon="11.76156297326088">
        <ele>1045.970231</ele>
        <time>2026-09-17T06:04:36Z</time>
      </trkpt>
      <trkpt lat="46.165118990465999" lon="11.761206993833184">
        <ele>1043.294443</ele>
        <time>2026-09-17T06:04:39Z</time>
      </trkpt>
      <trkpt lat="46.165054030716419" lon="11.760964002460241">
        <ele>1041.7617700000001</ele>
        <time>2026-09-17T06:04:41Z</time>
      </trkpt>
      <trkpt lat="46.1650550365448" lon="11.760728973895311">
        <ele>1040.37907</ele>
        <time>2026-09-17T06:04:43Z</time>
      </trkpt>
      <trkpt lat="46.16544496268034" lon="11.75866199657321">
        <ele>1032.144462</ele>
        <time>2026-09-17T06:05:01Z</time>
      </trkpt>
      <trkpt lat="46.1654660012573" lon="11.758529981598258">
        <ele>1031.669529</ele>
        <time>2026-09-17T06:05:02Z</time>
      </trkpt>
      <trkpt lat="46.165453009307384" lon="11.758356979116797">
        <ele>1031.059319</ele>
        <time>2026-09-17T06:05:03Z</time>
      </trkpt>
      <trkpt lat="46.165252011269331" lon="11.757993958890438">
        <ele>1029.423708</ele>
        <time>2026-09-17T06:05:07Z</time>
      </trkpt>
      <trkpt lat="46.165160983800888" lon="11.757882982492447">
        <ele>1028.756177</ele>
        <time>2026-09-17T06:05:08Z</time>
      </trkpt>
      <trkpt lat="46.165097029879689" lon="11.757869990542531">
        <ele>1028.394016</ele>
        <time>2026-09-17T06:05:09Z</time>
      </trkpt>
      <trkpt lat="46.165017988532782" lon="11.757993958890438">
        <ele>1027.740137</ele>
        <time>2026-09-17T06:05:10Z</time>
      </trkpt>
      <trkpt lat="46.164980018511415" lon="11.758509026840329">
        <ele>1025.7301379999999</ele>
        <time>2026-09-17T06:05:14Z</time>
      </trkpt>
      <trkpt lat="46.164987981319427" lon="11.758669959381223">
        <ele>1025.1036979999999</ele>
        <time>2026-09-17T06:05:15Z</time>
      </trkpt>
      <trkpt lat="46.16492997854948" lon="11.759419972077012">
        <ele>1022.174895</ele>
        <time>2026-09-17T06:05:21Z</time>
      </trkpt>
      <trkpt lat="46.164873987436295" lon="11.759830014780164">
        <ele>1020.553056</ele>
        <time>2026-09-17T06:05:25Z</time>
      </trkpt>
      <trkpt lat="46.164683969691396" lon="11.76074598915875">
        <ele>1019.61157</ele>
        <time>2026-09-17T06:05:35Z</time>
      </trkpt>
      <trkpt lat="46.164685981348157" lon="11.760760992765427">
        <ele>1019.616327</ele>
        <time>2026-09-17T06:05:36Z</time>
      </trkpt>
      <trkpt lat="46.164868958294392" lon="11.762542985379696">
        <ele>1020.177414</ele>
        <time>2026-09-17T06:06:08Z</time>
      </trkpt>
      <trkpt lat="46.164870969951153" lon="11.762575004249811">
        <ele>1020.187421</ele>
        <time>2026-09-17T06:06:08Z</time>
      </trkpt>
      <trkpt lat="46.164957974106073" lon="11.763146985322237">
        <ele>1018.49969</ele>
        <time>2026-09-17T06:06:14Z</time>
      </trkpt>
      <trkpt lat="46.164914974942803" lon="11.763418978080153">
        <ele>1017.539127</ele>
        <time>2026-09-17T06:06:17Z</time>
      </trkpt>
      <trkpt lat="46.164776002988219" lon="11.763588041067123">
        <ele>1016.635789</ele>
        <time>2026-09-17T06:06:19Z</time>
      </trkpt>
      <trkpt lat="46.164611969143152" lon="11.763548981398344">
        <ele>1015.809539</ele>
        <time>2026-09-17T06:06:21Z</time>
      </trkpt>
      <trkpt lat="46.164483977481723" lon="11.763387965038419">
        <ele>1014.96565</ele>
        <time>2026-09-17T06:06:23Z</time>
      </trkpt>
      <trkpt lat="46.1643279902637" lon="11.762394960969687">
        <ele>1011.459938</ele>
        <time>2026-09-17T06:06:31Z</time>
      </trkpt>
      <trkpt lat="46.164162028580904" lon="11.761232977733016">
        <ele>1003.721372</ele>
        <time>2026-09-17T06:06:39Z</time>
      </trkpt>
      <trkpt lat="46.164125986397266" lon="11.760677006095648">
        <ele>999.99681199999998</ele>
        <time>2026-09-17T06:06:43Z</time>
      </trkpt>
      <trkpt lat="46.164293037727475" lon="11.759298015385866">
        <ele>991.18379300000004</ele>
        <time>2026-09-17T06:06:54Z</time>
      </trkpt>
      <trkpt lat="46.16430502384901" lon="11.759196007624269">
        <ele>990.60357899999997</ele>
        <time>2026-09-17T06:06:54Z</time>
      </trkpt>
      <trkpt lat="46.164210978895426" lon="11.759067010134459">
        <ele>989.55349100000001</ele>
        <time>2026-09-17T06:06:56Z</time>
      </trkpt>
      <trkpt lat="46.164106959477067" lon="11.759096011519432">
        <ele>988.69582600000001</ele>
        <time>2026-09-17T06:06:57Z</time>
      </trkpt>
      <trkpt lat="46.164069995284081" lon="11.759152002632618">
        <ele>988.26179200000001</ele>
        <time>2026-09-17T06:06:58Z</time>
      </trkpt>
      <trkpt lat="46.163919037207961" lon="11.759961023926735">
        <ele>983.56300199999998</ele>
        <time>2026-09-17T06:07:04Z</time>
      </trkpt>
      <trkpt lat="46.163877965882421" lon="11.759916013106704">
        <ele>983.14598799999999</ele>
        <time>2026-09-17T06:07:05Z</time>
      </trkpt>
      <trkpt lat="46.163873020559549" lon="11.75984401255846">
        <ele>982.740182</ele>
        <time>2026-09-17T06:07:05Z</time>
      </trkpt>
      <trkpt lat="46.163922976702452" lon="11.759614013135433">
        <ele>981.38827900000001</ele>
        <time>2026-09-17T06:07:08Z</time>
      </trkpt>
      <trkpt lat="46.163916019722819" lon="11.759216962382197">
        <ele>979.10916099999997</ele>
        <time>2026-09-17T06:07:11Z</time>
      </trkpt>
      <trkpt lat="46.163907973095775" lon="11.759182009845972">
        <ele>978.85516500000006</ele>
        <time>2026-09-17T06:07:11Z</time>
      </trkpt>
      <trkpt lat="46.163807976990938" lon="11.758718993514776">
        <ele>975.51287200000002</ele>
        <time>2026-09-17T06:07:16Z</time>
      </trkpt>
      <trkpt lat="46.16374502889812" lon="11.758527969941497">
        <ele>974.05495499999995</ele>
        <time>2026-09-17T06:07:17Z</time>
      </trkpt>
      <trkpt lat="46.163589041680098" lon="11.758228987455368">
        <ele>971.47517200000004</ele>
        <time>2026-09-17T06:07:21Z</time>
      </trkpt>
      <trkpt lat="46.163436993956566" lon="11.75804098136723">
        <ele>969.48368700000003</ele>
        <time>2026-09-17T06:07:23Z</time>
      </trkpt>
      <trkpt lat="46.163122002035379" lon="11.757784998044372">
        <ele>965.88697400000001</ele>
        <time>2026-09-17T06:07:28Z</time>
      </trkpt>
      <trkpt lat="46.162883033975959" lon="11.757306978106499">
        <ele>961.82411100000002</ele>
        <time>2026-09-17T06:07:33Z</time>
      </trkpt>
      <trkpt lat="46.162596959620714" lon="11.756867012009025">
        <ele>957.42097100000001</ele>
        <time>2026-09-17T06:07:38Z</time>
      </trkpt>
      <trkpt lat="46.162249026820064" lon="11.756080035120249">
        <ele>950.57470999999998</ele>
        <time>2026-09-17T06:07:46Z</time>
      </trkpt>
      <trkpt lat="46.162187000736594" lon="11.755997976288199">
        <ele>949.68459399999995</ele>
        <time>2026-09-17T06:07:47Z</time>
      </trkpt>
      <trkpt lat="46.162169985473156" lon="11.755975009873509">
        <ele>949.43795799999998</ele>
        <time>2026-09-17T06:07:47Z</time>
      </trkpt>
      <trkpt lat="46.161389965564013" lon="11.75494596362114">
        <ele>937.887473</ele>
        <time>2026-09-17T06:08:00Z</time>
      </trkpt>
      <trkpt lat="46.161203971132636" lon="11.754776984453201">
        <ele>935.35855600000002</ele>
        <time>2026-09-17T06:08:03Z</time>
      </trkpt>
      <trkpt lat="46.161010013893247" lon="11.754690986126661">
        <ele>933.02328999999997</ele>
        <time>2026-09-17T06:08:05Z</time>
      </trkpt>
      <trkpt lat="46.160771967843175" lon="11.754657039418817">
        <ele>930.27119400000004</ele>
        <time>2026-09-17T06:08:08Z</time>
      </trkpt>
      <trkpt lat="46.160692004486918" lon="11.754596019163728">
        <ele>929.23011399999996</ele>
        <time>2026-09-17T06:08:09Z</time>
      </trkpt>
      <trkpt lat="46.160612041130662" lon="11.754503985866904">
        <ele>928.05318799999998</ele>
        <time>2026-09-17T06:08:10Z</time>
      </trkpt>
      <trkpt lat="46.160368965938687" lon="11.754087992012501">
        <ele>923.71581600000002</ele>
        <time>2026-09-17T06:08:15Z</time>
      </trkpt>
      <trkpt lat="46.160164028406143" lon="11.753585999831557">
        <ele>919.330153</ele>
        <time>2026-09-17T06:08:20Z</time>
      </trkpt>
      <trkpt lat="46.160148018971086" lon="11.753061041235924">
        <ele>915.54629999999997</ele>
        <time>2026-09-17T06:08:25Z</time>
      </trkpt>
      <trkpt lat="46.160120023414493" lon="11.752874040976167">
        <ele>914.16872799999999</ele>
        <time>2026-09-17T06:08:26Z</time>
      </trkpt>
      <trkpt lat="46.159982979297638" lon="11.752436002716422">
        <ele>910.708303</ele>
        <time>2026-09-17T06:08:30Z</time>
      </trkpt>
      <trkpt lat="46.159808970987797" lon="11.751369992271066">
        <ele>902.82815000000005</ele>
        <time>2026-09-17T06:08:40Z</time>
      </trkpt>
      <trkpt lat="46.159625994041562" lon="11.750999009236693">
        <ele>899.62934199999995</ele>
        <time>2026-09-17T06:08:44Z</time>
      </trkpt>
      <trkpt lat="46.159604033455253" lon="11.750573040917516">
        <ele>896.62912900000003</ele>
        <time>2026-09-17T06:08:47Z</time>
      </trkpt>
      <trkpt lat="46.159500014036894" lon="11.750172972679138">
        <ele>893.62842499999999</ele>
        <time>2026-09-17T06:08:51Z</time>
      </trkpt>
      <trkpt lat="46.159446034580469" lon="11.750031989067793">
        <ele>892.49684999999999</ele>
        <time>2026-09-17T06:08:52Z</time>
      </trkpt>
      <trkpt lat="46.159360958263278" lon="11.749903997406363">
        <ele>891.25146299999994</ele>
        <time>2026-09-17T06:08:54Z</time>
      </trkpt>
      <trkpt lat="46.159102041274309" lon="11.74961700104177">
        <ele>887.94090500000004</ele>
        <time>2026-09-17T06:08:58Z</time>
      </trkpt>
      <trkpt lat="46.158939013257623" lon="11.749367974698544">
        <ele>885.53466900000001</ele>
        <time>2026-09-17T06:09:01Z</time>
      </trkpt>
      <trkpt lat="46.158640030771494" lon="11.748935971409082">
        <ele>880.912601</ele>
        <time>2026-09-17T06:09:06Z</time>
      </trkpt>
      <trkpt lat="46.15848496556282" lon="11.748646041378379">
        <ele>878.10021700000004</ele>
        <time>2026-09-17T06:09:09Z</time>
      </trkpt>
      <trkpt lat="46.158457975834608" lon="11.748576974496245">
        <ele>877.49175300000002</ele>
        <time>2026-09-17T06:09:10Z</time>
      </trkpt>
      <trkpt lat="46.15835202857852" lon="11.748357033357024">
        <ele>875.43416000000002</ele>
        <time>2026-09-17T06:09:12Z</time>
      </trkpt>
      <trkpt lat="46.158253038302064" lon="11.748289978131652">
        <ele>874.22220400000003</ele>
        <time>2026-09-17T06:09:14Z</time>
      </trkpt>
      <trkpt lat="46.158235017210245" lon="11.74837295897305">
        <ele>873.55443400000001</ele>
        <time>2026-09-17T06:09:14Z</time>
      </trkpt>
      <trkpt lat="46.158198975026608" lon="11.748406989499927">
        <ele>873.07758999999999</ele>
        <time>2026-09-17T06:09:15Z</time>
      </trkpt>
      <trkpt lat="46.158154970034957" lon="11.748381005600095">
        <ele>872.55059900000003</ele>
        <time>2026-09-17T06:09:15Z</time>
      </trkpt>
      <trkpt lat="46.158084981143475" lon="11.748316967859864">
        <ele>871.63217299999997</ele>
        <time>2026-09-17T06:09:16Z</time>
      </trkpt>
      <trkpt lat="46.157986996695399" lon="11.748157041147351">
        <ele>869.99231399999996</ele>
        <time>2026-09-17T06:09:18Z</time>
      </trkpt>
      <trkpt lat="46.157197002321482" lon="11.747377021238208">
        <ele>858.98394199999996</ele>
        <time>2026-09-17T06:09:27Z</time>
      </trkpt>
      <trkpt lat="46.157086025923491" lon="11.746975025162101">
        <ele>855.41965500000003</ele>
        <time>2026-09-17T06:09:30Z</time>
      </trkpt>
      <trkpt lat="46.156976977363229" lon="11.746822977438569">
        <ele>853.61772800000006</ele>
        <time>2026-09-17T06:09:32Z</time>
      </trkpt>
      <trkpt lat="46.156877987086773" lon="11.746678976342082">
        <ele>851.94672600000001</ele>
        <time>2026-09-17T06:09:33Z</time>
      </trkpt>
      <trkpt lat="46.156810009852052" lon="11.74650102853775">
        <ele>850.27250900000001</ele>
        <time>2026-09-17T06:09:35Z</time>
      </trkpt>
      <trkpt lat="46.156751001253724" lon="11.746193999424577">
        <ele>847.64848600000005</ele>
        <time>2026-09-17T06:09:37Z</time>
      </trkpt>
      <trkpt lat="46.156484959647059" lon="11.74480302259326">
        <ele>838.10370799999998</ele>
        <time>2026-09-17T06:09:48Z</time>
      </trkpt>
      <trkpt lat="46.156324027106166" lon="11.744370013475418">
        <ele>835.28141400000004</ele>
        <time>2026-09-17T06:09:52Z</time>
      </trkpt>
      <trkpt lat="46.155637968331575" lon="11.743340967223048">
        <ele>826.47484599999996</ele>
        <time>2026-09-17T06:10:02Z</time>
      </trkpt>
      <trkpt lat="46.155492961406708" lon="11.743122031912208">
        <ele>824.034763</ele>
        <time>2026-09-17T06:10:05Z</time>
      </trkpt>
      <trkpt lat="46.155404029414058" lon="11.743121026083827">
        <ele>822.99987899999996</ele>
        <time>2026-09-17T06:10:06Z</time>
      </trkpt>
      <trkpt lat="46.155359018594027" lon="11.743238959461451">
        <ele>821.91494</ele>
        <time>2026-09-17T06:10:07Z</time>
      </trkpt>
      <trkpt lat="46.155446022748947" lon="11.743857963010669">
        <ele>816.82763499999999</ele>
        <time>2026-09-17T06:10:11Z</time>
      </trkpt>
      <trkpt lat="46.155334962531924" lon="11.743628969416022">
        <ele>814.57644000000005</ele>
        <time>2026-09-17T06:10:15Z</time>
      </trkpt>
      <trkpt lat="46.155297998338938" lon="11.743499971926212">
        <ele>813.451865</ele>
        <time>2026-09-17T06:10:17Z</time>
      </trkpt>
      <trkpt lat="46.155199008062482" lon="11.743153966963291">
        <ele>810.43663000000004</ele>
        <time>2026-09-17T06:10:22Z</time>
      </trkpt>
      <trkpt lat="46.155088031664491" lon="11.742975013330579">
        <ele>808.50156900000002</ele>
        <time>2026-09-17T06:10:26Z</time>
      </trkpt>
      <trkpt lat="46.154738003388047" lon="11.742470003664494">
        <ele>800.78605500000003</ele>
        <time>2026-09-17T06:10:36Z</time>
      </trkpt>
      <trkpt lat="46.153976004570723" lon="11.741509018465877">
        <ele>784.33070899999996</ele>
        <time>2026-09-17T06:10:56Z</time>
      </trkpt>
      <trkpt lat="46.153793027624488" lon="11.74111096188426">
        <ele>778.94913499999996</ele>
        <time>2026-09-17T06:11:02Z</time>
      </trkpt>
      <trkpt lat="46.153739970177412" lon="11.740804016590118">
        <ele>776.500182</ele>
        <time>2026-09-17T06:11:07Z</time>
      </trkpt>
      <trkpt lat="46.153723038733006" lon="11.740707959979773">
        <ele>775.79449499999998</ele>
        <time>2026-09-17T06:11:08Z</time>
      </trkpt>
      <trkpt lat="46.153675010427833" lon="11.740237986668944">
        <ele>772.41102899999998</ele>
        <time>2026-09-17T06:11:12Z</time>
      </trkpt>
      <trkpt lat="46.153710968792439" lon="11.739678997546434">
        <ele>768.41273000000001</ele>
        <time>2026-09-17T06:11:17Z</time>
      </trkpt>
      <trkpt lat="46.153869973495603" lon="11.739180022850633">
        <ele>764.50098600000001</ele>
        <time>2026-09-17T06:11:22Z</time>
      </trkpt>
      <trkpt lat="46.1539910081774" lon="11.738956980407238">
        <ele>762.48360700000001</ele>
        <time>2026-09-17T06:11:24Z</time>
      </trkpt>
      <trkpt lat="46.154080023989081" lon="11.738846004009247">
        <ele>761.27440899999999</ele>
        <time>2026-09-17T06:11:26Z</time>
      </trkpt>
      <trkpt lat="46.154220001772046" lon="11.73868197016418">
        <ele>759.67015300000003</ele>
        <time>2026-09-17T06:11:28Z</time>
      </trkpt>
      <trkpt lat="46.154482020065188" lon="11.738446019589901">
        <ele>758.06400299999996</ele>
        <time>2026-09-17T06:11:32Z</time>
      </trkpt>
      <trkpt lat="46.154513033106923" lon="11.738340994343162">
        <ele>757.65278799999999</ele>
        <time>2026-09-17T06:11:33Z</time>
      </trkpt>
      <trkpt lat="46.154504986479878" lon="11.738215014338493">
        <ele>757.19693800000005</ele>
        <time>2026-09-17T06:11:35Z</time>
      </trkpt>
      <trkpt lat="46.154468022286892" lon="11.738089034333825">
        <ele>756.70388700000001</ele>
        <time>2026-09-17T06:11:36Z</time>
      </trkpt>
      <trkpt lat="46.154472967609763" lon="11.737934974953532">
        <ele>756.14845300000002</ele>
        <time>2026-09-17T06:11:37Z</time>
      </trkpt>
      <trkpt lat="46.154543040320277" lon="11.737770019099116">
        <ele>755.45137399999999</ele>
        <time>2026-09-17T06:11:39Z</time>
      </trkpt>
      <trkpt lat="46.154844034463167" lon="11.737604979425669">
        <ele>753.77683300000001</ele>
        <time>2026-09-17T06:11:43Z</time>
      </trkpt>
      <trkpt lat="46.15491796284914" lon="11.737447986379266">
        <ele>753.09268399999996</ele>
        <time>2026-09-17T06:11:45Z</time>
      </trkpt>
      <trkpt lat="46.154932966455817" lon="11.737257968634367">
        <ele>752.40373399999999</ele>
        <time>2026-09-17T06:11:47Z</time>
      </trkpt>
      <trkpt lat="46.15491796284914" lon="11.737178005278111">
        <ele>752.105144</ele>
        <time>2026-09-17T06:11:48Z</time>
      </trkpt>
      <trkpt lat="46.154784020036459" lon="11.736850021407008">
        <ele>750.73324500000001</ele>
        <time>2026-09-17T06:11:52Z</time>
      </trkpt>
      <trkpt lat="46.154756024479866" lon="11.736707026138902">
        <ele>750.16937900000005</ele>
        <time>2026-09-17T06:11:54Z</time>
      </trkpt>
      <trkpt lat="46.154756024479866" lon="11.736590014770627">
        <ele>749.71566399999995</ele>
        <time>2026-09-17T06:11:55Z</time>
      </trkpt>
      <trkpt lat="46.154784020036459" lon="11.736477026715875">
        <ele>749.250269</ele>
        <time>2026-09-17T06:11:57Z</time>
      </trkpt>
      <trkpt lat="46.154848979786038" lon="11.736327996477485">
        <ele>748.56742899999995</ele>
        <time>2026-09-17T06:11:59Z</time>
      </trkpt>
      <trkpt lat="46.155233960598707" lon="11.736093973740935">
        <ele>746.22890600000005</ele>
        <time>2026-09-17T06:12:06Z</time>
      </trkpt>
      <trkpt lat="46.155578037723899" lon="11.73582399263978">
        <ele>744.03691500000002</ele>
        <time>2026-09-17T06:12:11Z</time>
      </trkpt>
      <trkpt lat="46.155691025778651" lon="11.735680997371674">
        <ele>743.19568000000004</ele>
        <time>2026-09-17T06:12:13Z</time>
      </trkpt>
      <trkpt lat="46.155685996636748" lon="11.735598016530275">
        <ele>742.87260400000002</ele>
        <time>2026-09-17T06:12:14Z</time>
      </trkpt>
      <trkpt lat="46.155652971938252" lon="11.735528027638793">
        <ele>742.54425500000002</ele>
        <time>2026-09-17T06:12:15Z</time>
      </trkpt>
      <trkpt lat="46.155590023845434" lon="11.735491985455155">
        <ele>742.16494699999998</ele>
        <time>2026-09-17T06:12:16Z</time>
      </trkpt>
      <trkpt lat="46.155338985845447" lon="11.735559040680528">
        <ele>740.73599200000001</ele>
        <time>2026-09-17T06:12:19Z</time>
      </trkpt>
      <trkpt lat="46.15523898974061" lon="11.735554011538625">
        <ele>740.213572</ele>
        <time>2026-09-17T06:12:20Z</time>
      </trkpt>
      <trkpt lat="46.155080990865827" lon="11.735447980463505">
        <ele>739.35112600000002</ele>
        <time>2026-09-17T06:12:22Z</time>
      </trkpt>
      <trkpt lat="46.154997004196048" lon="11.735165007412434">
        <ele>738.29539399999999</ele>
        <time>2026-09-17T06:12:24Z</time>
      </trkpt>
      <trkpt lat="46.154860965907574" lon="11.734848003834486">
        <ele>737.01681900000005</ele>
        <time>2026-09-17T06:12:27Z</time>
      </trkpt>
      <trkpt lat="46.154696010053158" lon="11.734610963612795">
        <ele>735.86463000000003</ele>
        <time>2026-09-17T06:12:30Z</time>
      </trkpt>
      <trkpt lat="46.154498029500246" lon="11.734413988888264">
        <ele>734.67427399999997</ele>
        <time>2026-09-17T06:12:32Z</time>
      </trkpt>
      <trkpt lat="46.154436003416777" lon="11.734312986955047">
        <ele>734.21152600000005</ele>
        <time>2026-09-17T06:12:33Z</time>
      </trkpt>
      <trkpt lat="46.154360985383391" lon="11.734101008623838">
        <ele>733.395261</ele>
        <time>2026-09-17T06:12:36Z</time>
      </trkpt>
      <trkpt lat="46.154364002868533" lon="11.733989026397467">
        <ele>733.01092400000005</ele>
        <time>2026-09-17T06:12:37Z</time>
      </trkpt>
      <trkpt lat="46.154734985902905" lon="11.733454009518027">
        <ele>734.68461100000002</ele>
        <time>2026-09-17T06:13:06Z</time>
      </trkpt>
      <trkpt lat="46.154734985902905" lon="11.733096018433571">
        <ele>736.504865</ele>
        <time>2026-09-17T06:13:11Z</time>
      </trkpt>
      <trkpt lat="46.155368993058801" lon="11.732649011537433">
        <ele>741.68376799999999</ele>
        <time>2026-09-17T06:13:26Z</time>
      </trkpt>
      <trkpt lat="46.155385002493858" lon="11.732677007094026">
        <ele>741.86832100000004</ele>
        <time>2026-09-17T06:13:27Z</time>
      </trkpt>
      <trkpt lat="46.155866961926222" lon="11.7321050260216">
        <ele>744.80802800000004</ele>
        <time>2026-09-17T06:13:56Z</time>
      </trkpt>
      <trkpt lat="46.156288990750909" lon="11.731359036639333">
        <ele>744.830826</ele>
        <time>2026-09-17T06:14:09Z</time>
      </trkpt>
      <trkpt lat="46.156351016834378" lon="11.731109004467726">
        <ele>744.83711200000005</ele>
        <time>2026-09-17T06:14:11Z</time>
      </trkpt>
      <trkpt lat="46.156417988240719" lon="11.73088101670146">
        <ele>744.84297400000003</ele>
        <time>2026-09-17T06:14:13Z</time>
      </trkpt>
      <trkpt lat="46.156844962388277" lon="11.730515984818339">
        <ele>744.85993099999996</ele>
        <time>2026-09-17T06:14:20Z</time>
      </trkpt>
      <trkpt lat="46.157592041417956" lon="11.729428013786674">
        <ele>745.26024500000005</ele>
        <time>2026-09-17T06:14:43Z</time>
      </trkpt>
      <trkpt lat="46.157820029184222" lon="11.729139005765319">
        <ele>745.38042499999995</ele>
        <time>2026-09-17T06:14:50Z</time>
      </trkpt>
      <trkpt lat="46.158091016113758" lon="11.728847986087203">
        <ele>745.51420399999995</ele>
        <time>2026-09-17T06:14:57Z</time>
      </trkpt>
      <trkpt lat="46.159016964957118" lon="11.728080958127975">
        <ele>743.53661999999997</ele>
        <time>2026-09-17T06:15:14Z</time>
      </trkpt>
      <trkpt lat="46.159309996291995" lon="11.727859005331993">
        <ele>742.80051000000003</ele>
        <time>2026-09-17T06:15:18Z</time>
      </trkpt>
      <trkpt lat="46.159672010689974" lon="11.727491961792111">
        <ele>741.81649400000003</ele>
        <time>2026-09-17T06:15:23Z</time>
      </trkpt>
      <trkpt lat="46.159711992368102" lon="11.727424990385771">
        <ele>741.68020000000001</ele>
        <time>2026-09-17T06:15:24Z</time>
      </trkpt>
      <trkpt lat="46.16000602953136" lon="11.726795006543398">
        <ele>740.63654699999995</ele>
        <time>2026-09-17T06:15:30Z</time>
      </trkpt>
      <trkpt lat="46.160318003967404" lon="11.726490994915366">
        <ele>739.899092</ele>
        <time>2026-09-17T06:15:35Z</time>
      </trkpt>
      <trkpt lat="46.16047902032733" lon="11.726213973015547">
        <ele>739.40838399999996</ele>
        <time>2026-09-17T06:15:38Z</time>
      </trkpt>
      <trkpt lat="46.162117011845112" lon="11.722769010812044">
        <ele>736.96648900000002</ele>
        <time>2026-09-17T06:16:40Z</time>
      </trkpt>
      <trkpt lat="46.162470979616046" lon="11.722023021429777">
        <ele>733.41470300000003</ele>
        <time>2026-09-17T06:16:47Z</time>
      </trkpt>
      <trkpt lat="46.162535017356277" lon="11.72181498259306">
        <ele>732.520757</ele>
        <time>2026-09-17T06:16:49Z</time>
      </trkpt>
      <trkpt lat="46.162749007344246" lon="11.720395004376769">
        <ele>726.71146799999997</ele>
        <time>2026-09-17T06:17:00Z</time>
      </trkpt>
      <trkpt lat="46.163062993437052" lon="11.719073010608554">
        <ele>720.972713</ele>
        <time>2026-09-17T06:17:10Z</time>
      </trkpt>
      <trkpt lat="46.163076991215348" lon="11.718834964558482">
        <ele>719.99191699999994</ele>
        <time>2026-09-17T06:17:12Z</time>
      </trkpt>
      <trkpt lat="46.163043966516852" lon="11.718561965972185">
        <ele>718.85397699999999</ele>
        <time>2026-09-17T06:17:15Z</time>
      </trkpt>
      <trkpt lat="46.162913963198662" lon="11.71827002428472">
        <ele>719.437275</ele>
        <time>2026-09-17T06:17:18Z</time>
      </trkpt>
      <trkpt lat="46.161492979153991" lon="11.715446999296546">
        <ele>739.29252799999995</ele>
        <time>2026-09-17T06:19:35Z</time>
      </trkpt>
      <trkpt lat="46.161374961957335" lon="11.71517601236701">
        <ele>741.88296700000001</ele>
        <time>2026-09-17T06:19:53Z</time>
      </trkpt>
      <trkpt lat="46.161345960572362" lon="11.715027987957001">
        <ele>743.12766999999997</ele>
        <time>2026-09-17T06:20:02Z</time>
      </trkpt>
      <trkpt lat="46.161341015249491" lon="11.714879041537642">
        <ele>744.33487500000001</ele>
        <time>2026-09-17T06:20:10Z</time>
      </trkpt>
      <trkpt lat="46.161386026069522" lon="11.714675026014447">
        <ele>746.06745699999999</ele>
        <time>2026-09-17T06:20:22Z</time>
      </trkpt>
      <trkpt lat="46.161540001630783" lon="11.714422982186079">
        <ele>748.78707499999996</ele>
        <time>2026-09-17T06:20:40Z</time>
      </trkpt>
      <trkpt lat="46.162162022665143" lon="11.713726026937366">
        <ele>760.77597400000002</ele>
        <time>2026-09-17T06:21:43Z</time>
      </trkpt>
      <trkpt lat="46.162219019606709" lon="11.713568028062582">
        <ele>762.810475</ele>
        <time>2026-09-17T06:21:54Z</time>
      </trkpt>
      <trkpt lat="46.162251038476825" lon="11.713341968134046">
        <ele>765.444839</ele>
        <time>2026-09-17T06:22:10Z</time>
      </trkpt>
      <trkpt lat="46.162232011556625" lon="11.713167037814856">
        <ele>767.46779400000003</ele>
        <time>2026-09-17T06:22:22Z</time>
      </trkpt>
      <trkpt lat="46.162162022665143" lon="11.712957993149757">
        <ele>770.11905400000001</ele>
        <time>2026-09-17T06:22:38Z</time>
      </trkpt>
      <trkpt lat="46.16196496412158" lon="11.712633026763797">
        <ele>775.05130499999996</ele>
        <time>2026-09-17T06:23:08Z</time>
      </trkpt>
      <trkpt lat="46.161794979125261" lon="11.712409984320402">
        <ele>778.83852000000002</ele>
        <time>2026-09-17T06:23:31Z</time>
      </trkpt>
      <trkpt lat="46.161689031869173" lon="11.712344018742442">
        <ele>780.74190899999996</ele>
        <time>2026-09-17T06:23:43Z</time>
      </trkpt>
      <trkpt lat="46.161458026617765" lon="11.71240596100688">
        <ele>783.82216400000004</ele>
        <time>2026-09-17T06:24:07Z</time>
      </trkpt>
      <trkpt lat="46.161353001371026" lon="11.712530013173819">
        <ele>785.58610199999998</ele>
        <time>2026-09-17T06:24:21Z</time>
      </trkpt>
      <trkpt lat="46.161037003621459" lon="11.713103000074625">
        <ele>792.18292899999994</ele>
        <time>2026-09-17T06:25:07Z</time>
      </trkpt>
      <trkpt lat="46.160531993955374" lon="11.713461996987462">
        <ele>799.50254099999995</ele>
        <time>2026-09-17T06:25:41Z</time>
      </trkpt>
      <trkpt lat="46.159996977075934" lon="11.714474027976394">
        <ele>808.47943899999996</ele>
        <time>2026-09-17T06:26:28Z</time>
      </trkpt>
      <trkpt lat="46.159408986568451" lon="11.715286988765001">
        <ele>815.14443700000004</ele>
        <time>2026-09-17T06:27:15Z</time>
      </trkpt>
      <trkpt lat="46.1589540168643" lon="11.715719997882843">
        <ele>819.07581200000004</ele>
        <time>2026-09-17T06:27:45Z</time>
      </trkpt>
      <trkpt lat="46.158705996349454" lon="11.716043036431074">
        <ele>819.51992600000005</ele>
        <time>2026-09-17T06:28:00Z</time>
      </trkpt>
      <trkpt lat="46.158666014671326" lon="11.716188965365291">
        <ele>819.66453100000001</ele>
        <time>2026-09-17T06:28:03Z</time>
      </trkpt>
      <trkpt lat="46.158670037984848" lon="11.716268006712198">
        <ele>819.73748499999999</ele>
        <time>2026-09-17T06:28:05Z</time>
      </trkpt>
      <trkpt lat="46.15874296054244" lon="11.716503035277128">
        <ele>819.97469100000001</ele>
        <time>2026-09-17T06:28:10Z</time>
      </trkpt>
      <trkpt lat="46.158715970814228" lon="11.71670101583004">
        <ele>820.16055200000005</ele>
        <time>2026-09-17T06:28:13Z</time>
      </trkpt>
      <trkpt lat="46.158608011901379" lon="11.71683001331985">
        <ele>820.34693300000004</ele>
        <time>2026-09-17T06:28:15Z</time>
      </trkpt>
      <trkpt lat="46.1585240252316" lon="11.716851973906159">
        <ele>820.46044800000004</ele>
        <time>2026-09-17T06:28:16Z</time>
      </trkpt>
      <trkpt lat="46.158449007198215" lon="11.716912994161248">
        <ele>820.57491000000005</ele>
        <time>2026-09-17T06:28:17Z</time>
      </trkpt>
      <trkpt lat="46.157933017238975" lon="11.717986967414618">
        <ele>821.75827700000002</ele>
        <time>2026-09-17T06:28:29Z</time>
      </trkpt>
      <trkpt lat="46.157298004254699" lon="11.718432968482375">
        <ele>822.65083200000004</ele>
        <time>2026-09-17T06:28:40Z</time>
      </trkpt>
      <trkpt lat="46.156964991241693" lon="11.718520978465676">
        <ele>823.07872099999997</ele>
        <time>2026-09-17T06:28:50Z</time>
      </trkpt>
      <trkpt lat="46.156471967697144" lon="11.71842098236084">
        <ele>823.93895899999995</ele>
        <time>2026-09-17T06:29:10Z</time>
      </trkpt>
      <trkpt lat="46.156201986595988" lon="11.718492982909083">
        <ele>825.43262100000004</ele>
        <time>2026-09-17T06:29:23Z</time>
      </trkpt>
      <trkpt lat="46.155685996636748" lon="11.718446966260672">
        <ele>828.24503500000003</ele>
        <time>2026-09-17T06:29:51Z</time>
      </trkpt>
      <trkpt lat="46.155554987490177" lon="11.718418970704079">
        <ele>828.96545100000003</ele>
        <time>2026-09-17T06:29:57Z</time>
      </trkpt>
      <trkpt lat="46.155382990837097" lon="11.718325009569526">
        <ele>829.96594500000003</ele>
        <time>2026-09-17T06:30:06Z</time>
      </trkpt>
      <trkpt lat="46.154773039743304" lon="11.718479990959167">
        <ele>833.33538999999996</ele>
        <time>2026-09-17T06:30:28Z</time>
      </trkpt>
      <trkpt lat="46.154676983132958" lon="11.718577975407243">
        <ele>833.68408299999999</ele>
        <time>2026-09-17T06:30:31Z</time>
      </trkpt>
      <trkpt lat="46.154581010341644" lon="11.718755001202226">
        <ele>834.08493099999998</ele>
        <time>2026-09-17T06:30:35Z</time>
      </trkpt>
      <trkpt lat="46.154470033943653" lon="11.71910704113543">
        <ele>834.77457200000003</ele>
        <time>2026-09-17T06:30:39Z</time>
      </trkpt>
      <trkpt lat="46.154076000675559" lon="11.71945296227932">
        <ele>835.96169699999996</ele>
        <time>2026-09-17T06:30:51Z</time>
      </trkpt>
      <trkpt lat="46.153854969888926" lon="11.719871973618865">
        <ele>836.90076499999998</ele>
        <time>2026-09-17T06:31:01Z</time>
      </trkpt>
      <trkpt lat="46.15375597961247" lon="11.719958977773786">
        <ele>837.19911000000002</ele>
        <time>2026-09-17T06:31:04Z</time>
      </trkpt>
      <trkpt lat="46.15362798795104" lon="11.719998037442565">
        <ele>837.53585799999996</ele>
        <time>2026-09-17T06:31:08Z</time>
      </trkpt>
      <trkpt lat="46.153567973524332" lon="11.719974987208843">
        <ele>837.69565799999998</ele>
        <time>2026-09-17T06:31:10Z</time>
      </trkpt>
      <trkpt lat="46.153332022950053" lon="11.719744987785816">
        <ele>838.53730299999995</ele>
        <time>2026-09-17T06:31:20Z</time>
      </trkpt>
      <trkpt lat="46.153262034058571" lon="11.719704000279307">
        <ele>838.78796899999998</ele>
        <time>2026-09-17T06:31:23Z</time>
      </trkpt>
      <trkpt lat="46.153139993548393" lon="11.719704000279307">
        <ele>839.19279200000005</ele>
        <time>2026-09-17T06:31:28Z</time>
      </trkpt>
      <trkpt lat="46.152447983622551" lon="11.720232982188463">
        <ele>841.79109700000004</ele>
        <time>2026-09-17T06:32:00Z</time>
      </trkpt>
      <trkpt lat="46.151773994788527" lon="11.720399027690291">
        <ele>844.08807100000001</ele>
        <time>2026-09-17T06:32:13Z</time>
      </trkpt>
      <trkpt lat="46.150859026238322" lon="11.720894984900951">
        <ele>849.680699</ele>
        <time>2026-09-17T06:32:40Z</time>
      </trkpt>
      <trkpt lat="46.150717036798596" lon="11.72091300599277">
        <ele>850.49635000000001</ele>
        <time>2026-09-17T06:32:47Z</time>
      </trkpt>
      <trkpt lat="46.15049097687006" lon="11.720730029046535">
        <ele>851.97909000000004</ele>
        <time>2026-09-17T06:33:01Z</time>
      </trkpt>
      <trkpt lat="46.150330966338515" lon="11.720536993816495">
        <ele>853.17219</ele>
        <time>2026-09-17T06:33:15Z</time>
      </trkpt>
      <trkpt lat="46.150242034345865" lon="11.720470022410154">
        <ele>853.74654399999997</ele>
        <time>2026-09-17T06:33:22Z</time>
      </trkpt>
      <trkpt lat="46.150061991065741" lon="11.720414031296968">
        <ele>854.810203</ele>
        <time>2026-09-17T06:33:36Z</time>
      </trkpt>
      <trkpt lat="46.149815982207656" lon="11.720137009397149">
        <ele>856.63225</ele>
        <time>2026-09-17T06:34:00Z</time>
      </trkpt>
      <trkpt lat="46.149490009993315" lon="11.719728978350759">
        <ele>859.15204500000004</ele>
        <time>2026-09-17T06:34:31Z</time>
      </trkpt>
      <trkpt lat="46.149425972253084" lon="11.719697965309024">
        <ele>859.54628600000001</ele>
        <time>2026-09-17T06:34:35Z</time>
      </trkpt>
      <trkpt lat="46.149343997240067" lon="11.719705006107688">
        <ele>860.02600199999995</ele>
        <time>2026-09-17T06:34:38Z</time>
      </trkpt>
      <trkpt lat="46.148806968703866" lon="11.719910027459264">
        <ele>863.26989700000001</ele>
        <time>2026-09-17T06:34:52Z</time>
      </trkpt>
      <trkpt lat="46.148698003962636" lon="11.720011029392481">
        <ele>864.02632800000003</ele>
        <time>2026-09-17T06:34:53Z</time>
      </trkpt>
      <trkpt lat="46.148124011233449" lon="11.720584016293287">
        <ele>866.82662700000003</ele>
        <time>2026-09-17T06:35:02Z</time>
      </trkpt>
      <trkpt lat="46.148032983765006" lon="11.720648976042867">
        <ele>867.18937200000005</ele>
        <time>2026-09-17T06:35:04Z</time>
      </trkpt>
      <trkpt lat="46.147837014868855" lon="11.720711002126336">
        <ele>867.90623700000003</ele>
        <time>2026-09-17T06:35:07Z</time>
      </trkpt>
      <trkpt lat="46.147754034027457" lon="11.720672026276588">
        <ele>868.21808699999997</ele>
        <time>2026-09-17T06:35:09Z</time>
      </trkpt>
      <trkpt lat="46.147603997960687" lon="11.72050497494638">
        <ele>868.89488400000005</ele>
        <time>2026-09-17T06:35:15Z</time>
      </trkpt>
      <trkpt lat="46.147443987429142" lon="11.720473039895296">
        <ele>869.47197600000004</ele>
        <time>2026-09-17T06:35:23Z</time>
      </trkpt>
      <trkpt lat="46.147088008001447" lon="11.720163999125361">
        <ele>870.95610599999998</ele>
        <time>2026-09-17T06:35:49Z</time>
      </trkpt>
      <trkpt lat="46.146717024967074" lon="11.719961995258927">
        <ele>874.62357499999996</ele>
        <time>2026-09-17T06:36:20Z</time>
      </trkpt>
      <trkpt lat="46.146417958661914" lon="11.719596963375807">
        <ele>878.80975000000001</ele>
        <time>2026-09-17T06:36:50Z</time>
      </trkpt>
      <trkpt lat="46.146198017522693" lon="11.719577014446259">
        <ele>881.16621199999997</ele>
        <time>2026-09-17T06:37:06Z</time>
      </trkpt>
      <trkpt lat="46.145837008953094" lon="11.719466960057616">
        <ele>885.11036200000001</ele>
        <time>2026-09-17T06:37:31Z</time>
      </trkpt>
      <trkpt lat="46.145615978166461" lon="11.719435025006533">
        <ele>887.48471199999994</ele>
        <time>2026-09-17T06:37:44Z</time>
      </trkpt>
      <trkpt lat="46.145149022340775" lon="11.719414992257953">
        <ele>890.97077300000001</ele>
        <time>2026-09-17T06:38:11Z</time>
      </trkpt>
      <trkpt lat="46.144923968240619" lon="11.719288006424904">
        <ele>891.614102</ele>
        <time>2026-09-17T06:38:21Z</time>
      </trkpt>
      <trkpt lat="46.144778039306402" lon="11.719271996989846">
        <ele>892.00399800000002</ele>
        <time>2026-09-17T06:38:27Z</time>
      </trkpt>
      <trkpt lat="46.144256014376879" lon="11.719053983688354">
        <ele>893.45102799999995</ele>
        <time>2026-09-17T06:38:42Z</time>
      </trkpt>
      <trkpt lat="46.144081000238657" lon="11.719049038365483">
        <ele>893.91711999999995</ele>
        <time>2026-09-17T06:38:46Z</time>
      </trkpt>
      <trkpt lat="46.143728960305452" lon="11.719133025035262">
        <ele>894.86717199999998</ele>
        <time>2026-09-17T06:38:51Z</time>
      </trkpt>
      <trkpt lat="46.143442969769239" lon="11.719391020014882">
        <ele>895.25944400000003</ele>
        <time>2026-09-17T06:38:56Z</time>
      </trkpt>
      <trkpt lat="46.143363006412983" lon="11.71940702944994">
        <ele>895.25923699999998</ele>
        <time>2026-09-17T06:38:57Z</time>
      </trkpt>
      <trkpt lat="46.143297962844372" lon="11.719369981437922">
        <ele>895.25905699999998</ele>
        <time>2026-09-17T06:38:58Z</time>
      </trkpt>
      <trkpt lat="46.143226968124509" lon="11.71927803196013">
        <ele>895.25881200000003</ele>
        <time>2026-09-17T06:38:59Z</time>
      </trkpt>
      <trkpt lat="46.142849028110504" lon="11.718548974022269">
        <ele>895.25719000000004</ele>
        <time>2026-09-17T06:39:07Z</time>
      </trkpt>
      <trkpt lat="46.142688011750579" lon="11.717803990468383">
        <ele>895.25580000000002</ele>
        <time>2026-09-17T06:39:23Z</time>
      </trkpt>
      <trkpt lat="46.142658004537225" lon="11.717272996902466">
        <ele>896.17707499999995</ele>
        <time>2026-09-17T06:39:37Z</time>
      </trkpt>
      <trkpt lat="46.142730005085468" lon="11.716306982561946">
        <ele>899.66501700000003</ele>
        <time>2026-09-17T06:40:06Z</time>
      </trkpt>
      <trkpt lat="46.14262699149549" lon="11.714930003508925">
        <ele>904.63689299999999</ele>
        <time>2026-09-17T06:40:47Z</time>
      </trkpt>
      <trkpt lat="46.142506962642074" lon="11.714097009971738">
        <ele>907.67801999999995</ele>
        <time>2026-09-17T06:41:08Z</time>
      </trkpt>
      <trkpt lat="46.142480978742242" lon="11.71343601308763">
        <ele>910.044488</ele>
        <time>2026-09-17T06:41:25Z</time>
      </trkpt>
      <trkpt lat="46.14241199567914" lon="11.712912982329726">
        <ele>911.94747700000005</ele>
        <time>2026-09-17T06:41:41Z</time>
      </trkpt>
      <trkpt lat="46.142407972365618" lon="11.712416019290686">
        <ele>913.724065</ele>
        <time>2026-09-17T06:41:57Z</time>
      </trkpt>
      <trkpt lat="46.14241098985076" lon="11.7123410012573">
        <ele>914.07123799999999</ele>
        <time>2026-09-17T06:41:59Z</time>
      </trkpt>
      <trkpt lat="46.142396992072463" lon="11.712117958813906">
        <ele>915.32458999999994</ele>
        <time>2026-09-17T06:42:06Z</time>
      </trkpt>
      <trkpt lat="46.14228299818933" lon="11.711743036285043">
        <ele>917.61680200000001</ele>
        <time>2026-09-17T06:42:18Z</time>
      </trkpt>
      <trkpt lat="46.142292972654104" lon="11.711656032130122">
        <ele>918.11043900000004</ele>
        <time>2026-09-17T06:42:21Z</time>
      </trkpt>
      <trkpt lat="46.142348041757941" lon="11.711604986339808">
        <ele>918.63856999999996</ele>
        <time>2026-09-17T06:42:24Z</time>
      </trkpt>
      <trkpt lat="46.142413001507521" lon="11.711598029360175">
        <ele>919.16514600000005</ele>
        <time>2026-09-17T06:42:27Z</time>
      </trkpt>
      <trkpt lat="46.142452983185649" lon="11.7116329818964">
        <ele>919.54304300000001</ele>
        <time>2026-09-17T06:42:29Z</time>
      </trkpt>
      <trkpt lat="46.142480978742242" lon="11.711729038506746">
        <ele>920.12607100000002</ele>
        <time>2026-09-17T06:42:33Z</time>
      </trkpt>
      <trkpt lat="46.142464969307184" lon="11.712009999901056">
        <ele>921.70426299999997</ele>
        <time>2026-09-17T06:42:44Z</time>
      </trkpt>
      <trkpt lat="46.142489025369287" lon="11.712304959073663">
        <ele>923.36686199999997</ele>
        <time>2026-09-17T06:42:56Z</time>
      </trkpt>
      <trkpt lat="46.142489025369287" lon="11.712381988763809">
        <ele>923.797867</ele>
        <time>2026-09-17T06:42:59Z</time>
      </trkpt>
      <trkpt lat="46.142539987340569" lon="11.713015995919704">
        <ele>927.37049999999999</ele>
        <time>2026-09-17T06:43:26Z</time>
      </trkpt>
      <trkpt lat="46.142618022859097" lon="11.713256975635886">
        <ele>928.92363399999999</ele>
        <time>2026-09-17T06:43:38Z</time>
      </trkpt>
      <trkpt lat="46.142719024792314" lon="11.713440958410501">
        <ele>930.41525300000001</ele>
        <time>2026-09-17T06:43:48Z</time>
      </trkpt>
      <trkpt lat="46.143089001998305" lon="11.715016001835465">
        <ele>940.98268700000006</ele>
        <time>2026-09-17T06:44:58Z</time>
      </trkpt>
      <trkpt lat="46.143309026956558" lon="11.716639995574951">
        <ele>952.44992100000002</ele>
        <time>2026-09-17T06:45:57Z</time>
      </trkpt>
      <trkpt lat="46.143541960045695" lon="11.717449016869068">
        <ele>958.81827999999996</ele>
        <time>2026-09-17T06:46:38Z</time>
      </trkpt>
      <trkpt lat="46.143609015271068" lon="11.717552030459046">
        <ele>959.84523000000002</ele>
        <time>2026-09-17T06:46:45Z</time>
      </trkpt>
      <trkpt lat="46.143673975020647" lon="11.717595029622316">
        <ele>960.59537699999998</ele>
        <time>2026-09-17T06:46:51Z</time>
      </trkpt>
      <trkpt lat="46.144373025745153" lon="11.717445999383926">
        <ele>968.127793</ele>
        <time>2026-09-17T06:47:48Z</time>
      </trkpt>
      <trkpt lat="46.144462041556835" lon="11.71745304018259">
        <ele>969.08913700000005</ele>
        <time>2026-09-17T06:47:55Z</time>
      </trkpt>
      <trkpt lat="46.144572012126446" lon="11.717531997710466">
        <ele>970.41431599999999</ele>
        <time>2026-09-17T06:48:05Z</time>
      </trkpt>
      <trkpt lat="46.144981971010566" lon="11.717535015195608">
        <ele>974.83647900000005</ele>
        <time>2026-09-17T06:48:36Z</time>
      </trkpt>
      <trkpt lat="46.145844971761107" lon="11.717658983543515">
        <ele>983.92316200000005</ele>
        <time>2026-09-17T06:49:21Z</time>
      </trkpt>
      <trkpt lat="46.146308993920684" lon="11.717658983543515">
        <ele>987.64320499999997</ele>
        <time>2026-09-17T06:49:41Z</time>
      </trkpt>
      <trkpt lat="46.146783996373415" lon="11.717715980485082">
        <ele>991.46457799999996</ele>
        <time>2026-09-17T06:50:06Z</time>
      </trkpt>
      <trkpt lat="46.146977031603456" lon="11.717687984928489">
        <ele>993.01972000000001</ele>
        <time>2026-09-17T06:50:17Z</time>
      </trkpt>
      <trkpt lat="46.147083984687924" lon="11.71751799993217">
        <ele>994.29547500000001</ele>
        <time>2026-09-17T06:50:27Z</time>
      </trkpt>
      <trkpt lat="46.147342985495925" lon="11.716493982821703">
        <ele>1000.573561</ele>
        <time>2026-09-17T06:51:11Z</time>
      </trkpt>
      <trkpt lat="46.147433007135987" lon="11.716277981176972">
        <ele>1002.085907</ele>
        <time>2026-09-17T06:51:21Z</time>
      </trkpt>
      <trkpt lat="46.147593017667532" lon="11.716046975925565">
        <ele>1004.045791</ele>
        <time>2026-09-17T06:51:34Z</time>
      </trkpt>
      <trkpt lat="46.148239010944963" lon="11.715873973444104">
        <ele>1009.735968</ele>
        <time>2026-09-17T06:52:09Z</time>
      </trkpt>
      <trkpt lat="46.148355016484857" lon="11.715751010924578">
        <ele>1010.982523</ele>
        <time>2026-09-17T06:52:16Z</time>
      </trkpt>
      <trkpt lat="46.148885004222393" lon="11.715192021802068">
        <ele>1016.932984</ele>
        <time>2026-09-17T06:52:53Z</time>
      </trkpt>
      <trkpt lat="46.149161020293832" lon="11.714349975809455">
        <ele>1022.943401</ele>
        <time>2026-09-17T06:53:38Z</time>
      </trkpt>
      <trkpt lat="46.149367969483137" lon="11.714029032737017">
        <ele>1025.773064</ele>
        <time>2026-09-17T06:53:57Z</time>
      </trkpt>
      <trkpt lat="46.149642979726195" lon="11.71380297280848">
        <ele>1028.7203810000001</ele>
        <time>2026-09-17T06:54:16Z</time>
      </trkpt>
      <trkpt lat="46.150692980736494" lon="11.713638016954064">
        <ele>1035.943248</ele>
        <time>2026-09-17T06:55:01Z</time>
      </trkpt>
      <trkpt lat="46.15134802646935" lon="11.713702976703644">
        <ele>1040.2119049999999</ele>
        <time>2026-09-17T06:55:28Z</time>
      </trkpt>
      <trkpt lat="46.15214598365128" lon="11.713355965912342">
        <ele>1046.1818069999999</ele>
        <time>2026-09-17T06:56:15Z</time>
      </trkpt>
      <trkpt lat="46.152585027739406" lon="11.713425032794476">
        <ele>1049.4449139999999</ele>
        <time>2026-09-17T06:56:40Z</time>
      </trkpt>
      <trkpt lat="46.152635989710689" lon="11.713340962305665">
        <ele>1050.016676</ele>
        <time>2026-09-17T06:56:44Z</time>
      </trkpt>
      <trkpt lat="46.152635989710689" lon="11.713234009221196">
        <ele>1050.5644</ele>
        <time>2026-09-17T06:56:48Z</time>
      </trkpt>
      <trkpt lat="46.152587961405516" lon="11.713152034208179">
        <ele>1051.1139410000001</ele>
        <time>2026-09-17T06:56:51Z</time>
      </trkpt>
      <trkpt lat="46.152542028576136" lon="11.713151028379798">
        <ele>1051.4538910000001</ele>
        <time>2026-09-17T06:56:53Z</time>
      </trkpt>
      <trkpt lat="46.15227397531271" lon="11.713253958150744">
        <ele>1053.5032289999999</ele>
        <time>2026-09-17T06:57:05Z</time>
      </trkpt>
      <trkpt lat="46.15220800973475" lon="11.713241972029209">
        <ele>1053.99478</ele>
        <time>2026-09-17T06:57:08Z</time>
      </trkpt>
      <trkpt lat="46.152008017525077" lon="11.713125966489315">
        <ele>1055.607184</ele>
        <time>2026-09-17T06:57:16Z</time>
      </trkpt>
      <trkpt lat="46.151839038357139" lon="11.713072992861271">
        <ele>1056.920889</ele>
        <time>2026-09-17T06:57:24Z</time>
      </trkpt>
      <trkpt lat="46.151152979582548" lon="11.71315697953105">
        <ele>1062.1505990000001</ele>
        <time>2026-09-17T06:57:55Z</time>
      </trkpt>
      <trkpt lat="46.150964973494411" lon="11.7130490206182">
        <ele>1063.687619</ele>
        <time>2026-09-17T06:58:05Z</time>
      </trkpt>
      <trkpt lat="46.150510003790259" lon="11.712808962911367">
        <ele>1067.3674169999999</ele>
        <time>2026-09-17T06:58:32Z</time>
      </trkpt>
      <trkpt lat="46.149744987487793" lon="11.712861014530063">
        <ele>1075.4486509999999</ele>
        <time>2026-09-17T06:59:25Z</time>
      </trkpt>
      <trkpt lat="46.148736979812384" lon="11.71298498287797">
        <ele>1086.8838249999999</ele>
        <time>2026-09-17T07:00:36Z</time>
      </trkpt>
      <trkpt lat="46.148529024794698" lon="11.712936032563448">
        <ele>1089.1787449999999</ele>
        <time>2026-09-17T07:00:51Z</time>
      </trkpt>
      <trkpt lat="46.148318974301219" lon="11.712780967354774">
        <ele>1091.2458320000001</ele>
        <time>2026-09-17T07:01:08Z</time>
      </trkpt>
      <trkpt lat="46.148156030103564" lon="11.712563037872314">
        <ele>1093.193301</ele>
        <time>2026-09-17T07:01:22Z</time>
      </trkpt>
      <trkpt lat="46.148080006241798" lon="11.712499000132084">
        <ele>1093.9644269999999</ele>
        <time>2026-09-17T07:01:28Z</time>
      </trkpt>
      <trkpt lat="46.148017980158329" lon="11.712505035102367">
        <ele>1094.509012</ele>
        <time>2026-09-17T07:01:32Z</time>
      </trkpt>
      <trkpt lat="46.147941034287214" lon="11.712560020387173">
        <ele>1095.2619420000001</ele>
        <time>2026-09-17T07:01:37Z</time>
      </trkpt>
      <trkpt lat="46.147861992940307" lon="11.712689017876983">
        <ele>1096.3073240000001</ele>
        <time>2026-09-17T07:01:45Z</time>
      </trkpt>
      <trkpt lat="46.147799966856837" lon="11.71272799372673">
        <ele>1096.9000450000001</ele>
        <time>2026-09-17T07:01:49Z</time>
      </trkpt>
      <trkpt lat="46.147721009328961" lon="11.712760012596846">
        <ele>1097.6191429999999</ele>
        <time>2026-09-17T07:01:54Z</time>
      </trkpt>
      <trkpt lat="46.147529985755682" lon="11.712753977626562">
        <ele>1099.2934540000001</ele>
        <time>2026-09-17T07:02:04Z</time>
      </trkpt>
      <trkpt lat="46.14666698500514" lon="11.713702976703644">
        <ele>1107.3294450000001</ele>
        <time>2026-09-17T07:02:51Z</time>
      </trkpt>
      <trkpt lat="46.146519966423512" lon="11.713761985301971">
        <ele>1108.193522</ele>
        <time>2026-09-17T07:02:57Z</time>
      </trkpt>
      <trkpt lat="46.146485013887286" lon="11.713724015280604">
        <ele>1108.4415489999999</ele>
        <time>2026-09-17T07:02:58Z</time>
      </trkpt>
      <trkpt lat="46.146457018330693" lon="11.713616978377104">
        <ele>1108.8903190000001</ele>
        <time>2026-09-17T07:03:01Z</time>
      </trkpt>
      <trkpt lat="46.146469004452229" lon="11.713504996150732">
        <ele>1109.3349820000001</ele>
        <time>2026-09-17T07:03:04Z</time>
      </trkpt>
      <trkpt lat="46.146518038585782" lon="11.713453028351068">
        <ele>1109.67941</ele>
        <time>2026-09-17T07:03:06Z</time>
      </trkpt>
      <trkpt lat="46.146659022197127" lon="11.71341598033905">
        <ele>1110.4910110000001</ele>
        <time>2026-09-17T07:03:12Z</time>
      </trkpt>
      <trkpt lat="46.146866977214813" lon="11.713192015886307">
        <ele>1111.960697</ele>
        <time>2026-09-17T07:03:23Z</time>
      </trkpt>
      <trkpt lat="46.147143999114633" lon="11.712549040094018">
        <ele>1114.8864980000001</ele>
        <time>2026-09-17T07:03:47Z</time>
      </trkpt>
      <trkpt lat="46.147247012704611" lon="11.712385006248951">
        <ele>1115.381952</ele>
        <time>2026-09-17T07:03:55Z</time>
      </trkpt>
      <trkpt lat="46.147334016859531" lon="11.712347958236933">
        <ele>1115.67497</ele>
        <time>2026-09-17T07:03:59Z</time>
      </trkpt>
      <trkpt lat="46.147514982149005" lon="11.712386012077332">
        <ele>1116.265881</ele>
        <time>2026-09-17T07:04:08Z</time>
      </trkpt>
      <trkpt lat="46.147608021274209" lon="11.712294984608889">
        <ele>1116.628868</ele>
        <time>2026-09-17T07:04:13Z</time>
      </trkpt>
      <trkpt lat="46.147595029324293" lon="11.712149977684021">
        <ele>1116.9561189999999</ele>
        <time>2026-09-17T07:04:17Z</time>
      </trkpt>
      <trkpt lat="46.147555969655514" lon="11.712117036804557">
        <ele>1117.1021699999999</ele>
        <time>2026-09-17T07:04:19Z</time>
      </trkpt>
      <trkpt lat="46.14737399853766" lon="11.7120820004493">
        <ele>1117.6953550000001</ele>
        <time>2026-09-17T07:04:27Z</time>
      </trkpt>
      <trkpt lat="46.146968984976411" lon="11.71229699626565">
        <ele>1119.089479</ele>
        <time>2026-09-17T07:04:42Z</time>
      </trkpt>
      <trkpt lat="46.146754994988441" lon="11.712728999555111">
        <ele>1120.278157</ele>
        <time>2026-09-17T07:04:48Z</time>
      </trkpt>
      <trkpt lat="46.146602025255561" lon="11.712865037843585">
        <ele>1120.491248</ele>
        <time>2026-09-17T07:04:50Z</time>
      </trkpt>
      <trkpt lat="46.146412007510662" lon="11.712907031178474">
        <ele>1120.0798890000001</ele>
        <time>2026-09-17T07:04:53Z</time>
      </trkpt>
      <trkpt lat="46.146264988929033" lon="11.713047008961439">
        <ele>1119.702984</ele>
        <time>2026-09-17T07:04:55Z</time>
      </trkpt>
      <trkpt lat="46.145868021994829" lon="11.713861981406808">
        <ele>1118.225794</ele>
        <time>2026-09-17T07:05:03Z</time>
      </trkpt>
      <trkpt lat="46.145623018965125" lon="11.714107990264893">
        <ele>1117.58708</ele>
        <time>2026-09-17T07:05:06Z</time>
      </trkpt>
      <trkpt lat="46.145451022312045" lon="11.714061973616481">
        <ele>1117.2127190000001</ele>
        <time>2026-09-17T07:05:09Z</time>
      </trkpt>
      <trkpt lat="46.145246000960469" lon="11.71362703666091">
        <ele>1119.0293710000001</ele>
        <time>2026-09-17T07:05:20Z</time>
      </trkpt>
      <trkpt lat="46.145152039825916" lon="11.713260998949409">
        <ele>1122.675487</ele>
        <time>2026-09-17T07:05:34Z</time>
      </trkpt>
      <trkpt lat="46.145169977098703" lon="11.71302898786962">
        <ele>1124.856129</ele>
        <time>2026-09-17T07:05:44Z</time>
      </trkpt>
      <trkpt lat="46.145271984860301" lon="11.712864032015204">
        <ele>1126.9217020000001</ele>
        <time>2026-09-17T07:05:56Z</time>
      </trkpt>
      <trkpt lat="46.1454620026052" lon="11.712740985676646">
        <ele>1129.7291809999999</ele>
        <time>2026-09-17T07:06:15Z</time>
      </trkpt>
      <trkpt lat="46.145866010338068" lon="11.71233999542892">
        <ele>1136.3396190000001</ele>
        <time>2026-09-17T07:07:07Z</time>
      </trkpt>
      <trkpt lat="46.146047981455922" lon="11.711987033486366">
        <ele>1140.4497449999999</ele>
        <time>2026-09-17T07:07:41Z</time>
      </trkpt>
      <trkpt lat="46.146351993083954" lon="11.711519993841648">
        <ele>1146.4111190000001</ele>
        <time>2026-09-17T07:08:29Z</time>
      </trkpt>
      <trkpt lat="46.14651502110064" lon="11.711168037727475">
        <ele>1150.34815</ele>
        <time>2026-09-17T07:08:56Z</time>
      </trkpt>
      <trkpt lat="46.146829007193446" lon="11.71100802719593">
        <ele>1154.8175220000001</ele>
        <time>2026-09-17T07:09:23Z</time>
      </trkpt>
      <trkpt lat="46.147106029093266" lon="11.710942983627319">
        <ele>1158.584186</ele>
        <time>2026-09-17T07:09:41Z</time>
      </trkpt>
      <trkpt lat="46.147473994642496" lon="11.710991011932492">
        <ele>1163.5435540000001</ele>
        <time>2026-09-17T07:10:02Z</time>
      </trkpt>
      <trkpt lat="46.14799601957202" lon="11.710861008614302">
        <ele>1168.0143049999999</ele>
        <time>2026-09-17T07:10:26Z</time>
      </trkpt>
      <trkpt lat="46.148360967636108" lon="11.710895961150527">
        <ele>1170.557149</ele>
        <time>2026-09-17T07:10:41Z</time>
      </trkpt>
      <trkpt lat="46.148988017812371" lon="11.710546016693115">
        <ele>1175.2302279999999</ele>
        <time>2026-09-17T07:11:12Z</time>
      </trkpt>
      <trkpt lat="46.149262022227049" lon="11.710467981174588">
        <ele>1177.171591</ele>
        <time>2026-09-17T07:11:28Z</time>
      </trkpt>
      <trkpt lat="46.149533009156585" lon="11.710454989224672">
        <ele>1179.1152830000001</ele>
        <time>2026-09-17T07:11:42Z</time>
      </trkpt>
      <trkpt lat="46.149578019976616" lon="11.710398998111486">
        <ele>1179.545977</ele>
        <time>2026-09-17T07:11:46Z</time>
      </trkpt>
      <trkpt lat="46.149596963077784" lon="11.710320962592959">
        <ele>1179.961196</ele>
        <time>2026-09-17T07:11:48Z</time>
      </trkpt>
      <trkpt lat="46.149563016369939" lon="11.710203029215336">
        <ele>1180.602993</ele>
        <time>2026-09-17T07:11:54Z</time>
      </trkpt>
      <trkpt lat="46.149494033306837" lon="11.710177967324853">
        <ele>1181.1186869999999</ele>
        <time>2026-09-17T07:11:57Z</time>
      </trkpt>
      <trkpt lat="46.149250036105514" lon="11.710248040035367">
        <ele>1182.9220299999999</ele>
        <time>2026-09-17T07:12:11Z</time>
      </trkpt>
      <trkpt lat="46.14913797006011" lon="11.710207974538207">
        <ele>1183.7583950000001</ele>
        <time>2026-09-17T07:12:17Z</time>
      </trkpt>
      <trkpt lat="46.149016013368964" lon="11.710115019232035">
        <ele>1184.7585180000001</ele>
        <time>2026-09-17T07:12:25Z</time>
      </trkpt>
      <trkpt lat="46.14883697591722" lon="11.710075037553906">
        <ele>1186.071539</ele>
        <time>2026-09-17T07:12:34Z</time>
      </trkpt>
      <trkpt lat="46.148110013455153" lon="11.710211997851729">
        <ele>1190.76829</ele>
        <time>2026-09-17T07:13:10Z</time>
      </trkpt>
      <trkpt lat="46.14769502542913" lon="11.709969006478786">
        <ele>1191.0011730000001</ele>
        <time>2026-09-17T07:13:24Z</time>
      </trkpt>
      <trkpt lat="46.147457985207438" lon="11.709942016750574">
        <ele>1191.1247969999999</ele>
        <time>2026-09-17T07:13:28Z</time>
      </trkpt>
      <trkpt lat="46.147007960826159" lon="11.710238987579942">
        <ele>1191.382102</ele>
        <time>2026-09-17T07:13:35Z</time>
      </trkpt>
      <trkpt lat="46.146797994151711" lon="11.710332026705146">
        <ele>1191.4963270000001</ele>
        <time>2026-09-17T07:13:37Z</time>
      </trkpt>
      <trkpt lat="46.146491970866919" lon="11.710250973701477">
        <ele>1191.6741810000001</ele>
        <time>2026-09-17T07:13:41Z</time>
      </trkpt>
      <trkpt lat="46.146294996142387" lon="11.710080988705158">
        <ele>1192.6409719999999</ele>
        <time>2026-09-17T07:13:45Z</time>
      </trkpt>
      <trkpt lat="46.14608502946794" lon="11.709666000679135">
        <ele>1194.1406950000001</ele>
        <time>2026-09-17T07:13:54Z</time>
      </trkpt>
      <trkpt lat="46.146000036969781" lon="11.70901196077466">
        <ele>1196.082547</ele>
        <time>2026-09-17T07:14:14Z</time>
      </trkpt>
      <trkpt lat="46.14621696062386" lon="11.708163963630795">
        <ele>1198.7206590000001</ele>
        <time>2026-09-17T07:14:47Z</time>
      </trkpt>
      <trkpt lat="46.146196005865932" lon="11.707746963948011">
        <ele>1201.351754</ele>
        <time>2026-09-17T07:15:00Z</time>
      </trkpt>
      <trkpt lat="46.14610799588263" lon="11.707491986453533">
        <ele>1203.8381670000001</ele>
        <time>2026-09-17T07:15:07Z</time>
      </trkpt>
      <trkpt lat="46.146014034748077" lon="11.707315966486931">
        <ele>1205.77772</ele>
        <time>2026-09-17T07:15:13Z</time>
      </trkpt>
      <trkpt lat="46.14591596648097" lon="11.707199038937688">
        <ele>1207.379876</ele>
        <time>2026-09-17T07:15:19Z</time>
      </trkpt>
      <trkpt lat="46.14565503783524" lon="11.706995023414493">
        <ele>1211.1189690000001</ele>
        <time>2026-09-17T07:15:40Z</time>
      </trkpt>
      <trkpt lat="46.145499972626567" lon="11.706779021769762">
        <ele>1213.8331579999999</ele>
        <time>2026-09-17T07:15:57Z</time>
      </trkpt>
      <trkpt lat="46.145416991785169" lon="11.706537958234549">
        <ele>1216.182139</ele>
        <time>2026-09-17T07:16:13Z</time>
      </trkpt>
      <trkpt lat="46.145413974300027" lon="11.706420024856925">
        <ele>1217.2127310000001</ele>
        <time>2026-09-17T07:16:21Z</time>
      </trkpt>
      <trkpt lat="46.145422020927072" lon="11.706267977133393">
        <ele>1218.5432029999999</ele>
        <time>2026-09-17T07:16:30Z</time>
      </trkpt>
      <trkpt lat="46.145495027303696" lon="11.70598198659718">
        <ele>1221.203407</ele>
        <time>2026-09-17T07:16:52Z</time>
      </trkpt>
      <trkpt lat="46.145620001479983" lon="11.705631958320737">
        <ele>1225.464054</ele>
        <time>2026-09-17T07:17:25Z</time>
      </trkpt>
      <trkpt lat="46.145640034228563" lon="11.705450993031263">
        <ele>1227.5431000000001</ele>
        <time>2026-09-17T07:17:40Z</time>
      </trkpt>
      <trkpt lat="46.145063024014235" lon="11.70462797395885">
        <ele>1240.824316</ele>
        <time>2026-09-17T07:19:18Z</time>
      </trkpt>
      <trkpt lat="46.144974008202553" lon="11.704593021422625">
        <ele>1242.334556</ele>
        <time>2026-09-17T07:19:26Z</time>
      </trkpt>
      <trkpt lat="46.144736967980862" lon="11.704644989222288">
        <ele>1246.259335</ele>
        <time>2026-09-17T07:19:42Z</time>
      </trkpt>
      <trkpt lat="46.144019979983568" lon="11.704463018104434">
        <ele>1249.4083900000001</ele>
        <time>2026-09-17T07:20:03Z</time>
      </trkpt>
      <trkpt lat="46.143167959526181" lon="11.704676002264023">
        <ele>1245.4143690000001</ele>
        <time>2026-09-17T07:20:12Z</time>
      </trkpt>
      <trkpt lat="46.142996968701482" lon="11.704680025577545">
        <ele>1244.6244099999999</ele>
        <time>2026-09-17T07:20:14Z</time>
      </trkpt>
      <trkpt lat="46.142831007018685" lon="11.704609030857682">
        <ele>1243.824689</ele>
        <time>2026-09-17T07:20:16Z</time>
      </trkpt>
      <trkpt lat="46.14243202842772" lon="11.704702991992235">
        <ele>1243.610995</ele>
        <time>2026-09-17T07:20:20Z</time>
      </trkpt>
      <trkpt lat="46.1423259973526" lon="11.704644989222288">
        <ele>1243.894462</ele>
        <time>2026-09-17T07:20:21Z</time>
      </trkpt>
      <trkpt lat="46.142075965180993" lon="11.704209968447685">
        <ele>1244.8736469999999</ele>
        <time>2026-09-17T07:20:26Z</time>
      </trkpt>
      <trkpt lat="46.141879996284842" lon="11.703944010660052">
        <ele>1245.5464019999999</ele>
        <time>2026-09-17T07:20:32Z</time>
      </trkpt>
      <trkpt lat="46.141710011288524" lon="11.703626001253724">
        <ele>1246.242289</ele>
        <time>2026-09-17T07:20:45Z</time>
      </trkpt>
      <trkpt lat="46.141700958833098" lon="11.703330036252737">
        <ele>1246.7556239999999</ele>
        <time>2026-09-17T07:20:57Z</time>
      </trkpt>
      <trkpt lat="46.14196197129786" lon="11.702810022979975">
        <ele>1249.439204</ele>
        <time>2026-09-17T07:21:33Z</time>
      </trkpt>
      <trkpt lat="46.14200203679502" lon="11.702498970553279">
        <ele>1252.5171330000001</ele>
        <time>2026-09-17T07:21:54Z</time>
      </trkpt>
      <trkpt lat="46.142015028744936" lon="11.701878039166331">
        <ele>1258.562619</ele>
        <time>2026-09-17T07:22:37Z</time>
      </trkpt>
      <trkpt lat="46.1420669965446" lon="11.701724985614419">
        <ele>1260.220871</ele>
        <time>2026-09-17T07:22:47Z</time>
      </trkpt>
      <trkpt lat="46.14249799400568" lon="11.701471013948321">
        <ele>1266.7589519999999</ele>
        <time>2026-09-17T07:23:24Z</time>
      </trkpt>
      <trkpt lat="46.142623974010348" lon="11.701356014236808">
        <ele>1268.852617</ele>
        <time>2026-09-17T07:23:35Z</time>
      </trkpt>
      <trkpt lat="46.142738973721862" lon="11.701033981516957">
        <ele>1272.3775989999999</ele>
        <time>2026-09-17T07:23:52Z</time>
      </trkpt>
      <trkpt lat="46.142765963450074" lon="11.700829965993762">
        <ele>1274.2820369999999</ele>
        <time>2026-09-17T07:24:01Z</time>
      </trkpt>
      <trkpt lat="46.142762023955584" lon="11.700556967407465">
        <ele>1276.7469249999999</ele>
        <time>2026-09-17T07:24:14Z</time>
      </trkpt>
      <trkpt lat="46.142696980386972" lon="11.700340965762734">
        <ele>1278.8726919999999</ele>
        <time>2026-09-17T07:24:25Z</time>
      </trkpt>
      <trkpt lat="46.142658004537225" lon="11.700051035732031">
        <ele>1281.5393449999999</ele>
        <time>2026-09-17T07:24:40Z</time>
      </trkpt>
      <trkpt lat="46.142677031457424" lon="11.699916003271937">
        <ele>1282.782862</ele>
        <time>2026-09-17T07:24:48Z</time>
      </trkpt>
      <trkpt lat="46.142947012558579" lon="11.699524987488985">
        <ele>1287.7659639999999</ele>
        <time>2026-09-17T07:25:19Z</time>
      </trkpt>
      <trkpt lat="46.143052037805319" lon="11.699319966137409">
        <ele>1290.0672059999999</ele>
        <time>2026-09-17T07:25:34Z</time>
      </trkpt>
      <trkpt lat="46.143130995333195" lon="11.69904001057148">
        <ele>1292.796243</ele>
        <time>2026-09-17T07:25:52Z</time>
      </trkpt>
      <trkpt lat="46.143336016684771" lon="11.698614964261651">
        <ele>1296.7286329999999</ele>
        <time>2026-09-17T07:26:23Z</time>
      </trkpt>
      <trkpt lat="46.143640028312802" lon="11.69813996180892">
        <ele>1299.099269</ele>
        <time>2026-09-17T07:26:53Z</time>
      </trkpt>
      <trkpt lat="46.143669029697776" lon="11.698014987632632">
        <ele>1299.5825380000001</ele>
        <time>2026-09-17T07:26:58Z</time>
      </trkpt>
      <trkpt lat="46.143661988899112" lon="11.697949022054672">
        <ele>1299.827319</ele>
        <time>2026-09-17T07:27:00Z</time>
      </trkpt>
      <trkpt lat="46.143611026927829" lon="11.697839973494411">
        <ele>1300.3095069999999</ele>
        <time>2026-09-17T07:27:04Z</time>
      </trkpt>
      <trkpt lat="46.143446993082762" lon="11.697674011811614">
        <ele>1301.369408</ele>
        <time>2026-09-17T07:27:11Z</time>
      </trkpt>
      <trkpt lat="46.143260998651385" lon="11.697573009878397">
        <ele>1302.42094</ele>
        <time>2026-09-17T07:27:16Z</time>
      </trkpt>
      <trkpt lat="46.143101993948221" lon="11.697575021535158">
        <ele>1303.2622879999999</ele>
        <time>2026-09-17T07:27:19Z</time>
      </trkpt>
      <trkpt lat="46.142904013395309" lon="11.69762397184968">
        <ele>1304.325255</ele>
        <time>2026-09-17T07:27:22Z</time>
      </trkpt>
      <trkpt lat="46.142810974270105" lon="11.697568986564875">
        <ele>1304.8570540000001</ele>
        <time>2026-09-17T07:27:23Z</time>
      </trkpt>
      <trkpt lat="46.142723970115185" lon="11.69738600961864">
        <ele>1305.6707060000001</ele>
        <time>2026-09-17T07:27:25Z</time>
      </trkpt>
      <trkpt lat="46.142670996487141" lon="11.697036987170577">
        <ele>1306.3214399999999</ele>
        <time>2026-09-17T07:27:29Z</time>
      </trkpt>
      <trkpt lat="46.142420964315534" lon="11.696681007742882">
        <ele>1307.193794</ele>
        <time>2026-09-17T07:27:35Z</time>
      </trkpt>
      <trkpt lat="46.142296995967627" lon="11.6965919919312">
        <ele>1307.5377840000001</ele>
        <time>2026-09-17T07:27:39Z</time>
      </trkpt>
      <trkpt lat="46.1420669965446" lon="11.696611018851399">
        <ele>1308.110021</ele>
        <time>2026-09-17T07:27:47Z</time>
      </trkpt>
      <trkpt lat="46.141988039016724" lon="11.696547986939549">
        <ele>1308.3342130000001</ele>
        <time>2026-09-17T07:27:50Z</time>
      </trkpt>
      <trkpt lat="46.14195903763175" lon="11.696442039683461">
        <ele>1308.5303510000001</ele>
        <time>2026-09-17T07:27:53Z</time>
      </trkpt>
      <trkpt lat="46.141965994611382" lon="11.696317987516522">
        <ele>1308.744467</ele>
        <time>2026-09-17T07:27:55Z</time>
      </trkpt>
      <trkpt lat="46.142148971557617" lon="11.695910962298512">
        <ele>1309.579495</ele>
        <time>2026-09-17T07:28:07Z</time>
      </trkpt>
      <trkpt lat="46.142145032063127" lon="11.695801997557282">
        <ele>1309.7673520000001</ele>
        <time>2026-09-17T07:28:10Z</time>
      </trkpt>
      <trkpt lat="46.142103038728237" lon="11.695699989795685">
        <ele>1309.9715570000001</ele>
        <time>2026-09-17T07:28:13Z</time>
      </trkpt>
      <trkpt lat="46.142027014866471" lon="11.695649027824402">
        <ele>1310.1797429999999</ele>
        <time>2026-09-17T07:28:16Z</time>
      </trkpt>
      <trkpt lat="46.141849989071488" lon="11.695600999519229">
        <ele>1311.7964480000001</ele>
        <time>2026-09-17T07:28:23Z</time>
      </trkpt>
      <trkpt lat="46.141801038756967" lon="11.695532016456127">
        <ele>1312.4386480000001</ele>
        <time>2026-09-17T07:28:26Z</time>
      </trkpt>
      <trkpt lat="46.141653014346957" lon="11.695032035931945">
        <ele>1315.972649</ele>
        <time>2026-09-17T07:28:42Z</time>
      </trkpt>
      <trkpt lat="46.141479006037116" lon="11.69455099850893">
        <ele>1319.499476</ele>
        <time>2026-09-17T07:29:03Z</time>
      </trkpt>
      <trkpt lat="46.141454027965665" lon="11.69427196495235">
        <ele>1321.3280110000001</ele>
        <time>2026-09-17T07:29:14Z</time>
      </trkpt>
      <trkpt lat="46.14153097383678" lon="11.693959990516305">
        <ele>1323.4807370000001</ele>
        <time>2026-09-17T07:29:29Z</time>
      </trkpt>
      <trkpt lat="46.141572967171669" lon="11.693635024130344">
        <ele>1325.629584</ele>
        <time>2026-09-17T07:29:45Z</time>
      </trkpt>
      <trkpt lat="46.141547989100218" lon="11.693495968356729">
        <ele>1326.562991</ele>
        <time>2026-09-17T07:29:54Z</time>
      </trkpt>
      <trkpt lat="46.141303991898894" lon="11.693071005865932">
        <ele>1332.246179</ele>
        <time>2026-09-17T07:30:30Z</time>
      </trkpt>
      <trkpt lat="46.1412070132792" lon="11.69278996065259">
        <ele>1335.678874</ele>
        <time>2026-09-17T07:30:53Z</time>
      </trkpt>
      <trkpt lat="46.141131995245814" lon="11.692492989823222">
        <ele>1339.1352810000001</ele>
        <time>2026-09-17T07:31:19Z</time>
      </trkpt>
      <trkpt lat="46.141020013019443" lon="11.691852025687695">
        <ele>1346.363523</ele>
        <time>2026-09-17T07:32:08Z</time>
      </trkpt>
      <trkpt lat="46.14097198471427" lon="11.691278032958508">
        <ele>1352.685311</ele>
        <time>2026-09-17T07:32:39Z</time>
      </trkpt>
      <trkpt lat="46.14092999137938" lon="11.691106958314776">
        <ele>1354.6690619999999</ele>
        <time>2026-09-17T07:32:48Z</time>
      </trkpt>
      <trkpt lat="46.140865031629801" lon="11.691035963594913">
        <ele>1355.6565109999999</ele>
        <time>2026-09-17T07:32:53Z</time>
      </trkpt>
      <trkpt lat="46.140740979462862" lon="11.691021965816617">
        <ele>1356.4290490000001</ele>
        <time>2026-09-17T07:33:01Z</time>
      </trkpt>
      <trkpt lat="46.140505028888583" lon="11.691179964691401">
        <ele>1358.044922</ele>
        <time>2026-09-17T07:33:14Z</time>
      </trkpt>
      <trkpt lat="46.140406960621476" lon="11.691190022975206">
        <ele>1358.6551360000001</ele>
        <time>2026-09-17T07:33:18Z</time>
      </trkpt>
      <trkpt lat="46.14028399810195" lon="11.691164961084723">
        <ele>1359.426649</ele>
        <time>2026-09-17T07:33:23Z</time>
      </trkpt>
      <trkpt lat="46.139078009873629" lon="11.691122967749834">
        <ele>1367.251019</ele>
        <time>2026-09-17T07:34:00Z</time>
      </trkpt>
      <trkpt lat="46.138417012989521" lon="11.69068300165236">
        <ele>1377.025026</ele>
        <time>2026-09-17T07:34:50Z</time>
      </trkpt>
      <trkpt lat="46.138259014114738" lon="11.690352000296116">
        <ele>1380.7646549999999</ele>
        <time>2026-09-17T07:35:15Z</time>
      </trkpt>
      <trkpt lat="46.138212997466326" lon="11.690099034458399">
        <ele>1383.198253</ele>
        <time>2026-09-17T07:35:33Z</time>
      </trkpt>
      <trkpt lat="46.138152983039618" lon="11.689979005604982">
        <ele>1384.5750519999999</ele>
        <time>2026-09-17T07:35:43Z</time>
      </trkpt>
      <trkpt lat="46.138020968064666" lon="11.689927037805319">
        <ele>1386.412292</ele>
        <time>2026-09-17T07:35:56Z</time>
      </trkpt>
      <trkpt lat="46.137673035264015" lon="11.690177991986275">
        <ele>1391.511514</ele>
        <time>2026-09-17T07:36:35Z</time>
      </trkpt>
      <trkpt lat="46.137542026117444" lon="11.690220991149545">
        <ele>1393.051463</ele>
        <time>2026-09-17T07:36:48Z</time>
      </trkpt>
      <trkpt lat="46.137389978393912" lon="11.690237000584602">
        <ele>1394.798403</ele>
        <time>2026-09-17T07:37:02Z</time>
      </trkpt>
      <trkpt lat="46.137123014777899" lon="11.690129041671753">
        <ele>1397.976856</ele>
        <time>2026-09-17T07:37:26Z</time>
      </trkpt>
      <trkpt lat="46.137052020058036" lon="11.690143039450049">
        <ele>1398.7982609999999</ele>
        <time>2026-09-17T07:37:32Z</time>
      </trkpt>
      <trkpt lat="46.136988988146186" lon="11.690215039998293">
        <ele>1399.7194239999999</ele>
        <time>2026-09-17T07:37:38Z</time>
      </trkpt>
      <trkpt lat="46.136868959292769" lon="11.690505975857377">
        <ele>1402.4091169999999</ele>
        <time>2026-09-17T07:37:55Z</time>
      </trkpt>
      <trkpt lat="46.136606018990278" lon="11.691652033478022">
        <ele>1411.3746140000001</ele>
        <time>2026-09-17T07:38:42Z</time>
      </trkpt>
      <trkpt lat="46.136494958773255" lon="11.691931989043951">
        <ele>1411.25677</ele>
        <time>2026-09-17T07:38:48Z</time>
      </trkpt>
      <trkpt lat="46.136252973228693" lon="11.692098034545779">
        <ele>1411.115509</ele>
        <time>2026-09-17T07:38:52Z</time>
      </trkpt>
      <trkpt lat="46.136152977123857" lon="11.692245975136757">
        <ele>1411.039994</ele>
        <time>2026-09-17T07:38:54Z</time>
      </trkpt>
      <trkpt lat="46.135851982980967" lon="11.693266974762082">
        <ele>1410.6346510000001</ele>
        <time>2026-09-17T07:39:04Z</time>
      </trkpt>
      <trkpt lat="46.135767996311188" lon="11.693438971415162">
        <ele>1410.5577780000001</ele>
        <time>2026-09-17T07:39:05Z</time>
      </trkpt>
      <trkpt lat="46.135645033791661" lon="11.693600993603468">
        <ele>1410.4699869999999</ele>
        <time>2026-09-17T07:39:08Z</time>
      </trkpt>
      <trkpt lat="46.135335993021727" lon="11.693643992766738">
        <ele>1411.682726</ele>
        <time>2026-09-17T07:39:12Z</time>
      </trkpt>
      <trkpt lat="46.134962998330593" lon="11.693489011377096">
        <ele>1413.3882060000001</ele>
        <time>2026-09-17T07:39:21Z</time>
      </trkpt>
      <trkpt lat="46.13386002369225" lon="11.692821979522705">
        <ele>1418.669474</ele>
        <time>2026-09-17T07:40:21Z</time>
      </trkpt>
      <trkpt lat="46.133720967918634" lon="11.692801024764776">
        <ele>1419.3406210000001</ele>
        <time>2026-09-17T07:40:30Z</time>
      </trkpt>
      <trkpt lat="46.133162984624505" lon="11.692597009241581">
        <ele>1422.1048800000001</ele>
        <time>2026-09-17T07:41:01Z</time>
      </trkpt>
      <trkpt lat="46.132803987711668" lon="11.692601032555103">
        <ele>1423.828904</ele>
        <time>2026-09-17T07:41:16Z</time>
      </trkpt>
      <trkpt lat="46.132281962782145" lon="11.69238100759685">
        <ele>1426.4403540000001</ele>
        <time>2026-09-17T07:41:27Z</time>
      </trkpt>
      <trkpt lat="46.131839985027909" lon="11.692284028977156">
        <ele>1428.7761109999999</ele>
        <time>2026-09-17T07:41:35Z</time>
      </trkpt>
      <trkpt lat="46.131749041378498" lon="11.692301966249943">
        <ele>1429.26946</ele>
        <time>2026-09-17T07:41:37Z</time>
      </trkpt>
      <trkpt lat="46.131564974784851" lon="11.692468011751771">
        <ele>1430.435019</ele>
        <time>2026-09-17T07:41:42Z</time>
      </trkpt>
      <trkpt lat="46.13147797062993" lon="11.692454013973475">
        <ele>1430.905209</ele>
        <time>2026-09-17T07:41:44Z</time>
      </trkpt>
      <trkpt lat="46.131395995616913" lon="11.692343037575483">
        <ele>1431.5091090000001</ele>
        <time>2026-09-17T07:41:48Z</time>
      </trkpt>
      <trkpt lat="46.131361965090036" lon="11.692232983186841">
        <ele>1431.957439</ele>
        <time>2026-09-17T07:41:50Z</time>
      </trkpt>
      <trkpt lat="46.131214024499059" lon="11.691428991034627">
        <ele>1435.0539269999999</ele>
        <time>2026-09-17T07:42:14Z</time>
      </trkpt>
      <trkpt lat="46.130962986499071" lon="11.689284984022379">
        <ele>1454.9643679999999</ele>
        <time>2026-09-17T07:44:23Z</time>
      </trkpt>
      <trkpt lat="46.130903977900743" lon="11.689065964892507">
        <ele>1457.430781</ele>
        <time>2026-09-17T07:44:38Z</time>
      </trkpt>
      <trkpt lat="46.130713038146496" lon="11.688805958256125">
        <ele>1461.4079830000001</ele>
        <time>2026-09-17T07:45:04Z</time>
      </trkpt>
      <trkpt lat="46.130469962954521" lon="11.68831704184413">
        <ele>1467.1261</ele>
        <time>2026-09-17T07:45:43Z</time>
      </trkpt>
      <trkpt lat="46.130395028740168" lon="11.688224002718925">
        <ele>1468.38976</ele>
        <time>2026-09-17T07:45:52Z</time>
      </trkpt>
      <trkpt lat="46.130302995443344" lon="11.688173040747643">
        <ele>1469.6491679999999</ele>
        <time>2026-09-17T07:46:01Z</time>
      </trkpt>
      <trkpt lat="46.130205010995269" lon="11.688170023262501">
        <ele>1470.901758</ele>
        <time>2026-09-17T07:46:10Z</time>
      </trkpt>
      <trkpt lat="46.130111971870065" lon="11.688216039910913">
        <ele>1472.158054</ele>
        <time>2026-09-17T07:46:19Z</time>
      </trkpt>
      <trkpt lat="46.129977023229003" lon="11.688411002978683">
        <ele>1474.5990019999999</ele>
        <time>2026-09-17T07:46:35Z</time>
      </trkpt>
      <trkpt lat="46.129911979660392" lon="11.688592974096537">
        <ele>1476.4122170000001</ele>
        <time>2026-09-17T07:46:47Z</time>
      </trkpt>
      <trkpt lat="46.129738977178931" lon="11.689405012875795">
        <ele>1483.935391</ele>
        <time>2026-09-17T07:47:28Z</time>
      </trkpt>
      <trkpt lat="46.129645016044378" lon="11.689586983993649">
        <ele>1485.945545</ele>
        <time>2026-09-17T07:47:37Z</time>
      </trkpt>
      <trkpt lat="46.129467990249395" lon="11.689815977588296">
        <ele>1487.089966</ele>
        <time>2026-09-17T07:47:48Z</time>
      </trkpt>
      <trkpt lat="46.129313008859754" lon="11.690126024186611">
        <ele>1487.423982</ele>
        <time>2026-09-17T07:47:56Z</time>
      </trkpt>
      <trkpt lat="46.129216030240059" lon="11.690579988062382">
        <ele>1487.8391099999999</ele>
        <time>2026-09-17T07:48:03Z</time>
      </trkpt>
      <trkpt lat="46.129002962261438" lon="11.692412020638585">
        <ele>1488.9366050000001</ele>
        <time>2026-09-17T07:48:22Z</time>
      </trkpt>
      <trkpt lat="46.128981001675129" lon="11.69255199842155">
        <ele>1488.8505660000001</ele>
        <time>2026-09-17T07:48:23Z</time>
      </trkpt>
      <trkpt lat="46.128930961713195" lon="11.692676972597837">
        <ele>1488.764064</ele>
        <time>2026-09-17T07:48:25Z</time>
      </trkpt>
      <trkpt lat="46.12870397977531" lon="11.693058013916016">
        <ele>1488.4629259999999</ele>
        <time>2026-09-17T07:48:31Z</time>
      </trkpt>
      <trkpt lat="46.128545980900526" lon="11.693473001942039">
        <ele>1488.1791330000001</ele>
        <time>2026-09-17T07:48:36Z</time>
      </trkpt>
      <trkpt lat="46.128414971753955" lon="11.693609040230513">
        <ele>1488.039565</ele>
        <time>2026-09-17T07:48:38Z</time>
      </trkpt>
      <trkpt lat="46.128110038116574" lon="11.693811966106296">
        <ele>1487.7490869999999</ele>
        <time>2026-09-17T07:48:42Z</time>
      </trkpt>
      <trkpt lat="46.128000989556313" lon="11.69397097080946">
        <ele>1487.6150439999999</ele>
        <time>2026-09-17T07:48:44Z</time>
      </trkpt>
      <trkpt lat="46.127932006493211" lon="11.694138022139668">
        <ele>1488.533287</ele>
        <time>2026-09-17T07:48:47Z</time>
      </trkpt>
      <trkpt lat="46.127894036471844" lon="11.694376990199089">
        <ele>1489.962818</ele>
        <time>2026-09-17T07:48:51Z</time>
      </trkpt>
      <trkpt lat="46.127987997606397" lon="11.694943020120263">
        <ele>1493.3559319999999</ele>
        <time>2026-09-17T07:49:07Z</time>
      </trkpt>
      <trkpt lat="46.127956984564662" lon="11.695071011781693">
        <ele>1494.146403</ele>
        <time>2026-09-17T07:49:11Z</time>
      </trkpt>
      <trkpt lat="46.127869980409741" lon="11.695234039798379">
        <ele>1495.345814</ele>
        <time>2026-09-17T07:49:19Z</time>
      </trkpt>
      <trkpt lat="46.127776019275188" lon="11.695372005924582">
        <ele>1496.4738589999999</ele>
        <time>2026-09-17T07:49:27Z</time>
      </trkpt>
      <trkpt lat="46.127703012898564" lon="11.695429002866149">
        <ele>1497.172073</ele>
        <time>2026-09-17T07:49:32Z</time>
      </trkpt>
      <trkpt lat="46.127591030672193" lon="11.695451969280839">
        <ele>1498.123697</ele>
        <time>2026-09-17T07:49:39Z</time>
      </trkpt>
      <trkpt lat="46.127368994057178" lon="11.695406958460808">
        <ele>1500.00947</ele>
        <time>2026-09-17T07:49:55Z</time>
      </trkpt>
      <trkpt lat="46.127198003232479" lon="11.695465967059135">
        <ele>1501.488454</ele>
        <time>2026-09-17T07:50:10Z</time>
      </trkpt>
      <trkpt lat="46.126972027122974" lon="11.695822030305862">
        <ele>1504.7820139999999</ele>
        <time>2026-09-17T07:50:46Z</time>
      </trkpt>
      <trkpt lat="46.126617975533009" lon="11.696254033595324">
        <ele>1509.865918</ele>
        <time>2026-09-17T07:51:35Z</time>
      </trkpt>
      <trkpt lat="46.126466011628509" lon="11.696444973349571">
        <ele>1512.076106</ele>
        <time>2026-09-17T07:51:50Z</time>
      </trkpt>
      <trkpt lat="46.126329973340034" lon="11.696543041616678">
        <ele>1513.7430179999999</ele>
        <time>2026-09-17T07:52:01Z</time>
      </trkpt>
      <trkpt lat="46.126058986410499" lon="11.696672961115837">
        <ele>1516.87454</ele>
        <time>2026-09-17T07:52:18Z</time>
      </trkpt>
      <trkpt lat="46.12591003999114" lon="11.696897009387612">
        <ele>1519.234068</ele>
        <time>2026-09-17T07:52:28Z</time>
      </trkpt>
      <trkpt lat="46.125667970627546" lon="11.697974000126123">
        <ele>1520.1975789999999</ele>
        <time>2026-09-17T07:52:47Z</time>
      </trkpt>
      <trkpt lat="46.125456998124719" lon="11.69850398786366">
        <ele>1518.258853</ele>
        <time>2026-09-17T07:52:52Z</time>
      </trkpt>
      <trkpt lat="46.125344010069966" lon="11.699142018333077">
        <ele>1516.1701250000001</ele>
        <time>2026-09-17T07:52:57Z</time>
      </trkpt>
      <trkpt lat="46.125291958451271" lon="11.699624983593822">
        <ele>1514.6197050000001</ele>
        <time>2026-09-17T07:53:01Z</time>
      </trkpt>
      <trkpt lat="46.125199003145099" lon="11.700097974389791">
        <ele>1514.824445</ele>
        <time>2026-09-17T07:53:04Z</time>
      </trkpt>
      <trkpt lat="46.125127002596855" lon="11.700185984373093">
        <ele>1515.0518</ele>
        <time>2026-09-17T07:53:05Z</time>
      </trkpt>
      <trkpt lat="46.125033963471651" lon="11.700189001858234">
        <ele>1515.2759309999999</ele>
        <time>2026-09-17T07:53:06Z</time>
      </trkpt>
      <trkpt lat="46.124790972098708" lon="11.699979035183787">
        <ele>1515.9584110000001</ele>
        <time>2026-09-17T07:53:10Z</time>
      </trkpt>
      <trkpt lat="46.124730035662651" lon="11.699870992451906">
        <ele>1516.191067</ele>
        <time>2026-09-17T07:53:12Z</time>
      </trkpt>
      <trkpt lat="46.124694999307394" lon="11.699755992740393">
        <ele>1516.4008100000001</ele>
        <time>2026-09-17T07:53:15Z</time>
      </trkpt>
      <trkpt lat="46.124689970165491" lon="11.699605034664273">
        <ele>1516.65326</ele>
        <time>2026-09-17T07:53:18Z</time>
      </trkpt>
      <trkpt lat="46.12472802400589" lon="11.699245031923056">
        <ele>1517.2613719999999</ele>
        <time>2026-09-17T07:53:28Z</time>
      </trkpt>
      <trkpt lat="46.124714026227593" lon="11.698858961462975">
        <ele>1517.906853</ele>
        <time>2026-09-17T07:53:44Z</time>
      </trkpt>
      <trkpt lat="46.124655017629266" lon="11.698385970667005">
        <ele>1519.3747550000001</ele>
        <time>2026-09-17T07:54:09Z</time>
      </trkpt>
      <trkpt lat="46.124519985169172" lon="11.697857994586229">
        <ele>1524.2278309999999</ele>
        <time>2026-09-17T07:54:40Z</time>
      </trkpt>
      <trkpt lat="46.12436399795115" lon="11.697405958548188">
        <ele>1528.582126</ele>
        <time>2026-09-17T07:55:08Z</time>
      </trkpt>
      <trkpt lat="46.124144978821278" lon="11.696933973580599">
        <ele>1533.4802259999999</ele>
        <time>2026-09-17T07:55:38Z</time>
      </trkpt>
      <trkpt lat="46.123983040452003" lon="11.696380013599992">
        <ele>1538.665405</ele>
        <time>2026-09-17T07:56:07Z</time>
      </trkpt>
      <trkpt lat="46.123755974695086" lon="11.696037026122212">
        <ele>1542.3284570000001</ele>
        <time>2026-09-17T07:56:30Z</time>
      </trkpt>
      <trkpt lat="46.123579032719135" lon="11.695820018649101">
        <ele>1544.5434829999999</ele>
        <time>2026-09-17T07:56:46Z</time>
      </trkpt>
      <trkpt lat="46.123317014425993" lon="11.695103030651808">
        <ele>1549.9009329999999</ele>
        <time>2026-09-17T07:57:25Z</time>
      </trkpt>
      <trkpt lat="46.123066982254386" lon="11.694611012935638">
        <ele>1553.933219</ele>
        <time>2026-09-17T07:57:48Z</time>
      </trkpt>
      <trkpt lat="46.122851986438036" lon="11.694009024649858">
        <ele>1558.190325</ele>
        <time>2026-09-17T07:58:05Z</time>
      </trkpt>
      <trkpt lat="46.122804963961244" lon="11.693859994411469">
        <ele>1558.551254</ele>
        <time>2026-09-17T07:58:13Z</time>
      </trkpt>
      <trkpt lat="46.122792977839708" lon="11.693868041038513">
        <ele>1558.5933030000001</ele>
        <time>2026-09-17T07:58:13Z</time>
      </trkpt>
      <trkpt lat="46.12276079133153" lon="11.693647261708975">
        <ele>1558.6594250000001</ele>
        <time>2026-09-17T07:58:13Z</time>
      </trkpt>
      <trkpt lat="46.122670937329531" lon="11.693563777953386">
        <ele>1558.7283190000001</ele>
        <time>2026-09-17T07:58:14Z</time>
      </trkpt>
      <trkpt lat="46.122527271509171" lon="11.693492196500301">
        <ele>1558.798299</ele>
        <time>2026-09-17T07:58:14Z</time>
      </trkpt>
      <trkpt lat="46.122051095589995" lon="11.692502629011869">
        <ele>1566.4769699999999</ele>
        <time>2026-09-17T07:58:55Z</time>
      </trkpt>
      <trkpt lat="46.121907429769635" lon="11.692395340651274">
        <ele>1567.220219</ele>
        <time>2026-09-17T07:58:57Z</time>
      </trkpt>
      <trkpt lat="46.121562011539936" lon="11.692474968731403">
        <ele>1568.5017539999999</ele>
        <time>2026-09-17T07:59:00Z</time>
      </trkpt>
      <trkpt lat="46.121469978243113" lon="11.692492989823222">
        <ele>1569.2910589999999</ele>
        <time>2026-09-17T07:59:02Z</time>
      </trkpt>
      <trkpt lat="46.121397977694869" lon="11.692483015358448">
        <ele>1569.9060030000001</ele>
        <time>2026-09-17T07:59:03Z</time>
      </trkpt>
      <trkpt lat="46.121294964104891" lon="11.692386958748102">
        <ele>1570.9485030000001</ele>
        <time>2026-09-17T07:59:06Z</time>
      </trkpt>
      <trkpt lat="46.121236961334944" lon="11.692200964316726">
        <ele>1572.1503620000001</ele>
        <time>2026-09-17T07:59:10Z</time>
      </trkpt>
      <trkpt lat="46.121096983551979" lon="11.691098995506763">
        <ele>1578.75235</ele>
        <time>2026-09-17T08:00:15Z</time>
      </trkpt>
      <trkpt lat="46.121028000488877" lon="11.690727006644011">
        <ele>1582.0561310000001</ele>
        <time>2026-09-17T08:00:42Z</time>
      </trkpt>
      <trkpt lat="46.120910989120603" lon="11.690327022224665">
        <ele>1585.987147</ele>
        <time>2026-09-17T08:01:11Z</time>
      </trkpt>
      <trkpt lat="46.120833037421107" lon="11.690194001421332">
        <ele>1587.5645930000001</ele>
        <time>2026-09-17T08:01:22Z</time>
      </trkpt>
      <trkpt lat="46.120751984417439" lon="11.690108003094792">
        <ele>1588.878326</ele>
        <time>2026-09-17T08:01:30Z</time>
      </trkpt>
      <trkpt lat="46.120205987244844" lon="11.689755963161588">
        <ele>1596.6903629999999</ele>
        <time>2026-09-17T08:02:15Z</time>
      </trkpt>
      <trkpt lat="46.119814971461892" lon="11.689837016165257">
        <ele>1601.850326</ele>
        <time>2026-09-17T08:02:39Z</time>
      </trkpt>
      <trkpt lat="46.119675999507308" lon="11.689811032265425">
        <ele>1602.9516839999999</ele>
        <time>2026-09-17T08:02:46Z</time>
      </trkpt>
      <trkpt lat="46.119317002594471" lon="11.689448012039065">
        <ele>1604.8541170000001</ele>
        <time>2026-09-17T08:03:10Z</time>
      </trkpt>
      <trkpt lat="46.11925003118813" lon="11.689338041469455">
        <ele>1605.294588</ele>
        <time>2026-09-17T08:03:15Z</time>
      </trkpt>
      <trkpt lat="46.119138970971107" lon="11.689059007912874">
        <ele>1606.2622280000001</ele>
        <time>2026-09-17T08:03:24Z</time>
      </trkpt>
      <trkpt lat="46.119066970422864" lon="11.688950965180993">
        <ele>1606.712959</ele>
        <time>2026-09-17T08:03:28Z</time>
      </trkpt>
      <trkpt lat="46.118911989033222" lon="11.688810987398028">
        <ele>1607.5065380000001</ele>
        <time>2026-09-17T08:03:33Z</time>
      </trkpt>
      <trkpt lat="46.11869397573173" lon="11.688692970201373">
        <ele>1608.51695</ele>
        <time>2026-09-17T08:03:40Z</time>
      </trkpt>
      <trkpt lat="46.118614012375474" lon="11.688536982983351">
        <ele>1609.1006600000001</ele>
        <time>2026-09-17T08:03:43Z</time>
      </trkpt>
      <trkpt lat="46.118594985455275" lon="11.688430029898882">
        <ele>1609.4329110000001</ele>
        <time>2026-09-17T08:03:45Z</time>
      </trkpt>
      <trkpt lat="46.118596997112036" lon="11.688357023522258">
        <ele>1609.6526679999999</ele>
        <time>2026-09-17T08:03:46Z</time>
      </trkpt>
      <trkpt lat="46.118724988773465" lon="11.687888978049159">
        <ele>1609.9572920000001</ele>
        <time>2026-09-17T08:03:52Z</time>
      </trkpt>
      <trkpt lat="46.118788020685315" lon="11.687613967806101">
        <ele>1609.4644820000001</ele>
        <time>2026-09-17T08:03:54Z</time>
      </trkpt>
      <trkpt lat="46.11884200014174" lon="11.68718297034502">
        <ele>1608.719245</ele>
        <time>2026-09-17T08:03:58Z</time>
      </trkpt>
      <trkpt lat="46.118826996535063" lon="11.687068976461887">
        <ele>1608.5218090000001</ele>
        <time>2026-09-17T08:03:59Z</time>
      </trkpt>
      <trkpt lat="46.118652988225222" lon="11.686491966247559">
        <ele>1607.4511480000001</ele>
        <time>2026-09-17T08:04:04Z</time>
      </trkpt>
      <trkpt lat="46.118443021550775" lon="11.684868978336453">
        <ele>1605.3051599999999</ele>
        <time>2026-09-17T08:04:20Z</time>
      </trkpt>
      <trkpt lat="46.118100034072995" lon="11.683614039793611">
        <ele>1604.148508</ele>
        <time>2026-09-17T08:04:35Z</time>
      </trkpt>
      <trkpt lat="46.118053011596203" lon="11.683287983760238">
        <ele>1603.863014</ele>
        <time>2026-09-17T08:04:38Z</time>
      </trkpt>
      <trkpt lat="46.118077989667654" lon="11.682957988232374">
        <ele>1603.452264</ele>
        <time>2026-09-17T08:04:41Z</time>
      </trkpt>
      <trkpt lat="46.118437992408872" lon="11.68167999945581">
        <ele>1601.4204789999999</ele>
        <time>2026-09-17T08:04:54Z</time>
      </trkpt>
      <trkpt lat="46.118569001555443" lon="11.680991007015109">
        <ele>1600.3682120000001</ele>
        <time>2026-09-17T08:05:00Z</time>
      </trkpt>
      <trkpt lat="46.118600014597178" lon="11.680672997608781">
        <ele>1599.902272</ele>
        <time>2026-09-17T08:05:03Z</time>
      </trkpt>
      <trkpt lat="46.118590962141752" lon="11.680321041494608">
        <ele>1599.481769</ele>
        <time>2026-09-17T08:05:07Z</time>
      </trkpt>
      <trkpt lat="46.118473028764129" lon="11.679482012987137">
        <ele>1598.459762</ele>
        <time>2026-09-17T08:05:17Z</time>
      </trkpt>
      <trkpt lat="46.11834897659719" lon="11.67847802862525">
        <ele>1597.242307</ele>
        <time>2026-09-17T08:05:26Z</time>
      </trkpt>
      <trkpt lat="46.118292985484004" lon="11.678170999512076">
        <ele>1596.8633319999999</ele>
        <time>2026-09-17T08:05:29Z</time>
      </trkpt>
      <trkpt lat="46.118203969672322" lon="11.677946029230952">
        <ele>1597.048632</ele>
        <time>2026-09-17T08:05:31Z</time>
      </trkpt>
      <trkpt lat="46.117651015520096" lon="11.677109012380242">
        <ele>1598.1012310000001</ele>
        <time>2026-09-17T08:05:47Z</time>
      </trkpt>
      <trkpt lat="46.117644980549812" lon="11.677045980468392">
        <ele>1598.1591209999999</ele>
        <time>2026-09-17T08:05:48Z</time>
      </trkpt>
      <trkpt lat="46.117675993591547" lon="11.676928969100118">
        <ele>1598.273144</ele>
        <time>2026-09-17T08:05:51Z</time>
      </trkpt>
      <trkpt lat="46.118110008537769" lon="11.675978964194655">
        <ele>1599.3154919999999</ele>
        <time>2026-09-17T08:06:14Z</time>
      </trkpt>
      <trkpt lat="46.11813398078084" lon="11.67579397559166">
        <ele>1599.496936</ele>
        <time>2026-09-17T08:06:20Z</time>
      </trkpt>
      <trkpt lat="46.118113026022911" lon="11.675565987825394">
        <ele>1599.718668</ele>
        <time>2026-09-17T08:06:27Z</time>
      </trkpt>
      <trkpt lat="46.118027027696371" lon="11.675367001444101">
        <ele>1599.944743</ele>
        <time>2026-09-17T08:06:35Z</time>
      </trkpt>
      <trkpt lat="46.117894006893039" lon="11.675219982862473">
        <ele>1600.17776</ele>
        <time>2026-09-17T08:06:43Z</time>
      </trkpt>
      <trkpt lat="46.117465021088719" lon="11.674879007041454">
        <ele>1600.8589689999999</ele>
        <time>2026-09-17T08:06:58Z</time>
      </trkpt>
      <trkpt lat="46.117324037477374" lon="11.674716984853148">
        <ele>1601.109659</ele>
        <time>2026-09-17T08:07:00Z</time>
      </trkpt>
      <trkpt lat="46.117271985858679" lon="11.674608020111918">
        <ele>1601.237222</ele>
        <time>2026-09-17T08:07:02Z</time>
      </trkpt>
      <trkpt lat="46.117120021954179" lon="11.674050036817789">
        <ele>1601.259855</ele>
        <time>2026-09-17T08:07:07Z</time>
      </trkpt>
      <trkpt lat="46.117009967565536" lon="11.673800004646182">
        <ele>1600.189995</ele>
        <time>2026-09-17T08:07:09Z</time>
      </trkpt>
      <trkpt lat="46.116806035861373" lon="11.673471014946699">
        <ele>1598.595133</ele>
        <time>2026-09-17T08:07:12Z</time>
      </trkpt>
      <trkpt lat="46.116490960121155" lon="11.673144958913326">
        <ele>1596.5744850000001</ele>
        <time>2026-09-17T08:07:17Z</time>
      </trkpt>
      <trkpt lat="46.116360034793615" lon="11.672952007502317">
        <ele>1595.5985350000001</ele>
        <time>2026-09-17T08:07:19Z</time>
      </trkpt>
      <trkpt lat="46.116294991225004" lon="11.672783028334379">
        <ele>1594.9002310000001</ele>
        <time>2026-09-17T08:07:20Z</time>
      </trkpt>
      <trkpt lat="46.11626397818327" lon="11.672595022246242">
        <ele>1594.202016</ele>
        <time>2026-09-17T08:07:22Z</time>
      </trkpt>
      <trkpt lat="46.116265989840031" lon="11.672401987016201">
        <ele>1593.5046110000001</ele>
        <time>2026-09-17T08:07:23Z</time>
      </trkpt>
      <trkpt lat="46.116362968459725" lon="11.671299012377858">
        <ele>1593.962407</ele>
        <time>2026-09-17T08:07:34Z</time>
      </trkpt>
      <trkpt lat="46.116495989263058" lon="11.670353030785918">
        <ele>1595.9781459999999</ele>
        <time>2026-09-17T08:08:00Z</time>
      </trkpt>
      <trkpt lat="46.116671003401279" lon="11.669857995584607">
        <ele>1597.13852</ele>
        <time>2026-09-17T08:08:20Z</time>
      </trkpt>
      <trkpt lat="46.116954982280731" lon="11.669611986726522">
        <ele>1597.9600109999999</ele>
        <time>2026-09-17T08:08:38Z</time>
      </trkpt>
      <trkpt lat="46.117193028330803" lon="11.669622967019677">
        <ele>1598.3566189999999</ele>
        <time>2026-09-17T08:08:49Z</time>
      </trkpt>
      <trkpt lat="46.117385979741812" lon="11.669687004759908">
        <ele>1598.686457</ele>
        <time>2026-09-17T08:08:55Z</time>
      </trkpt>
      <trkpt lat="46.117641041055322" lon="11.669850032776594">
        <ele>1599.151001</ele>
        <time>2026-09-17T08:09:01Z</time>
      </trkpt>
      <trkpt lat="46.117762997746468" lon="11.669886996969581">
        <ele>1599.3586419999999</ele>
        <time>2026-09-17T08:09:04Z</time>
      </trkpt>
      <trkpt lat="46.117901969701052" lon="11.669905018061399">
        <ele>1599.591087</ele>
        <time>2026-09-17T08:09:08Z</time>
      </trkpt>
      <trkpt lat="46.118278400972486" lon="11.669789766892791">
        <ele>1600.1637009999999</ele>
        <time>2026-09-17T08:09:26Z</time>
      </trkpt>
      <trkpt lat="46.118287369608879" lon="11.669396320357919">
        <ele>1599.8832050000001</ele>
        <time>2026-09-17T08:09:27Z</time>
      </trkpt>
      <trkpt lat="46.118014035746455" lon="11.668788967654109">
        <ele>1599.3242299999999</ele>
        <time>2026-09-17T08:09:30Z</time>
      </trkpt>
      <trkpt lat="46.117965001612902" lon="11.66863901540637">
        <ele>1598.846853</ele>
        <time>2026-09-17T08:09:31Z</time>
      </trkpt>
      <trkpt lat="46.117908004671335" lon="11.668335003778338">
        <ele>1597.940231</ele>
        <time>2026-09-17T08:09:33Z</time>
      </trkpt>
      <trkpt lat="46.117882020771503" lon="11.66803602129221">
        <ele>1597.072707</ele>
        <time>2026-09-17T08:09:36Z</time>
      </trkpt>
      <trkpt lat="46.117817983031273" lon="11.667780037969351">
        <ele>1596.289254</ele>
        <time>2026-09-17T08:09:38Z</time>
      </trkpt>
      <trkpt lat="46.11763802357018" lon="11.66715600527823">
        <ele>1594.3435050000001</ele>
        <time>2026-09-17T08:09:44Z</time>
      </trkpt>
      <trkpt lat="46.117421016097069" lon="11.666485033929348">
        <ele>1593.3341250000001</ele>
        <time>2026-09-17T08:09:51Z</time>
      </trkpt>
      <trkpt lat="46.11735999584198" lon="11.666208012029529">
        <ele>1593.3868629999999</ele>
        <time>2026-09-17T08:09:53Z</time>
      </trkpt>
      <trkpt lat="46.117367036640644" lon="11.666108015924692">
        <ele>1593.4051010000001</ele>
        <time>2026-09-17T08:09:54Z</time>
      </trkpt>
      <trkpt lat="46.117507014423609" lon="11.665707025676966">
        <ele>1593.486572</ele>
        <time>2026-09-17T08:09:59Z</time>
      </trkpt>
      <trkpt lat="46.117501985281706" lon="11.665507033467293">
        <ele>1593.522886</ele>
        <time>2026-09-17T08:10:02Z</time>
      </trkpt>
      <trkpt lat="46.117438031360507" lon="11.665404019877315">
        <ele>1593.5479849999999</ele>
        <time>2026-09-17T08:10:04Z</time>
      </trkpt>
      <trkpt lat="46.117393020540476" lon="11.665375018492341">
        <ele>1593.5608870000001</ele>
        <time>2026-09-17T08:10:05Z</time>
      </trkpt>
      <trkpt lat="46.116985995322466" lon="11.66539597325027">
        <ele>1593.6674949999999</ele>
        <time>2026-09-17T08:10:17Z</time>
      </trkpt>
      <trkpt lat="46.116851968690753" lon="11.665338976308703">
        <ele>1593.7040649999999</ele>
        <time>2026-09-17T08:10:21Z</time>
      </trkpt>
      <trkpt lat="46.116736968979239" lon="11.665222970768809">
        <ele>1593.7735620000001</ele>
        <time>2026-09-17T08:10:25Z</time>
      </trkpt>
      <trkpt lat="46.116673015058041" lon="11.665119035169482">
        <ele>1594.1457539999999</ele>
        <time>2026-09-17T08:10:27Z</time>
      </trkpt>
      <trkpt lat="46.116563966497779" lon="11.664790967479348">
        <ele>1595.1192490000001</ele>
        <time>2026-09-17T08:10:34Z</time>
      </trkpt>
      <trkpt lat="46.116277975961566" lon="11.661251038312912">
        <ele>1602.8238710000001</ele>
        <time>2026-09-17T08:12:05Z</time>
      </trkpt>
      <trkpt lat="46.116582993417978" lon="11.66058199480176">
        <ele>1603.978241</ele>
        <time>2026-09-17T08:12:16Z</time>
      </trkpt>
      <trkpt lat="46.116815004497766" lon="11.659854026511312">
        <ele>1603.6810889999999</ele>
        <time>2026-09-17T08:12:23Z</time>
      </trkpt>
      <trkpt lat="46.116969985887408" lon="11.659524030983448">
        <ele>1603.080185</ele>
        <time>2026-09-17T08:12:26Z</time>
      </trkpt>
      <trkpt lat="46.117212977260351" lon="11.659055985510349">
        <ele>1602.1987300000001</ele>
        <time>2026-09-17T08:12:31Z</time>
      </trkpt>
      <trkpt lat="46.117295958101749" lon="11.658794973045588">
        <ele>1601.7658590000001</ele>
        <time>2026-09-17T08:12:34Z</time>
      </trkpt>
      <trkpt lat="46.117351027205586" lon="11.658418960869312">
        <ele>1601.1865780000001</ele>
        <time>2026-09-17T08:12:38Z</time>
      </trkpt>
      <trkpt lat="46.117383968085051" lon="11.658312007784843">
        <ele>1601.010037</ele>
        <time>2026-09-17T08:12:39Z</time>
      </trkpt>
      <trkpt lat="46.11746896058321" lon="11.658167000859976">
        <ele>1600.7237769999999</ele>
        <time>2026-09-17T08:12:41Z</time>
      </trkpt>
      <trkpt lat="46.117752017453313" lon="11.657784031704068">
        <ele>1600.9188469999999</ele>
        <time>2026-09-17T08:12:47Z</time>
      </trkpt>
      <trkpt lat="46.117818988859653" lon="11.657535005360842">
        <ele>1601.178032</ele>
        <time>2026-09-17T08:12:51Z</time>
      </trkpt>
      <trkpt lat="46.117852013558149" lon="11.65725102648139">
        <ele>1601.457459</ele>
        <time>2026-09-17T08:12:56Z</time>
      </trkpt>
      <trkpt lat="46.117924014106393" lon="11.657048016786575">
        <ele>1601.678731</ele>
        <time>2026-09-17T08:13:01Z</time>
      </trkpt>
      <trkpt lat="46.118048988282681" lon="11.656765965744853">
        <ele>1602.0035370000001</ele>
        <time>2026-09-17T08:13:10Z</time>
      </trkpt>
      <trkpt lat="46.118152001872659" lon="11.656620958819985">
        <ele>1602.2049979999999</ele>
        <time>2026-09-17T08:13:15Z</time>
      </trkpt>
      <trkpt lat="46.118245963007212" lon="11.656561028212309">
        <ele>1602.3488910000001</ele>
        <time>2026-09-17T08:13:18Z</time>
      </trkpt>
      <trkpt lat="46.118374960497022" lon="11.656561028212309">
        <ele>1602.529475</ele>
        <time>2026-09-17T08:13:22Z</time>
      </trkpt>
      <trkpt lat="46.11879900097847" lon="11.656680973246694">
        <ele>1602.7038010000001</ele>
        <time>2026-09-17T08:13:32Z</time>
      </trkpt>
      <trkpt lat="46.11908096820116" lon="11.656708968803287">
        <ele>1601.468969</ele>
        <time>2026-09-17T08:13:36Z</time>
      </trkpt>
      <trkpt lat="46.119194040074944" lon="11.656687008216977">
        <ele>1600.970853</ele>
        <time>2026-09-17T08:13:37Z</time>
      </trkpt>
      <trkpt lat="46.119328988716006" lon="11.656577037647367">
        <ele>1600.2935419999999</ele>
        <time>2026-09-17T08:13:39Z</time>
      </trkpt>
      <trkpt lat="46.119352960959077" lon="11.656501013785601">
        <ele>1600.040651</ele>
        <time>2026-09-17T08:13:40Z</time>
      </trkpt>
      <trkpt lat="46.119325971230865" lon="11.656385008245707">
        <ele>1599.6701210000001</ele>
        <time>2026-09-17T08:13:41Z</time>
      </trkpt>
      <trkpt lat="46.119082979857922" lon="11.656232960522175">
        <ele>1598.513087</ele>
        <time>2026-09-17T08:13:44Z</time>
      </trkpt>
      <trkpt lat="46.118761030957103" lon="11.656123995780945">
        <ele>1597.0682240000001</ele>
        <time>2026-09-17T08:13:48Z</time>
      </trkpt>
      <trkpt lat="46.118636978790164" lon="11.656037997454405">
        <ele>1596.4671840000001</ele>
        <time>2026-09-17T08:13:50Z</time>
      </trkpt>
      <trkpt lat="46.118465987965465" lon="11.655858960002661">
        <ele>1595.544238</ele>
        <time>2026-09-17T08:13:52Z</time>
      </trkpt>
      <trkpt lat="46.118365991860628" lon="11.655670031905174">
        <ele>1594.4239540000001</ele>
        <time>2026-09-17T08:13:54Z</time>
      </trkpt>
      <trkpt lat="46.118287034332752" lon="11.655455036088824">
        <ele>1592.8400349999999</ele>
        <time>2026-09-17T08:13:55Z</time>
      </trkpt>
      <trkpt lat="46.11824101768434" lon="11.655205003917217">
        <ele>1591.156403</ele>
        <time>2026-09-17T08:13:57Z</time>
      </trkpt>
      <trkpt lat="46.118259038776159" lon="11.654981039464474">
        <ele>1589.688598</ele>
        <time>2026-09-17T08:13:59Z</time>
      </trkpt>
      <trkpt lat="46.118365991860628" lon="11.654511988162994">
        <ele>1586.474729</ele>
        <time>2026-09-17T08:14:03Z</time>
      </trkpt>
      <trkpt lat="46.118344031274319" lon="11.654177969321609">
        <ele>1584.2908970000001</ele>
        <time>2026-09-17T08:14:05Z</time>
      </trkpt>
      <trkpt lat="46.118275970220566" lon="11.653977977111936">
        <ele>1582.8409059999999</ele>
        <time>2026-09-17T08:14:07Z</time>
      </trkpt>
      <trkpt lat="46.118285022675991" lon="11.653722999617457">
        <ele>1581.178934</ele>
        <time>2026-09-17T08:14:08Z</time>
      </trkpt>
      <trkpt lat="46.118364986032248" lon="11.653533987700939">
        <ele>1579.7374830000001</ele>
        <time>2026-09-17T08:14:10Z</time>
      </trkpt>
      <trkpt lat="46.118484009057283" lon="11.653395015746355">
        <ele>1578.2996760000001</ele>
        <time>2026-09-17T08:14:12Z</time>
      </trkpt>
      <trkpt lat="46.118523990735412" lon="11.653166022151709">
        <ele>1576.600332</ele>
        <time>2026-09-17T08:14:13Z</time>
      </trkpt>
      <trkpt lat="46.11845601350069" lon="11.652842983603477">
        <ele>1574.1686649999999</ele>
        <time>2026-09-17T08:14:16Z</time>
      </trkpt>
      <trkpt lat="46.118421982973814" lon="11.652103029191494">
        <ele>1568.8263939999999</ele>
        <time>2026-09-17T08:14:21Z</time>
      </trkpt>
      <trkpt lat="46.118317041546106" lon="11.65177303366363">
        <ele>1566.210769</ele>
        <time>2026-09-17T08:14:24Z</time>
      </trkpt>
      <trkpt lat="46.118288040161133" lon="11.651618974283338">
        <ele>1565.0612229999999</ele>
        <time>2026-09-17T08:14:25Z</time>
      </trkpt>
      <trkpt lat="46.118286028504372" lon="11.651459969580173">
        <ele>1563.9156780000001</ele>
        <time>2026-09-17T08:14:26Z</time>
      </trkpt>
      <trkpt lat="46.11834897659719" lon="11.650974992662668">
        <ele>1560.361169</ele>
        <time>2026-09-17T08:14:30Z</time>
      </trkpt>
      <trkpt lat="46.11852197907865" lon="11.650716997683048">
        <ele>1557.582498</ele>
        <time>2026-09-17T08:14:32Z</time>
      </trkpt>
      <trkpt lat="46.118610994890332" lon="11.650633011013269">
        <ele>1556.3598239999999</ele>
        <time>2026-09-17T08:14:33Z</time>
      </trkpt>
      <trkpt lat="46.118642007932067" lon="11.650543995201588">
        <ele>1555.566094</ele>
        <time>2026-09-17T08:14:34Z</time>
      </trkpt>
      <trkpt lat="46.118601020425558" lon="11.650495966896415">
        <ele>1554.9590740000001</ele>
        <time>2026-09-17T08:14:35Z</time>
      </trkpt>
      <trkpt lat="46.1183260101825" lon="11.650494961068034">
        <ele>1551.7976060000001</ele>
        <time>2026-09-17T08:14:38Z</time>
      </trkpt>
      <trkpt lat="46.117843966931105" lon="11.650665029883385">
        <ele>1546.093235</ele>
        <time>2026-09-17T08:14:43Z</time>
      </trkpt>
      <trkpt lat="46.117756040766835" lon="11.650733007118106">
        <ele>1544.9455809999999</ele>
        <time>2026-09-17T08:14:44Z</time>
      </trkpt>
      <trkpt lat="46.117683034390211" lon="11.650842977687716">
        <ele>1543.732035</ele>
        <time>2026-09-17T08:14:45Z</time>
      </trkpt>
      <trkpt lat="46.117511037737131" lon="11.651440020650625">
        <ele>1538.7419150000001</ele>
        <time>2026-09-17T08:14:49Z</time>
      </trkpt>
      <trkpt lat="46.117459991946816" lon="11.651439014822245">
        <ele>1538.4403070000001</ele>
        <time>2026-09-17T08:14:50Z</time>
      </trkpt>
      <trkpt lat="46.117440965026617" lon="11.651311023160815">
        <ele>1537.903736</ele>
        <time>2026-09-17T08:14:51Z</time>
      </trkpt>
      <trkpt lat="46.117479018867016" lon="11.65089201182127">
        <ele>1536.171607</ele>
        <time>2026-09-17T08:14:54Z</time>
      </trkpt>
      <trkpt lat="46.117565017193556" lon="11.650425978004932">
        <ele>1534.1949259999999</ele>
        <time>2026-09-17T08:14:58Z</time>
      </trkpt>
      <trkpt lat="46.117551019415259" lon="11.649872018024325">
        <ele>1531.9225610000001</ele>
        <time>2026-09-17T08:15:02Z</time>
      </trkpt>
      <trkpt lat="46.117577003315091" lon="11.64975400082767">
        <ele>1531.4150299999999</ele>
        <time>2026-09-17T08:15:03Z</time>
      </trkpt>
      <trkpt lat="46.117658978328109" lon="11.649662973359227">
        <ele>1530.8032619999999</ele>
        <time>2026-09-17T08:15:04Z</time>
      </trkpt>
      <trkpt lat="46.117717986926436" lon="11.649642018601298">
        <ele>1530.4439130000001</ele>
        <time>2026-09-17T08:15:05Z</time>
      </trkpt>
      <trkpt lat="46.11811101436615" lon="11.649606982246041">
        <ele>1528.1697919999999</ele>
        <time>2026-09-17T08:15:11Z</time>
      </trkpt>
      <trkpt lat="46.11841301433742" lon="11.64941000752151">
        <ele>1526.8667359999999</ele>
        <time>2026-09-17T08:15:15Z</time>
      </trkpt>
      <trkpt lat="46.118536982685328" lon="11.649273969233036">
        <ele>1526.25434</ele>
        <time>2026-09-17T08:15:17Z</time>
      </trkpt>
      <trkpt lat="46.11856497824192" lon="11.649203980341554">
        <ele>1526.034091</ele>
        <time>2026-09-17T08:15:18Z</time>
      </trkpt>
      <trkpt lat="46.11858400516212" lon="11.648964006453753">
        <ele>1525.3757909999999</ele>
        <time>2026-09-17T08:15:20Z</time>
      </trkpt>
      <trkpt lat="46.11869397573173" lon="11.648849006742239">
        <ele>1524.8417059999999</ele>
        <time>2026-09-17T08:15:22Z</time>
      </trkpt>
      <trkpt lat="46.11871300265193" lon="11.648711040616035">
        <ele>1524.4582820000001</ele>
        <time>2026-09-17T08:15:23Z</time>
      </trkpt>
      <trkpt lat="46.118682995438576" lon="11.648551030084491">
        <ele>1524.00658</ele>
        <time>2026-09-17T08:15:25Z</time>
      </trkpt>
      <trkpt lat="46.118621975183487" lon="11.648410968482494">
        <ele>1523.555938</ele>
        <time>2026-09-17T08:15:26Z</time>
      </trkpt>
      <trkpt lat="46.118002971634269" lon="11.647555008530617">
        <ele>1520.011743</ele>
        <time>2026-09-17T08:15:36Z</time>
      </trkpt>
      <trkpt lat="46.117702983319759" lon="11.647054022178054">
        <ele>1517.9016819999999</ele>
        <time>2026-09-17T08:15:41Z</time>
      </trkpt>
      <trkpt lat="46.117561999708414" lon="11.646876996383071">
        <ele>1517.042295</ele>
        <time>2026-09-17T08:15:43Z</time>
      </trkpt>
      <trkpt lat="46.117393020540476" lon="11.646758979186416">
        <ele>1516.1790189999999</ele>
        <time>2026-09-17T08:15:45Z</time>
      </trkpt>
      <trkpt lat="46.117243990302086" lon="11.646727966144681">
        <ele>1515.4868409999999</ele>
        <time>2026-09-17T08:15:47Z</time>
      </trkpt>
      <trkpt lat="46.117107030004263" lon="11.64663702249527">
        <ele>1514.7933619999999</ele>
        <time>2026-09-17T08:15:49Z</time>
      </trkpt>
      <trkpt lat="46.116992030292749" lon="11.646494027227163">
        <ele>1514.095282</ele>
        <time>2026-09-17T08:15:51Z</time>
      </trkpt>
      <trkpt lat="46.116763036698103" lon="11.646095970645547">
        <ele>1512.6833810000001</ele>
        <time>2026-09-17T08:15:55Z</time>
      </trkpt>
      <trkpt lat="46.116494983434677" lon="11.6458669770509">
        <ele>1511.943953</ele>
        <time>2026-09-17T08:16:00Z</time>
      </trkpt>
      <trkpt lat="46.115287989377975" lon="11.644451022148132">
        <ele>1507.5115900000001</ele>
        <time>2026-09-17T08:16:21Z</time>
      </trkpt>
      <trkpt lat="46.115133007988334" lon="11.644035028293729">
        <ele>1505.351461</ele>
        <time>2026-09-17T08:16:25Z</time>
      </trkpt>
      <trkpt lat="46.11469698138535" lon="11.643361961469054">
        <ele>1501.138297</ele>
        <time>2026-09-17T08:16:32Z</time>
      </trkpt>
      <trkpt lat="46.114684995263815" lon="11.643169010058045">
        <ele>1500.2520019999999</ele>
        <time>2026-09-17T08:16:33Z</time>
      </trkpt>
      <trkpt lat="46.114750038832426" lon="11.642460990697145">
        <ele>1496.985449</ele>
        <time>2026-09-17T08:16:39Z</time>
      </trkpt>
      <trkpt lat="46.114793037995696" lon="11.642325958237052">
        <ele>1496.004504</ele>
        <time>2026-09-17T08:16:40Z</time>
      </trkpt>
      <trkpt lat="46.114900996908545" lon="11.64214801043272">
        <ele>1494.2609030000001</ele>
        <time>2026-09-17T08:16:42Z</time>
      </trkpt>
      <trkpt lat="46.115197967737913" lon="11.641492964699864">
        <ele>1488.4918520000001</ele>
        <time>2026-09-17T08:16:48Z</time>
      </trkpt>
      <trkpt lat="46.115238033235073" lon="11.641298001632094">
        <ele>1486.9929219999999</ele>
        <time>2026-09-17T08:16:49Z</time>
      </trkpt>
      <trkpt lat="46.115191010758281" lon="11.640914026647806">
        <ele>1484.1187219999999</ele>
        <time>2026-09-17T08:16:52Z</time>
      </trkpt>
      <trkpt lat="46.115140970796347" lon="11.640748986974359">
        <ele>1482.7914000000001</ele>
        <time>2026-09-17T08:16:53Z</time>
      </trkpt>
      <trkpt lat="46.115063019096851" lon="11.640600962564349">
        <ele>1481.4210330000001</ele>
        <time>2026-09-17T08:16:54Z</time>
      </trkpt>
      <trkpt lat="46.115033011883497" lon="11.640461990609765">
        <ele>1480.347968</ele>
        <time>2026-09-17T08:16:55Z</time>
      </trkpt>
      <trkpt lat="46.114995963871479" lon="11.640121014788747">
        <ele>1477.8038839999999</ele>
        <time>2026-09-17T08:16:58Z</time>
      </trkpt>
      <trkpt lat="46.11491097137332" lon="11.639815997332335">
        <ele>1474.5913800000001</ele>
        <time>2026-09-17T08:17:00Z</time>
      </trkpt>
      <trkpt lat="46.114534959197044" lon="11.639193976297975">
        <ele>1466.4138579999999</ele>
        <time>2026-09-17T08:17:06Z</time>
      </trkpt>
      <trkpt lat="46.114232959225774" lon="11.638779994100332">
        <ele>1460.4587469999999</ele>
        <time>2026-09-17T08:17:10Z</time>
      </trkpt>
      <trkpt lat="46.113701965659857" lon="11.637667967006564">
        <ele>1448.8407119999999</ele>
        <time>2026-09-17T08:17:20Z</time>
      </trkpt>
      <trkpt lat="46.113680005073547" lon="11.63759202696383">
        <ele>1448.318941</ele>
        <time>2026-09-17T08:17:20Z</time>
      </trkpt>
      <trkpt lat="46.11368402838707" lon="11.637301007285714">
        <ele>1446.4750160000001</ele>
        <time>2026-09-17T08:17:22Z</time>
      </trkpt>
      <trkpt lat="46.11353600397706" lon="11.637029014527798">
        <ele>1444.28441</ele>
        <time>2026-09-17T08:17:25Z</time>
      </trkpt>
      <trkpt lat="46.113442964851856" lon="11.636731037870049">
        <ele>1442.2140079999999</ele>
        <time>2026-09-17T08:17:27Z</time>
      </trkpt>
      <trkpt lat="46.113140964880586" lon="11.636339016258717">
        <ele>1438.5012509999999</ele>
        <time>2026-09-17T08:17:32Z</time>
      </trkpt>
      <trkpt lat="46.112812981009483" lon="11.635709032416344">
        <ele>1433.5162479999999</ele>
        <time>2026-09-17T08:17:38Z</time>
      </trkpt>
      <trkpt lat="46.112786997109652" lon="11.635541981086135">
        <ele>1432.4353960000001</ele>
        <time>2026-09-17T08:17:39Z</time>
      </trkpt>
      <trkpt lat="46.11282798461616" lon="11.635261019691825">
        <ele>1430.622038</ele>
        <time>2026-09-17T08:17:41Z</time>
      </trkpt>
      <trkpt lat="46.112823039293289" lon="11.635167980566621">
        <ele>1430.032991</ele>
        <time>2026-09-17T08:17:42Z</time>
      </trkpt>
      <trkpt lat="46.112705022096634" lon="11.634675040841103">
        <ele>1426.739417</ele>
        <time>2026-09-17T08:17:46Z</time>
      </trkpt>
      <trkpt lat="46.112390030175447" lon="11.634343033656478">
        <ele>1423.185688</ele>
        <time>2026-09-17T08:17:50Z</time>
      </trkpt>
      <trkpt lat="46.112313000485301" lon="11.634293999522924">
        <ele>1422.4190570000001</ele>
        <time>2026-09-17T08:17:51Z</time>
      </trkpt>
      <trkpt lat="46.111976969987154" lon="11.634215964004397">
        <ele>1419.3189789999999</ele>
        <time>2026-09-17T08:17:54Z</time>
      </trkpt>
      <trkpt lat="46.111908992752433" lon="11.634276984259486">
        <ele>1418.3982590000001</ele>
        <time>2026-09-17T08:17:55Z</time>
      </trkpt>
      <trkpt lat="46.111886026337743" lon="11.634443029761314">
        <ele>1416.959431</ele>
        <time>2026-09-17T08:17:56Z</time>
      </trkpt>
      <trkpt lat="46.111903041601181" lon="11.634496003389359">
        <ele>1416.463074</ele>
        <time>2026-09-17T08:17:57Z</time>
      </trkpt>
      <trkpt lat="46.112110996618867" lon="11.634753998368979">
        <ele>1413.099737</ele>
        <time>2026-09-17T08:18:00Z</time>
      </trkpt>
      <trkpt lat="46.11211895942688" lon="11.634855000302196">
        <ele>1412.2357010000001</ele>
        <time>2026-09-17T08:18:00Z</time>
      </trkpt>
      <trkpt lat="46.112063974142075" lon="11.634919038042426">
        <ele>1411.3693229999999</ele>
        <time>2026-09-17T08:18:01Z</time>
      </trkpt>
      <trkpt lat="46.111989039927721" lon="11.63490504026413">
        <ele>1410.4421259999999</ele>
        <time>2026-09-17T08:18:02Z</time>
      </trkpt>
      <trkpt lat="46.111779995262623" lon="11.634697001427412">
        <ele>1407.329009</ele>
        <time>2026-09-17T08:18:04Z</time>
      </trkpt>
      <trkpt lat="46.111718975007534" lon="11.634599016979337">
        <ele>1406.209568</ele>
        <time>2026-09-17T08:18:05Z</time>
      </trkpt>
      <trkpt lat="46.111609004437923" lon="11.63424395956099">
        <ele>1402.904534</ele>
        <time>2026-09-17T08:18:08Z</time>
      </trkpt>
      <trkpt lat="46.111446982249618" lon="11.633927961811423">
        <ele>1399.5640490000001</ele>
        <time>2026-09-17T08:18:11Z</time>
      </trkpt>
      <trkpt lat="46.111336005851626" lon="11.633775997906923">
        <ele>1397.6875689999999</ele>
        <time>2026-09-17T08:18:12Z</time>
      </trkpt>
      <trkpt lat="46.111044986173511" lon="11.633516997098923">
        <ele>1393.0058469999999</ele>
        <time>2026-09-17T08:18:16Z</time>
      </trkpt>
      <trkpt lat="46.111029982566833" lon="11.633366039022803">
        <ele>1391.532772</ele>
        <time>2026-09-17T08:18:17Z</time>
      </trkpt>
      <trkpt lat="46.111071975901723" lon="11.633214997127652">
        <ele>1389.961607</ele>
        <time>2026-09-17T08:18:18Z</time>
      </trkpt>
      <trkpt lat="46.111072981730103" lon="11.632853988558054">
        <ele>1386.475467</ele>
        <time>2026-09-17T08:18:21Z</time>
      </trkpt>
      <trkpt lat="46.110958987846971" lon="11.632698001340032">
        <ele>1384.286615</ele>
        <time>2026-09-17T08:18:22Z</time>
      </trkpt>
      <trkpt lat="46.110824961215258" lon="11.632385021075606">
        <ele>1380.734136</ele>
        <time>2026-09-17T08:18:25Z</time>
      </trkpt>
      <trkpt lat="46.110471999272704" lon="11.632073968648911">
        <ele>1374.9723759999999</ele>
        <time>2026-09-17T08:18:29Z</time>
      </trkpt>
      <trkpt lat="46.110349036753178" lon="11.631923010572791">
        <ele>1372.722522</ele>
        <time>2026-09-17T08:18:31Z</time>
      </trkpt>
      <trkpt lat="46.110191959887743" lon="11.631827037781477">
        <ele>1370.321682</ele>
        <time>2026-09-17T08:18:32Z</time>
      </trkpt>
      <trkpt lat="46.110035972669721" lon="11.631891997531056">
        <ele>1368.0256549999999</ele>
        <time>2026-09-17T08:18:34Z</time>
      </trkpt>
      <trkpt lat="46.109894989058375" lon="11.631899960339069">
        <ele>1366.0303730000001</ele>
        <time>2026-09-17T08:18:35Z</time>
      </trkpt>
      <trkpt lat="46.109750987961888" lon="11.631622016429901">
        <ele>1362.628494</ele>
        <time>2026-09-17T08:18:38Z</time>
      </trkpt>
      <trkpt lat="46.109656020998955" lon="11.631487989798188">
        <ele>1360.749665</ele>
        <time>2026-09-17T08:18:39Z</time>
      </trkpt>
      <trkpt lat="46.10960396938026" lon="11.631474997848272">
        <ele>1360.0034230000001</ele>
        <time>2026-09-17T08:18:39Z</time>
      </trkpt>
      <trkpt lat="46.109581002965569" lon="11.631505005061626">
        <ele>1359.5649519999999</ele>
        <time>2026-09-17T08:18:40Z</time>
      </trkpt>
      <trkpt lat="46.109632970765233" lon="11.631813040003181">
        <ele>1356.4573889999999</ele>
        <time>2026-09-17T08:18:42Z</time>
      </trkpt>
      <trkpt lat="46.109659960493445" lon="11.632342021912336">
        <ele>1351.257574</ele>
        <time>2026-09-17T08:18:46Z</time>
      </trkpt>
      <trkpt lat="46.109799016267061" lon="11.632552994415164">
        <ele>1348.404256</ele>
        <time>2026-09-17T08:18:48Z</time>
      </trkpt>
      <trkpt lat="46.109656020998955" lon="11.632537990808487">
        <ele>1346.4269220000001</ele>
        <time>2026-09-17T08:18:49Z</time>
      </trkpt>
      <trkpt lat="46.10941001214087" lon="11.63237202912569">
        <ele>1343.434994</ele>
        <time>2026-09-17T08:18:52Z</time>
      </trkpt>
      <trkpt lat="46.109150005504489" lon="11.631441973149776">
        <ele>1335.7763540000001</ele>
        <time>2026-09-17T08:18:59Z</time>
      </trkpt>
      <trkpt lat="46.108978008851409" lon="11.630272027105093">
        <ele>1326.6363120000001</ele>
        <time>2026-09-17T08:19:08Z</time>
      </trkpt>
      <trkpt lat="46.108874995261431" lon="11.630110004916787">
        <ele>1324.895268</ele>
        <time>2026-09-17T08:19:10Z</time>
      </trkpt>
      <trkpt lat="46.108805006369948" lon="11.630067005753517">
        <ele>1324.0260270000001</ele>
        <time>2026-09-17T08:19:10Z</time>
      </trkpt>
      <trkpt lat="46.108694029971957" lon="11.630064994096756">
        <ele>1322.757775</ele>
        <time>2026-09-17T08:19:11Z</time>
      </trkpt>
      <trkpt lat="46.108488002792001" lon="11.63028996437788">
        <ele>1319.8056349999999</ele>
        <time>2026-09-17T08:19:14Z</time>
      </trkpt>
      <trkpt lat="46.108169993385673" lon="11.630422985181212">
        <ele>1316.0228950000001</ele>
        <time>2026-09-17T08:19:18Z</time>
      </trkpt>
      <trkpt lat="46.10812003724277" lon="11.63041896186769">
        <ele>1315.450777</ele>
        <time>2026-09-17T08:19:18Z</time>
      </trkpt>
      <trkpt lat="46.108072008937597" lon="11.630338998511434">
        <ele>1314.6127650000001</ele>
        <time>2026-09-17T08:19:19Z</time>
      </trkpt>
      <trkpt lat="46.108073014765978" lon="11.630090977996588">
        <ele>1312.6483679999999</ele>
        <time>2026-09-17T08:19:21Z</time>
      </trkpt>
      <trkpt lat="46.108020963147283" lon="11.629588985815644">
        <ele>1308.627978</ele>
        <time>2026-09-17T08:19:24Z</time>
      </trkpt>
      <trkpt lat="46.10803697258234" lon="11.629293020814657">
        <ele>1306.276298</ele>
        <time>2026-09-17T08:19:26Z</time>
      </trkpt>
      <trkpt lat="46.108250040560961" lon="11.628598999232054">
        <ele>1300.3681409999999</ele>
        <time>2026-09-17T08:19:32Z</time>
      </trkpt>
      <trkpt lat="46.10833503305912" lon="11.628022994846106">
        <ele>1295.784316</ele>
        <time>2026-09-17T08:19:36Z</time>
      </trkpt>
      <trkpt lat="46.108317011967301" lon="11.627717977389693">
        <ele>1293.401715</ele>
        <time>2026-09-17T08:19:38Z</time>
      </trkpt>
      <trkpt lat="46.10820502974093" lon="11.627242974936962">
        <ele>1289.4964990000001</ele>
        <time>2026-09-17T08:19:42Z</time>
      </trkpt>
      <trkpt lat="46.108170999214053" lon="11.627197964116931">
        <ele>1288.978431</ele>
        <time>2026-09-17T08:19:42Z</time>
      </trkpt>
      <trkpt lat="46.108085000887513" lon="11.627159994095564">
        <ele>1287.968619</ele>
        <time>2026-09-17T08:19:43Z</time>
      </trkpt>
      <trkpt lat="46.107471026480198" lon="11.627414971590042">
        <ele>1279.6229579999999</ele>
        <time>2026-09-17T08:19:50Z</time>
      </trkpt>
      <trkpt lat="46.107243038713932" lon="11.627466017380357">
        <ele>1276.4543510000001</ele>
        <time>2026-09-17T08:19:52Z</time>
      </trkpt>
      <trkpt lat="46.107043968513608" lon="11.627420000731945">
        <ele>1273.686563</ele>
        <time>2026-09-17T08:19:54Z</time>
      </trkpt>
      <trkpt lat="46.106870966032147" lon="11.627340037375689">
        <ele>1271.1915939999999</ele>
        <time>2026-09-17T08:19:56Z</time>
      </trkpt>
      <trkpt lat="46.106752026826143" lon="11.62711095996201">
        <ele>1268.466707</ele>
        <time>2026-09-17T08:19:58Z</time>
      </trkpt>
      <trkpt lat="46.10672595910728" lon="11.626920020207763">
        <ele>1266.613382</ele>
        <time>2026-09-17T08:19:59Z</time>
      </trkpt>
      <trkpt lat="46.106749009341002" lon="11.626769984140992">
        <ele>1265.150648</ele>
        <time>2026-09-17T08:20:00Z</time>
      </trkpt>
      <trkpt lat="46.106842970475554" lon="11.626682979986072">
        <ele>1263.6168029999999</ele>
        <time>2026-09-17T08:20:01Z</time>
      </trkpt>
      <trkpt lat="46.107382010668516" lon="11.626410987228155">
        <ele>1256.1158559999999</ele>
        <time>2026-09-17T08:20:07Z</time>
      </trkpt>
      <trkpt lat="46.108043007552624" lon="11.625795001164079">
        <ele>1245.970341</ele>
        <time>2026-09-17T08:20:15Z</time>
      </trkpt>
      <trkpt lat="46.108219027519226" lon="11.625701962038875">
        <ele>1243.5538919999999</ele>
        <time>2026-09-17T08:20:17Z</time>
      </trkpt>
      <trkpt lat="46.10833402723074" lon="11.625704979524016">
        <ele>1242.0710759999999</ele>
        <time>2026-09-17T08:20:18Z</time>
      </trkpt>
      <trkpt lat="46.108365040272474" lon="11.62564798258245">
        <ele>1241.4235630000001</ele>
        <time>2026-09-17T08:20:19Z</time>
      </trkpt>
      <trkpt lat="46.108347019180655" lon="11.625574976205826">
        <ele>1240.7310560000001</ele>
        <time>2026-09-17T08:20:19Z</time>
      </trkpt>
      <trkpt lat="46.108173010870814" lon="11.62553901784122">
        <ele>1238.4648979999999</ele>
        <time>2026-09-17T08:20:21Z</time>
      </trkpt>
      <trkpt lat="46.108043007552624" lon="11.625571958720684">
        <ele>1237.3605680000001</ele>
        <time>2026-09-17T08:20:23Z</time>
      </trkpt>
      <trkpt lat="46.107284026220441" lon="11.625629961490631">
        <ele>1231.761319</ele>
        <time>2026-09-17T08:20:31Z</time>
      </trkpt>
      <trkpt lat="46.106668040156364" lon="11.625741021707654">
        <ele>1227.1880880000001</ele>
        <time>2026-09-17T08:20:38Z</time>
      </trkpt>
      <trkpt lat="46.106466958299279" lon="11.625729035586119">
        <ele>1225.706091</ele>
        <time>2026-09-17T08:20:40Z</time>
      </trkpt>
      <trkpt lat="46.106290016323328" lon="11.625786032527685">
        <ele>1224.1779349999999</ele>
        <time>2026-09-17T08:20:42Z</time>
      </trkpt>
      <trkpt lat="46.105983993038535" lon="11.625764993950725">
        <ele>1221.113341</ele>
        <time>2026-09-17T08:20:46Z</time>
      </trkpt>
      <trkpt lat="46.105749970301986" lon="11.625807993113995">
        <ele>1218.753553</ele>
        <time>2026-09-17T08:20:48Z</time>
      </trkpt>
      <trkpt lat="46.105537991970778" lon="11.62599197588861">
        <ele>1216.278395</ele>
        <time>2026-09-17T08:20:51Z</time>
      </trkpt>
      <trkpt lat="46.105490969493985" lon="11.626001028344035">
        <ele>1215.804095</ele>
        <time>2026-09-17T08:20:51Z</time>
      </trkpt>
      <trkpt lat="46.105464985594153" lon="11.6259700153023">
        <ele>1215.466633</ele>
        <time>2026-09-17T08:20:52Z</time>
      </trkpt>
      <trkpt lat="46.105460962280631" lon="11.625910000875592">
        <ele>1215.04856</ele>
        <time>2026-09-17T08:20:52Z</time>
      </trkpt>
      <trkpt lat="46.105804033577442" lon="11.625502975657582">
        <ele>1210.6053219999999</ele>
        <time>2026-09-17T08:20:57Z</time>
      </trkpt>
      <trkpt lat="46.106113996356726" lon="11.625360986217856">
        <ele>1207.3515379999999</ele>
        <time>2026-09-17T08:21:00Z</time>
      </trkpt>
      <trkpt lat="46.106412978842854" lon="11.625119000673294">
        <ele>1202.630938</ele>
        <time>2026-09-17T08:21:03Z</time>
      </trkpt>
      <trkpt lat="46.107099037617445" lon="11.624721027910709">
        <ele>1192.0430739999999</ele>
        <time>2026-09-17T08:21:11Z</time>
      </trkpt>
      <trkpt lat="46.107643023133278" lon="11.624362030997872">
        <ele>1183.476823</ele>
        <time>2026-09-17T08:21:17Z</time>
      </trkpt>
      <trkpt lat="46.107909986749291" lon="11.624103030189872">
        <ele>1179.5208379999999</ele>
        <time>2026-09-17T08:21:20Z</time>
      </trkpt>
      <trkpt lat="46.108308965340257" lon="11.623659040778875">
        <ele>1174.3582329999999</ele>
        <time>2026-09-17T08:21:25Z</time>
      </trkpt>
      <trkpt lat="46.108418013900518" lon="11.623633978888392">
        <ele>1173.2275589999999</ele>
        <time>2026-09-17T08:21:26Z</time>
      </trkpt>
      <trkpt lat="46.108603002503514" lon="11.623843023553491">
        <ele>1170.8202100000001</ele>
        <time>2026-09-17T08:21:29Z</time>
      </trkpt>
      <trkpt lat="46.108720013871789" lon="11.623903959989548">
        <ele>1169.5457120000001</ele>
        <time>2026-09-17T08:21:30Z</time>
      </trkpt>
      <trkpt lat="46.108816992491484" lon="11.623800024390221">
        <ele>1168.307542</ele>
        <time>2026-09-17T08:21:32Z</time>
      </trkpt>
      <trkpt lat="46.108889998868108" lon="11.623527025803924">
        <ele>1166.2293709999999</ele>
        <time>2026-09-17T08:21:34Z</time>
      </trkpt>
      <trkpt lat="46.108996029943228" lon="11.623300965875387">
        <ele>1164.291418</ele>
        <time>2026-09-17T08:21:36Z</time>
      </trkpt>
      <trkpt lat="46.109021008014679" lon="11.623042970895767">
        <ele>1162.4891580000001</ele>
        <time>2026-09-17T08:21:38Z</time>
      </trkpt>
      <trkpt lat="46.109098037704825" lon="11.62289503030479">
        <ele>1161.391304</ele>
        <time>2026-09-17T08:21:39Z</time>
      </trkpt>
      <trkpt lat="46.109296018257737" lon="11.622780030593276">
        <ele>1159.5646260000001</ele>
        <time>2026-09-17T08:21:41Z</time>
      </trkpt>
      <trkpt lat="46.109590977430344" lon="11.622752035036683">
        <ele>1157.034582</ele>
        <time>2026-09-17T08:21:44Z</time>
      </trkpt>
      <trkpt lat="46.110354987904429" lon="11.622419022023678">
        <ele>1150.204358</ele>
        <time>2026-09-17T08:21:53Z</time>
      </trkpt>
      <trkpt lat="46.110461018979549" lon="11.62225297652185">
        <ele>1148.865378</ele>
        <time>2026-09-17T08:21:55Z</time>
      </trkpt>
      <trkpt lat="46.110602002590895" lon="11.622143005952239">
        <ele>1147.4935330000001</ele>
        <time>2026-09-17T08:21:56Z</time>
      </trkpt>
      <trkpt lat="46.110890004783869" lon="11.622197991237044">
        <ele>1145.372734</ele>
        <time>2026-09-17T08:22:00Z</time>
      </trkpt>
      <trkpt lat="46.112034972757101" lon="11.621640007942915">
        <ele>1136.6499960000001</ele>
        <time>2026-09-17T08:22:13Z</time>
      </trkpt>
      <trkpt lat="46.11215902492404" lon="11.621467005461454">
        <ele>1135.404933</ele>
        <time>2026-09-17T08:22:15Z</time>
      </trkpt>
      <trkpt lat="46.112270001322031" lon="11.621040031313896">
        <ele>1133.0428669999999</ele>
        <time>2026-09-17T08:22:18Z</time>
      </trkpt>
      <trkpt lat="46.112326998263597" lon="11.620898963883519">
        <ele>1132.1730829999999</ele>
        <time>2026-09-17T08:22:20Z</time>
      </trkpt>
      <trkpt lat="46.112564038485289" lon="11.620694026350975">
        <ele>1130.0488889999999</ele>
        <time>2026-09-17T08:22:23Z</time>
      </trkpt>
      <trkpt lat="46.112837959080935" lon="11.620475007221103">
        <ele>1127.6410060000001</ele>
        <time>2026-09-17T08:22:26Z</time>
      </trkpt>
      <trkpt lat="46.113505996763706" lon="11.620092960074544">
        <ele>1122.117465</ele>
        <time>2026-09-17T08:22:34Z</time>
      </trkpt>
      <trkpt lat="46.113584032282233" lon="11.620023977011442">
        <ele>1121.414135</ele>
        <time>2026-09-17T08:22:35Z</time>
      </trkpt>
      <trkpt lat="46.113585960119963" lon="11.619962034747005">
        <ele>1121.0833970000001</ele>
        <time>2026-09-17T08:22:35Z</time>
      </trkpt>
      <trkpt lat="46.11355603672564" lon="11.619939990341663">
        <ele>1120.824705</ele>
        <time>2026-09-17T08:22:36Z</time>
      </trkpt>
      <trkpt lat="46.112555991858244" lon="11.619915012270212">
        <ele>1111.9014119999999</ele>
        <time>2026-09-17T08:22:47Z</time>
      </trkpt>
      <trkpt lat="46.112106973305345" lon="11.619902020320296">
        <ele>1107.872746</ele>
        <time>2026-09-17T08:22:51Z</time>
      </trkpt>
      <trkpt lat="46.111742025241256" lon="11.619936972856522">
        <ele>1104.5912060000001</ele>
        <time>2026-09-17T08:22:55Z</time>
      </trkpt>
      <trkpt lat="46.110647013410926" lon="11.620228998363018">
        <ele>1093.099731</ele>
        <time>2026-09-17T08:23:07Z</time>
      </trkpt>
      <trkpt lat="46.109953997656703" lon="11.620109975337982">
        <ele>1085.8791180000001</ele>
        <time>2026-09-17T08:23:14Z</time>
      </trkpt>
      <trkpt lat="46.109201973304152" lon="11.619675038382411">
        <ele>1080.439619</ele>
        <time>2026-09-17T08:23:23Z</time>
      </trkpt>
      <trkpt lat="46.108978008851409" lon="11.61958702839911">
        <ele>1078.8902270000001</ele>
        <time>2026-09-17T08:23:25Z</time>
      </trkpt>
      <trkpt lat="46.108500994741917" lon="11.619645031169057">
        <ele>1075.695524</ele>
        <time>2026-09-17T08:23:31Z</time>
      </trkpt>
      <trkpt lat="46.108445003628731" lon="11.619617035612464">
        <ele>1075.299972</ele>
        <time>2026-09-17T08:23:31Z</time>
      </trkpt>
      <trkpt lat="46.108390018343925" lon="11.619534976780415">
        <ele>1074.7720670000001</ele>
        <time>2026-09-17T08:23:32Z</time>
      </trkpt>
      <trkpt lat="46.10831500031054" lon="11.619327021762729">
        <ele>1073.791219</ele>
        <time>2026-09-17T08:23:35Z</time>
      </trkpt>
      <trkpt lat="46.108077960088849" lon="11.618784964084625">
        <ele>1073.9980989999999</ele>
        <time>2026-09-17T08:23:44Z</time>
      </trkpt>
      <trkpt lat="46.107938988134265" lon="11.618541972711682">
        <ele>1074.0998070000001</ele>
        <time>2026-09-17T08:23:50Z</time>
      </trkpt>
      <trkpt lat="46.107467003166676" lon="11.618112986907363">
        <ele>1074.359602</ele>
        <time>2026-09-17T08:24:06Z</time>
      </trkpt>
      <trkpt lat="46.107406988739967" lon="11.618056995794177">
        <ele>1074.3928820000001</ele>
        <time>2026-09-17T08:24:08Z</time>
      </trkpt>
      <trkpt lat="46.107301041483879" lon="11.617944007739425">
        <ele>1074.4542610000001</ele>
        <time>2026-09-17T08:24:13Z</time>
      </trkpt>
      <trkpt lat="46.107127033174038" lon="11.617918023839593">
        <ele>1074.5357220000001</ele>
        <time>2026-09-17T08:24:18Z</time>
      </trkpt>
      <trkpt lat="46.106912037357688" lon="11.617951970547438">
        <ele>1074.558344</ele>
        <time>2026-09-17T08:24:23Z</time>
      </trkpt>
      <trkpt lat="46.10668103210628" lon="11.618078034371138">
        <ele>1074.050812</ele>
        <time>2026-09-17T08:24:27Z</time>
      </trkpt>
      <trkpt lat="46.106159007176757" lon="11.618037968873978">
        <ele>1072.9765560000001</ele>
        <time>2026-09-17T08:24:34Z</time>
      </trkpt>
      <trkpt lat="46.105684004724026" lon="11.618096977472305">
        <ele>1071.9967879999999</ele>
        <time>2026-09-17T08:24:40Z</time>
      </trkpt>
      <trkpt lat="46.105493986979127" lon="11.618185993283987">
        <ele>1071.5862500000001</ele>
        <time>2026-09-17T08:24:42Z</time>
      </trkpt>
      <trkpt lat="46.10535099171102" lon="11.618208037689328">
        <ele>1071.2907090000001</ele>
        <time>2026-09-17T08:24:44Z</time>
      </trkpt>
      <trkpt lat="46.104396041482687" lon="11.617930009961128">
        <ele>1066.8320180000001</ele>
        <time>2026-09-17T08:24:57Z</time>
      </trkpt>
      <trkpt lat="46.103915004059672" lon="11.617840994149446">
        <ele>1064.34005</ele>
        <time>2026-09-17T08:25:03Z</time>
      </trkpt>
      <trkpt lat="46.103376969695091" lon="11.618013996630907">
        <ele>1061.410697</ele>
        <time>2026-09-17T08:25:09Z</time>
      </trkpt>
      <trkpt lat="46.103393984958529" lon="11.618217006325722">
        <ele>1060.2800010000001</ele>
        <time>2026-09-17T08:25:10Z</time>
      </trkpt>
      <trkpt lat="46.103424998000264" lon="11.618481036275625">
        <ele>1058.799362</ele>
        <time>2026-09-17T08:25:13Z</time>
      </trkpt>
      <trkpt lat="46.103431032970548" lon="11.618555970489979">
        <ele>1058.3818799999999</ele>
        <time>2026-09-17T08:25:13Z</time>
      </trkpt>
      <trkpt lat="46.103343022987247" lon="11.618569968268275">
        <ele>1057.6757970000001</ele>
        <time>2026-09-17T08:25:14Z</time>
      </trkpt>
      <trkpt lat="46.102833990007639" lon="11.618860987946391">
        <ele>1053.3090649999999</ele>
        <time>2026-09-17T08:25:21Z</time>
      </trkpt>
      <trkpt lat="46.102284975349903" lon="11.619072966277599">
        <ele>1048.7764</ele>
        <time>2026-09-17T08:25:29Z</time>
      </trkpt>
      <trkpt lat="46.101893037557602" lon="11.619274970144033">
        <ele>1046.588027</ele>
        <time>2026-09-17T08:25:35Z</time>
      </trkpt>
      <trkpt lat="46.101640993729234" lon="11.619350994005799">
        <ele>1045.7693870000001</ele>
        <time>2026-09-17T08:25:38Z</time>
      </trkpt>
      <trkpt lat="46.101421974599361" lon="11.619327021762729">
        <ele>1045.0710059999999</ele>
        <time>2026-09-17T08:25:42Z</time>
      </trkpt>
      <trkpt lat="46.101218964904547" lon="11.619240017607808">
        <ele>1044.39761</ele>
        <time>2026-09-17T08:25:45Z</time>
      </trkpt>
      <trkpt lat="46.100712027400732" lon="11.619133986532688">
        <ele>1042.7686040000001</ele>
        <time>2026-09-17T08:25:53Z</time>
      </trkpt>
      <trkpt lat="46.100447997450829" lon="11.619045976549387">
        <ele>1041.9070079999999</ele>
        <time>2026-09-17T08:25:57Z</time>
      </trkpt>
      <trkpt lat="46.100111966952682" lon="11.61883600987494">
        <ele>1040.547352</ele>
        <time>2026-09-17T08:26:02Z</time>
      </trkpt>
      <trkpt lat="46.09976302832365" lon="11.61870701238513">
        <ele>1039.1465370000001</ele>
        <time>2026-09-17T08:26:08Z</time>
      </trkpt>
      <trkpt lat="46.09941903501749" lon="11.618705000728369">
        <ele>1037.8090119999999</ele>
        <time>2026-09-17T08:26:12Z</time>
      </trkpt>
      <trkpt lat="46.099188029766083" lon="11.618779012933373">
        <ele>1036.8889650000001</ele>
        <time>2026-09-17T08:26:16Z</time>
      </trkpt>
      <trkpt lat="46.098958030343056" lon="11.618794016540051">
        <ele>1035.9937829999999</ele>
        <time>2026-09-17T08:26:19Z</time>
      </trkpt>
      <trkpt lat="46.09890203922987" lon="11.618870962411165">
        <ele>1035.692941</ele>
        <time>2026-09-17T08:26:20Z</time>
      </trkpt>
      <trkpt lat="46.098626023158431" lon="11.618909016251564">
        <ele>1034.6066940000001</ele>
        <time>2026-09-17T08:26:24Z</time>
      </trkpt>
      <trkpt lat="46.098428964614868" lon="11.619118982926011">
        <ele>1032.921016</ele>
        <time>2026-09-17T08:26:27Z</time>
      </trkpt>
      <trkpt lat="46.098287981003523" lon="11.619184026494622">
        <ele>1031.902435</ele>
        <time>2026-09-17T08:26:29Z</time>
      </trkpt>
      <trkpt lat="46.097811972722411" lon="11.619015969336033">
        <ele>1028.53043</ele>
        <time>2026-09-17T08:26:35Z</time>
      </trkpt>
      <trkpt lat="46.097542997449636" lon="11.618821006268263">
        <ele>1026.458754</ele>
        <time>2026-09-17T08:26:39Z</time>
      </trkpt>
      <trkpt lat="46.097321966663003" lon="11.618908010423183">
        <ele>1024.882419</ele>
        <time>2026-09-17T08:26:42Z</time>
      </trkpt>
      <trkpt lat="46.096742022782564" lon="11.619285028427839">
        <ele>1020.161351</ele>
        <time>2026-09-17T08:26:49Z</time>
      </trkpt>
      <trkpt lat="46.096534989774227" lon="11.619359040632844">
        <ele>1018.404977</ele>
        <time>2026-09-17T08:26:52Z</time>
      </trkpt>
      <trkpt lat="46.096108015626669" lon="11.61933003924787">
        <ele>1014.88447</ele>
        <time>2026-09-17T08:26:57Z</time>
      </trkpt>
      <trkpt lat="46.095804003998637" lon="11.619430035352707">
        <ele>1012.3165310000001</ele>
        <time>2026-09-17T08:27:01Z</time>
      </trkpt>
      <trkpt lat="46.09488501213491" lon="11.620865017175674">
        <ele>1000.6970240000001</ele>
        <time>2026-09-17T08:27:18Z</time>
      </trkpt>
      <trkpt lat="46.094656018540263" lon="11.621064003556967">
        <ele>998.332311</ele>
        <time>2026-09-17T08:27:21Z</time>
      </trkpt>
      <trkpt lat="46.094445968046784" lon="11.621146984398365">
        <ele>996.406475</ele>
        <time>2026-09-17T08:27:24Z</time>
      </trkpt>
      <trkpt lat="46.094088982790709" lon="11.621215967461467">
        <ele>993.22077000000002</ele>
        <time>2026-09-17T08:27:28Z</time>
      </trkpt>
      <trkpt lat="46.093670977279544" lon="11.621185038238764">
        <ele>989.12593900000002</ele>
        <time>2026-09-17T08:27:33Z</time>
      </trkpt>
      <trkpt lat="46.09336000867188" lon="11.621147990226746">
        <ele>985.82621800000004</ele>
        <time>2026-09-17T08:27:37Z</time>
      </trkpt>
      <trkpt lat="46.0931880120188" lon="11.62105000577867">
        <ele>983.87064299999997</ele>
        <time>2026-09-17T08:27:39Z</time>
      </trkpt>
      <trkpt lat="46.092808982357383" lon="11.62105000577867">
        <ele>979.86305700000003</ele>
        <time>2026-09-17T08:27:43Z</time>
      </trkpt>
      <trkpt lat="46.092349989339709" lon="11.620967024937272">
        <ele>974.97152800000003</ele>
        <time>2026-09-17T08:27:49Z</time>
      </trkpt>
      <trkpt lat="46.091798963025212" lon="11.620992003008723">
        <ele>969.59492799999998</ele>
        <time>2026-09-17T08:27:55Z</time>
      </trkpt>
      <trkpt lat="46.091592013835907" lon="11.62102997303009">
        <ele>967.68504099999996</ele>
        <time>2026-09-17T08:27:58Z</time>
      </trkpt>
      <trkpt lat="46.091080969199538" lon="11.621274976059794">
        <ele>962.75627799999995</ele>
        <time>2026-09-17T08:28:04Z</time>
      </trkpt>
      <trkpt lat="46.090946020558476" lon="11.621315041556954">
        <ele>961.49485600000003</ele>
        <time>2026-09-17T08:28:06Z</time>
      </trkpt>
      <trkpt lat="46.090731024742126" lon="11.621315041556954">
        <ele>959.52703899999995</ele>
        <time>2026-09-17T08:28:09Z</time>
      </trkpt>
      <trkpt lat="46.089915968477726" lon="11.621604971587658">
        <ele>951.866806</ele>
        <time>2026-09-17T08:28:19Z</time>
      </trkpt>
      <trkpt lat="46.089531993493438" lon="11.621596002951264">
        <ele>948.37091399999997</ele>
        <time>2026-09-17T08:28:24Z</time>
      </trkpt>
      <trkpt lat="46.089293025434017" lon="11.621640007942915">
        <ele>946.17771100000004</ele>
        <time>2026-09-17T08:28:27Z</time>
      </trkpt>
      <trkpt lat="46.088746022433043" lon="11.62163196131587">
        <ele>941.19828700000005</ele>
        <time>2026-09-17T08:28:33Z</time>
      </trkpt>
      <trkpt lat="46.088481992483139" lon="11.621579993516207">
        <ele>938.89250400000003</ele>
        <time>2026-09-17T08:28:36Z</time>
      </trkpt>
      <trkpt lat="46.087976982817054" lon="11.621364997699857">
        <ele>934.73550499999999</ele>
        <time>2026-09-17T08:28:43Z</time>
      </trkpt>
      <trkpt lat="46.087717982009053" lon="11.621405985206366">
        <ele>932.67848600000002</ele>
        <time>2026-09-17T08:28:46Z</time>
      </trkpt>
      <trkpt lat="46.087339036166668" lon="11.621364997699857">
        <ele>929.67797900000005</ele>
        <time>2026-09-17T08:28:51Z</time>
      </trkpt>
      <trkpt lat="46.087047010660172" lon="11.621148996055126">
        <ele>927.08703300000002</ele>
        <time>2026-09-17T08:28:55Z</time>
      </trkpt>
      <trkpt lat="46.086741993203759" lon="11.621141033247113">
        <ele>924.78160700000001</ele>
        <time>2026-09-17T08:28:59Z</time>
      </trkpt>
      <trkpt lat="46.086289035156369" lon="11.620859988033772">
        <ele>921.39150600000005</ele>
        <time>2026-09-17T08:29:05Z</time>
      </trkpt>
      <trkpt lat="46.086064986884594" lon="11.62083500996232">
        <ele>919.84702400000003</ele>
        <time>2026-09-17T08:29:08Z</time>
      </trkpt>
      <trkpt lat="46.085594007745385" lon="11.620868034660816">
        <ele>916.60533999999996</ele>
        <time>2026-09-17T08:29:14Z</time>
      </trkpt>
      <trkpt lat="46.08523802831769" lon="11.620950009673834">
        <ele>914.12700299999995</ele>
        <time>2026-09-17T08:29:19Z</time>
      </trkpt>
      <trkpt lat="46.085155969485641" lon="11.620939029380679">
        <ele>913.56086400000004</ele>
        <time>2026-09-17T08:29:20Z</time>
      </trkpt>
      <trkpt lat="46.084641991183162" lon="11.620702994987369">
        <ele>908.72892999999999</ele>
        <time>2026-09-17T08:29:26Z</time>
      </trkpt>
      <trkpt lat="46.084365975111723" lon="11.620611967518926">
        <ele>906.11123699999996</ele>
        <time>2026-09-17T08:29:30Z</time>
      </trkpt>
      <trkpt lat="46.084045032039285" lon="11.620661001652479">
        <ele>903.12677599999995</ele>
        <time>2026-09-17T08:29:34Z</time>
      </trkpt>
      <trkpt lat="46.083729034289718" lon="11.620759991928935">
        <ele>900.13694799999996</ele>
        <time>2026-09-17T08:29:37Z</time>
      </trkpt>
      <trkpt lat="46.08293803408742" lon="11.620697965845466">
        <ele>893.33326899999997</ele>
        <time>2026-09-17T08:29:47Z</time>
      </trkpt>
      <trkpt lat="46.082867961376905" lon="11.620644992217422">
        <ele>892.70599200000004</ele>
        <time>2026-09-17T08:29:48Z</time>
      </trkpt>
      <trkpt lat="46.082609966397285" lon="11.620570980012417">
        <ele>890.61901399999999</ele>
        <time>2026-09-17T08:29:51Z</time>
      </trkpt>
      <trkpt lat="46.082464959472418" lon="11.620636023581028">
        <ele>889.41431899999998</ele>
        <time>2026-09-17T08:29:53Z</time>
      </trkpt>
      <trkpt lat="46.082262033596635" lon="11.620854958891869">
        <ele>887.40282000000002</ele>
        <time>2026-09-17T08:29:56Z</time>
      </trkpt>
      <trkpt lat="46.081963973119855" lon="11.621052017435431">
        <ele>884.80191500000001</ele>
        <time>2026-09-17T08:30:00Z</time>
      </trkpt>
      <trkpt lat="46.081708995625377" lon="11.62107196636498">
        <ele>882.77585899999997</ele>
        <time>2026-09-17T08:30:03Z</time>
      </trkpt>
      <trkpt lat="46.081448988988996" lon="11.62102703936398">
        <ele>881.43349799999999</ele>
        <time>2026-09-17T08:30:07Z</time>
      </trkpt>
      <trkpt lat="46.081325020641088" lon="11.621105996891856">
        <ele>880.88082899999995</ele>
        <time>2026-09-17T08:30:09Z</time>
      </trkpt>
      <trkpt lat="46.081145983189344" lon="11.621369021013379">
        <ele>879.83891400000005</ele>
        <time>2026-09-17T08:30:13Z</time>
      </trkpt>
      <trkpt lat="46.080936016514897" lon="11.621492989361286">
        <ele>878.91378399999996</ele>
        <time>2026-09-17T08:30:17Z</time>
      </trkpt>
      <trkpt lat="46.0806630179286" lon="11.621455019339919">
        <ele>877.79567199999997</ele>
        <time>2026-09-17T08:30:21Z</time>
      </trkpt>
      <trkpt lat="46.080224979668856" lon="11.621485026553273">
        <ele>876.00806799999998</ele>
        <time>2026-09-17T08:30:27Z</time>
      </trkpt>
      <trkpt lat="46.080026999115944" lon="11.621375977993011">
        <ele>875.14403500000003</ele>
        <time>2026-09-17T08:30:30Z</time>
      </trkpt>
      <trkpt lat="46.079574041068554" lon="11.620984962210059">
        <ele>870.35094100000003</ele>
        <time>2026-09-17T08:30:36Z</time>
      </trkpt>
      <trkpt lat="46.079407995566726" lon="11.620904998853803">
        <ele>868.63858800000003</ele>
        <time>2026-09-17T08:30:39Z</time>
      </trkpt>
      <trkpt lat="46.079234993085265" lon="11.620815983042121">
        <ele>866.84155599999997</ele>
        <time>2026-09-17T08:30:41Z</time>
      </trkpt>
      <trkpt lat="46.079043969511986" lon="11.620766026899219">
        <ele>864.94240500000001</ele>
        <time>2026-09-17T08:30:43Z</time>
      </trkpt>
      <trkpt lat="46.078609032556415" lon="11.620777007192373">
        <ele>860.68605600000001</ele>
        <time>2026-09-17T08:30:48Z</time>
      </trkpt>
      <trkpt lat="46.078104022890329" lon="11.620866023004055">
        <ele>855.48921399999995</ele>
        <time>2026-09-17T08:30:54Z</time>
      </trkpt>
      <trkpt lat="46.077742008492351" lon="11.620846996083856">
        <ele>851.45067700000004</ele>
        <time>2026-09-17T08:30:58Z</time>
      </trkpt>
      <trkpt lat="46.077214032411575" lon="11.620925031602383">
        <ele>845.53328699999997</ele>
        <time>2026-09-17T08:31:05Z</time>
      </trkpt>
      <trkpt lat="46.076912032440305" lon="11.620882032439113">
        <ele>842.14996900000006</ele>
        <time>2026-09-17T08:31:08Z</time>
      </trkpt>
      <trkpt lat="46.076686978340149" lon="11.621008012443781">
        <ele>839.45886399999995</ele>
        <time>2026-09-17T08:31:11Z</time>
      </trkpt>
      <trkpt lat="46.076409034430981" lon="11.621110020205379">
        <ele>836.25396699999999</ele>
        <time>2026-09-17T08:31:14Z</time>
      </trkpt>
      <trkpt lat="46.07610896229744" lon="11.621424006298184">
        <ele>832.09200999999996</ele>
        <time>2026-09-17T08:31:19Z</time>
      </trkpt>
      <trkpt lat="46.075728004798293" lon="11.621645037084818">
        <ele>827.48156600000004</ele>
        <time>2026-09-17T08:31:24Z</time>
      </trkpt>
      <trkpt lat="46.075520971789956" lon="11.621742015704513">
        <ele>825.03805499999999</ele>
        <time>2026-09-17T08:31:26Z</time>
      </trkpt>
      <trkpt lat="46.07501202262938" lon="11.62188702262938">
        <ele>819.213435</ele>
        <time>2026-09-17T08:31:32Z</time>
      </trkpt>
      <trkpt lat="46.074377009645104" lon="11.622044015675783">
        <ele>812.388867</ele>
        <time>2026-09-17T08:31:40Z</time>
      </trkpt>
      <trkpt lat="46.074094958603382" lon="11.622053990140557">
        <ele>809.47774800000002</ele>
        <time>2026-09-17T08:31:43Z</time>
      </trkpt>
      <trkpt lat="46.073821960017085" lon="11.622019037604332">
        <ele>806.64926700000001</ele>
        <time>2026-09-17T08:31:47Z</time>
      </trkpt>
      <trkpt lat="46.07355197891593" lon="11.621934967115521">
        <ele>803.79870900000003</ele>
        <time>2026-09-17T08:31:50Z</time>
      </trkpt>
      <trkpt lat="46.073300018906593" lon="11.62180102430284">
        <ele>801.02676299999996</ele>
        <time>2026-09-17T08:31:53Z</time>
      </trkpt>
      <trkpt lat="46.073155011981726" lon="11.621645037084818">
        <ele>799.15952100000004</ele>
        <time>2026-09-17T08:31:55Z</time>
      </trkpt>
      <trkpt lat="46.07293096370995" lon="11.621557027101517">
        <ele>797.24642200000005</ele>
        <time>2026-09-17T08:31:58Z</time>
      </trkpt>
      <trkpt lat="46.07269199565053" lon="11.621430963277817">
        <ele>795.36114599999996</ele>
        <time>2026-09-17T08:32:01Z</time>
      </trkpt>
      <trkpt lat="46.0724569670856" lon="11.621053023263812">
        <ele>792.75251000000003</ele>
        <time>2026-09-17T08:32:05Z</time>
      </trkpt>
      <trkpt lat="46.072353031486273" lon="11.620886977761984">
        <ele>791.60295699999995</ele>
        <time>2026-09-17T08:32:07Z</time>
      </trkpt>
      <trkpt lat="46.072181034833193" lon="11.620757980272174">
        <ele>790.16657599999996</ele>
        <time>2026-09-17T08:32:09Z</time>
      </trkpt>
      <trkpt lat="46.072038961574435" lon="11.620657984167337">
        <ele>788.99577099999999</ele>
        <time>2026-09-17T08:32:11Z</time>
      </trkpt>
      <trkpt lat="46.071766968816519" lon="11.620544996112585">
        <ele>786.89870499999995</ele>
        <time>2026-09-17T08:32:14Z</time>
      </trkpt>
      <trkpt lat="46.071592960506678" lon="11.620509959757328">
        <ele>785.59717999999998</ele>
        <time>2026-09-17T08:32:17Z</time>
      </trkpt>
      <trkpt lat="46.071426998823881" lon="11.620591012760997">
        <ele>785.57888700000001</ele>
        <time>2026-09-17T08:32:19Z</time>
      </trkpt>
      <trkpt lat="46.071290960535407" lon="11.620697965845466">
        <ele>786.15677500000004</ele>
        <time>2026-09-17T08:32:21Z</time>
      </trkpt>
      <trkpt lat="46.071270005777478" lon="11.620621019974351">
        <ele>786.370859</ele>
        <time>2026-09-17T08:32:22Z</time>
      </trkpt>
      <trkpt lat="46.071102032437921" lon="11.620240984484553">
        <ele>787.53681600000004</ele>
        <time>2026-09-17T08:32:28Z</time>
      </trkpt>
      <trkpt lat="46.070989966392517" lon="11.620035963132977">
        <ele>788.21200499999998</ele>
        <time>2026-09-17T08:32:32Z</time>
      </trkpt>
      <trkpt lat="46.07077999971807" lon="11.619786014780402">
        <ele>789.22785399999998</ele>
        <time>2026-09-17T08:32:42Z</time>
      </trkpt>
      <trkpt lat="46.070239031687379" lon="11.61924596875906">
        <ele>791.68222800000001</ele>
        <time>2026-09-17T08:33:17Z</time>
      </trkpt>
      <trkpt lat="46.069562025368214" lon="11.618398977443576">
        <ele>800.04466100000002</ele>
        <time>2026-09-17T08:34:21Z</time>
      </trkpt>
      <trkpt lat="46.069400003179908" lon="11.618235027417541">
        <ele>801.95310199999994</ele>
        <time>2026-09-17T08:34:35Z</time>
      </trkpt>
      <trkpt lat="46.06929698958993" lon="11.618171995505691">
        <ele>803.03175899999997</ele>
        <time>2026-09-17T08:34:42Z</time>
      </trkpt>
      <trkpt lat="46.069101020693779" lon="11.618160009384155">
        <ele>804.92296299999998</ele>
        <time>2026-09-17T08:34:55Z</time>
      </trkpt>
      <trkpt lat="46.068365005776286" lon="11.618462009355426">
        <ele>809.880899</ele>
        <time>2026-09-17T08:35:32Z</time>
      </trkpt>
      <trkpt lat="46.06828898191452" lon="11.618533004075289">
        <ele>810.07305699999995</ele>
        <time>2026-09-17T08:35:35Z</time>
      </trkpt>
      <trkpt lat="46.068041967228055" lon="11.618902981281281">
        <ele>810.82889299999999</ele>
        <time>2026-09-17T08:35:44Z</time>
      </trkpt>
      <trkpt lat="46.067951023578644" lon="11.61898504011333">
        <ele>811.05659500000002</ele>
        <time>2026-09-17T08:35:46Z</time>
      </trkpt>
      <trkpt lat="46.067841975018382" lon="11.619019992649555">
        <ele>811.29353000000003</ele>
        <time>2026-09-17T08:35:48Z</time>
      </trkpt>
      <trkpt lat="46.06751399114728" lon="11.618917984887958">
        <ele>812.00546199999997</ele>
        <time>2026-09-17T08:35:53Z</time>
      </trkpt>
      <trkpt lat="46.067352974787354" lon="11.618910022079945">
        <ele>812.34725900000001</ele>
        <time>2026-09-17T08:35:56Z</time>
      </trkpt>
      <trkpt lat="46.066760038957" lon="11.619059974327683">
        <ele>813.95421099999999</ele>
        <time>2026-09-17T08:36:06Z</time>
      </trkpt>
      <trkpt lat="46.066647972911596" lon="11.619072966277599">
        <ele>814.32135000000005</ele>
        <time>2026-09-17T08:36:08Z</time>
      </trkpt>
      <trkpt lat="46.066524004563689" lon="11.619041031226516">
        <ele>814.73295800000005</ele>
        <time>2026-09-17T08:36:11Z</time>
      </trkpt>
      <trkpt lat="46.066434988752007" lon="11.61894497461617">
        <ele>815.096182</ele>
        <time>2026-09-17T08:36:15Z</time>
      </trkpt>
      <trkpt lat="46.066107004880905" lon="11.618447005748749">
        <ele>816.65284699999995</ele>
        <time>2026-09-17T08:36:31Z</time>
      </trkpt>
      <trkpt lat="46.065811039879918" lon="11.617766981944442">
        <ele>818.47271899999998</ele>
        <time>2026-09-17T08:36:54Z</time>
      </trkpt>
      <trkpt lat="46.065769968554378" lon="11.617443021386862">
        <ele>819.24695999999994</ele>
        <time>2026-09-17T08:37:04Z</time>
      </trkpt>
      <trkpt lat="46.065808022394776" lon="11.617149990051985">
        <ele>819.97956899999997</ele>
        <time>2026-09-17T08:37:13Z</time>
      </trkpt>
      <trkpt lat="46.066023018211126" lon="11.616724021732807">
        <ele>821.27428899999995</ele>
        <time>2026-09-17T08:37:28Z</time>
      </trkpt>
      <trkpt lat="46.066217981278896" lon="11.616352032870054">
        <ele>822.42019000000005</ele>
        <time>2026-09-17T08:37:39Z</time>
      </trkpt>
      <trkpt lat="46.066444963216782" lon="11.615919023752213">
        <ele>823.75404300000002</ele>
        <time>2026-09-17T08:37:50Z</time>
      </trkpt>
      <trkpt lat="46.066669011488557" lon="11.615277975797653">
        <ele>825.37056900000005</ele>
        <time>2026-09-17T08:38:01Z</time>
      </trkpt>
      <trkpt lat="46.066731959581375" lon="11.615099022164941">
        <ele>825.57886099999996</ele>
        <time>2026-09-17T08:38:04Z</time>
      </trkpt>
      <trkpt lat="46.067152982577682" lon="11.61428396590054">
        <ele>826.63329999999996</ele>
        <time>2026-09-17T08:38:19Z</time>
      </trkpt>
      <trkpt lat="46.067436961457133" lon="11.613633027300239">
        <ele>827.43132200000002</ele>
        <time>2026-09-17T08:38:33Z</time>
      </trkpt>
      <trkpt lat="46.067655980587006" lon="11.613084012642503">
        <ele>828.16509900000005</ele>
        <time>2026-09-17T08:38:44Z</time>
      </trkpt>
      <trkpt lat="46.067717000842094" lon="11.61284202709794">
        <ele>828.58342800000003</ele>
        <time>2026-09-17T08:38:48Z</time>
      </trkpt>
      <trkpt lat="46.067767962813377" lon="11.612838003784418">
        <ele>828.703034</ele>
        <time>2026-09-17T08:38:50Z</time>
      </trkpt>
      <trkpt lat="46.067789001390338" lon="11.61279902793467">
        <ele>828.78324299999997</ele>
        <time>2026-09-17T08:38:51Z</time>
      </trkpt>
      <trkpt lat="46.06835100799799" lon="11.611324986442924">
        <ele>831.51587099999995</ele>
        <time>2026-09-17T08:39:31Z</time>
      </trkpt>
      <trkpt lat="46.068494003266096" lon="11.611019968986511">
        <ele>832.11394600000006</ele>
        <time>2026-09-17T08:39:39Z</time>
      </trkpt>
      <trkpt lat="46.068557035177946" lon="11.610877979546785">
        <ele>832.354196</ele>
        <time>2026-09-17T08:39:42Z</time>
      </trkpt>
      <trkpt lat="46.068692989647388" lon="11.610566005110741">
        <ele>832.86255300000005</ele>
        <time>2026-09-17T08:39:51Z</time>
      </trkpt>
      <trkpt lat="46.068775970488787" lon="11.610334999859333">
        <ele>833.22145499999999</ele>
        <time>2026-09-17T08:39:57Z</time>
      </trkpt>
      <trkpt lat="46.068884013220668" lon="11.610030988231301">
        <ele>833.69265499999995</ele>
        <time>2026-09-17T08:40:04Z</time>
      </trkpt>
      <trkpt lat="46.068901028484106" lon="11.609971979632974">
        <ele>833.78079500000001</ele>
        <time>2026-09-17T08:40:06Z</time>
      </trkpt>
      <trkpt lat="46.068978980183601" lon="11.609678026288748">
        <ele>834.21505500000001</ele>
        <time>2026-09-17T08:40:13Z</time>
      </trkpt>
      <trkpt lat="46.068989960476756" lon="11.609623041003942">
        <ele>834.29402500000003</ele>
        <time>2026-09-17T08:40:14Z</time>
      </trkpt>
      <trkpt lat="46.069064978510141" lon="11.609117025509477">
        <ele>835.00787600000001</ele>
        <time>2026-09-17T08:40:25Z</time>
      </trkpt>
      <trkpt lat="46.069072019308805" lon="11.609047036617994">
        <ele>835.10544900000002</ele>
        <time>2026-09-17T08:40:26Z</time>
      </trkpt>
      <trkpt lat="46.069069001823664" lon="11.609020968899131">
        <ele>835.14181199999996</ele>
        <time>2026-09-17T08:40:26Z</time>
      </trkpt>
      <trkpt lat="46.069006975740194" lon="11.608655015006661">
        <ele>835.66159400000004</ele>
        <time>2026-09-17T08:40:34Z</time>
      </trkpt>
      <trkpt lat="46.068948972970247" lon="11.608339017257094">
        <ele>836.06399499999998</ele>
        <time>2026-09-17T08:40:41Z</time>
      </trkpt>
      <trkpt lat="46.068942015990615" lon="11.608289983123541">
        <ele>836.12397599999997</ele>
        <time>2026-09-17T08:40:42Z</time>
      </trkpt>
      <trkpt lat="46.06893296353519" lon="11.607884969562292">
        <ele>836.60980099999995</ele>
        <time>2026-09-17T08:40:51Z</time>
      </trkpt>
      <trkpt lat="46.068874960765243" lon="11.607510969042778">
        <ele>837.06927499999995</ele>
        <time>2026-09-17T08:40:58Z</time>
      </trkpt>
      <trkpt lat="46.06884403154254" lon="11.607090029865503">
        <ele>837.57686999999999</ele>
        <time>2026-09-17T08:41:06Z</time>
      </trkpt>
      <trkpt lat="46.068860962986946" lon="11.606967989355326">
        <ele>837.72606399999995</ele>
        <time>2026-09-17T08:41:09Z</time>
      </trkpt>
      <trkpt lat="46.068870015442371" lon="11.606882996857166">
        <ele>837.82915500000001</ele>
        <time>2026-09-17T08:41:10Z</time>
      </trkpt>
      <trkpt lat="46.068872027099133" lon="11.606860030442476">
        <ele>837.85694699999999</ele>
        <time>2026-09-17T08:41:11Z</time>
      </trkpt>
      <trkpt lat="46.069004964083433" lon="11.606386033818126">
        <ele>838.46996799999999</ele>
        <time>2026-09-17T08:41:21Z</time>
      </trkpt>
      <trkpt lat="46.069180984050035" lon="11.605907008051872">
        <ele>839.45090500000003</ele>
        <time>2026-09-17T08:41:34Z</time>
      </trkpt>
      <trkpt lat="46.069195987656713" lon="11.605568965896964">
        <ele>840.35523000000001</ele>
        <time>2026-09-17T08:41:42Z</time>
      </trkpt>
      <trkpt lat="46.069180984050035" lon="11.605266965925694">
        <ele>841.16365199999996</ele>
        <time>2026-09-17T08:41:50Z</time>
      </trkpt>
      <trkpt lat="46.069136979058385" lon="11.604544026777148">
        <ele>843.10151900000005</ele>
        <time>2026-09-17T08:42:10Z</time>
      </trkpt>
      <trkpt lat="46.069166986271739" lon="11.603857968002558">
        <ele>844.93681700000002</ele>
        <time>2026-09-17T08:42:31Z</time>
      </trkpt>
      <trkpt lat="46.069013010710478" lon="11.60291600972414">
        <ele>848.22815600000001</ele>
        <time>2026-09-17T08:43:00Z</time>
      </trkpt>
      <trkpt lat="46.069037988781929" lon="11.602397002279758">
        <ele>850.17904699999997</ele>
        <time>2026-09-17T08:43:16Z</time>
      </trkpt>
      <trkpt lat="46.069248961284757" lon="11.601705998182297">
        <ele>853.01010099999996</ele>
        <time>2026-09-17T08:43:44Z</time>
      </trkpt>
      <trkpt lat="46.069300007075071" lon="11.601546993479133">
        <ele>853.66697099999999</ele>
        <time>2026-09-17T08:43:50Z</time>
      </trkpt>
      <trkpt lat="46.069412995129824" lon="11.601276006549597">
        <ele>854.85260800000003</ele>
        <time>2026-09-17T08:44:00Z</time>
      </trkpt>
      <trkpt lat="46.069607958197594" lon="11.600981969386339">
        <ele>856.40997000000004</ele>
        <time>2026-09-17T08:44:12Z</time>
      </trkpt>
      <trkpt lat="46.069823037832975" lon="11.600593971088529">
        <ele>858.339743</ele>
        <time>2026-09-17T08:44:28Z</time>
      </trkpt>
      <trkpt lat="46.069884980097413" lon="11.600367994979024">
        <ele>859.28419799999995</ele>
        <time>2026-09-17T08:44:36Z</time>
      </trkpt>
      <trkpt lat="46.069838041439652" lon="11.600241009145975">
        <ele>859.84357499999999</ele>
        <time>2026-09-17T08:44:40Z</time>
      </trkpt>
      <trkpt lat="46.069915993139148" lon="11.600032970309258">
        <ele>860.76243199999999</ele>
        <time>2026-09-17T08:44:47Z</time>
      </trkpt>
      <trkpt lat="46.070020012557507" lon="11.599585963413119">
        <ele>862.59464600000001</ele>
        <time>2026-09-17T08:45:01Z</time>
      </trkpt>
      <trkpt lat="46.070052031427622" lon="11.599314976483583">
        <ele>863.66295200000002</ele>
        <time>2026-09-17T08:45:08Z</time>
      </trkpt>
      <trkpt lat="46.070081032812595" lon="11.598541997373104">
        <ele>867.60204899999997</ele>
        <time>2026-09-17T08:45:30Z</time>
      </trkpt>
      <trkpt lat="46.070101987570524" lon="11.597109027206898">
        <ele>877.87405200000001</ele>
        <time>2026-09-17T08:46:30Z</time>
      </trkpt>
      <trkpt lat="46.070084972307086" lon="11.596676018089056">
        <ele>880.98214700000005</ele>
        <time>2026-09-17T08:46:52Z</time>
      </trkpt>
      <trkpt lat="46.069999979808927" lon="11.59574001096189">
        <ele>888.842446</ele>
        <time>2026-09-17T08:47:47Z</time>
      </trkpt>
      <trkpt lat="46.070019006729126" lon="11.59522301517427">
        <ele>893.68183999999997</ele>
        <time>2026-09-17T08:48:20Z</time>
      </trkpt>
      <trkpt lat="46.070040967315435" lon="11.595100974664092">
        <ele>894.86011800000006</ele>
        <time>2026-09-17T08:48:28Z</time>
      </trkpt>
      <trkpt lat="46.070098970085382" lon="11.594770979136229">
        <ele>898.04220899999996</ele>
        <time>2026-09-17T08:48:48Z</time>
      </trkpt>
      <trkpt lat="46.07032997533679" lon="11.594007974490523">
        <ele>905.82377299999996</ele>
        <time>2026-09-17T08:49:32Z</time>
      </trkpt>
      <trkpt lat="46.070355037227273" lon="11.59393304027617">
        <ele>906.60154499999999</ele>
        <time>2026-09-17T08:49:37Z</time>
      </trkpt>
      <trkpt lat="46.070596016943455" lon="11.593156959861517">
        <ele>909.43467399999997</ele>
        <time>2026-09-17T08:50:14Z</time>
      </trkpt>
      <trkpt lat="46.071143019944429" lon="11.591706974431872">
        <ele>912.06838500000003</ele>
        <time>2026-09-17T08:50:40Z</time>
      </trkpt>
      <trkpt lat="46.071259025484324" lon="11.591430958360434">
        <ele>912.22895200000005</ele>
        <time>2026-09-17T08:50:42Z</time>
      </trkpt>
      <trkpt lat="46.071324991062284" lon="11.591327022761106">
        <ele>911.21643300000005</ele>
        <time>2026-09-17T08:50:43Z</time>
      </trkpt>
      <trkpt lat="46.071802005171776" lon="11.590855959802866">
        <ele>905.22953199999995</ele>
        <time>2026-09-17T08:50:49Z</time>
      </trkpt>
      <trkpt lat="46.072289999574423" lon="11.590625960379839">
        <ele>899.91323399999999</ele>
        <time>2026-09-17T08:50:55Z</time>
      </trkpt>
      <trkpt lat="46.072867009788752" lon="11.590203009545803">
        <ele>893.48117100000002</ele>
        <time>2026-09-17T08:51:01Z</time>
      </trkpt>
      <trkpt lat="46.073391968384385" lon="11.590032018721104">
        <ele>890.11361099999999</ele>
        <time>2026-09-17T08:51:07Z</time>
      </trkpt>
      <trkpt lat="46.073661027476192" lon="11.590029001235962">
        <ele>888.43051800000001</ele>
        <time>2026-09-17T08:51:10Z</time>
      </trkpt>
      <trkpt lat="46.074098981916904" lon="11.59013100899756">
        <ele>885.65456900000004</ele>
        <time>2026-09-17T08:51:15Z</time>
      </trkpt>
      <trkpt lat="46.074692001566291" lon="11.58989598043263">
        <ele>882.25541899999996</ele>
        <time>2026-09-17T08:51:23Z</time>
      </trkpt>
      <trkpt lat="46.075432039797306" lon="11.589416032657027">
        <ele>879.90833499999997</ele>
        <time>2026-09-17T08:51:34Z</time>
      </trkpt>
      <trkpt lat="46.07589497230947" lon="11.589051000773907">
        <ele>878.38198</ele>
        <time>2026-09-17T08:51:40Z</time>
      </trkpt>
      <trkpt lat="46.076052971184254" lon="11.588727962225676">
        <ele>877.58896900000002</ele>
        <time>2026-09-17T08:51:44Z</time>
      </trkpt>
      <trkpt lat="46.076070992276073" lon="11.588641963899136">
        <ele>877.42918699999996</ele>
        <time>2026-09-17T08:51:44Z</time>
      </trkpt>
      <trkpt lat="46.077000964432955" lon="11.583527997136116">
        <ele>874.62284799999998</ele>
        <time>2026-09-17T08:52:42Z</time>
      </trkpt>
      <trkpt lat="46.077005993574858" lon="11.583501007407904">
        <ele>874.59638800000005</ele>
        <time>2026-09-17T08:52:42Z</time>
      </trkpt>
      <trkpt lat="46.077170027419925" lon="11.582812014967203">
        <ele>873.90669700000001</ele>
        <time>2026-09-17T08:52:50Z</time>
      </trkpt>
      <trkpt lat="46.077339006587863" lon="11.582398032769561">
        <ele>873.45188199999996</ele>
        <time>2026-09-17T08:52:55Z</time>
      </trkpt>
      <trkpt lat="46.077618040144444" lon="11.581826973706484">
        <ele>872.79060100000004</ele>
        <time>2026-09-17T08:53:02Z</time>
      </trkpt>
      <trkpt lat="46.077991034835577" lon="11.581059023737907">
        <ele>871.75099699999998</ele>
        <time>2026-09-17T08:53:10Z</time>
      </trkpt>
      <trkpt lat="46.078047025948763" lon="11.580944024026394">
        <ele>871.56404199999997</ele>
        <time>2026-09-17T08:53:12Z</time>
      </trkpt>
      <trkpt lat="46.078223967924714" lon="11.580583015456796">
        <ele>870.97583499999996</ele>
        <time>2026-09-17T08:53:16Z</time>
      </trkpt>
      <trkpt lat="46.078927963972092" lon="11.579137975350022">
        <ele>868.88553000000002</ele>
        <time>2026-09-17T08:53:32Z</time>
      </trkpt>
      <trkpt lat="46.079090991988778" lon="11.578761963173747">
        <ele>869.05465300000003</ele>
        <time>2026-09-17T08:53:37Z</time>
      </trkpt>
      <trkpt lat="46.07945803552866" lon="11.57771397382021">
        <ele>869.50244299999997</ele>
        <time>2026-09-17T08:53:52Z</time>
      </trkpt>
      <trkpt lat="46.07989096082747" lon="11.576472027227283">
        <ele>872.14619500000003</ele>
        <time>2026-09-17T08:54:18Z</time>
      </trkpt>
      <trkpt lat="46.08001803047955" lon="11.57590901479125">
        <ele>874.58336299999996</ele>
        <time>2026-09-17T08:54:34Z</time>
      </trkpt>
      <trkpt lat="46.080462019890547" lon="11.572979036718607">
        <ele>885.96405200000004</ele>
        <time>2026-09-17T08:56:25Z</time>
      </trkpt>
      <trkpt lat="46.08047098852694" lon="11.572926985099912">
        <ele>886.15159100000005</ele>
        <time>2026-09-17T08:56:27Z</time>
      </trkpt>
      <trkpt lat="46.080535026267171" lon="11.572666978463531">
        <ele>887.11698000000001</ele>
        <time>2026-09-17T08:56:36Z</time>
      </trkpt>
      <trkpt lat="46.080675004050136" lon="11.572332037612796">
        <ele>888.48553700000002</ele>
        <time>2026-09-17T08:56:45Z</time>
      </trkpt>
      <trkpt lat="46.080735018476844" lon="11.572215026244521">
        <ele>888.994685</ele>
        <time>2026-09-17T08:56:47Z</time>
      </trkpt>
      <trkpt lat="46.081338012591004" lon="11.571449004113674">
        <ele>886.01183500000002</ele>
        <time>2026-09-17T08:56:56Z</time>
      </trkpt>
      <trkpt lat="46.08139299787581" lon="11.571384966373444">
        <ele>885.64820799999995</ele>
        <time>2026-09-17T08:56:57Z</time>
      </trkpt>
      <trkpt lat="46.08195198699832" lon="11.570715000852942">
        <ele>881.90828399999998</ele>
        <time>2026-09-17T08:57:05Z</time>
      </trkpt>
      <trkpt lat="46.082151979207993" lon="11.570407971739769">
        <ele>880.40532700000006</ele>
        <time>2026-09-17T08:57:08Z</time>
      </trkpt>
      <trkpt lat="46.082308972254395" lon="11.570034977048635">
        <ele>879.83704399999999</ele>
        <time>2026-09-17T08:57:12Z</time>
      </trkpt>
      <trkpt lat="46.082528997212648" lon="11.569309020414948">
        <ele>878.92020300000001</ele>
        <time>2026-09-17T08:57:20Z</time>
      </trkpt>
      <trkpt lat="46.08257400803268" lon="11.568954968824983">
        <ele>878.50371500000006</ele>
        <time>2026-09-17T08:57:27Z</time>
      </trkpt>
      <trkpt lat="46.082493038848042" lon="11.568062966689467">
        <ele>877.46264299999996</ele>
        <time>2026-09-17T08:57:37Z</time>
      </trkpt>
      <trkpt lat="46.082404023036361" lon="11.56744597479701">
        <ele>875.992797</ele>
        <time>2026-09-17T08:57:43Z</time>
      </trkpt>
      <trkpt lat="46.082297991961241" lon="11.566896038129926">
        <ele>874.48482999999999</ele>
        <time>2026-09-17T08:57:48Z</time>
      </trkpt>
      <trkpt lat="46.08192902058363" lon="11.56600596383214">
        <ele>871.74572699999999</ele>
        <time>2026-09-17T08:57:56Z</time>
      </trkpt>
      <trkpt lat="46.081788036972284" lon="11.565669011324644">
        <ele>870.706053</ele>
        <time>2026-09-17T08:57:59Z</time>
      </trkpt>
      <trkpt lat="46.081507997587323" lon="11.564977001398802">
        <ele>867.06998399999998</ele>
        <time>2026-09-17T08:58:06Z</time>
      </trkpt>
      <trkpt lat="46.081449994817376" lon="11.564750019460917">
        <ele>865.91179899999997</ele>
        <time>2026-09-17T08:58:08Z</time>
      </trkpt>
      <trkpt lat="46.0814159642905" lon="11.564505016431212">
        <ele>864.71557900000005</ele>
        <time>2026-09-17T08:58:10Z</time>
      </trkpt>
      <trkpt lat="46.081474972888827" lon="11.560701979324222">
        <ele>845.05432699999994</ele>
        <time>2026-09-17T08:58:38Z</time>
      </trkpt>
      <trkpt lat="46.08147899620235" lon="11.560578010976315">
        <ele>844.38539500000002</ele>
        <time>2026-09-17T08:58:39Z</time>
      </trkpt>
      <trkpt lat="46.081487964838743" lon="11.560171991586685">
        <ele>842.39646700000003</ele>
        <time>2026-09-17T08:58:42Z</time>
      </trkpt>
      <trkpt lat="46.081487964838743" lon="11.559740994125605">
        <ele>840.32157500000005</ele>
        <time>2026-09-17T08:58:46Z</time>
      </trkpt>
      <trkpt lat="46.081440020352602" lon="11.559446034952998">
        <ele>838.86285299999997</ele>
        <time>2026-09-17T08:58:48Z</time>
      </trkpt>
      <trkpt lat="46.081408001482487" lon="11.559328017756343">
        <ele>838.25291300000004</ele>
        <time>2026-09-17T08:58:49Z</time>
      </trkpt>
      <trkpt lat="46.081108013167977" lon="11.558587979525328">
        <ele>834.12659299999996</ele>
        <time>2026-09-17T08:58:56Z</time>
      </trkpt>
      <trkpt lat="46.081082029268146" lon="11.558526959270239">
        <ele>833.78191700000002</ele>
        <time>2026-09-17T08:58:56Z</time>
      </trkpt>
      <trkpt lat="46.080958982929587" lon="11.558241974562407">
        <ele>832.16597899999999</ele>
        <time>2026-09-17T08:58:59Z</time>
      </trkpt>
      <trkpt lat="46.080644996836782" lon="11.557481987401843">
        <ele>828.07867999999996</ele>
        <time>2026-09-17T08:59:05Z</time>
      </trkpt>
      <trkpt lat="46.080579031258821" lon="11.55717303045094">
        <ele>826.594604</ele>
        <time>2026-09-17T08:59:08Z</time>
      </trkpt>
      <trkpt lat="46.0805559810251" lon="11.557011008262634">
        <ele>825.83558400000004</ele>
        <time>2026-09-17T08:59:09Z</time>
      </trkpt>
      <trkpt lat="46.080504013225436" lon="11.556476997211576">
        <ele>823.36040600000001</ele>
        <time>2026-09-17T08:59:13Z</time>
      </trkpt>
      <trkpt lat="46.08042798936367" lon="11.55569395981729">
        <ele>819.73129600000004</ele>
        <time>2026-09-17T08:59:19Z</time>
      </trkpt>
      <trkpt lat="46.080302009359002" lon="11.554515967145562">
        <ele>816.08493799999997</ele>
        <time>2026-09-17T08:59:29Z</time>
      </trkpt>
      <trkpt lat="46.080262027680874" lon="11.554052028805017">
        <ele>814.66044399999998</ele>
        <time>2026-09-17T08:59:33Z</time>
      </trkpt>
      <trkpt lat="46.08025498688221" lon="11.553915990516543">
        <ele>814.24496899999997</ele>
        <time>2026-09-17T08:59:34Z</time>
      </trkpt>
      <trkpt lat="46.080250963568687" lon="11.553882965818048">
        <ele>814.14290800000003</ele>
        <time>2026-09-17T08:59:35Z</time>
      </trkpt>
      <trkpt lat="46.080221962183714" lon="11.553550958633423">
        <ele>813.12345100000005</ele>
        <time>2026-09-17T08:59:37Z</time>
      </trkpt>
      <trkpt lat="46.080179968848825" lon="11.553216017782688">
        <ele>812.08630400000004</ele>
        <time>2026-09-17T08:59:40Z</time>
      </trkpt>
      <trkpt lat="46.079992968589067" lon="11.553277038037777">
        <ele>811.27566000000002</ele>
        <time>2026-09-17T08:59:43Z</time>
      </trkpt>
      <trkpt lat="46.079918034374714" lon="11.553345015272498">
        <ele>810.90907900000002</ele>
        <time>2026-09-17T08:59:44Z</time>
      </trkpt>
      <trkpt lat="46.079642018303275" lon="11.553437970578671">
        <ele>809.73634700000002</ele>
        <time>2026-09-17T08:59:47Z</time>
      </trkpt>
      <trkpt lat="46.079304981976748" lon="11.553827980533242">
        <ele>807.94831899999997</ele>
        <time>2026-09-17T08:59:52Z</time>
      </trkpt>
      <trkpt lat="46.079129967838526" lon="11.554127968847752">
        <ele>806.82332499999995</ele>
        <time>2026-09-17T08:59:56Z</time>
      </trkpt>
      <trkpt lat="46.079001976177096" lon="11.554271969944239">
        <ele>806.15154800000005</ele>
        <time>2026-09-17T08:59:58Z</time>
      </trkpt>
      <trkpt lat="46.078870967030525" lon="11.554382024332881">
        <ele>805.52429299999994</ele>
        <time>2026-09-17T09:00:00Z</time>
      </trkpt>
      <trkpt lat="46.078724032267928" lon="11.554444972425699">
        <ele>804.889771</ele>
        <time>2026-09-17T09:00:01Z</time>
      </trkpt>
      <trkpt lat="46.078610038384795" lon="11.554427035152912">
        <ele>804.41527399999995</ele>
        <time>2026-09-17T09:00:03Z</time>
      </trkpt>
      <trkpt lat="46.078486992046237" lon="11.554333996027708">
        <ele>803.40380500000003</ele>
        <time>2026-09-17T09:00:04Z</time>
      </trkpt>
      <trkpt lat="46.078116009011865" lon="11.553680961951613">
        <ele>798.88223000000005</ele>
        <time>2026-09-17T09:00:11Z</time>
      </trkpt>
      <trkpt lat="46.077834041789174" lon="11.553082996979356">
        <ele>795.00867300000004</ele>
        <time>2026-09-17T09:00:17Z</time>
      </trkpt>
      <trkpt lat="46.077701020985842" lon="11.552881998941302">
        <ele>793.52062899999999</ele>
        <time>2026-09-17T09:00:19Z</time>
      </trkpt>
      <trkpt lat="46.077472027391195" lon="11.552624003961682">
        <ele>791.27617899999996</ele>
        <time>2026-09-17T09:00:22Z</time>
      </trkpt>
      <trkpt lat="46.077036000788212" lon="11.552400039508939">
        <ele>786.66961800000001</ele>
        <time>2026-09-17T09:00:26Z</time>
      </trkpt>
      <trkpt lat="46.076444992795587" lon="11.551713980734348">
        <ele>778.61323700000003</ele>
        <time>2026-09-17T09:00:34Z</time>
      </trkpt>
      <trkpt lat="46.076205018907785" lon="11.551485992968082">
        <ele>775.56141600000001</ele>
        <time>2026-09-17T09:00:37Z</time>
      </trkpt>
      <trkpt lat="46.075949035584927" lon="11.55135196633637">
        <ele>772.66965700000003</ele>
        <time>2026-09-17T09:00:40Z</time>
      </trkpt>
      <trkpt lat="46.075873011723161" lon="11.551250964403152">
        <ele>771.57213100000001</ele>
        <time>2026-09-17T09:00:41Z</time>
      </trkpt>
      <trkpt lat="46.075711995363235" lon="11.550885010510683">
        <ele>768.70801200000005</ele>
        <time>2026-09-17T09:00:44Z</time>
      </trkpt>
      <trkpt lat="46.075589032843709" lon="11.550506986677647">
        <ele>765.97150199999999</ele>
        <time>2026-09-17T09:00:47Z</time>
      </trkpt>
      <trkpt lat="46.075566988438368" lon="11.55034395866096">
        <ele>764.88313100000005</ele>
        <time>2026-09-17T09:00:49Z</time>
      </trkpt>
      <trkpt lat="46.075576962903142" lon="11.550176991149783">
        <ele>763.78450499999997</ele>
        <time>2026-09-17T09:00:50Z</time>
      </trkpt>
      <trkpt lat="46.075664972886443" lon="11.549895023927093">
        <ele>761.75781900000004</ele>
        <time>2026-09-17T09:00:52Z</time>
      </trkpt>
      <trkpt lat="46.07576496899128" lon="11.549720009788871">
        <ele>760.27180299999998</ele>
        <time>2026-09-17T09:00:54Z</time>
      </trkpt>
      <trkpt lat="46.07582800090313" lon="11.54967600479722">
        <ele>759.61039200000005</ele>
        <time>2026-09-17T09:00:55Z</time>
      </trkpt>
      <trkpt lat="46.076145004481077" lon="11.549604004248977">
        <ele>756.57839899999999</ele>
        <time>2026-09-17T09:00:58Z</time>
      </trkpt>
      <trkpt lat="46.07619202695787" lon="11.54954600147903">
        <ele>755.99384999999995</ele>
        <time>2026-09-17T09:00:59Z</time>
      </trkpt>
      <trkpt lat="46.076206024736166" lon="11.549458997324109">
        <ele>755.40849800000001</ele>
        <time>2026-09-17T09:00:59Z</time>
      </trkpt>
      <trkpt lat="46.076154978945851" lon="11.549325976520777">
        <ele>754.41248299999995</ele>
        <time>2026-09-17T09:01:01Z</time>
      </trkpt>
      <trkpt lat="46.07606596313417" lon="11.549197984859347">
        <ele>752.68449799999996</ele>
        <time>2026-09-17T09:01:02Z</time>
      </trkpt>
      <trkpt lat="46.075883992016315" lon="11.548998998478055">
        <ele>749.502745</ele>
        <time>2026-09-17T09:01:04Z</time>
      </trkpt>
      <trkpt lat="46.075544022023678" lon="11.548785008490086">
        <ele>744.33525099999997</ele>
        <time>2026-09-17T09:01:08Z</time>
      </trkpt>
      <trkpt lat="46.075152000412345" lon="11.548618962988257">
        <ele>738.64448300000004</ele>
        <time>2026-09-17T09:01:12Z</time>
      </trkpt>
      <trkpt lat="46.074871039018035" lon="11.548603037372231">
        <ele>734.72747000000004</ele>
        <time>2026-09-17T09:01:15Z</time>
      </trkpt>
      <trkpt lat="46.074081966653466" lon="11.548733040690422">
        <ele>724.87346700000001</ele>
        <time>2026-09-17T09:01:23Z</time>
      </trkpt>
      <trkpt lat="46.073993034660816" lon="11.54879598878324">
        <ele>723.78778499999999</ele>
        <time>2026-09-17T09:01:24Z</time>
      </trkpt>
      <trkpt lat="46.073933020234108" lon="11.548920040950179">
        <ele>722.63938099999996</ele>
        <time>2026-09-17T09:01:25Z</time>
      </trkpt>
      <trkpt lat="46.073729004710913" lon="11.54988999478519">
        <ele>714.93999199999996</ele>
        <time>2026-09-17T09:01:32Z</time>
      </trkpt>
      <trkpt lat="46.07368097640574" lon="11.549936011433601">
        <ele>714.308854</ele>
        <time>2026-09-17T09:01:33Z</time>
      </trkpt>
      <trkpt lat="46.073628002777696" lon="11.549906004220247">
        <ele>713.685382</ele>
        <time>2026-09-17T09:01:33Z</time>
      </trkpt>
      <trkpt lat="46.073607970029116" lon="11.549721015617251">
        <ele>712.26313100000004</ele>
        <time>2026-09-17T09:01:35Z</time>
      </trkpt>
      <trkpt lat="46.073603024706244" lon="11.548748966306448">
        <ele>706.64583100000004</ele>
        <time>2026-09-17T09:01:42Z</time>
      </trkpt>
      <trkpt lat="46.073630014434457" lon="11.548576969653368">
        <ele>705.80577300000004</ele>
        <time>2026-09-17T09:01:44Z</time>
      </trkpt>
      <trkpt lat="46.073693968355656" lon="11.548427017405629">
        <ele>704.966904</ele>
        <time>2026-09-17T09:01:45Z</time>
      </trkpt>
      <trkpt lat="46.07378801330924" lon="11.548316041007638">
        <ele>704.13251000000002</ele>
        <time>2026-09-17T09:01:47Z</time>
      </trkpt>
      <trkpt lat="46.074267039075494" lon="11.547971041873097">
        <ele>700.45565999999997</ele>
        <time>2026-09-17T09:01:53Z</time>
      </trkpt>
      <trkpt lat="46.074660988524556" lon="11.547600980848074">
        <ele>697.206683</ele>
        <time>2026-09-17T09:01:58Z</time>
      </trkpt>
      <trkpt lat="46.074688984081149" lon="11.547520011663437">
        <ele>696.55419500000005</ele>
        <time>2026-09-17T09:01:58Z</time>
      </trkpt>
      <trkpt lat="46.074657971039414" lon="11.547440970316529">
        <ele>695.89980700000001</ele>
        <time>2026-09-17T09:01:59Z</time>
      </trkpt>
      <trkpt lat="46.074615977704525" lon="11.547426972538233">
        <ele>695.45177999999999</ele>
        <time>2026-09-17T09:02:00Z</time>
      </trkpt>
      <trkpt lat="46.074112979695201" lon="11.547594023868442">
        <ele>690.08720400000004</ele>
        <time>2026-09-17T09:02:05Z</time>
      </trkpt>
      <trkpt lat="46.073998985812068" lon="11.547574996948242">
        <ele>688.89450299999999</ele>
        <time>2026-09-17T09:02:06Z</time>
      </trkpt>
      <trkpt lat="46.073995968326926" lon="11.547615984454751">
        <ele>688.59725400000002</ele>
        <time>2026-09-17T09:02:07Z</time>
      </trkpt>
      <trkpt lat="46.073905024677515" lon="11.547651020810008">
        <ele>687.61839899999995</ele>
        <time>2026-09-17T09:02:09Z</time>
      </trkpt>
      <trkpt lat="46.073812991380692" lon="11.547685973346233">
        <ele>686.62949900000001</ele>
        <time>2026-09-17T09:02:11Z</time>
      </trkpt>
      <trkpt lat="46.073712995275855" lon="11.54772100970149">
        <ele>685.55999599999996</ele>
        <time>2026-09-17T09:02:13Z</time>
      </trkpt>
      <trkpt lat="46.073618028312922" lon="11.547746993601322">
        <ele>684.55501700000002</ele>
        <time>2026-09-17T09:02:15Z</time>
      </trkpt>
      <trkpt lat="46.073521971702576" lon="11.547769038006663">
        <ele>683.54475400000001</ele>
        <time>2026-09-17T09:02:17Z</time>
      </trkpt>
      <trkpt lat="46.073425998911262" lon="11.547770965844393">
        <ele>682.54691600000001</ele>
        <time>2026-09-17T09:02:19Z</time>
      </trkpt>
      <trkpt lat="46.073322985321283" lon="11.547766020521522">
        <ele>681.47582499999999</ele>
        <time>2026-09-17T09:02:22Z</time>
      </trkpt>
      <trkpt lat="46.073289038613439" lon="11.547640962526202">
        <ele>680.50777000000005</ele>
        <time>2026-09-17T09:02:24Z</time>
      </trkpt>
      <trkpt lat="46.073157023638487" lon="11.547715980559587">
        <ele>679.03315799999996</ele>
        <time>2026-09-17T09:02:25Z</time>
      </trkpt>
      <trkpt lat="46.072840020060539" lon="11.547821005806327">
        <ele>676.81994699999996</ele>
        <time>2026-09-17T09:02:28Z</time>
      </trkpt>
      <trkpt lat="46.072740023955703" lon="11.547819999977946">
        <ele>676.19612700000005</ele>
        <time>2026-09-17T09:02:30Z</time>
      </trkpt>
      <trkpt lat="46.07269300147891" lon="11.547725033015013">
        <ele>675.69117000000006</ele>
        <time>2026-09-17T09:02:30Z</time>
      </trkpt>
      <trkpt lat="46.072728037834167" lon="11.547585977241397">
        <ele>675.05123400000002</ele>
        <time>2026-09-17T09:02:31Z</time>
      </trkpt>
      <trkpt lat="46.072862986475229" lon="11.547433007508516">
        <ele>673.97997199999998</ele>
        <time>2026-09-17T09:02:33Z</time>
      </trkpt>
      <trkpt lat="46.073475033044815" lon="11.547082979232073">
        <ele>669.872795</ele>
        <time>2026-09-17T09:02:41Z</time>
      </trkpt>
      <trkpt lat="46.073684999719262" lon="11.54703201726079">
        <ele>668.54434300000003</ele>
        <time>2026-09-17T09:02:43Z</time>
      </trkpt>
      <trkpt lat="46.073845010250807" lon="11.546950964257121">
        <ele>667.48649</ele>
        <time>2026-09-17T09:02:46Z</time>
      </trkpt>
      <trkpt lat="46.074033016338944" lon="11.546778967604041">
        <ele>667.63771399999996</ele>
        <time>2026-09-17T09:02:49Z</time>
      </trkpt>
      <trkpt lat="46.074200989678502" lon="11.546549974009395">
        <ele>667.96570499999996</ele>
        <time>2026-09-17T09:02:53Z</time>
      </trkpt>
      <trkpt lat="46.074511958286166" lon="11.546030966565013">
        <ele>668.64059299999997</ele>
        <time>2026-09-17T09:03:07Z</time>
      </trkpt>
      <trkpt lat="46.074687978252769" lon="11.546001965180039">
        <ele>668.89188100000001</ele>
        <time>2026-09-17T09:03:12Z</time>
      </trkpt>
      <trkpt lat="46.075342018157244" lon="11.546305976808071">
        <ele>669.86664299999995</ele>
        <time>2026-09-17T09:03:35Z</time>
      </trkpt>
      <trkpt lat="46.075602024793625" lon="11.546336989849806">
        <ele>669.58371499999998</ele>
        <time>2026-09-17T09:03:40Z</time>
      </trkpt>
      <trkpt lat="46.075903018936515" lon="11.546633038669825">
        <ele>669.08680200000003</ele>
        <time>2026-09-17T09:03:47Z</time>
      </trkpt>
      <trkpt lat="46.076197978109121" lon="11.546828001737595">
        <ele>668.64421100000004</ele>
        <time>2026-09-17T09:03:56Z</time>
      </trkpt>
      <trkpt lat="46.076436024159193" lon="11.546864965930581">
        <ele>668.31775300000004</ele>
        <time>2026-09-17T09:04:00Z</time>
      </trkpt>
      <trkpt lat="46.076437029987574" lon="11.546849962323904">
        <ele>668.30349699999999</ele>
        <time>2026-09-17T09:04:01Z</time>
      </trkpt>
      <trkpt lat="46.076525039970875" lon="11.54688399285078">
        <ele>668.17925000000002</ele>
        <time>2026-09-17T09:04:03Z</time>
      </trkpt>
      <trkpt lat="46.076588993892074" lon="11.546930009499192">
        <ele>668.08172200000001</ele>
        <time>2026-09-17T09:04:04Z</time>
      </trkpt>
      <trkpt lat="46.07664498500526" lon="11.5469900239259">
        <ele>667.98656700000004</ele>
        <time>2026-09-17T09:04:06Z</time>
      </trkpt>
      <trkpt lat="46.076682033017278" lon="11.547038974240422">
        <ele>667.918047</ele>
        <time>2026-09-17T09:04:07Z</time>
      </trkpt>
      <trkpt lat="46.076703993603587" lon="11.547081973403692">
        <ele>667.86749999999995</ele>
        <time>2026-09-17T09:04:07Z</time>
      </trkpt>
      <trkpt lat="46.076726960018277" lon="11.54711902141571">
        <ele>667.82049900000004</ele>
        <time>2026-09-17T09:04:08Z</time>
      </trkpt>
      <trkpt lat="46.076745986938477" lon="11.547151040285826">
        <ele>667.78065100000003</ele>
        <time>2026-09-17T09:04:09Z</time>
      </trkpt>
      <trkpt lat="46.076764008030295" lon="11.547179035842419">
        <ele>667.74453600000004</ele>
        <time>2026-09-17T09:04:09Z</time>
      </trkpt>
      <trkpt lat="46.076768031343818" lon="11.547206025570631">
        <ele>667.71841700000004</ele>
        <time>2026-09-17T09:04:10Z</time>
      </trkpt>
      <trkpt lat="46.07677498832345" lon="11.547234021127224">
        <ele>667.69026099999996</ele>
        <time>2026-09-17T09:04:10Z</time>
      </trkpt>
      <trkpt lat="46.076783034950495" lon="11.547255981713533">
        <ele>667.66676199999995</ele>
        <time>2026-09-17T09:04:11Z</time>
      </trkpt>
      <trkpt lat="46.076789991930127" lon="11.547271991148591">
        <ele>667.648866</ele>
        <time>2026-09-17T09:04:11Z</time>
      </trkpt>
      <trkpt lat="46.076789991930127" lon="11.547277020290494">
        <ele>667.644136</ele>
        <time>2026-09-17T09:04:11Z</time>
      </trkpt>
      <trkpt lat="46.076808013021946" lon="11.547280037775636">
        <ele>667.61942499999998</ele>
        <time>2026-09-17T09:04:11Z</time>
      </trkpt>
      <trkpt lat="46.076818993315101" lon="11.547285988926888">
        <ele>667.603385</ele>
        <time>2026-09-17T09:04:12Z</time>
      </trkpt>
      <trkpt lat="46.076840031892061" lon="11.54731398448348">
        <ele>667.56437400000004</ele>
        <time>2026-09-17T09:04:12Z</time>
      </trkpt>
      <trkpt lat="46.076861992478371" lon="11.547341980040073">
        <ele>667.52435100000002</ele>
        <time>2026-09-17T09:04:13Z</time>
      </trkpt>
      <trkpt lat="46.076889988034964" lon="11.547375004738569">
        <ele>667.47502799999995</ele>
        <time>2026-09-17T09:04:14Z</time>
      </trkpt>
      <trkpt lat="46.076919995248318" lon="11.547407023608685">
        <ele>667.24745499999995</ele>
        <time>2026-09-17T09:04:14Z</time>
      </trkpt>
      <trkpt lat="46.076957965269685" lon="11.547439964488149">
        <ele>666.78708400000005</ele>
        <time>2026-09-17T09:04:15Z</time>
      </trkpt>
      <trkpt lat="46.076997024938464" lon="11.547470977529883">
        <ele>666.32491500000003</ele>
        <time>2026-09-17T09:04:16Z</time>
      </trkpt>
      <trkpt lat="46.077040024101734" lon="11.547497967258096">
        <ele>665.83819200000005</ele>
        <time>2026-09-17T09:04:17Z</time>
      </trkpt>
      <trkpt lat="46.077094003558159" lon="11.547513976693153">
        <ele>665.26609499999995</ele>
        <time>2026-09-17T09:04:18Z</time>
      </trkpt>
      <trkpt lat="46.077146977186203" lon="11.547526968643069">
        <ele>664.70818399999996</ele>
        <time>2026-09-17T09:04:20Z</time>
      </trkpt>
      <trkpt lat="46.077200034633279" lon="11.54750500805676">
        <ele>664.13583200000005</ele>
        <time>2026-09-17T09:04:21Z</time>
      </trkpt>
      <trkpt lat="46.077238004654646" lon="11.547453040257096">
        <ele>663.59211100000005</ele>
        <time>2026-09-17T09:04:22Z</time>
      </trkpt>
      <trkpt lat="46.077248984947801" lon="11.547392020002007">
        <ele>663.13839499999995</ele>
        <time>2026-09-17T09:04:23Z</time>
      </trkpt>
      <trkpt lat="46.077229036018252" lon="11.54733301140368">
        <ele>662.66567099999997</ele>
        <time>2026-09-17T09:04:24Z</time>
      </trkpt>
      <trkpt lat="46.077193999662995" lon="11.547281965613365">
        <ele>662.14923099999999</ele>
        <time>2026-09-17T09:04:25Z</time>
      </trkpt>
      <trkpt lat="46.077158041298389" lon="11.547223040834069">
        <ele>661.58358199999998</ele>
        <time>2026-09-17T09:04:26Z</time>
      </trkpt>
      <trkpt lat="46.077134991064668" lon="11.54714098200202">
        <ele>660.94685700000002</ele>
        <time>2026-09-17T09:04:27Z</time>
      </trkpt>
      <trkpt lat="46.077119987457991" lon="11.547045009210706">
        <ele>660.23846500000002</ele>
        <time>2026-09-17T09:04:29Z</time>
      </trkpt>
      <trkpt lat="46.077100960537791" lon="11.546939983963966">
        <ele>659.45730400000002</ele>
        <time>2026-09-17T09:04:30Z</time>
      </trkpt>
      <trkpt lat="46.077092997729778" lon="11.54694601893425">
        <ele>659.36372100000006</ele>
        <time>2026-09-17T09:04:31Z</time>
      </trkpt>
      <trkpt lat="46.076993001624942" lon="11.546672014519572">
        <ele>657.13493200000005</ele>
        <time>2026-09-17T09:04:33Z</time>
      </trkpt>
      <trkpt lat="46.076847994700074" lon="11.546548968181014">
        <ele>655.38901299999998</ele>
        <time>2026-09-17T09:04:35Z</time>
      </trkpt>
      <trkpt lat="46.076672980561852" lon="11.546494988724589">
        <ele>653.53181900000004</ele>
        <time>2026-09-17T09:04:37Z</time>
      </trkpt>
      <trkpt lat="46.0761490277946" lon="11.545810019597411">
        <ele>645.05196100000001</ele>
        <time>2026-09-17T09:04:45Z</time>
      </trkpt>
      <trkpt lat="46.075987005606294" lon="11.545524029061198">
        <ele>641.22684000000004</ele>
        <time>2026-09-17T09:04:48Z</time>
      </trkpt>
      <trkpt lat="46.075962027534842" lon="11.545539032667875">
        <ele>640.82244500000002</ele>
        <time>2026-09-17T09:04:49Z</time>
      </trkpt>
      <trkpt lat="46.07589396648109" lon="11.545407017692924">
        <ele>639.11913800000002</ele>
        <time>2026-09-17T09:04:51Z</time>
      </trkpt>
      <trkpt lat="46.075833030045033" lon="11.54527198523283">
        <ele>637.45005600000002</ele>
        <time>2026-09-17T09:04:54Z</time>
      </trkpt>
      <trkpt lat="46.075767986476421" lon="11.545140976086259">
        <ele>635.78150900000003</ele>
        <time>2026-09-17T09:04:56Z</time>
      </trkpt>
      <trkpt lat="46.075704032555223" lon="11.545023964717984">
        <ele>634.23792400000002</ele>
        <time>2026-09-17T09:04:58Z</time>
      </trkpt>
      <trkpt lat="46.075638988986611" lon="11.544910976663232">
        <ele>632.71717100000001</ele>
        <time>2026-09-17T09:05:01Z</time>
      </trkpt>
      <trkpt lat="46.075573023408651" lon="11.544797988608479">
        <ele>631.18684099999996</ele>
        <time>2026-09-17T09:05:03Z</time>
      </trkpt>
      <trkpt lat="46.075503034517169" lon="11.544678965583444">
        <ele>629.57047799999998</ele>
        <time>2026-09-17T09:05:05Z</time>
      </trkpt>
      <trkpt lat="46.075534969568253" lon="11.544473022222519">
        <ele>627.383512</ele>
        <time>2026-09-17T09:05:08Z</time>
      </trkpt>
      <trkpt lat="46.075462969020009" lon="11.544449971988797">
        <ele>626.28218700000002</ele>
        <time>2026-09-17T09:05:09Z</time>
      </trkpt>
      <trkpt lat="46.075306981801987" lon="11.544319968670607">
        <ele>623.59123199999999</ele>
        <time>2026-09-17T09:05:11Z</time>
      </trkpt>
      <trkpt lat="46.075014034286141" lon="11.54381001368165">
        <ele>617.87339599999996</ele>
        <time>2026-09-17T09:05:16Z</time>
      </trkpt>
      <trkpt lat="46.074764002114534" lon="11.543543972074986">
        <ele>614.25365599999998</ele>
        <time>2026-09-17T09:05:20Z</time>
      </trkpt>
      <trkpt lat="46.074421014636755" lon="11.54327298514545">
        <ele>609.69712600000003</ele>
        <time>2026-09-17T09:05:25Z</time>
      </trkpt>
      <trkpt lat="46.074142986908555" lon="11.543252030387521">
        <ele>606.45418199999995</ele>
        <time>2026-09-17T09:05:28Z</time>
      </trkpt>
      <trkpt lat="46.073925979435444" lon="11.543393013998866">
        <ele>603.68133599999999</ele>
        <time>2026-09-17T09:05:31Z</time>
      </trkpt>
      <trkpt lat="46.073772003874183" lon="11.543443975970149">
        <ele>601.84061099999997</ele>
        <time>2026-09-17T09:05:33Z</time>
      </trkpt>
      <trkpt lat="46.073362966999412" lon="11.543426038697362">
        <ele>599.59678699999995</ele>
        <time>2026-09-17T09:05:38Z</time>
      </trkpt>
      <trkpt lat="46.073072031140327" lon="11.543334005400538">
        <ele>598.37250900000004</ele>
        <time>2026-09-17T09:05:42Z</time>
      </trkpt>
      <trkpt lat="46.0729939956218" lon="11.543310033157468">
        <ele>598.04475000000002</ele>
        <time>2026-09-17T09:05:43Z</time>
      </trkpt>
      <trkpt lat="46.072878995910287" lon="11.54333702288568">
        <ele>597.56593399999997</ele>
        <time>2026-09-17T09:05:44Z</time>
      </trkpt>
      <trkpt lat="46.072829039767385" lon="11.543278014287353">
        <ele>597.30039399999998</ele>
        <time>2026-09-17T09:05:45Z</time>
      </trkpt>
      <trkpt lat="46.072893999516964" lon="11.543199978768826">
        <ele>596.95283199999994</ele>
        <time>2026-09-17T09:05:46Z</time>
      </trkpt>
      <trkpt lat="46.072995001450181" lon="11.543175000697374">
        <ele>596.531702</ele>
        <time>2026-09-17T09:05:48Z</time>
      </trkpt>
      <trkpt lat="46.073048980906606" lon="11.543082967400551">
        <ele>596.18813699999998</ele>
        <time>2026-09-17T09:05:49Z</time>
      </trkpt>
      <trkpt lat="46.073030959814787" lon="11.542991017922759">
        <ele>595.91562299999998</ele>
        <time>2026-09-17T09:05:50Z</time>
      </trkpt>
      <trkpt lat="46.072919983416796" lon="11.542862020432949">
        <ele>595.32968300000005</ele>
        <time>2026-09-17T09:05:52Z</time>
      </trkpt>
      <trkpt lat="46.072921995073557" lon="11.54275800101459">
        <ele>595.03307500000005</ele>
        <time>2026-09-17T09:05:53Z</time>
      </trkpt>
      <trkpt lat="46.073137996718287" lon="11.542669991031289">
        <ele>594.11065900000006</ele>
        <time>2026-09-17T09:05:57Z</time>
      </trkpt>
      <trkpt lat="46.073156017810106" lon="11.542606959119439">
        <ele>593.91641700000002</ele>
        <time>2026-09-17T09:05:57Z</time>
      </trkpt>
      <trkpt lat="46.073157023638487" lon="11.542482990771532">
        <ele>593.55489599999999</ele>
        <time>2026-09-17T09:06:00Z</time>
      </trkpt>
      <trkpt lat="46.073131961748004" lon="11.54239397495985">
        <ele>593.15657099999999</ele>
        <time>2026-09-17T09:06:01Z</time>
      </trkpt>
      <trkpt lat="46.073097009211779" lon="11.542372014373541">
        <ele>592.92824700000006</ele>
        <time>2026-09-17T09:06:02Z</time>
      </trkpt>
      <trkpt lat="46.07288503088057" lon="11.542334966361523">
        <ele>591.65127900000005</ele>
        <time>2026-09-17T09:06:05Z</time>
      </trkpt>
      <trkpt lat="46.072861980646849" lon="11.54232700355351">
        <ele>591.50979700000005</ele>
        <time>2026-09-17T09:06:06Z</time>
      </trkpt>
      <trkpt lat="46.072503989562392" lon="11.542204963043332">
        <ele>589.31002999999998</ele>
        <time>2026-09-17T09:06:10Z</time>
      </trkpt>
      <trkpt lat="46.072188997641206" lon="11.542308982461691">
        <ele>587.37762799999996</ele>
        <time>2026-09-17T09:06:14Z</time>
      </trkpt>
      <trkpt lat="46.072050025686622" lon="11.542320968583226">
        <ele>586.54495199999997</ele>
        <time>2026-09-17T09:06:15Z</time>
      </trkpt>
      <trkpt lat="46.071201022714376" lon="11.542269000783563">
        <ele>581.24874199999999</ele>
        <time>2026-09-17T09:06:24Z</time>
      </trkpt>
      <trkpt lat="46.071093985810876" lon="11.54232800938189">
        <ele>580.45559800000001</ele>
        <time>2026-09-17T09:06:25Z</time>
      </trkpt>
      <trkpt lat="46.070950990542769" lon="11.542472010478377">
        <ele>579.24789799999996</ele>
        <time>2026-09-17T09:06:27Z</time>
      </trkpt>
      <trkpt lat="46.070614960044622" lon="11.542530013248324">
        <ele>576.90505499999995</ele>
        <time>2026-09-17T09:06:31Z</time>
      </trkpt>
      <trkpt lat="46.070548994466662" lon="11.542472010478377">
        <ele>576.36989200000005</ele>
        <time>2026-09-17T09:06:32Z</time>
      </trkpt>
      <trkpt lat="46.070534996688366" lon="11.542399004101753">
        <ele>576.00610900000004</ele>
        <time>2026-09-17T09:06:32Z</time>
      </trkpt>
      <trkpt lat="46.070547988638282" lon="11.541700037196279">
        <ele>572.64748199999997</ele>
        <time>2026-09-17T09:06:38Z</time>
      </trkpt>
      <trkpt lat="46.070513958111405" lon="11.541473977267742">
        <ele>571.53673500000002</ele>
        <time>2026-09-17T09:06:40Z</time>
      </trkpt>
      <trkpt lat="46.070197038352489" lon="11.540958993136883">
        <ele>569.04652099999998</ele>
        <time>2026-09-17T09:06:46Z</time>
      </trkpt>
      <trkpt lat="46.070166025310755" lon="11.540788002312183">
        <ele>568.52116899999999</ele>
        <time>2026-09-17T09:06:48Z</time>
      </trkpt>
      <trkpt lat="46.070171976462007" lon="11.540448032319546">
        <ele>567.51021600000001</ele>
        <time>2026-09-17T09:06:51Z</time>
      </trkpt>
      <trkpt lat="46.070137023925781" lon="11.540328003466129">
        <ele>567.12328500000001</ele>
        <time>2026-09-17T09:06:52Z</time>
      </trkpt>
      <trkpt lat="46.070011965930462" lon="11.539944028481841">
        <ele>565.86247400000002</ele>
        <time>2026-09-17T09:06:56Z</time>
      </trkpt>
      <trkpt lat="46.069663027301431" lon="11.539374981075525">
        <ele>563.60495800000001</ele>
        <time>2026-09-17T09:07:02Z</time>
      </trkpt>
      <trkpt lat="46.069612987339497" lon="11.53925403021276">
        <ele>563.186328</ele>
        <time>2026-09-17T09:07:03Z</time>
      </trkpt>
      <trkpt lat="46.069542998448014" lon="11.538982959464192">
        <ele>562.42686900000001</ele>
        <time>2026-09-17T09:07:05Z</time>
      </trkpt>
      <trkpt lat="46.069464962929487" lon="11.538474010303617">
        <ele>561.33417499999996</ele>
        <time>2026-09-17T09:07:09Z</time>
      </trkpt>
      <trkpt lat="46.069463035091758" lon="11.538281980901957">
        <ele>560.93165499999998</ele>
        <time>2026-09-17T09:07:11Z</time>
      </trkpt>
      <trkpt lat="46.069675013422966" lon="11.53729802928865">
        <ele>558.77180699999997</ele>
        <time>2026-09-17T09:07:20Z</time>
      </trkpt>
      <trkpt lat="46.069677025079727" lon="11.536888992413878">
        <ele>557.91443300000003</ele>
        <time>2026-09-17T09:07:24Z</time>
      </trkpt>
      <trkpt lat="46.069610975682735" lon="11.536542987450957">
        <ele>557.15837399999998</ele>
        <time>2026-09-17T09:07:28Z</time>
      </trkpt>
      <trkpt lat="46.069636037573218" lon="11.535702031105757">
        <ele>555.29617599999995</ele>
        <time>2026-09-17T09:07:37Z</time>
      </trkpt>
      <trkpt lat="46.069699991494417" lon="11.535412017256021">
        <ele>554.62295300000005</ele>
        <time>2026-09-17T09:07:39Z</time>
      </trkpt>
      <trkpt lat="46.069676019251347" lon="11.534753032028675">
        <ele>553.16308300000003</ele>
        <time>2026-09-17T09:07:45Z</time>
      </trkpt>
      <trkpt lat="46.069611981511116" lon="11.53427098877728">
        <ele>552.07743300000004</ele>
        <time>2026-09-17T09:07:49Z</time>
      </trkpt>
      <trkpt lat="46.069498993456364" lon="11.53399103321135">
        <ele>550.99978199999998</ele>
        <time>2026-09-17T09:07:52Z</time>
      </trkpt>
      <trkpt lat="46.068921983242035" lon="11.532941032201052">
        <ele>540.15693699999997</ele>
        <time>2026-09-17T09:08:02Z</time>
      </trkpt>
      <trkpt lat="46.068681003525853" lon="11.532670967280865">
        <ele>536.59549500000003</ele>
        <time>2026-09-17T09:08:05Z</time>
      </trkpt>
      <trkpt lat="46.068638004362583" lon="11.532632997259498">
        <ele>536.00699099999997</ele>
        <time>2026-09-17T09:08:06Z</time>
      </trkpt>
      <trkpt lat="46.068603973835707" lon="11.532603995874524">
        <ele>535.54603399999996</ele>
        <time>2026-09-17T09:08:06Z</time>
      </trkpt>
      <trkpt lat="46.068492997437716" lon="11.532841958105564">
        <ele>533.22457999999995</ele>
        <time>2026-09-17T09:08:08Z</time>
      </trkpt>
      <trkpt lat="46.068236008286476" lon="11.533111017197371">
        <ele>529.00135499999999</ele>
        <time>2026-09-17T09:08:12Z</time>
      </trkpt>
      <trkpt lat="46.068106004968286" lon="11.533092996105552">
        <ele>526.68276400000002</ele>
        <time>2026-09-17T09:08:13Z</time>
      </trkpt>
      <trkpt lat="46.067980024963617" lon="11.533138006925583">
        <ele>524.37816199999997</ele>
        <time>2026-09-17T09:08:15Z</time>
      </trkpt>
      <trkpt lat="46.067826971411705" lon="11.533004986122251">
        <ele>521.20608400000003</ele>
        <time>2026-09-17T09:08:17Z</time>
      </trkpt>
      <trkpt lat="46.067724963650107" lon="11.532967016100883">
        <ele>519.33570399999996</ele>
        <time>2026-09-17T09:08:18Z</time>
      </trkpt>
      <trkpt lat="46.06768699362874" lon="11.53287498280406">
        <ele>518.01687300000003</ele>
        <time>2026-09-17T09:08:18Z</time>
      </trkpt>
      <trkpt lat="46.067681964486837" lon="11.532625034451485">
        <ele>514.93619899999999</ele>
        <time>2026-09-17T09:08:20Z</time>
      </trkpt>
      <trkpt lat="46.067648017778993" lon="11.532524032518268">
        <ele>513.55341699999997</ele>
        <time>2026-09-17T09:08:21Z</time>
      </trkpt>
      <trkpt lat="46.067611975595355" lon="11.532252039760351">
        <ele>510.14261499999998</ele>
        <time>2026-09-17T09:08:23Z</time>
      </trkpt>
      <trkpt lat="46.067588003352284" lon="11.531825987622142">
        <ele>504.87804699999998</ele>
        <time>2026-09-17T09:08:27Z</time>
      </trkpt>
      <trkpt lat="46.067607030272484" lon="11.531375041231513">
        <ele>499.31257699999998</ele>
        <time>2026-09-17T09:08:30Z</time>
      </trkpt>
      <trkpt lat="46.067583980038762" lon="11.531346961855888">
        <ele>498.77808099999999</ele>
        <time>2026-09-17T09:08:30Z</time>
      </trkpt>
      <trkpt lat="46.067538969218731" lon="11.531356014311314">
        <ele>498.17957799999999</ele>
        <time>2026-09-17T09:08:31Z</time>
      </trkpt>
      <trkpt lat="46.067420030012727" lon="11.531645022332668">
        <ele>495.45960200000002</ele>
        <time>2026-09-17T09:08:34Z</time>
      </trkpt>
      <trkpt lat="46.067305030301213" lon="11.531798997893929">
        <ele>493.62840899999998</ele>
        <time>2026-09-17T09:08:35Z</time>
      </trkpt>
      <trkpt lat="46.067197993397713" lon="11.531803021207452">
        <ele>492.37978399999997</ele>
        <time>2026-09-17T09:08:36Z</time>
      </trkpt>
      <trkpt lat="46.067164968699217" lon="11.531767984852195">
        <ele>491.90182800000002</ele>
        <time>2026-09-17T09:08:37Z</time>
      </trkpt>
      <trkpt lat="46.067168992012739" lon="11.531087961047888">
        <ele>486.39793200000003</ele>
        <time>2026-09-17T09:08:42Z</time>
      </trkpt>
      <trkpt lat="46.067092968150973" lon="11.530687976628542">
        <ele>483.04126100000002</ele>
        <time>2026-09-17T09:08:46Z</time>
      </trkpt>
      <trkpt lat="46.067082993686199" lon="11.530430987477303">
        <ele>480.95791500000001</ele>
        <time>2026-09-17T09:08:48Z</time>
      </trkpt>
      <trkpt lat="46.067015016451478" lon="11.530104009434581">
        <ele>478.19495699999999</ele>
        <time>2026-09-17T09:08:51Z</time>
      </trkpt>
      <trkpt lat="46.066928012296557" lon="11.529807960614562">
        <ele>476.00677999999999</ele>
        <time>2026-09-17T09:08:53Z</time>
      </trkpt>
      <trkpt lat="46.066693989560008" lon="11.529223993420601">
        <ele>471.67564700000003</ele>
        <time>2026-09-17T09:08:59Z</time>
      </trkpt>
      <trkpt lat="46.066598016768694" lon="11.529044033959508">
        <ele>470.21756099999999</ele>
        <time>2026-09-17T09:09:01Z</time>
      </trkpt>
      <trkpt lat="46.066498020663857" lon="11.528950994834304">
        <ele>469.11594700000001</ele>
        <time>2026-09-17T09:09:02Z</time>
      </trkpt>
      <trkpt lat="46.066327029839158" lon="11.528949989005923">
        <ele>467.53308299999998</ele>
        <time>2026-09-17T09:09:04Z</time>
      </trkpt>
      <trkpt lat="46.066256035119295" lon="11.52900799177587">
        <ele>466.77765299999999</ele>
        <time>2026-09-17T09:09:05Z</time>
      </trkpt>
      <trkpt lat="46.066198032349348" lon="11.529111005365849">
        <ele>465.925703</ele>
        <time>2026-09-17T09:09:06Z</time>
      </trkpt>
      <trkpt lat="46.065943976864219" lon="11.529204966500401">
        <ele>463.49829899999997</ele>
        <time>2026-09-17T09:09:09Z</time>
      </trkpt>
      <trkpt lat="46.065898966044188" lon="11.528960969299078">
        <ele>461.87682000000001</ele>
        <time>2026-09-17T09:09:11Z</time>
      </trkpt>
      <trkpt lat="46.065872982144356" lon="11.528816968202591">
        <ele>460.93288799999999</ele>
        <time>2026-09-17T09:09:12Z</time>
      </trkpt>
      <trkpt lat="46.065781032666564" lon="11.528313970193267">
        <ele>459.09403600000002</ele>
        <time>2026-09-17T09:09:16Z</time>
      </trkpt>
      <trkpt lat="46.06577499769628" lon="11.528282035142183">
        <ele>458.97685799999999</ele>
        <time>2026-09-17T09:09:16Z</time>
      </trkpt>
      <trkpt lat="46.065753037109971" lon="11.528118001297116">
        <ele>458.38638099999997</ele>
        <time>2026-09-17T09:09:18Z</time>
      </trkpt>
      <trkpt lat="46.06570802628994" lon="11.52810400351882">
        <ele>458.15182900000002</ele>
        <time>2026-09-17T09:09:18Z</time>
      </trkpt>
      <trkpt lat="46.065658992156386" lon="11.528022028505802">
        <ele>457.769271</ele>
        <time>2026-09-17T09:09:19Z</time>
      </trkpt>
      <trkpt lat="46.065541980788112" lon="11.527664959430695">
        <ele>456.37356799999998</ele>
        <time>2026-09-17T09:09:22Z</time>
      </trkpt>
      <trkpt lat="46.065425975248218" lon="11.527378968894482">
        <ele>455.20247899999998</ele>
        <time>2026-09-17T09:09:25Z</time>
      </trkpt>
      <trkpt lat="46.065336959436536" lon="11.527077974751592">
        <ele>454.04584399999999</ele>
        <time>2026-09-17T09:09:28Z</time>
      </trkpt>
      <trkpt lat="46.065270993858576" lon="11.526670027524233">
        <ele>452.56486799999999</ele>
        <time>2026-09-17T09:09:32Z</time>
      </trkpt>
      <trkpt lat="46.065178960561752" lon="11.526016993448138">
        <ele>450.42491100000001</ele>
        <time>2026-09-17T09:09:37Z</time>
      </trkpt>
      <trkpt lat="46.065121041610837" lon="11.525861006230116">
        <ele>449.88493799999998</ele>
        <time>2026-09-17T09:09:39Z</time>
      </trkpt>
      <trkpt lat="46.065130010247231" lon="11.525626983493567">
        <ele>449.16991899999999</ele>
        <time>2026-09-17T09:09:41Z</time>
      </trkpt>
      <trkpt lat="46.065122969448566" lon="11.525515001267195">
        <ele>448.82682899999998</ele>
        <time>2026-09-17T09:09:42Z</time>
      </trkpt>
      <trkpt lat="46.065103020519018" lon="11.525408970192075">
        <ele>448.49168400000002</ele>
        <time>2026-09-17T09:09:43Z</time>
      </trkpt>
      <trkpt lat="46.06472197920084" lon="11.524254027754068">
        <ele>444.58984400000003</ele>
        <time>2026-09-17T09:09:53Z</time>
      </trkpt>
      <trkpt lat="46.064707981422544" lon="11.524212034419179">
        <ele>444.44768299999998</ele>
        <time>2026-09-17T09:09:54Z</time>
      </trkpt>
      <trkpt lat="46.064697001129389" lon="11.524183033034205">
        <ele>444.34684600000003</ele>
        <time>2026-09-17T09:09:54Z</time>
      </trkpt>
      <trkpt lat="46.064632963389158" lon="11.524201976135373">
        <ele>444.05951700000003</ele>
        <time>2026-09-17T09:09:55Z</time>
      </trkpt>
      <trkpt lat="46.064557023346424" lon="11.524205999448895">
        <ele>443.63600700000001</ele>
        <time>2026-09-17T09:09:56Z</time>
      </trkpt>
      <trkpt lat="46.064447974786162" lon="11.524214968085289">
        <ele>442.86921599999999</ele>
        <time>2026-09-17T09:09:57Z</time>
      </trkpt>
      <trkpt lat="46.064261980354786" lon="11.524155959486961">
        <ele>441.53162400000002</ele>
        <time>2026-09-17T09:09:59Z</time>
      </trkpt>
      <trkpt lat="46.064244965091348" lon="11.524145985022187">
        <ele>441.40266700000001</ele>
        <time>2026-09-17T09:09:59Z</time>
      </trkpt>
      <trkpt lat="46.064004991203547" lon="11.524016987532377">
        <ele>439.603677</ele>
        <time>2026-09-17T09:10:02Z</time>
      </trkpt>
      <trkpt lat="46.063941959291697" lon="11.523982034996152">
        <ele>439.12947600000001</ele>
        <time>2026-09-17T09:10:03Z</time>
      </trkpt>
      <trkpt lat="46.063930978998542" lon="11.523974994197488">
        <ele>439.04502500000001</ele>
        <time>2026-09-17T09:10:03Z</time>
      </trkpt>
      <trkpt lat="46.063892003148794" lon="11.523954039439559">
        <ele>438.75262500000002</ele>
        <time>2026-09-17T09:10:03Z</time>
      </trkpt>
      <trkpt lat="46.063849003985524" lon="11.523928977549076">
        <ele>438.42697700000002</ele>
        <time>2026-09-17T09:10:04Z</time>
      </trkpt>
      <trkpt lat="46.063529988750815" lon="11.523791011422873">
        <ele>436.08780400000001</ele>
        <time>2026-09-17T09:10:07Z</time>
      </trkpt>
      <trkpt lat="46.06347399763763" lon="11.523787993937731">
        <ele>435.69423</ele>
        <time>2026-09-17T09:10:08Z</time>
      </trkpt>
      <trkpt lat="46.063441978767514" lon="11.52378698810935">
        <ele>435.46943299999998</ele>
        <time>2026-09-17T09:10:08Z</time>
      </trkpt>
      <trkpt lat="46.06341197155416" lon="11.523790005594492">
        <ele>435.25822799999997</ele>
        <time>2026-09-17T09:10:09Z</time>
      </trkpt>
      <trkpt lat="46.063122963532805" lon="11.523883966729045">
        <ele>433.177457</ele>
        <time>2026-09-17T09:10:12Z</time>
      </trkpt>
      <trkpt lat="46.063034031540155" lon="11.523925038054585">
        <ele>432.521231</ele>
        <time>2026-09-17T09:10:13Z</time>
      </trkpt>
      <trkpt lat="46.062929006293416" lon="11.523976000025868">
        <ele>431.74303400000002</ele>
        <time>2026-09-17T09:10:14Z</time>
      </trkpt>
      <trkpt lat="46.062859017401934" lon="11.524002989754081">
        <ele>431.23512399999998</ele>
        <time>2026-09-17T09:10:15Z</time>
      </trkpt>
      <trkpt lat="46.062757009640336" lon="11.524028973653913">
        <ele>430.60213800000002</ele>
        <time>2026-09-17T09:10:16Z</time>
      </trkpt>
      <trkpt lat="46.062715016305447" lon="11.524032996967435">
        <ele>430.34492</ele>
        <time>2026-09-17T09:10:17Z</time>
      </trkpt>
      <trkpt lat="46.062573026865721" lon="11.524018999189138">
        <ele>429.475144</ele>
        <time>2026-09-17T09:10:18Z</time>
      </trkpt>
      <trkpt lat="46.06250898912549" lon="11.5240019839257">
        <ele>429.07745899999998</ele>
        <time>2026-09-17T09:10:19Z</time>
      </trkpt>
      <trkpt lat="46.062278989702463" lon="11.523921014741063">
        <ele>427.63059600000003</ele>
        <time>2026-09-17T09:10:22Z</time>
      </trkpt>
      <trkpt lat="46.062145968899131" lon="11.52350502088666">
        <ele>425.68843099999998</ele>
        <time>2026-09-17T09:10:25Z</time>
      </trkpt>
      <trkpt lat="46.061976989731193" lon="11.522799013182521">
        <ele>422.52170000000001</ele>
        <time>2026-09-17T09:10:31Z</time>
      </trkpt>
      <trkpt lat="46.06188596226275" lon="11.522456025704741">
        <ele>420.96461399999998</ele>
        <time>2026-09-17T09:10:34Z</time>
      </trkpt>
      <trkpt lat="46.061858972534537" lon="11.522156959399581">
        <ele>419.69161700000001</ele>
        <time>2026-09-17T09:10:36Z</time>
      </trkpt>
      <trkpt lat="46.061891997233033" lon="11.521880021318793">
        <ele>418.511549</ele>
        <time>2026-09-17T09:10:39Z</time>
      </trkpt>
      <trkpt lat="46.06203499250114" lon="11.521436031907797">
        <ele>416.45627999999999</ele>
        <time>2026-09-17T09:10:42Z</time>
      </trkpt>
      <trkpt lat="46.062076985836029" lon="11.521303011104465">
        <ele>415.842737</ele>
        <time>2026-09-17T09:10:44Z</time>
      </trkpt>
      <trkpt lat="46.062125014141202" lon="11.521054990589619">
        <ele>414.76170400000001</ele>
        <time>2026-09-17T09:10:46Z</time>
      </trkpt>
      <trkpt lat="46.062134988605976" lon="11.519983028993011">
        <ele>410.26027199999999</ele>
        <time>2026-09-17T09:10:54Z</time>
      </trkpt>
      <trkpt lat="46.062096012756228" lon="11.519395038485527">
        <ele>407.92061799999999</ele>
        <time>2026-09-17T09:10:59Z</time>
      </trkpt>
      <trkpt lat="46.061990987509489" lon="11.518642008304596">
        <ele>404.98121400000002</ele>
        <time>2026-09-17T09:11:05Z</time>
      </trkpt>
      <trkpt lat="46.061794012784958" lon="11.517422022297978">
        <ele>400.18740600000001</ele>
        <time>2026-09-17T09:11:15Z</time>
      </trkpt>
      <trkpt lat="46.061746990308166" lon="11.517109964042902">
        <ele>399.04938600000003</ele>
        <time>2026-09-17T09:11:17Z</time>
      </trkpt>
      <trkpt lat="46.06171396560967" lon="11.51673898100853">
        <ele>397.86747100000002</ele>
        <time>2026-09-17T09:11:20Z</time>
      </trkpt>
      <trkpt lat="46.061724023893476" lon="11.516620041802526">
        <ele>397.48869500000001</ele>
        <time>2026-09-17T09:11:21Z</time>
      </trkpt>
      <trkpt lat="46.061760988086462" lon="11.516490038484335">
        <ele>397.04469499999999</ele>
        <time>2026-09-17T09:11:23Z</time>
      </trkpt>
      <trkpt lat="46.061825025826693" lon="11.516363974660635">
        <ele>396.55127299999998</ele>
        <time>2026-09-17T09:11:24Z</time>
      </trkpt>
      <trkpt lat="46.061933990567923" lon="11.516207987442613">
        <ele>395.85171300000002</ele>
        <time>2026-09-17T09:11:26Z</time>
      </trkpt>
      <trkpt lat="46.062000961974263" lon="11.516113020479679">
        <ele>395.42368499999998</ele>
        <time>2026-09-17T09:11:27Z</time>
      </trkpt>
      <trkpt lat="46.062161978334188" lon="11.515873968601227">
        <ele>394.37111599999997</ele>
        <time>2026-09-17T09:11:30Z</time>
      </trkpt>
      <trkpt lat="46.062372028827667" lon="11.515570040792227">
        <ele>393.01564100000002</ele>
        <time>2026-09-17T09:11:33Z</time>
      </trkpt>
      <trkpt lat="46.06257101520896" lon="11.515272986143827">
        <ele>391.71103499999998</ele>
        <time>2026-09-17T09:11:37Z</time>
      </trkpt>
      <trkpt lat="46.062580989673734" lon="11.515255970880389">
        <ele>391.64061199999998</ele>
        <time>2026-09-17T09:11:37Z</time>
      </trkpt>
      <trkpt lat="46.062790034338832" lon="11.514880964532495">
        <ele>390.30615499999999</ele>
        <time>2026-09-17T09:11:41Z</time>
      </trkpt>
      <trkpt lat="46.062868991866708" lon="11.51474098674953">
        <ele>389.82911000000001</ele>
        <time>2026-09-17T09:11:42Z</time>
      </trkpt>
      <trkpt lat="46.062904028221965" lon="11.514678038656712">
        <ele>389.61575599999998</ele>
        <time>2026-09-17T09:11:43Z</time>
      </trkpt>
      <trkpt lat="46.062921965494752" lon="11.514645013958216">
        <ele>389.50478800000002</ele>
        <time>2026-09-17T09:11:43Z</time>
      </trkpt>
      <trkpt lat="46.063019027933478" lon="11.514474023133516">
        <ele>388.92089199999998</ele>
        <time>2026-09-17T09:11:45Z</time>
      </trkpt>
      <trkpt lat="46.063122041523457" lon="11.514290040358901">
        <ele>388.295907</ele>
        <time>2026-09-17T09:11:47Z</time>
      </trkpt>
      <trkpt lat="46.063141990453005" lon="11.514253998175263">
        <ele>388.173991</ele>
        <time>2026-09-17T09:11:47Z</time>
      </trkpt>
      <trkpt lat="46.063165962696075" lon="11.514208987355232">
        <ele>388.02394700000002</ele>
        <time>2026-09-17T09:11:48Z</time>
      </trkpt>
      <trkpt lat="46.063255984336138" lon="11.514057023450732">
        <ele>387.49570199999999</ele>
        <time>2026-09-17T09:11:50Z</time>
      </trkpt>
      <trkpt lat="46.06356100179255" lon="11.513513959944248">
        <ele>385.64883900000001</ele>
        <time>2026-09-17T09:11:55Z</time>
      </trkpt>
      <trkpt lat="46.063627973198891" lon="11.513386974111199">
        <ele>385.227082</ele>
        <time>2026-09-17T09:11:57Z</time>
      </trkpt>
      <trkpt lat="46.063700979575515" lon="11.513252025470138">
        <ele>384.77462200000002</ele>
        <time>2026-09-17T09:11:58Z</time>
      </trkpt>
      <trkpt lat="46.063854033127427" lon="11.512981038540602">
        <ele>384.11855400000002</ele>
        <time>2026-09-17T09:12:02Z</time>
      </trkpt>
      <trkpt lat="46.063967021182179" lon="11.512751961126924">
        <ele>383.73586</ele>
        <time>2026-09-17T09:12:04Z</time>
      </trkpt>
      <trkpt lat="46.064216969534755" lon="11.512095993384719">
        <ele>382.71658300000001</ele>
        <time>2026-09-17T09:12:11Z</time>
      </trkpt>
      <trkpt lat="46.064317971467972" lon="11.511798016726971">
        <ele>382.26491600000003</ele>
        <time>2026-09-17T09:12:14Z</time>
      </trkpt>
      <trkpt lat="46.064459038898349" lon="11.511377999559045">
        <ele>381.62949800000001</ele>
        <time>2026-09-17T09:12:18Z</time>
      </trkpt>
      <trkpt lat="46.064471025019884" lon="11.51134698651731">
        <ele>381.58115400000003</ele>
        <time>2026-09-17T09:12:19Z</time>
      </trkpt>
      <trkpt lat="46.064499020576477" lon="11.511284960433841">
        <ele>381.48040900000001</ele>
        <time>2026-09-17T09:12:20Z</time>
      </trkpt>
      <trkpt lat="46.064548976719379" lon="11.511146994307637">
        <ele>381.26839100000001</ele>
        <time>2026-09-17T09:12:21Z</time>
      </trkpt>
      <trkpt lat="46.064562974497676" lon="11.511098966002464">
        <ele>381.19748099999998</ele>
        <time>2026-09-17T09:12:22Z</time>
      </trkpt>
      <trkpt lat="46.064617959782481" lon="11.510962005704641">
        <ele>380.98192499999999</ele>
        <time>2026-09-17T09:12:24Z</time>
      </trkpt>
      <trkpt lat="46.064655007794499" lon="11.510859997943044">
        <ele>380.86670099999998</ele>
        <time>2026-09-17T09:12:25Z</time>
      </trkpt>
      <trkpt lat="46.064863968640566" lon="11.510137980803847">
        <ele>380.73605600000002</ele>
        <time>2026-09-17T09:12:34Z</time>
      </trkpt>
      <trkpt lat="46.064879978075624" lon="11.51007603853941">
        <ele>380.725009</ele>
        <time>2026-09-17T09:12:34Z</time>
      </trkpt>
      <trkpt lat="46.065011993050575" lon="11.509544039145112">
        <ele>380.63065599999999</ele>
        <time>2026-09-17T09:12:41Z</time>
      </trkpt>
      <trkpt lat="46.065079970285296" lon="11.509230975061655">
        <ele>380.57588399999997</ele>
        <time>2026-09-17T09:12:44Z</time>
      </trkpt>
      <trkpt lat="46.065092040225863" lon="11.509083034470677">
        <ele>380.55099999999999</ele>
        <time>2026-09-17T09:12:46Z</time>
      </trkpt>
      <trkpt lat="46.065102014690638" lon="11.508937021717429">
        <ele>380.5265</ele>
        <time>2026-09-17T09:12:48Z</time>
      </trkpt>
      <trkpt lat="46.065102014690638" lon="11.508689001202583">
        <ele>380.48508500000003</ele>
        <time>2026-09-17T09:12:51Z</time>
      </trkpt>
      <trkpt lat="46.065093968063593" lon="11.508641978725791">
        <ele>380.47700300000002</ele>
        <time>2026-09-17T09:12:52Z</time>
      </trkpt>
      <trkpt lat="46.065007969737053" lon="11.508375015109777">
        <ele>380.42979300000002</ele>
        <time>2026-09-17T09:12:56Z</time>
      </trkpt>
      <trkpt lat="46.064994977787137" lon="11.508203018456697">
        <ele>380.40568999999999</ele>
        <time>2026-09-17T09:12:58Z</time>
      </trkpt>
      <trkpt lat="46.06502003967762" lon="11.508004032075405">
        <ele>380.37751700000001</ele>
        <time>2026-09-17T09:13:01Z</time>
      </trkpt>
      <trkpt lat="46.065023979172111" lon="11.50797201320529">
        <ele>380.37298700000002</ele>
        <time>2026-09-17T09:13:01Z</time>
      </trkpt>
      <trkpt lat="46.065060021355748" lon="11.507686022669077">
        <ele>380.332494</ele>
        <time>2026-09-17T09:13:05Z</time>
      </trkpt>
      <trkpt lat="46.065093968063593" lon="11.507377987727523">
        <ele>380.28904799999998</ele>
        <time>2026-09-17T09:13:08Z</time>
      </trkpt>
      <trkpt lat="46.065123975276947" lon="11.507189981639385">
        <ele>380.26217400000002</ele>
        <time>2026-09-17T09:13:10Z</time>
      </trkpt>
      <trkpt lat="46.065160017460585" lon="11.506889993324876">
        <ele>380.21976100000001</ele>
        <time>2026-09-17T09:13:14Z</time>
      </trkpt>
      <trkpt lat="46.065167980268598" lon="11.506814975291491">
        <ele>380.20918999999998</ele>
        <time>2026-09-17T09:13:15Z</time>
      </trkpt>
      <trkpt lat="46.065174015238881" lon="11.506417002528906">
        <ele>380.15373199999999</ele>
        <time>2026-09-17T09:13:19Z</time>
      </trkpt>
      <trkpt lat="46.065139984712005" lon="11.506363023072481">
        <ele>380.143573</ele>
        <time>2026-09-17T09:13:20Z</time>
      </trkpt>
      <trkpt lat="46.065030014142394" lon="11.506354976445436">
        <ele>380.12146000000001</ele>
        <time>2026-09-17T09:13:22Z</time>
      </trkpt>
      <trkpt lat="46.064845025539398" lon="11.506481040269136">
        <ele>380.080377</ele>
        <time>2026-09-17T09:13:25Z</time>
      </trkpt>
      <trkpt lat="46.064580995589495" lon="11.50687700137496">
        <ele>380.04752500000001</ele>
        <time>2026-09-17T09:13:31Z</time>
      </trkpt>
      <trkpt lat="46.064319983124733" lon="11.506500989198685">
        <ele>380.01679200000001</ele>
        <time>2026-09-17T09:13:36Z</time>
      </trkpt>
      <trkpt lat="46.064304979518056" lon="11.506471987813711">
        <ele>380.014702</ele>
        <time>2026-09-17T09:13:37Z</time>
      </trkpt>
      <trkpt lat="46.064275978133082" lon="11.506411973387003">
        <ele>380.01047599999998</ele>
        <time>2026-09-17T09:13:38Z</time>
      </trkpt>
      <trkpt lat="46.064267009496689" lon="11.506391018629074">
        <ele>380.00905</ele>
        <time>2026-09-17T09:13:38Z</time>
      </trkpt>
      <trkpt lat="46.064174976199865" lon="11.506124977022409">
        <ele>379.99187499999999</ele>
        <time>2026-09-17T09:13:41Z</time>
      </trkpt>
      <trkpt lat="46.064067017287016" lon="11.505628013983369">
        <ele>379.96177999999998</ele>
        <time>2026-09-17T09:13:48Z</time>
      </trkpt>
      <trkpt lat="46.063958974555135" lon="11.505025019869208">
        <ele>379.93850900000001</ele>
        <time>2026-09-17T09:13:57Z</time>
      </trkpt>
      <trkpt lat="46.063911030068994" lon="11.504798959940672">
        <ele>379.98517700000002</ele>
        <time>2026-09-17T09:14:00Z</time>
      </trkpt>
      <trkpt lat="46.063781026750803" lon="11.504322029650211">
        <ele>380.086366</ele>
        <time>2026-09-17T09:14:07Z</time>
      </trkpt>
      <trkpt lat="46.063759988173842" lon="11.504264026880264">
        <ele>380.09928300000001</ele>
        <time>2026-09-17T09:14:08Z</time>
      </trkpt>
      <trkpt lat="46.063628979027271" lon="11.503991028293967">
        <ele>380.16482300000001</ele>
        <time>2026-09-17T09:14:13Z</time>
      </trkpt>
      <trkpt lat="46.063313987106085" lon="11.503415023908019">
        <ele>380.30963500000001</ele>
        <time>2026-09-17T09:14:23Z</time>
      </trkpt>
      <trkpt lat="46.063274005427957" lon="11.503327013924718">
        <ele>380.33040699999998</ele>
        <time>2026-09-17T09:14:24Z</time>
      </trkpt>
      <trkpt lat="46.063155988231301" lon="11.503058960661292">
        <ele>380.393079</ele>
        <time>2026-09-17T09:14:27Z</time>
      </trkpt>
      <trkpt lat="46.062945015728474" lon="11.502505000680685">
        <ele>380.26786499999997</ele>
        <time>2026-09-17T09:14:34Z</time>
      </trkpt>
      <trkpt lat="46.062869997695088" lon="11.502286987379193">
        <ele>380.16062599999998</ele>
        <time>2026-09-17T09:14:37Z</time>
      </trkpt>
      <trkpt lat="46.062783999368548" lon="11.502034021541476">
        <ele>380.03646099999997</ele>
        <time>2026-09-17T09:14:40Z</time>
      </trkpt>
      <trkpt lat="46.062538996338844" lon="11.501487018540502">
        <ele>379.74952100000002</ele>
        <time>2026-09-17T09:14:47Z</time>
      </trkpt>
      <trkpt lat="46.062150998041034" lon="11.500910008326173">
        <ele>379.395397</ele>
        <time>2026-09-17T09:14:56Z</time>
      </trkpt>
      <trkpt lat="46.061954023316503" lon="11.50062401778996">
        <ele>379.17584299999999</ele>
        <time>2026-09-17T09:15:00Z</time>
      </trkpt>
      <trkpt lat="46.061636013910174" lon="11.500167958438396">
        <ele>378.74204600000002</ele>
        <time>2026-09-17T09:15:06Z</time>
      </trkpt>
      <trkpt lat="46.061179032549262" lon="11.499438984319568">
        <ele>378.08282800000001</ele>
        <time>2026-09-17T09:15:17Z</time>
      </trkpt>
      <trkpt lat="46.061163023114204" lon="11.499405037611723">
        <ele>378.05526200000003</ele>
        <time>2026-09-17T09:15:17Z</time>
      </trkpt>
      <trkpt lat="46.061160005629063" lon="11.499397996813059">
        <ele>378.04974199999998</ele>
        <time>2026-09-17T09:15:17Z</time>
      </trkpt>
      <trkpt lat="46.061148019507527" lon="11.499373018741608">
        <ele>378.02934399999998</ele>
        <time>2026-09-17T09:15:17Z</time>
      </trkpt>
      <trkpt lat="46.060951966792345" lon="11.498986026272178">
        <ele>377.70785599999999</ele>
        <time>2026-09-17T09:15:22Z</time>
      </trkpt>
      <trkpt lat="46.060934029519558" lon="11.498950989916921">
        <ele>377.67862400000001</ele>
        <time>2026-09-17T09:15:23Z</time>
      </trkpt>
      <trkpt lat="46.060908967629075" lon="11.498897010460496">
        <ele>377.635065</ele>
        <time>2026-09-17T09:15:23Z</time>
      </trkpt>
      <trkpt lat="46.06053396128118" lon="11.498096035793424">
        <ele>377.34189300000003</ele>
        <time>2026-09-17T09:15:34Z</time>
      </trkpt>
      <trkpt lat="46.060490040108562" lon="11.49800299666822">
        <ele>377.31325900000002</ele>
        <time>2026-09-17T09:15:35Z</time>
      </trkpt>
      <trkpt lat="46.060506971552968" lon="11.49793803691864">
        <ele>377.29558900000001</ele>
        <time>2026-09-17T09:15:35Z</time>
      </trkpt>
      <trkpt lat="46.060486016795039" lon="11.497006975114346">
        <ele>377.05863199999999</ele>
        <time>2026-09-17T09:15:46Z</time>
      </trkpt>
      <trkpt lat="46.060443017631769" lon="11.496830033138394">
        <ele>377.01092599999998</ele>
        <time>2026-09-17T09:15:48Z</time>
      </trkpt>
      <trkpt lat="46.06023196130991" lon="11.496460977941751">
        <ele>376.94972899999999</ele>
        <time>2026-09-17T09:15:54Z</time>
      </trkpt>
      <trkpt lat="46.059585968032479" lon="11.495580039918423">
        <ele>378.57645400000001</ele>
        <time>2026-09-17T09:16:13Z</time>
      </trkpt>
      <trkpt lat="46.05958697386086" lon="11.495476020500064">
        <ele>378.70846</ele>
        <time>2026-09-17T09:16:15Z</time>
      </trkpt>
      <trkpt lat="46.059625027701259" lon="11.495395973324776">
        <ele>378.831502</ele>
        <time>2026-09-17T09:16:16Z</time>
      </trkpt>
      <trkpt lat="46.059708008542657" lon="11.495333025231957">
        <ele>379.00307900000001</ele>
        <time>2026-09-17T09:16:19Z</time>
      </trkpt>
      <trkpt lat="46.059902971610427" lon="11.495306035503745">
        <ele>379.361377</ele>
        <time>2026-09-17T09:16:25Z</time>
      </trkpt>
      <trkpt lat="46.05992803350091" lon="11.495272004976869">
        <ele>379.42424899999997</ele>
        <time>2026-09-17T09:16:26Z</time>
      </trkpt>
      <trkpt lat="46.059915041550994" lon="11.495230011641979">
        <ele>379.48261600000001</ele>
        <time>2026-09-17T09:16:27Z</time>
      </trkpt>
      <trkpt lat="46.059783026576042" lon="11.495186006650329">
        <ele>379.73041799999999</ele>
        <time>2026-09-17T09:16:31Z</time>
      </trkpt>
      <trkpt lat="46.059422018006444" lon="11.495270999148488">
        <ele>380.62399799999997</ele>
        <time>2026-09-17T09:16:43Z</time>
      </trkpt>
      <trkpt lat="46.059234011918306" lon="11.495226994156837">
        <ele>381.34426500000001</ele>
        <time>2026-09-17T09:16:50Z</time>
      </trkpt>
      <trkpt lat="46.059119012206793" lon="11.495111994445324">
        <ele>381.873604</ele>
        <time>2026-09-17T09:16:55Z</time>
      </trkpt>
      <trkpt lat="46.059026978909969" lon="11.494828015565872">
        <ele>382.69607400000001</ele>
        <time>2026-09-17T09:17:03Z</time>
      </trkpt>
      <trkpt lat="46.058752974495292" lon="11.493590008467436">
        <ele>386.10603200000003</ele>
        <time>2026-09-17T09:17:36Z</time>
      </trkpt>
      <trkpt lat="46.058502020314336" lon="11.49233004078269">
        <ele>388.38196199999999</ele>
        <time>2026-09-17T09:18:02Z</time>
      </trkpt>
      <trkpt lat="46.058375034481287" lon="11.491564018651843">
        <ele>389.50708700000001</ele>
        <time>2026-09-17T09:18:15Z</time>
      </trkpt>
      <trkpt lat="46.058247964829206" lon="11.491055991500616">
        <ele>390.27848899999998</ele>
        <time>2026-09-17T09:18:24Z</time>
      </trkpt>
      <trkpt lat="46.058129025623202" lon="11.490906039252877">
        <ele>390.60397799999998</ele>
        <time>2026-09-17T09:18:28Z</time>
      </trkpt>
      <trkpt lat="46.058103041723371" lon="11.490696994587779">
        <ele>390.87179200000003</ele>
        <time>2026-09-17T09:18:31Z</time>
      </trkpt>
      <trkpt lat="46.058160038664937" lon="11.489790994673967">
        <ele>391.95504799999998</ele>
        <time>2026-09-17T09:18:47Z</time>
      </trkpt>
      <trkpt lat="46.058140005916357" lon="11.489479020237923">
        <ele>392.328148</ele>
        <time>2026-09-17T09:18:53Z</time>
      </trkpt>
      <trkpt lat="46.058035986497998" lon="11.488990020006895">
        <ele>392.93716599999999</ele>
        <time>2026-09-17T09:19:03Z</time>
      </trkpt>
      <trkpt lat="46.057919980958104" lon="11.488186027854681">
        <ele>393.828957</ele>
        <time>2026-09-17T09:19:16Z</time>
      </trkpt>
      <trkpt lat="46.057772040367126" lon="11.487637013196945">
        <ele>394.082067</ele>
        <time>2026-09-17T09:19:25Z</time>
      </trkpt>
      <trkpt lat="46.057513039559126" lon="11.48764899931848">
        <ele>394.242547</ele>
        <time>2026-09-17T09:19:29Z</time>
      </trkpt>
      <trkpt lat="46.057461993768811" lon="11.486893035471439">
        <ele>394.56897099999998</ele>
        <time>2026-09-17T09:19:39Z</time>
      </trkpt>
      <trkpt lat="46.057382030412555" lon="11.486128019168973">
        <ele>394.90205800000001</ele>
        <time>2026-09-17T09:19:49Z</time>
      </trkpt>
      <trkpt lat="46.057357974350452" lon="11.485949987545609">
        <ele>394.98664100000002</ele>
        <time>2026-09-17T09:19:52Z</time>
      </trkpt>
      <trkpt lat="46.057329978793859" lon="11.484914990141988">
        <ele>395.46979499999998</ele>
        <time>2026-09-17T09:20:07Z</time>
      </trkpt>
      <trkpt lat="46.057180026546121" lon="11.483568018302321">
        <ele>396.10642300000001</ele>
        <time>2026-09-17T09:20:26Z</time>
      </trkpt>
      <trkpt lat="46.057142978534102" lon="11.483012968674302">
        <ele>396.390443</ele>
        <time>2026-09-17T09:20:33Z</time>
      </trkpt>
      <trkpt lat="46.057020016014576" lon="11.481829024851322">
        <ele>397.00029599999999</ele>
        <time>2026-09-17T09:20:51Z</time>
      </trkpt>
      <trkpt lat="46.057025967165828" lon="11.481457035988569">
        <ele>397.18984599999999</ele>
        <time>2026-09-17T09:20:57Z</time>
      </trkpt>
      <trkpt lat="46.05688096024096" lon="11.479405984282494">
        <ele>396.79994799999997</ele>
        <time>2026-09-17T09:21:48Z</time>
      </trkpt>
      <trkpt lat="46.05679102241993" lon="11.478985967114568">
        <ele>396.628894</ele>
        <time>2026-09-17T09:21:57Z</time>
      </trkpt>
      <trkpt lat="46.056790016591549" lon="11.478979010134935">
        <ele>396.62611299999998</ele>
        <time>2026-09-17T09:21:57Z</time>
      </trkpt>
      <trkpt lat="46.056741988286376" lon="11.478415997698903">
        <ele>396.37798199999997</ele>
        <time>2026-09-17T09:22:08Z</time>
      </trkpt>
      <trkpt lat="46.056683985516429" lon="11.47817200049758">
        <ele>395.99186900000001</ele>
        <time>2026-09-17T09:22:13Z</time>
      </trkpt>
      <trkpt lat="46.05666495859623" lon="11.477837981656194">
        <ele>395.49018100000001</ele>
        <time>2026-09-17T09:22:20Z</time>
      </trkpt>
      <trkpt lat="46.056399000808597" lon="11.477543022483587">
        <ele>394.76607999999999</ele>
        <time>2026-09-17T09:22:25Z</time>
      </trkpt>
      <trkpt lat="46.056204037740827" lon="11.477301958948374">
        <ele>394.211885</ele>
        <time>2026-09-17T09:22:29Z</time>
      </trkpt>
      <trkpt lat="46.0562779661268" lon="11.476558987051249">
        <ele>393.08818100000002</ele>
        <time>2026-09-17T09:22:36Z</time>
      </trkpt>
      <trkpt lat="46.056220969185233" lon="11.476312978193164">
        <ele>392.69992000000002</ele>
        <time>2026-09-17T09:22:38Z</time>
      </trkpt>
      <trkpt lat="46.056196996942163" lon="11.476010978221893">
        <ele>392.49445700000001</ele>
        <time>2026-09-17T09:22:46Z</time>
      </trkpt>
      <trkpt lat="46.056018965318799" lon="11.474803984165192">
        <ele>392.23729600000001</ele>
        <time>2026-09-17T09:23:00Z</time>
      </trkpt>
      <trkpt lat="46.056175958365202" lon="11.47411298006773">
        <ele>392.08576699999998</ele>
        <time>2026-09-17T09:23:08Z</time>
      </trkpt>
      <trkpt lat="46.056214012205601" lon="11.473509985953569">
        <ele>391.98933899999997</ele>
        <time>2026-09-17T09:23:16Z</time>
      </trkpt>
      <trkpt lat="46.056475024670362" lon="11.472549000754952">
        <ele>391.956684</ele>
        <time>2026-09-17T09:23:30Z</time>
      </trkpt>
      <trkpt lat="46.056634029373527" lon="11.471885992214084">
        <ele>391.93448699999999</ele>
        <time>2026-09-17T09:23:38Z</time>
      </trkpt>
      <trkpt lat="46.056779958307743" lon="11.471204040572047">
        <ele>391.88961999999998</ele>
        <time>2026-09-17T09:23:46Z</time>
      </trkpt>
      <trkpt lat="46.056845001876354" lon="11.470353025943041">
        <ele>391.05460799999997</ele>
        <time>2026-09-17T09:23:55Z</time>
      </trkpt>
      <trkpt lat="46.057011969387531" lon="11.469550961628556">
        <ele>390.23794500000002</ele>
        <time>2026-09-17T09:24:03Z</time>
      </trkpt>
      <trkpt lat="46.056950027123094" lon="11.468474976718426">
        <ele>389.05450999999999</ele>
        <time>2026-09-17T09:24:13Z</time>
      </trkpt>
      <trkpt lat="46.056890012696385" lon="11.468141041696072">
        <ele>388.498447</ele>
        <time>2026-09-17T09:24:16Z</time>
      </trkpt>
      <trkpt lat="46.056867968291044" lon="11.467999974265695">
        <ele>388.26551999999998</ele>
        <time>2026-09-17T09:24:18Z</time>
      </trkpt>
      <trkpt lat="46.056826980784535" lon="11.467983964830637">
        <ele>388.16686399999998</ele>
        <time>2026-09-17T09:24:18Z</time>
      </trkpt>
      <trkpt lat="46.056778030470014" lon="11.467354986816645">
        <ele>387.14671600000003</ele>
        <time>2026-09-17T09:24:24Z</time>
      </trkpt>
      <trkpt lat="46.056764032691717" lon="11.467032032087445">
        <ele>386.625112</ele>
        <time>2026-09-17T09:24:27Z</time>
      </trkpt>
      <trkpt lat="46.056777024641633" lon="11.466923989355564">
        <ele>386.44844499999999</ele>
        <time>2026-09-17T09:24:28Z</time>
      </trkpt>
      <trkpt lat="46.056652972474694" lon="11.466525010764599">
        <ele>385.74381899999997</ele>
        <time>2026-09-17T09:24:32Z</time>
      </trkpt>
      <trkpt lat="46.056586001068354" lon="11.465800981968641">
        <ele>384.74978599999997</ele>
        <time>2026-09-17T09:24:39Z</time>
      </trkpt>
      <trkpt lat="46.056546019390225" lon="11.465334026142955">
        <ele>384.208259</ele>
        <time>2026-09-17T09:24:43Z</time>
      </trkpt>
      <trkpt lat="46.056506959721446" lon="11.464414028450847">
        <ele>383.14750099999998</ele>
        <time>2026-09-17T09:24:52Z</time>
      </trkpt>
      <trkpt lat="46.05649002827704" lon="11.464287964627147">
        <ele>382.99977799999999</ele>
        <time>2026-09-17T09:24:53Z</time>
      </trkpt>
      <trkpt lat="46.056515006348491" lon="11.464177994057536">
        <ele>382.86656799999997</ele>
        <time>2026-09-17T09:24:54Z</time>
      </trkpt>
      <trkpt lat="46.056496985256672" lon="11.464075986295938">
        <ele>382.74544400000002</ele>
        <time>2026-09-17T09:24:56Z</time>
      </trkpt>
      <trkpt lat="46.056412998586893" lon="11.464003985747695">
        <ele>382.58335699999998</ele>
        <time>2026-09-17T09:24:57Z</time>
      </trkpt>
      <trkpt lat="46.056418027728796" lon="11.463956963270903">
        <ele>382.52863500000001</ele>
        <time>2026-09-17T09:24:57Z</time>
      </trkpt>
      <trkpt lat="46.056441999971867" lon="11.463571982458234">
        <ele>382.17361699999998</ele>
        <time>2026-09-17T09:25:01Z</time>
      </trkpt>
      <trkpt lat="46.055988958105445" lon="11.463467963039875">
        <ele>381.89911999999998</ele>
        <time>2026-09-17T09:25:09Z</time>
      </trkpt>
      <trkpt lat="46.055796006694436" lon="11.463430998846889">
        <ele>381.78260999999998</ele>
        <time>2026-09-17T09:25:12Z</time>
      </trkpt>
      <trkpt lat="46.055356962606311" lon="11.463398979976773">
        <ele>381.51957299999998</ele>
        <time>2026-09-17T09:25:19Z</time>
      </trkpt>
      <trkpt lat="46.055340031161904" lon="11.463398979976773">
        <ele>381.50940000000003</ele>
        <time>2026-09-17T09:25:19Z</time>
      </trkpt>
      <trkpt lat="46.055284962058067" lon="11.463395040482283">
        <ele>381.47644600000001</ele>
        <time>2026-09-17T09:25:20Z</time>
      </trkpt>
      <trkpt lat="46.054981034249067" lon="11.463352041319013">
        <ele>381.293655</ele>
        <time>2026-09-17T09:25:25Z</time>
      </trkpt>
      <trkpt lat="46.054719015955925" lon="11.463320022448897">
        <ele>381.16637500000002</ele>
        <time>2026-09-17T09:25:30Z</time>
      </trkpt>
      <trkpt lat="46.054604016244411" lon="11.463303007185459">
        <ele>381.27486699999997</ele>
        <time>2026-09-17T09:25:32Z</time>
      </trkpt>
      <trkpt lat="46.054610973224044" lon="11.4632180146873">
        <ele>381.33061400000003</ele>
        <time>2026-09-17T09:25:33Z</time>
      </trkpt>
      <trkpt lat="46.054694037884474" lon="11.463214997202158">
        <ele>381.40853199999998</ele>
        <time>2026-09-17T09:25:34Z</time>
      </trkpt>
      <trkpt lat="46.054562022909522" lon="11.462534973397851">
        <ele>381.868402</ele>
        <time>2026-09-17T09:25:45Z</time>
      </trkpt>
      <trkpt lat="46.054460015147924" lon="11.461871964856982">
        <ele>382.31068399999998</ele>
        <time>2026-09-17T09:25:55Z</time>
      </trkpt>
      <trkpt lat="46.05447200126946" lon="11.461755037307739">
        <ele>382.38771200000002</ele>
        <time>2026-09-17T09:25:56Z</time>
      </trkpt>
      <trkpt lat="46.05440704151988" lon="11.461209962144494">
        <ele>382.74786399999999</ele>
        <time>2026-09-17T09:26:06Z</time>
      </trkpt>
      <trkpt lat="46.054335962980986" lon="11.460777036845684">
        <ele>383.28378099999998</ele>
        <time>2026-09-17T09:26:14Z</time>
      </trkpt>
      <trkpt lat="46.054287012666464" lon="11.460691960528493">
        <ele>383.44360599999999</ele>
        <time>2026-09-17T09:26:16Z</time>
      </trkpt>
      <trkpt lat="46.054038992151618" lon="11.459836000576615">
        <ele>384.78526599999998</ele>
        <time>2026-09-17T09:26:33Z</time>
      </trkpt>
      <trkpt lat="46.05393698439002" lon="11.459381030872464">
        <ele>385.476854</ele>
        <time>2026-09-17T09:26:42Z</time>
      </trkpt>
      <trkpt lat="46.053951987996697" lon="11.459376001730561">
        <ele>385.50894199999999</ele>
        <time>2026-09-17T09:26:43Z</time>
      </trkpt>
      <trkpt lat="46.05404301546514" lon="11.459333002567291">
        <ele>385.70854000000003</ele>
        <time>2026-09-17T09:26:46Z</time>
      </trkpt>
      <trkpt lat="46.054103029891849" lon="11.459305007010698">
        <ele>385.83998500000001</ele>
        <time>2026-09-17T09:26:48Z</time>
      </trkpt>
      <trkpt lat="46.054059024900198" lon="11.459069978445768">
        <ele>386.19203800000003</ele>
        <time>2026-09-17T09:26:54Z</time>
      </trkpt>
      <trkpt lat="46.05404200963676" lon="11.45894299261272">
        <ele>386.37911400000002</ele>
        <time>2026-09-17T09:26:57Z</time>
      </trkpt>
      <trkpt lat="46.053975960239768" lon="11.458631018176675">
        <ele>386.662689</ele>
        <time>2026-09-17T09:27:04Z</time>
      </trkpt>
      <trkpt lat="46.053960034623742" lon="11.45855700597167">
        <ele>386.69553200000001</ele>
        <time>2026-09-17T09:27:05Z</time>
      </trkpt>
      <trkpt lat="46.053811004385352" lon="11.457798024639487">
        <ele>387.02976899999999</ele>
        <time>2026-09-17T09:27:21Z</time>
      </trkpt>
      <trkpt lat="46.053860038518906" lon="11.457773968577385">
        <ele>387.06136900000001</ele>
        <time>2026-09-17T09:27:22Z</time>
      </trkpt>
      <trkpt lat="46.053862972185016" lon="11.457772962749004">
        <ele>387.06324899999998</ele>
        <time>2026-09-17T09:27:22Z</time>
      </trkpt>
      <trkpt lat="46.053860960528255" lon="11.45776298828423">
        <ele>387.06765899999999</ele>
        <time>2026-09-17T09:27:22Z</time>
      </trkpt>
      <trkpt lat="46.053856015205383" lon="11.457734992727637">
        <ele>387.07990999999998</ele>
        <time>2026-09-17T09:27:23Z</time>
      </trkpt>
      <trkpt lat="46.053777979686856" lon="11.457767011597753">
        <ele>387.12942900000002</ele>
        <time>2026-09-17T09:27:25Z</time>
      </trkpt>
      <trkpt lat="46.053761970251799" lon="11.45769601687789">
        <ele>387.16106100000002</ele>
        <time>2026-09-17T09:27:27Z</time>
      </trkpt>
      <trkpt lat="46.053716037422419" lon="11.457408014684916">
        <ele>387.28628800000001</ele>
        <time>2026-09-17T09:27:32Z</time>
      </trkpt>
      <trkpt lat="46.053711008280516" lon="11.457087993621826">
        <ele>387.421919</ele>
        <time>2026-09-17T09:27:37Z</time>
      </trkpt>
      <trkpt lat="46.053750989958644" lon="11.456681974232197">
        <ele>387.59568100000001</ele>
        <time>2026-09-17T09:27:43Z</time>
      </trkpt>
      <trkpt lat="46.05374101549387" lon="11.456679962575436">
        <ele>387.60184600000002</ele>
        <time>2026-09-17T09:27:43Z</time>
      </trkpt>
      <trkpt lat="46.053736992180347" lon="11.456611985340714">
        <ele>387.630763</ele>
        <time>2026-09-17T09:27:44Z</time>
      </trkpt>
      <trkpt lat="46.053730035200715" lon="11.456563035026193">
        <ele>387.65196200000003</ele>
        <time>2026-09-17T09:27:45Z</time>
      </trkpt>
      <trkpt lat="46.053733974695206" lon="11.456503020599484">
        <ele>387.677503</ele>
        <time>2026-09-17T09:27:45Z</time>
      </trkpt>
      <trkpt lat="46.053736992180347" lon="11.45642900839448">
        <ele>387.63613500000002</ele>
        <time>2026-09-17T09:27:47Z</time>
      </trkpt>
      <trkpt lat="46.053729029372334" lon="11.456359019502997">
        <ele>387.58195899999998</ele>
        <time>2026-09-17T09:27:48Z</time>
      </trkpt>
      <trkpt lat="46.053719976916909" lon="11.456293975934386">
        <ele>387.53134399999999</ele>
        <time>2026-09-17T09:27:49Z</time>
      </trkpt>
      <trkpt lat="46.053707990795374" lon="11.456231027841568">
        <ele>387.48145499999998</ele>
        <time>2026-09-17T09:27:50Z</time>
      </trkpt>
      <trkpt lat="46.053714025765657" lon="11.456161038950086">
        <ele>387.427593</ele>
        <time>2026-09-17T09:27:51Z</time>
      </trkpt>
      <trkpt lat="46.053707990795374" lon="11.456091972067952">
        <ele>387.37448899999998</ele>
        <time>2026-09-17T09:27:52Z</time>
      </trkpt>
      <trkpt lat="46.053711008280516" lon="11.456041010096669">
        <ele>387.33540299999999</ele>
        <time>2026-09-17T09:27:52Z</time>
      </trkpt>
      <trkpt lat="46.053714025765657" lon="11.456009997054935">
        <ele>387.31150100000002</ele>
        <time>2026-09-17T09:27:53Z</time>
      </trkpt>
      <trkpt lat="46.053711008280516" lon="11.455980995669961">
        <ele>387.28910999999999</ele>
        <time>2026-09-17T09:27:53Z</time>
      </trkpt>
      <trkpt lat="46.053710002452135" lon="11.455947970971465">
        <ele>387.26388600000001</ele>
        <time>2026-09-17T09:27:54Z</time>
      </trkpt>
      <trkpt lat="46.053706984966993" lon="11.45591402426362">
        <ele>387.23771299999999</ele>
        <time>2026-09-17T09:27:54Z</time>
      </trkpt>
      <trkpt lat="46.053702961653471" lon="11.455874964594841">
        <ele>387.207607</ele>
        <time>2026-09-17T09:27:55Z</time>
      </trkpt>
      <trkpt lat="46.053697010502219" lon="11.455836994573474">
        <ele>387.17784699999999</ele>
        <time>2026-09-17T09:27:55Z</time>
      </trkpt>
      <trkpt lat="46.053691981360316" lon="11.455797012895346">
        <ele>387.14680900000002</ele>
        <time>2026-09-17T09:27:56Z</time>
      </trkpt>
      <trkpt lat="46.053697010502219" lon="11.45574496127665">
        <ele>387.10672</ele>
        <time>2026-09-17T09:27:57Z</time>
      </trkpt>
      <trkpt lat="46.053712014108896" lon="11.455674972385168">
        <ele>387.05077399999999</ele>
        <time>2026-09-17T09:27:58Z</time>
      </trkpt>
      <trkpt lat="46.053722994402051" lon="11.455606995150447">
        <ele>386.997454</ele>
        <time>2026-09-17T09:27:59Z</time>
      </trkpt>
      <trkpt lat="46.053726011887193" lon="11.455542035400867">
        <ele>386.94770699999998</ele>
        <time>2026-09-17T09:28:00Z</time>
      </trkpt>
      <trkpt lat="46.05372198857367" lon="11.455479003489017">
        <ele>386.89939600000002</ele>
        <time>2026-09-17T09:28:01Z</time>
      </trkpt>
      <trkpt lat="46.053716959431767" lon="11.455424018204212">
        <ele>386.85703599999999</ele>
        <time>2026-09-17T09:28:02Z</time>
      </trkpt>
      <trkpt lat="46.053705979138613" lon="11.455353023484349">
        <ele>386.80148200000002</ele>
        <time>2026-09-17T09:28:03Z</time>
      </trkpt>
      <trkpt lat="46.053693993017077" lon="11.455269958823919">
        <ele>386.736739</ele>
        <time>2026-09-17T09:28:04Z</time>
      </trkpt>
      <trkpt lat="46.053683012723923" lon="11.455199969932437">
        <ele>386.68193000000002</ele>
        <time>2026-09-17T09:28:05Z</time>
      </trkpt>
      <trkpt lat="46.053671026602387" lon="11.455129981040955">
        <ele>386.626867</ele>
        <time>2026-09-17T09:28:06Z</time>
      </trkpt>
      <trkpt lat="46.053659962490201" lon="11.455060997977853">
        <ele>386.57280300000002</ele>
        <time>2026-09-17T09:28:07Z</time>
      </trkpt>
      <trkpt lat="46.053647976368666" lon="11.454993020743132">
        <ele>386.51922200000001</ele>
        <time>2026-09-17T09:28:08Z</time>
      </trkpt>
      <trkpt lat="46.053633978590369" lon="11.454924959689379">
        <ele>386.465057</ele>
        <time>2026-09-17T09:28:09Z</time>
      </trkpt>
      <trkpt lat="46.053627021610737" lon="11.45486201159656">
        <ele>386.41633400000001</ele>
        <time>2026-09-17T09:28:10Z</time>
      </trkpt>
      <trkpt lat="46.053622998297215" lon="11.45479504019022">
        <ele>386.36498</ele>
        <time>2026-09-17T09:28:11Z</time>
      </trkpt>
      <trkpt lat="46.053622998297215" lon="11.454725973308086">
        <ele>386.31228800000002</ele>
        <time>2026-09-17T09:28:12Z</time>
      </trkpt>
      <trkpt lat="46.053616041317582" lon="11.454659001901746">
        <ele>386.26054699999997</ele>
        <time>2026-09-17T09:28:13Z</time>
      </trkpt>
      <trkpt lat="46.053682006895542" lon="11.454592030495405">
        <ele>386.17170900000002</ele>
        <time>2026-09-17T09:28:15Z</time>
      </trkpt>
      <trkpt lat="46.053618974983692" lon="11.45456001162529">
        <ele>386.09820300000001</ele>
        <time>2026-09-17T09:28:16Z</time>
      </trkpt>
      <trkpt lat="46.053516967222095" lon="11.454498991370201">
        <ele>385.97668099999999</ele>
        <time>2026-09-17T09:28:18Z</time>
      </trkpt>
      <trkpt lat="46.053497018292546" lon="11.454477030783892">
        <ele>385.94899400000003</ele>
        <time>2026-09-17T09:28:18Z</time>
      </trkpt>
      <trkpt lat="46.053410014137626" lon="11.454068999737501">
        <ele>385.67249199999998</ele>
        <time>2026-09-17T09:28:23Z</time>
      </trkpt>
      <trkpt lat="46.053342958912253" lon="11.453745039179921">
        <ele>385.572518</ele>
        <time>2026-09-17T09:28:27Z</time>
      </trkpt>
      <trkpt lat="46.053363997489214" lon="11.453669015318155">
        <ele>385.54832800000003</ele>
        <time>2026-09-17T09:28:28Z</time>
      </trkpt>
      <trkpt lat="46.053365003317595" lon="11.453480003401637">
        <ele>385.492437</ele>
        <time>2026-09-17T09:28:30Z</time>
      </trkpt>
      <trkpt lat="46.05333399027586" lon="11.453267019242048">
        <ele>385.42808000000002</ele>
        <time>2026-09-17T09:28:33Z</time>
      </trkpt>
      <trkpt lat="46.05305403470993" lon="11.452064970508218">
        <ele>385.05314399999997</ele>
        <time>2026-09-17T09:28:49Z</time>
      </trkpt>
      <trkpt lat="46.053067026659846" lon="11.452060025185347">
        <ele>385.04741100000001</ele>
        <time>2026-09-17T09:28:49Z</time>
      </trkpt>
      <trkpt lat="46.053025033324957" lon="11.45185399800539">
        <ele>384.98392000000001</ele>
        <time>2026-09-17T09:28:51Z</time>
      </trkpt>
      <trkpt lat="46.052987985312939" lon="11.451674038544297">
        <ele>384.93751900000001</ele>
        <time>2026-09-17T09:28:54Z</time>
      </trkpt>
      <trkpt lat="46.052827974781394" lon="11.450967025011778">
        <ele>384.94223699999998</ele>
        <time>2026-09-17T09:29:03Z</time>
      </trkpt>
      <trkpt lat="46.052750023081899" lon="11.450676005333662">
        <ele>384.94421699999998</ele>
        <time>2026-09-17T09:29:06Z</time>
      </trkpt>
      <trkpt lat="46.052698977291584" lon="11.450400995090604">
        <ele>384.94602300000003</ele>
        <time>2026-09-17T09:29:10Z</time>
      </trkpt>
      <trkpt lat="46.052606021985412" lon="11.450226986780763">
        <ele>384.94741599999998</ele>
        <time>2026-09-17T09:29:12Z</time>
      </trkpt>
      <trkpt lat="46.05258297175169" lon="11.450129002332687">
        <ele>384.94807300000002</ele>
        <time>2026-09-17T09:29:14Z</time>
      </trkpt>
      <trkpt lat="46.052593030035496" lon="11.449866984039545">
        <ele>384.94973800000002</ele>
        <time>2026-09-17T09:29:17Z</time>
      </trkpt>
      <trkpt lat="46.051744027063251" lon="11.446396037936211">
        <ele>385.00032700000003</ele>
        <time>2026-09-17T09:30:00Z</time>
      </trkpt>
      <trkpt lat="46.05015398003161" lon="11.439530001953244">
        <ele>387.11668300000002</ele>
        <time>2026-09-17T09:31:36Z</time>
      </trkpt>
      <trkpt lat="46.049799006432295" lon="11.438257964327931">
        <ele>387.45529800000003</ele>
        <time>2026-09-17T09:31:55Z</time>
      </trkpt>
      <trkpt lat="46.049302965402603" lon="11.436619972810149">
        <ele>387.94665800000001</ele>
        <time>2026-09-17T09:32:17Z</time>
      </trkpt>
      <trkpt lat="46.04871497489512" lon="11.434860024601221">
        <ele>388.65807899999999</ele>
        <time>2026-09-17T09:32:43Z</time>
      </trkpt>
      <trkpt lat="46.046794010326266" lon="11.430108994245529">
        <ele>393.31472100000002</ele>
        <time>2026-09-17T09:34:12Z</time>
      </trkpt>
      <trkpt lat="46.046692002564669" lon="11.429928028956056">
        <ele>393.366308</ele>
        <time>2026-09-17T09:34:15Z</time>
      </trkpt>
      <trkpt lat="46.046610027551651" lon="11.429860973730683">
        <ele>393.39636000000002</ele>
        <time>2026-09-17T09:34:16Z</time>
      </trkpt>
      <trkpt lat="46.046591000631452" lon="11.429878994822502">
        <ele>393.40360900000002</ele>
        <time>2026-09-17T09:34:17Z</time>
      </trkpt>
      <trkpt lat="46.046535009518266" lon="11.429932974278927">
        <ele>393.42509100000001</ele>
        <time>2026-09-17T09:34:18Z</time>
      </trkpt>
      <trkpt lat="46.046505002304912" lon="11.429975973442197">
        <ele>393.438581</ele>
        <time>2026-09-17T09:34:19Z</time>
      </trkpt>
      <trkpt lat="46.04647901840508" lon="11.429913025349379">
        <ele>393.45479899999998</ele>
        <time>2026-09-17T09:34:19Z</time>
      </trkpt>
      <trkpt lat="46.04617802426219" lon="11.429198971018195">
        <ele>393.63963899999999</ele>
        <time>2026-09-17T09:34:29Z</time>
      </trkpt>
      <trkpt lat="46.04613896459341" lon="11.429238030686975">
        <ele>393.65477299999998</ele>
        <time>2026-09-17T09:34:30Z</time>
      </trkpt>
      <trkpt lat="46.046091020107269" lon="11.429280024021864">
        <ele>393.67267600000002</ele>
        <time>2026-09-17T09:34:30Z</time>
      </trkpt>
      <trkpt lat="46.04602999985218" lon="11.429326040670276">
        <ele>393.69462399999998</ele>
        <time>2026-09-17T09:34:32Z</time>
      </trkpt>
      <trkpt lat="46.04482501745224" lon="11.426405031234026">
        <ele>395.50406500000003</ele>
        <time>2026-09-17T09:35:21Z</time>
      </trkpt>
      <trkpt lat="46.044489992782474" lon="11.425603972747922">
        <ele>396.61644000000001</ele>
        <time>2026-09-17T09:35:36Z</time>
      </trkpt>
      <trkpt lat="46.043710978701711" lon="11.423896998167038">
        <ele>399.46403099999998</ele>
        <time>2026-09-17T09:36:13Z</time>
      </trkpt>
      <trkpt lat="46.04276298545301" lon="11.421658024191856">
        <ele>405.77071599999999</ele>
        <time>2026-09-17T09:37:09Z</time>
      </trkpt>
      <trkpt lat="46.042266022413969" lon="11.420051967725158">
        <ele>412.49512499999997</ele>
        <time>2026-09-17T09:38:03Z</time>
      </trkpt>
      <trkpt lat="46.0422039963305" lon="11.419945014640689">
        <ele>413.02815099999998</ele>
        <time>2026-09-17T09:38:08Z</time>
      </trkpt>
      <trkpt lat="46.041996041312814" lon="11.419736975803971">
        <ele>414.57704899999999</ele>
        <time>2026-09-17T09:38:20Z</time>
      </trkpt>
      <trkpt lat="46.04183997027576" lon="11.419307989999652">
        <ele>416.840396</ele>
        <time>2026-09-17T09:38:37Z</time>
      </trkpt>
      <trkpt lat="46.041481979191303" lon="11.418642969802022">
        <ele>420.77336600000001</ele>
        <time>2026-09-17T09:39:07Z</time>
      </trkpt>
      <trkpt lat="46.040929025039077" lon="11.417257022112608">
        <ele>427.066867</ele>
        <time>2026-09-17T09:39:58Z</time>
      </trkpt>
      <trkpt lat="46.040067030116916" lon="11.4151990134269">
        <ele>431.43604499999998</ele>
        <time>2026-09-17T09:40:50Z</time>
      </trkpt>
      <trkpt lat="46.039330009371042" lon="11.413167994469404">
        <ele>427.33303799999999</ele>
        <time>2026-09-17T09:41:09Z</time>
      </trkpt>
      <trkpt lat="46.039199000224471" lon="11.412562988698483">
        <ele>425.80148800000001</ele>
        <time>2026-09-17T09:41:15Z</time>
      </trkpt>
      <trkpt lat="46.039204029366374" lon="11.412023026496172">
        <ele>424.49637999999999</ele>
        <time>2026-09-17T09:41:19Z</time>
      </trkpt>
      <trkpt lat="46.039294973015785" lon="11.411324981600046">
        <ele>422.78006699999997</ele>
        <time>2026-09-17T09:41:25Z</time>
      </trkpt>
      <trkpt lat="46.039252979680896" lon="11.411180980503559">
        <ele>422.40260000000001</ele>
        <time>2026-09-17T09:41:27Z</time>
      </trkpt>
      <trkpt lat="46.039017029106617" lon="11.410771021619439">
        <ele>421.13039500000002</ele>
        <time>2026-09-17T09:41:31Z</time>
      </trkpt>
      <trkpt lat="46.038892976939678" lon="11.410748977214098">
        <ele>420.98012</ele>
        <time>2026-09-17T09:41:33Z</time>
      </trkpt>
      <trkpt lat="46.038725003600121" lon="11.410645041614771">
        <ele>420.76018099999999</ele>
        <time>2026-09-17T09:41:36Z</time>
      </trkpt>
      <trkpt lat="46.038591982796788" lon="11.410410013049841">
        <ele>420.50701800000002</ele>
        <time>2026-09-17T09:41:39Z</time>
      </trkpt>
      <trkpt lat="46.038519982248545" lon="11.41017397865653">
        <ele>420.29177800000002</ele>
        <time>2026-09-17T09:41:41Z</time>
      </trkpt>
      <trkpt lat="46.038425015285611" lon="11.410017991438508">
        <ele>420.11850700000002</ele>
        <time>2026-09-17T09:41:43Z</time>
      </trkpt>
      <trkpt lat="46.03818504139781" lon="11.409842977300286">
        <ele>419.79496</ele>
        <time>2026-09-17T09:41:47Z</time>
      </trkpt>
      <trkpt lat="46.037912964820862" lon="11.409492027014494">
        <ele>419.35572500000001</ele>
        <time>2026-09-17T09:41:53Z</time>
      </trkpt>
      <trkpt lat="46.037464030086994" lon="11.408311016857624">
        <ele>418.53943199999998</ele>
        <time>2026-09-17T09:42:08Z</time>
      </trkpt>
      <trkpt lat="46.037353975698352" lon="11.408139020204544">
        <ele>418.42506100000003</ele>
        <time>2026-09-17T09:42:10Z</time>
      </trkpt>
      <trkpt lat="46.037217015400529" lon="11.408014968037605">
        <ele>418.31107700000001</ele>
        <time>2026-09-17T09:42:13Z</time>
      </trkpt>
      <trkpt lat="46.036864975467324" lon="11.407859986647964">
        <ele>418.05177099999997</ele>
        <time>2026-09-17T09:42:20Z</time>
      </trkpt>
      <trkpt lat="46.036746958270669" lon="11.407682038843632">
        <ele>417.93140299999999</ele>
        <time>2026-09-17T09:42:23Z</time>
      </trkpt>
      <trkpt lat="46.036645034328103" lon="11.407356988638639">
        <ele>417.75697300000002</ele>
        <time>2026-09-17T09:42:27Z</time>
      </trkpt>
      <trkpt lat="46.03659700602293" lon="11.407212987542152">
        <ele>417.69944199999998</ele>
        <time>2026-09-17T09:42:30Z</time>
      </trkpt>
      <trkpt lat="46.035826960578561" lon="11.404633959755301">
        <ele>417.14978400000001</ele>
        <time>2026-09-17T09:43:08Z</time>
      </trkpt>
      <trkpt lat="46.035140985623002" lon="11.402543010190129">
        <ele>415.52495299999998</ele>
        <time>2026-09-17T09:43:35Z</time>
      </trkpt>
      <trkpt lat="46.03496597148478" lon="11.401758966967463">
        <ele>415.19082400000002</ele>
        <time>2026-09-17T09:43:45Z</time>
      </trkpt>
      <trkpt lat="46.034891959279776" lon="11.401239037513733">
        <ele>414.97595999999999</ele>
        <time>2026-09-17T09:43:52Z</time>
      </trkpt>
      <trkpt lat="46.035540970042348" lon="11.400802005082369">
        <ele>414.55824200000001</ele>
        <time>2026-09-17T09:44:04Z</time>
      </trkpt>
      <trkpt lat="46.035654963925481" lon="11.400698991492391">
        <ele>414.47977800000001</ele>
        <time>2026-09-17T09:44:06Z</time>
      </trkpt>
      <trkpt lat="46.035827966406941" lon="11.400593966245651">
        <ele>414.53322500000002</ele>
        <time>2026-09-17T09:44:10Z</time>
      </trkpt>
      <trkpt lat="46.035886975005269" lon="11.400549961254001">
        <ele>414.555137</ele>
        <time>2026-09-17T09:44:11Z</time>
      </trkpt>
      <trkpt lat="46.035784967243671" lon="11.400329014286399">
        <ele>414.61589900000001</ele>
        <time>2026-09-17T09:44:14Z</time>
      </trkpt>
      <trkpt lat="46.03468400426209" lon="11.39682998880744">
        <ele>416.60963299999997</ele>
        <time>2026-09-17T09:45:06Z</time>
      </trkpt>
      <trkpt lat="46.034503038972616" lon="11.396204028278589">
        <ele>417.16917100000001</ele>
        <time>2026-09-17T09:45:19Z</time>
      </trkpt>
      <trkpt lat="46.034477977082133" lon="11.396030019968748">
        <ele>417.44637399999999</ele>
        <time>2026-09-17T09:45:22Z</time>
      </trkpt>
      <trkpt lat="46.034411005675793" lon="11.395988026633859">
        <ele>417.63593700000001</ele>
        <time>2026-09-17T09:45:25Z</time>
      </trkpt>
      <trkpt lat="46.034226017072797" lon="11.395892975851893">
        <ele>418.145466</ele>
        <time>2026-09-17T09:45:32Z</time>
      </trkpt>
      <trkpt lat="46.034087967127562" lon="11.395826004445553">
        <ele>418.52326699999998</ele>
        <time>2026-09-17T09:45:36Z</time>
      </trkpt>
      <trkpt lat="46.033509029075503" lon="11.395059982314706">
        <ele>420.562769</ele>
        <time>2026-09-17T09:46:01Z</time>
      </trkpt>
      <trkpt lat="46.032863035798073" lon="11.393854999914765">
        <ele>422.55702000000002</ele>
        <time>2026-09-17T09:46:27Z</time>
      </trkpt>
      <trkpt lat="46.032841997221112" lon="11.393820969387889">
        <ele>422.59621900000002</ele>
        <time>2026-09-17T09:46:28Z</time>
      </trkpt>
      <trkpt lat="46.032538991421461" lon="11.393254017457366">
        <ele>423.21254800000003</ele>
        <time>2026-09-17T09:46:39Z</time>
      </trkpt>
      <trkpt lat="46.032312009483576" lon="11.392885968089104">
        <ele>423.63658099999998</ele>
        <time>2026-09-17T09:46:46Z</time>
      </trkpt>
      <trkpt lat="46.032163985073566" lon="11.392693016678095">
        <ele>423.88428399999998</ele>
        <time>2026-09-17T09:46:50Z</time>
      </trkpt>
      <trkpt lat="46.031775986775756" lon="11.392222037538886">
        <ele>424.29883599999999</ele>
        <time>2026-09-17T09:47:01Z</time>
      </trkpt>
      <trkpt lat="46.03118103928864" lon="11.391552994027734">
        <ele>424.74501800000002</ele>
        <time>2026-09-17T09:47:16Z</time>
      </trkpt>
      <trkpt lat="46.030556000769138" lon="11.391174970194697">
        <ele>425.14571000000001</ele>
        <time>2026-09-17T09:47:28Z</time>
      </trkpt>
      <trkpt lat="46.030318960547447" lon="11.390896020457149">
        <ele>425.387317</ele>
        <time>2026-09-17T09:47:34Z</time>
      </trkpt>
      <trkpt lat="46.030093990266323" lon="11.39057700522244">
        <ele>425.64459900000003</ele>
        <time>2026-09-17T09:47:41Z</time>
      </trkpt>
      <trkpt lat="46.029883017763495" lon="11.390138966962695">
        <ele>425.94622299999997</ele>
        <time>2026-09-17T09:47:50Z</time>
      </trkpt>
      <trkpt lat="46.029020017012954" lon="11.389057030901313">
        <ele>426.63150300000001</ele>
        <time>2026-09-17T09:48:14Z</time>
      </trkpt>
      <trkpt lat="46.028921026736498" lon="11.388855027034879">
        <ele>426.631145</ele>
        <time>2026-09-17T09:48:17Z</time>
      </trkpt>
      <trkpt lat="46.028635958209634" lon="11.388080958276987">
        <ele>426.62987600000002</ele>
        <time>2026-09-17T09:48:26Z</time>
      </trkpt>
      <trkpt lat="46.02847502566874" lon="11.387781975790858">
        <ele>426.62932799999999</ele>
        <time>2026-09-17T09:48:30Z</time>
      </trkpt>
      <trkpt lat="46.028332030400634" lon="11.387697989121079">
        <ele>426.629006</ele>
        <time>2026-09-17T09:48:33Z</time>
      </trkpt>
      <trkpt lat="46.028206972405314" lon="11.387586006894708">
        <ele>426.62869899999998</ele>
        <time>2026-09-17T09:48:35Z</time>
      </trkpt>
      <trkpt lat="46.028080992400646" lon="11.387531021609902">
        <ele>426.628424</ele>
        <time>2026-09-17T09:48:37Z</time>
      </trkpt>
      <trkpt lat="46.027576988562942" lon="11.387364976108074">
        <ele>426.858677</ele>
        <time>2026-09-17T09:48:47Z</time>
      </trkpt>
      <trkpt lat="46.026891013607383" lon="11.387068005278707">
        <ele>427.19073100000003</ele>
        <time>2026-09-17T09:49:03Z</time>
      </trkpt>
      <trkpt lat="46.026661014184356" lon="11.38698996976018">
        <ele>427.30026400000003</ele>
        <time>2026-09-17T09:49:08Z</time>
      </trkpt>
      <trkpt lat="46.025822991505265" lon="11.386300977319479">
        <ele>427.22828800000002</ele>
        <time>2026-09-17T09:49:24Z</time>
      </trkpt>
      <trkpt lat="46.025705980136991" lon="11.386198969557881">
        <ele>427.17634199999998</ele>
        <time>2026-09-17T09:49:26Z</time>
      </trkpt>
      <trkpt lat="46.024571992456913" lon="11.38535600155592">
        <ele>427.00960800000001</ele>
        <time>2026-09-17T09:49:46Z</time>
      </trkpt>
      <trkpt lat="46.024337969720364" lon="11.38533303514123">
        <ele>427.24479400000001</ele>
        <time>2026-09-17T09:49:50Z</time>
      </trkpt>
      <trkpt lat="46.024232022464275" lon="11.385358013212681">
        <ele>427.35250000000002</ele>
        <time>2026-09-17T09:49:53Z</time>
      </trkpt>
      <trkpt lat="46.024118028581142" lon="11.385385002940893">
        <ele>427.46834699999999</ele>
        <time>2026-09-17T09:49:55Z</time>
      </trkpt>
      <trkpt lat="46.023798007518053" lon="11.385321971029043">
        <ele>427.79220700000002</ele>
        <time>2026-09-17T09:50:03Z</time>
      </trkpt>
      <trkpt lat="46.023391988128424" lon="11.384987030178308">
        <ele>428.26140099999998</ele>
        <time>2026-09-17T09:50:15Z</time>
      </trkpt>
      <trkpt lat="46.023027962073684" lon="11.384559972211719">
        <ele>428.75207</ele>
        <time>2026-09-17T09:50:26Z</time>
      </trkpt>
      <trkpt lat="46.022449024021626" lon="11.383418021723628">
        <ele>429.86765500000001</ele>
        <time>2026-09-17T09:50:50Z</time>
      </trkpt>
      <trkpt lat="46.02248003706336" lon="11.383384997025132">
        <ele>429.91145499999999</ele>
        <time>2026-09-17T09:50:51Z</time>
      </trkpt>
      <trkpt lat="46.022445000708103" lon="11.383298998698592">
        <ele>429.99009899999999</ele>
        <time>2026-09-17T09:50:53Z</time>
      </trkpt>
      <trkpt lat="46.022406024858356" lon="11.383214006200433">
        <ele>430.07047699999998</ele>
        <time>2026-09-17T09:50:54Z</time>
      </trkpt>
      <trkpt lat="46.022362019866705" lon="11.38312297873199">
        <ele>430.157963</ele>
        <time>2026-09-17T09:50:56Z</time>
      </trkpt>
      <trkpt lat="46.022324971854687" lon="11.383061036467552">
        <ele>430.22246100000001</ele>
        <time>2026-09-17T09:50:57Z</time>
      </trkpt>
      <trkpt lat="46.022276021540165" lon="11.382986018434167">
        <ele>430.30370599999998</ele>
        <time>2026-09-17T09:50:59Z</time>
      </trkpt>
      <trkpt lat="46.022225981578231" lon="11.382916029542685">
        <ele>430.38293499999997</ele>
        <time>2026-09-17T09:51:00Z</time>
      </trkpt>
      <trkpt lat="46.022175019606948" lon="11.382856015115976">
        <ele>430.45775900000001</ele>
        <time>2026-09-17T09:51:02Z</time>
      </trkpt>
      <trkpt lat="46.022112993523479" lon="11.382798012346029">
        <ele>430.54176000000001</ele>
        <time>2026-09-17T09:51:03Z</time>
      </trkpt>
      <trkpt lat="46.022074017673731" lon="11.382758030667901">
        <ele>430.596161</ele>
        <time>2026-09-17T09:51:04Z</time>
      </trkpt>
      <trkpt lat="46.022028001025319" lon="11.38271402567625">
        <ele>430.660979</ele>
        <time>2026-09-17T09:51:05Z</time>
      </trkpt>
      <trkpt lat="46.021979972720146" lon="11.382665997371078">
        <ele>430.731585</ele>
        <time>2026-09-17T09:51:07Z</time>
      </trkpt>
      <trkpt lat="46.021950971335173" lon="11.382618974894285">
        <ele>430.784334</ele>
        <time>2026-09-17T09:51:08Z</time>
      </trkpt>
      <trkpt lat="46.021929010748863" lon="11.382568012923002">
        <ele>430.83470599999998</ele>
        <time>2026-09-17T09:51:08Z</time>
      </trkpt>
      <trkpt lat="46.021911995485425" lon="11.382526019588113">
        <ele>430.87549200000001</ele>
        <time>2026-09-17T09:51:09Z</time>
      </trkpt>
      <trkpt lat="46.021882994100451" lon="11.382469022646546">
        <ele>430.934776</ele>
        <time>2026-09-17T09:51:10Z</time>
      </trkpt>
      <trkpt lat="46.021862961351871" lon="11.382417976856232">
        <ele>430.98391500000002</ele>
        <time>2026-09-17T09:51:11Z</time>
      </trkpt>
      <trkpt lat="46.021839994937181" lon="11.382346982136369">
        <ele>431.049645</ele>
        <time>2026-09-17T09:51:12Z</time>
      </trkpt>
      <trkpt lat="46.021817028522491" lon="11.382265007123351">
        <ele>431.12384100000003</ele>
        <time>2026-09-17T09:51:14Z</time>
      </trkpt>
      <trkpt lat="46.021790038794279" lon="11.382185965776443">
        <ele>431.19771300000002</ele>
        <time>2026-09-17T09:51:15Z</time>
      </trkpt>
      <trkpt lat="46.021763971075416" lon="11.382100973278284">
        <ele>431.27563800000001</ele>
        <time>2026-09-17T09:51:16Z</time>
      </trkpt>
      <trkpt lat="46.021742010489106" lon="11.382035007700324">
        <ele>431.33706000000001</ele>
        <time>2026-09-17T09:51:17Z</time>
      </trkpt>
      <trkpt lat="46.021726001054049" lon="11.381977004930377">
        <ele>431.38941999999997</ele>
        <time>2026-09-17T09:51:18Z</time>
      </trkpt>
      <trkpt lat="46.021704040467739" lon="11.381897963583469">
        <ele>431.46082999999999</ele>
        <time>2026-09-17T09:51:19Z</time>
      </trkpt>
      <trkpt lat="46.021689036861062" lon="11.381826968863606">
        <ele>431.52309300000002</ele>
        <time>2026-09-17T09:51:21Z</time>
      </trkpt>
      <trkpt lat="46.021671015769243" lon="11.381762009114027">
        <ele>431.58180299999998</ele>
        <time>2026-09-17T09:51:22Z</time>
      </trkpt>
      <trkpt lat="46.021667998284101" lon="11.381660001352429">
        <ele>431.66745500000002</ele>
        <time>2026-09-17T09:51:23Z</time>
      </trkpt>
      <trkpt lat="46.021463982760906" lon="11.381346015259624">
        <ele>432.02821799999998</ele>
        <time>2026-09-17T09:51:30Z</time>
      </trkpt>
      <trkpt lat="46.021312018856406" lon="11.381114004179835">
        <ele>432.29582399999998</ele>
        <time>2026-09-17T09:51:33Z</time>
      </trkpt>
      <trkpt lat="46.020969031378627" lon="11.380588039755821">
        <ele>432.87799799999999</ele>
        <time>2026-09-17T09:51:43Z</time>
      </trkpt>
      <trkpt lat="46.020703995600343" lon="11.380335995927453">
        <ele>433.17426999999998</ele>
        <time>2026-09-17T09:51:53Z</time>
      </trkpt>
      <trkpt lat="46.020291019231081" lon="11.380016980692744">
        <ele>433.61150400000002</ele>
        <time>2026-09-17T09:52:07Z</time>
      </trkpt>
      <trkpt lat="46.020151963457465" lon="11.379869040101767">
        <ele>433.77278200000001</ele>
        <time>2026-09-17T09:52:11Z</time>
      </trkpt>
      <trkpt lat="46.01992498151958" lon="11.379552036523819">
        <ele>434.06778600000001</ele>
        <time>2026-09-17T09:52:17Z</time>
      </trkpt>
      <trkpt lat="46.019858010113239" lon="11.379411974921823">
        <ele>434.17793899999998</ele>
        <time>2026-09-17T09:52:19Z</time>
      </trkpt>
      <trkpt lat="46.019772011786699" lon="11.379079967737198">
        <ele>434.40750400000002</ele>
        <time>2026-09-17T09:52:23Z</time>
      </trkpt>
      <trkpt lat="46.0197529848665" lon="11.37893202714622">
        <ele>434.41819400000003</ele>
        <time>2026-09-17T09:52:25Z</time>
      </trkpt>
      <trkpt lat="46.01977301761508" lon="11.378623992204666">
        <ele>433.98895099999999</ele>
        <time>2026-09-17T09:52:28Z</time>
      </trkpt>
      <trkpt lat="46.019782992079854" lon="11.377939023077488">
        <ele>433.03823899999998</ele>
        <time>2026-09-17T09:52:34Z</time>
      </trkpt>
      <trkpt lat="46.019722977653146" lon="11.377274002879858">
        <ele>432.107732</ele>
        <time>2026-09-17T09:52:40Z</time>
      </trkpt>
      <trkpt lat="46.019679978489876" lon="11.377032017335296">
        <ele>431.76111500000002</ele>
        <time>2026-09-17T09:52:42Z</time>
      </trkpt>
      <trkpt lat="46.019572019577026" lon="11.376630021259189">
        <ele>431.16300899999999</ele>
        <time>2026-09-17T09:52:46Z</time>
      </trkpt>
      <trkpt lat="46.019440004602075" lon="11.376288961619139">
        <ele>431.03616799999998</ele>
        <time>2026-09-17T09:52:50Z</time>
      </trkpt>
      <trkpt lat="46.019179997965693" lon="11.375845978036523">
        <ele>431.50590599999998</ele>
        <time>2026-09-17T09:52:57Z</time>
      </trkpt>
      <trkpt lat="46.019039014354348" lon="11.375495027750731">
        <ele>431.83429999999998</ele>
        <time>2026-09-17T09:53:04Z</time>
      </trkpt>
      <trkpt lat="46.018944969400764" lon="11.375218005850911">
        <ele>432.08398199999999</ele>
        <time>2026-09-17T09:53:09Z</time>
      </trkpt>
      <trkpt lat="46.018944969400764" lon="11.375105017796159">
        <ele>432.17549600000001</ele>
        <time>2026-09-17T09:53:11Z</time>
      </trkpt>
      <trkpt lat="46.018873974680901" lon="11.375113986432552">
        <ele>432.25861800000001</ele>
        <time>2026-09-17T09:53:14Z</time>
      </trkpt>
      <trkpt lat="46.018623020499945" lon="11.375082973390818">
        <ele>432.55241699999999</ele>
        <time>2026-09-17T09:53:21Z</time>
      </trkpt>
      <trkpt lat="46.018498968333006" lon="11.374976020306349">
        <ele>432.72100499999999</ele>
        <time>2026-09-17T09:53:25Z</time>
      </trkpt>
      <trkpt lat="46.018449012190104" lon="11.374893961474299">
        <ele>432.80938099999997</ele>
        <time>2026-09-17T09:53:27Z</time>
      </trkpt>
      <trkpt lat="46.018312973901629" lon="11.374549968168139">
        <ele>433.25586499999997</ele>
        <time>2026-09-17T09:53:35Z</time>
      </trkpt>
      <trkpt lat="46.018237033858895" lon="11.374252997338772">
        <ele>433.72872899999999</ele>
        <time>2026-09-17T09:53:41Z</time>
      </trkpt>
      <trkpt lat="46.018057996407151" lon="11.373728038743138">
        <ele>434.60248100000001</ele>
        <time>2026-09-17T09:53:53Z</time>
      </trkpt>
      <trkpt lat="46.017955988645554" lon="11.373501978814602">
        <ele>435.005154</ele>
        <time>2026-09-17T09:53:57Z</time>
      </trkpt>
      <trkpt lat="46.017763959243894" lon="11.373199978843331">
        <ele>435.61684600000001</ele>
        <time>2026-09-17T09:54:04Z</time>
      </trkpt>
      <trkpt lat="46.016818983480334" lon="11.371711017563939">
        <ele>438.556556</ele>
        <time>2026-09-17T09:54:41Z</time>
      </trkpt>
      <trkpt lat="46.01653098128736" lon="11.371370041742921">
        <ele>439.32541300000003</ele>
        <time>2026-09-17T09:54:52Z</time>
      </trkpt>
      <trkpt lat="46.016301987692714" lon="11.370982965454459">
        <ele>440.05349999999999</ele>
        <time>2026-09-17T09:55:03Z</time>
      </trkpt>
      <trkpt lat="46.015489026904106" lon="11.367973024025559">
        <ele>441.637722</ele>
        <time>2026-09-17T09:55:49Z</time>
      </trkpt>
      <trkpt lat="46.015363968908787" lon="11.367119997739792">
        <ele>440.56203099999999</ele>
        <time>2026-09-17T09:55:58Z</time>
      </trkpt>
      <trkpt lat="46.014846973121166" lon="11.365838991478086">
        <ele>438.66098499999998</ele>
        <time>2026-09-17T09:56:12Z</time>
      </trkpt>
      <trkpt lat="46.014303993433714" lon="11.3646259624511">
        <ele>434.772336</ele>
        <time>2026-09-17T09:56:24Z</time>
      </trkpt>
      <trkpt lat="46.013840977102518" lon="11.36309802532196">
        <ele>430.54725300000001</ele>
        <time>2026-09-17T09:56:38Z</time>
      </trkpt>
      <trkpt lat="46.013808958232403" lon="11.362993000075221">
        <ele>430.29197699999997</ele>
        <time>2026-09-17T09:56:39Z</time>
      </trkpt>
      <trkpt lat="46.013805018737912" lon="11.362833995372057">
        <ele>429.93776600000001</ele>
        <time>2026-09-17T09:56:40Z</time>
      </trkpt>
      <trkpt lat="46.013861009851098" lon="11.36271296069026">
        <ele>429.61405100000002</ele>
        <time>2026-09-17T09:56:41Z</time>
      </trkpt>
      <trkpt lat="46.014970019459724" lon="11.362105021253228">
        <ele>425.983046</ele>
        <time>2026-09-17T09:56:56Z</time>
      </trkpt>
      <trkpt lat="46.014801040291786" lon="11.361189968883991">
        <ele>425.38898899999998</ele>
        <time>2026-09-17T09:57:06Z</time>
      </trkpt>
      <trkpt lat="46.014781007543206" lon="11.361081004142761">
        <ele>425.31825199999997</ele>
        <time>2026-09-17T09:57:07Z</time>
      </trkpt>
      <trkpt lat="46.014773966744542" lon="11.361043034121394">
        <ele>425.29358500000001</ele>
        <time>2026-09-17T09:57:08Z</time>
      </trkpt>
      <trkpt lat="46.014394015073776" lon="11.359072029590607">
        <ele>424.54616600000003</ele>
        <time>2026-09-17T09:57:31Z</time>
      </trkpt>
      <trkpt lat="46.014245990663767" lon="11.357760010287166">
        <ele>424.78732500000001</ele>
        <time>2026-09-17T09:57:48Z</time>
      </trkpt>
      <trkpt lat="46.014206008985639" lon="11.356692994013429">
        <ele>425.04249399999998</ele>
        <time>2026-09-17T09:58:03Z</time>
      </trkpt>
      <trkpt lat="46.014203997328877" lon="11.355733014643192">
        <ele>425.34174200000001</ele>
        <time>2026-09-17T09:58:17Z</time>
      </trkpt>
      <trkpt lat="46.014253031462431" lon="11.354358969256282">
        <ele>425.71243500000003</ele>
        <time>2026-09-17T09:58:34Z</time>
      </trkpt>
      <trkpt lat="46.014409018680453" lon="11.352896997705102">
        <ele>425.77594499999998</ele>
        <time>2026-09-17T09:58:52Z</time>
      </trkpt>
      <trkpt lat="46.014538016170263" lon="11.351403007283807">
        <ele>425.88513799999998</ele>
        <time>2026-09-17T09:59:10Z</time>
      </trkpt>
      <trkpt lat="46.014554025605321" lon="11.346366992220283">
        <ele>426.54794600000002</ele>
        <time>2026-09-17T10:00:13Z</time>
      </trkpt>
      <trkpt lat="46.014472972601652" lon="11.344692958518863">
        <ele>426.67471699999999</ele>
        <time>2026-09-17T10:00:33Z</time>
      </trkpt>
      <trkpt lat="46.01438001729548" lon="11.3436100166291">
        <ele>426.80193200000002</ele>
        <time>2026-09-17T10:00:47Z</time>
      </trkpt>
      <trkpt lat="46.014235010370612" lon="11.342655988410115">
        <ele>426.94332300000002</ele>
        <time>2026-09-17T10:00:59Z</time>
      </trkpt>
      <trkpt lat="46.014087991788983" lon="11.341879991814494">
        <ele>427.059777</ele>
        <time>2026-09-17T10:01:09Z</time>
      </trkpt>
      <trkpt lat="46.013789009302855" lon="11.340530002489686">
        <ele>427.42821400000003</ele>
        <time>2026-09-17T10:01:28Z</time>
      </trkpt>
      <trkpt lat="46.013412997126579" lon="11.339000975713134">
        <ele>427.84192999999999</ele>
        <time>2026-09-17T10:01:49Z</time>
      </trkpt>
      <trkpt lat="46.013330016285181" lon="11.338612977415323">
        <ele>427.907961</ele>
        <time>2026-09-17T10:01:54Z</time>
      </trkpt>
      <trkpt lat="46.013192972168326" lon="11.338124983012676">
        <ele>427.99357199999997</ele>
        <time>2026-09-17T10:02:01Z</time>
      </trkpt>
      <trkpt lat="46.013059029355645" lon="11.337803034111857">
        <ele>428.05462599999998</ele>
        <time>2026-09-17T10:02:06Z</time>
      </trkpt>
      <trkpt lat="46.013016030192375" lon="11.33768199943006">
        <ele>428.07673299999999</ele>
        <time>2026-09-17T10:02:07Z</time>
      </trkpt>
      <trkpt lat="46.011461019515991" lon="11.333647035062313">
        <ele>428.74354599999998</ele>
        <time>2026-09-17T10:03:05Z</time>
      </trkpt>
      <trkpt lat="46.011154996231198" lon="11.332913031801581">
        <ele>428.88687199999998</ele>
        <time>2026-09-17T10:03:15Z</time>
      </trkpt>
      <trkpt lat="46.011120965704322" lon="11.332830972969532">
        <ele>428.90286099999997</ele>
        <time>2026-09-17T10:03:17Z</time>
      </trkpt>
      <trkpt lat="46.010660966858268" lon="11.331951040774584">
        <ele>429.27863600000001</ele>
        <time>2026-09-17T10:03:31Z</time>
      </trkpt>
      <trkpt lat="46.010112036019564" lon="11.331117041409016">
        <ele>429.820853</ele>
        <time>2026-09-17T10:03:46Z</time>
      </trkpt>
      <trkpt lat="46.009118026122451" lon="11.33194399997592">
        <ele>430.73843599999998</ele>
        <time>2026-09-17T10:04:12Z</time>
      </trkpt>
      <trkpt lat="46.009044013917446" lon="11.332047013565898">
        <ele>430.83261599999997</ele>
        <time>2026-09-17T10:04:14Z</time>
      </trkpt>
      <trkpt lat="46.008842010051012" lon="11.332528972998261">
        <ele>431.19038499999999</ele>
        <time>2026-09-17T10:04:23Z</time>
      </trkpt>
      <trkpt lat="46.008691973984241" lon="11.33273902349174">
        <ele>431.38182799999998</ele>
        <time>2026-09-17T10:04:27Z</time>
      </trkpt>
      <trkpt lat="46.00862399674952" lon="11.332633998245001">
        <ele>431.47306700000001</ele>
        <time>2026-09-17T10:04:30Z</time>
      </trkpt>
      <trkpt lat="46.008400032296777" lon="11.332092024385929">
        <ele>431.860051</ele>
        <time>2026-09-17T10:04:40Z</time>
      </trkpt>
      <trkpt lat="46.008110018447042" lon="11.331535968929529">
        <ele>432.04767900000002</ele>
        <time>2026-09-17T10:04:50Z</time>
      </trkpt>
      <trkpt lat="46.007942967116833" lon="11.331361038610339">
        <ele>432.127926</ele>
        <time>2026-09-17T10:04:55Z</time>
      </trkpt>
      <trkpt lat="46.007638033479452" lon="11.331215025857091">
        <ele>432.25280099999998</ele>
        <time>2026-09-17T10:05:01Z</time>
      </trkpt>
      <trkpt lat="46.00752898491919" lon="11.331131039187312">
        <ele>432.30083400000001</ele>
        <time>2026-09-17T10:05:04Z</time>
      </trkpt>
      <trkpt lat="46.00707896053791" lon="11.330586969852448">
        <ele>432.52912199999997</ele>
        <time>2026-09-17T10:05:17Z</time>
      </trkpt>
      <trkpt lat="46.006871005520225" lon="11.330421008169651">
        <ele>432.52292899999998</ele>
        <time>2026-09-17T10:05:22Z</time>
      </trkpt>
      <trkpt lat="46.006641006097198" lon="11.330149015411735">
        <ele>432.482146</ele>
        <time>2026-09-17T10:05:28Z</time>
      </trkpt>
      <trkpt lat="46.006233980879188" lon="11.329548032954335">
        <ele>432.40226100000001</ele>
        <time>2026-09-17T10:05:39Z</time>
      </trkpt>
      <trkpt lat="46.005797032266855" lon="11.32893699221313">
        <ele>432.31879400000003</ele>
        <time>2026-09-17T10:05:51Z</time>
      </trkpt>
      <trkpt lat="46.005320018157363" lon="11.328332992270589">
        <ele>432.24452400000001</ele>
        <time>2026-09-17T10:06:03Z</time>
      </trkpt>
      <trkpt lat="46.004951968789101" lon="11.327928984537721">
        <ele>432.19261</ele>
        <time>2026-09-17T10:06:12Z</time>
      </trkpt>
      <trkpt lat="46.004836969077587" lon="11.327616004273295">
        <ele>432.16502100000002</ele>
        <time>2026-09-17T10:06:16Z</time>
      </trkpt>
      <trkpt lat="46.004815008491278" lon="11.32749698124826">
        <ele>432.15542599999998</ele>
        <time>2026-09-17T10:06:17Z</time>
      </trkpt>
      <trkpt lat="46.004777960479259" lon="11.327292965725064">
        <ele>432.13899800000002</ele>
        <time>2026-09-17T10:06:20Z</time>
      </trkpt>
      <trkpt lat="46.004186030477285" lon="11.327211996540427">
        <ele>432.25602199999997</ele>
        <time>2026-09-17T10:06:32Z</time>
      </trkpt>
      <trkpt lat="46.003802977502346" lon="11.327227000147104">
        <ele>432.49376799999999</ele>
        <time>2026-09-17T10:06:40Z</time>
      </trkpt>
      <trkpt lat="46.003656964749098" lon="11.327265975996852">
        <ele>432.58591000000001</ele>
        <time>2026-09-17T10:06:43Z</time>
      </trkpt>
      <trkpt lat="46.003613965585828" lon="11.327240997925401">
        <ele>432.61468600000001</ele>
        <time>2026-09-17T10:06:44Z</time>
      </trkpt>
      <trkpt lat="46.003398969769478" lon="11.327248038724065">
        <ele>432.748131</ele>
        <time>2026-09-17T10:06:49Z</time>
      </trkpt>
      <trkpt lat="46.002667983993888" lon="11.327271005138755">
        <ele>433.20183800000001</ele>
        <time>2026-09-17T10:07:07Z</time>
      </trkpt>
      <trkpt lat="46.001630974933505" lon="11.327104037627578">
        <ele>434.60635200000002</ele>
        <time>2026-09-17T10:07:33Z</time>
      </trkpt>
      <trkpt lat="46.00093200802803" lon="11.327039999887347">
        <ele>435.56089300000002</ele>
        <time>2026-09-17T10:07:52Z</time>
      </trkpt>
      <trkpt lat="46.000763028860092" lon="11.327080987393856">
        <ele>435.78357999999997</ele>
        <time>2026-09-17T10:07:56Z</time>
      </trkpt>
      <trkpt lat="46.000559013336897" lon="11.327206967398524">
        <ele>436.06013400000001</ele>
        <time>2026-09-17T10:08:03Z</time>
      </trkpt>
      <trkpt lat="46.000493969768286" lon="11.327248960733414">
        <ele>436.14889599999998</ele>
        <time>2026-09-17T10:08:05Z</time>
      </trkpt>
      <trkpt lat="46.000291965901852" lon="11.327229011803865">
        <ele>436.40114699999998</ele>
        <time>2026-09-17T10:08:10Z</time>
      </trkpt>
      <trkpt lat="46.000070013105869" lon="11.327250972390175">
        <ele>436.67837600000001</ele>
        <time>2026-09-17T10:08:17Z</time>
      </trkpt>
      <trkpt lat="45.999595010653138" lon="11.327441995963454">
        <ele>437.29279600000001</ele>
        <time>2026-09-17T10:08:30Z</time>
      </trkpt>
      <trkpt lat="45.999331986531615" lon="11.327472003176808">
        <ele>437.62147599999997</ele>
        <time>2026-09-17T10:08:37Z</time>
      </trkpt>
      <trkpt lat="45.999209024012089" lon="11.327435038983822">
        <ele>437.77802300000002</ele>
        <time>2026-09-17T10:08:40Z</time>
      </trkpt>
      <trkpt lat="45.999182034283876" lon="11.3274119887501">
        <ele>437.81710800000002</ele>
        <time>2026-09-17T10:08:40Z</time>
      </trkpt>
      <trkpt lat="45.999154960736632" lon="11.327305035665631">
        <ele>437.90531399999998</ele>
        <time>2026-09-17T10:08:42Z</time>
      </trkpt>
      <trkpt lat="45.999310025945306" lon="11.325087016448379">
        <ele>437.02411599999999</ele>
        <time>2026-09-17T10:09:10Z</time>
      </trkpt>
      <trkpt lat="45.999404992908239" lon="11.324628023430705">
        <ele>436.85933199999999</ele>
        <time>2026-09-17T10:09:16Z</time>
      </trkpt>
      <trkpt lat="45.999739011749625" lon="11.323648011311889">
        <ele>436.63858299999998</ele>
        <time>2026-09-17T10:09:29Z</time>
      </trkpt>
      <trkpt lat="45.999841019511223" lon="11.323273004963994">
        <ele>436.557143</ele>
        <time>2026-09-17T10:09:35Z</time>
      </trkpt>
      <trkpt lat="45.999936992302537" lon="11.322948960587382">
        <ele>436.48590999999999</ele>
        <time>2026-09-17T10:09:39Z</time>
      </trkpt>
      <trkpt lat="46.000060038641095" lon="11.322817029431462">
        <ele>436.44124799999997</ele>
        <time>2026-09-17T10:09:42Z</time>
      </trkpt>
      <trkpt lat="46.000128015875816" lon="11.32262097671628">
        <ele>436.39694400000002</ele>
        <time>2026-09-17T10:09:45Z</time>
      </trkpt>
      <trkpt lat="46.000176966190338" lon="11.321983030065894">
        <ele>436.93507799999998</ele>
        <time>2026-09-17T10:09:54Z</time>
      </trkpt>
      <trkpt lat="46.000174032524228" lon="11.321711959317327">
        <ele>437.26854500000002</ele>
        <time>2026-09-17T10:09:58Z</time>
      </trkpt>
      <trkpt lat="46.00013799034059" lon="11.321421023458242">
        <ele>437.63220999999999</ele>
        <time>2026-09-17T10:10:03Z</time>
      </trkpt>
      <trkpt lat="45.999844959005713" lon="11.320563973858953">
        <ele>438.80741</ele>
        <time>2026-09-17T10:10:21Z</time>
      </trkpt>
      <trkpt lat="45.999526027590036" lon="11.319856038317084">
        <ele>439.89154500000001</ele>
        <time>2026-09-17T10:10:38Z</time>
      </trkpt>
      <trkpt lat="45.999280018731952" lon="11.319218007847667">
        <ele>440.92720400000002</ele>
        <time>2026-09-17T10:10:52Z</time>
      </trkpt>
      <trkpt lat="45.999212963506579" lon="11.3189020100981">
        <ele>441.39613300000002</ele>
        <time>2026-09-17T10:10:58Z</time>
      </trkpt>
      <trkpt lat="45.999068040400743" lon="11.317848991602659">
        <ele>442.91975400000001</ele>
        <time>2026-09-17T10:11:17Z</time>
      </trkpt>
      <trkpt lat="45.999051025137305" lon="11.317299976944923">
        <ele>443.25297</ele>
        <time>2026-09-17T10:11:26Z</time>
      </trkpt>
      <trkpt lat="45.999005008488894" lon="11.316922036930919">
        <ele>443.28825399999999</ele>
        <time>2026-09-17T10:11:33Z</time>
      </trkpt>
      <trkpt lat="45.998860001564026" lon="11.316060964018106">
        <ele>443.36971199999999</ele>
        <time>2026-09-17T10:11:45Z</time>
      </trkpt>
      <trkpt lat="45.998815996572375" lon="11.315462999045849">
        <ele>443.42500200000001</ele>
        <time>2026-09-17T10:11:51Z</time>
      </trkpt>
      <trkpt lat="45.998884979635477" lon="11.315318997949362">
        <ele>443.44108699999998</ele>
        <time>2026-09-17T10:11:53Z</time>
      </trkpt>
      <trkpt lat="45.999023029580712" lon="11.315095033496618">
        <ele>443.38870300000002</ele>
        <time>2026-09-17T10:11:56Z</time>
      </trkpt>
      <trkpt lat="45.999039961025119" lon="11.315023032948375">
        <ele>443.33017699999999</ele>
        <time>2026-09-17T10:11:57Z</time>
      </trkpt>
      <trkpt lat="45.999217992648482" lon="11.314979027956724">
        <ele>443.130088</ele>
        <time>2026-09-17T10:12:00Z</time>
      </trkpt>
      <trkpt lat="45.998924961313605" lon="11.314495978876948">
        <ele>442.63657999999998</ele>
        <time>2026-09-17T10:12:06Z</time>
      </trkpt>
      <trkpt lat="45.998731004074216" lon="11.314238989725709">
        <ele>442.344491</ele>
        <time>2026-09-17T10:12:10Z</time>
      </trkpt>
      <trkpt lat="45.998493041843176" lon="11.313819978386164">
        <ele>441.92794300000003</ele>
        <time>2026-09-17T10:12:17Z</time>
      </trkpt>
      <trkpt lat="45.998282991349697" lon="11.313339024782181">
        <ele>441.49071500000002</ele>
        <time>2026-09-17T10:12:25Z</time>
      </trkpt>
      <trkpt lat="45.998101020231843" lon="11.313081029802561">
        <ele>441.66525100000001</ele>
        <time>2026-09-17T10:12:31Z</time>
      </trkpt>
      <trkpt lat="45.997873032465577" lon="11.312866033986211">
        <ele>441.89532700000001</ele>
        <time>2026-09-17T10:12:37Z</time>
      </trkpt>
      <trkpt lat="45.997272972017527" lon="11.312145022675395">
        <ele>442.555071</ele>
        <time>2026-09-17T10:12:55Z</time>
      </trkpt>
      <trkpt lat="45.997196026146412" lon="11.31198501214385">
        <ele>442.66920900000002</ele>
        <time>2026-09-17T10:12:59Z</time>
      </trkpt>
      <trkpt lat="45.997083960101008" lon="11.311524007469416">
        <ele>442.95559400000002</ele>
        <time>2026-09-17T10:13:07Z</time>
      </trkpt>
      <trkpt lat="45.996905006468296" lon="11.310977004468441">
        <ele>443.35199299999999</ele>
        <time>2026-09-17T10:13:17Z</time>
      </trkpt>
      <trkpt lat="45.996856978163123" lon="11.310686990618706">
        <ele>443.54934500000002</ele>
        <time>2026-09-17T10:13:22Z</time>
      </trkpt>
      <trkpt lat="45.996830994263291" lon="11.310161026194692">
        <ele>443.89843500000001</ele>
        <time>2026-09-17T10:13:30Z</time>
      </trkpt>
      <trkpt lat="45.996749019250274" lon="11.309942007064819">
        <ele>444.063129</ele>
        <time>2026-09-17T10:13:35Z</time>
      </trkpt>
      <trkpt lat="45.99671901203692" lon="11.309635983780026">
        <ele>444.26770800000003</ele>
        <time>2026-09-17T10:13:40Z</time>
      </trkpt>
      <trkpt lat="45.996721023693681" lon="11.309596002101898">
        <ele>444.29425600000002</ele>
        <time>2026-09-17T10:13:41Z</time>
      </trkpt>
      <trkpt lat="45.996723035350442" lon="11.309545040130615">
        <ele>444.32807200000002</ele>
        <time>2026-09-17T10:13:42Z</time>
      </trkpt>
      <trkpt lat="45.996721023693681" lon="11.309533976018429">
        <ele>444.335599</ele>
        <time>2026-09-17T10:13:42Z</time>
      </trkpt>
      <trkpt lat="45.996674001216888" lon="11.309252008795738">
        <ele>444.527579</ele>
        <time>2026-09-17T10:13:47Z</time>
      </trkpt>
      <trkpt lat="45.996543997898698" lon="11.309011029079556">
        <ele>444.69852200000003</ele>
        <time>2026-09-17T10:13:52Z</time>
      </trkpt>
      <trkpt lat="45.996453976258636" lon="11.308715986087918">
        <ele>444.69062500000001</ele>
        <time>2026-09-17T10:13:56Z</time>
      </trkpt>
      <trkpt lat="45.996430004015565" lon="11.308581959456205">
        <ele>444.68723299999999</ele>
        <time>2026-09-17T10:13:58Z</time>
      </trkpt>
      <trkpt lat="45.996434027329087" lon="11.308414991945028">
        <ele>444.68313699999999</ele>
        <time>2026-09-17T10:14:00Z</time>
      </trkpt>
      <trkpt lat="45.996453976258636" lon="11.308265039697289">
        <ele>444.679393</ele>
        <time>2026-09-17T10:14:02Z</time>
      </trkpt>
      <trkpt lat="45.996552966535091" lon="11.307948958128691">
        <ele>444.67089499999997</ele>
        <time>2026-09-17T10:14:07Z</time>
      </trkpt>
      <trkpt lat="45.996736027300358" lon="11.307460963726044">
        <ele>444.65730200000002</ele>
        <time>2026-09-17T10:14:14Z</time>
      </trkpt>
      <trkpt lat="45.996807022020221" lon="11.306931981816888">
        <ele>444.64409499999999</ele>
        <time>2026-09-17T10:14:21Z</time>
      </trkpt>
      <trkpt lat="45.996834011748433" lon="11.306294035166502">
        <ele>444.58853399999998</ele>
        <time>2026-09-17T10:14:29Z</time>
      </trkpt>
      <trkpt lat="45.996883967891335" lon="11.306252963840961">
        <ele>444.57603599999999</ele>
        <time>2026-09-17T10:14:30Z</time>
      </trkpt>
      <trkpt lat="45.997055964544415" lon="11.30620501935482">
        <ele>444.53798699999999</ele>
        <time>2026-09-17T10:14:33Z</time>
      </trkpt>
      <trkpt lat="45.997098041698337" lon="11.30614198744297">
        <ele>444.52481299999999</ele>
        <time>2026-09-17T10:14:34Z</time>
      </trkpt>
      <trkpt lat="45.99710701033473" lon="11.306050037965178">
        <ele>444.51079600000003</ele>
        <time>2026-09-17T10:14:35Z</time>
      </trkpt>
      <trkpt lat="45.997074991464615" lon="11.305721970275044">
        <ele>444.460825</ele>
        <time>2026-09-17T10:14:39Z</time>
      </trkpt>
      <trkpt lat="45.997036015614867" lon="11.305593978613615">
        <ele>444.43973699999998</ele>
        <time>2026-09-17T10:14:41Z</time>
      </trkpt>
      <trkpt lat="45.996825965121388" lon="11.305184019729495">
        <ele>444.36288500000001</ele>
        <time>2026-09-17T10:14:48Z</time>
      </trkpt>
      <trkpt lat="45.99680601619184" lon="11.304756039753556">
        <ele>444.29816599999998</ele>
        <time>2026-09-17T10:14:53Z</time>
      </trkpt>
      <trkpt lat="45.996781038120389" lon="11.30465998314321">
        <ele>444.28269799999998</ele>
        <time>2026-09-17T10:14:55Z</time>
      </trkpt>
      <trkpt lat="45.996801992878318" lon="11.304382039234042">
        <ele>444.25807600000002</ele>
        <time>2026-09-17T10:14:59Z</time>
      </trkpt>
      <trkpt lat="45.996771985664964" lon="11.303938971832395">
        <ele>444.42519099999998</ele>
        <time>2026-09-17T10:15:06Z</time>
      </trkpt>
      <trkpt lat="45.996647011488676" lon="11.303718024864793">
        <ele>444.53219100000001</ele>
        <time>2026-09-17T10:15:10Z</time>
      </trkpt>
      <trkpt lat="45.996406031772494" lon="11.303534964099526">
        <ele>444.67945200000003</ele>
        <time>2026-09-17T10:15:17Z</time>
      </trkpt>
      <trkpt lat="45.996346017345786" lon="11.303463969379663">
        <ele>444.721431</ele>
        <time>2026-09-17T10:15:18Z</time>
      </trkpt>
      <trkpt lat="45.996297989040613" lon="11.303347963839769">
        <ele>444.77212400000002</ele>
        <time>2026-09-17T10:15:21Z</time>
      </trkpt>
      <trkpt lat="45.996297989040613" lon="11.303241010755301">
        <ele>444.812298</ele>
        <time>2026-09-17T10:15:22Z</time>
      </trkpt>
      <trkpt lat="45.996297989040613" lon="11.303076976910233">
        <ele>444.873874</ele>
        <time>2026-09-17T10:15:25Z</time>
      </trkpt>
      <trkpt lat="45.996389016509056" lon="11.302935993298888">
        <ele>444.94613299999997</ele>
        <time>2026-09-17T10:15:28Z</time>
      </trkpt>
      <trkpt lat="45.996447019279003" lon="11.302035022526979">
        <ele>445.14153499999998</ele>
        <time>2026-09-17T10:15:41Z</time>
      </trkpt>
      <trkpt lat="45.996839962899685" lon="11.300832973793149">
        <ele>444.58527099999998</ele>
        <time>2026-09-17T10:15:56Z</time>
      </trkpt>
      <trkpt lat="45.996873993426561" lon="11.300731971859932">
        <ele>444.53827699999999</ele>
        <time>2026-09-17T10:15:57Z</time>
      </trkpt>
      <trkpt lat="45.997069962322712" lon="11.29995102994144">
        <ele>444.19056999999998</ele>
        <time>2026-09-17T10:16:05Z</time>
      </trkpt>
      <trkpt lat="45.997116984799504" lon="11.299660010263324">
        <ele>444.05461500000001</ele>
        <time>2026-09-17T10:16:08Z</time>
      </trkpt>
      <trkpt lat="45.997173981741071" lon="11.298719979822636">
        <ele>443.596476</ele>
        <time>2026-09-17T10:16:19Z</time>
      </trkpt>
      <trkpt lat="45.997247993946075" lon="11.298457961529493">
        <ele>443.45915300000001</ele>
        <time>2026-09-17T10:16:22Z</time>
      </trkpt>
      <trkpt lat="45.997403981164098" lon="11.29832100123167">
        <ele>443.331433</ele>
        <time>2026-09-17T10:16:25Z</time>
      </trkpt>
      <trkpt lat="45.999028980731964" lon="11.298139030113816">
        <ele>442.056625</ele>
        <time>2026-09-17T10:16:50Z</time>
      </trkpt>
      <trkpt lat="45.999436005949974" lon="11.298389984294772">
        <ele>441.68580900000001</ele>
        <time>2026-09-17T10:16:56Z</time>
      </trkpt>
      <trkpt lat="46.000183001160622" lon="11.298784017562866">
        <ele>441.07862699999998</ele>
        <time>2026-09-17T10:17:08Z</time>
      </trkpt>
      <trkpt lat="46.000509979203343" lon="11.298950985074043">
        <ele>440.83702499999998</ele>
        <time>2026-09-17T10:17:13Z</time>
      </trkpt>
      <trkpt lat="46.000983975827694" lon="11.299122981727123">
        <ele>440.49664300000001</ele>
        <time>2026-09-17T10:17:21Z</time>
      </trkpt>
      <trkpt lat="46.001375997439027" lon="11.299213003367186">
        <ele>440.220235</ele>
        <time>2026-09-17T10:17:27Z</time>
      </trkpt>
      <trkpt lat="46.001373985782266" lon="11.299227001145482">
        <ele>440.21332100000001</ele>
        <time>2026-09-17T10:17:27Z</time>
      </trkpt>
      <trkpt lat="46.001435006037354" lon="11.29924401640892">
        <ele>440.17005699999999</ele>
        <time>2026-09-17T10:17:28Z</time>
      </trkpt>
      <trkpt lat="46.001495020464063" lon="11.299258014187217">
        <ele>440.12773199999998</ele>
        <time>2026-09-17T10:17:30Z</time>
      </trkpt>
      <trkpt lat="46.00155302323401" lon="11.299274023622274">
        <ele>440.13736999999998</ele>
        <time>2026-09-17T10:17:31Z</time>
      </trkpt>
      <trkpt lat="46.001610020175576" lon="11.299291960895061">
        <ele>440.16318999999999</ele>
        <time>2026-09-17T10:17:32Z</time>
      </trkpt>
      <trkpt lat="46.001671040430665" lon="11.299312999472022">
        <ele>440.19094100000001</ele>
        <time>2026-09-17T10:17:34Z</time>
      </trkpt>
      <trkpt lat="46.001730971038342" lon="11.299340995028615">
        <ele>440.21884899999998</ele>
        <time>2026-09-17T10:17:35Z</time>
      </trkpt>
      <trkpt lat="46.001780005171895" lon="11.299377959221601">
        <ele>440.24333000000001</ele>
        <time>2026-09-17T10:17:36Z</time>
      </trkpt>
      <trkpt lat="46.001824010163546" lon="11.299425987526774">
        <ele>440.26775700000002</ele>
        <time>2026-09-17T10:17:37Z</time>
      </trkpt>
      <trkpt lat="46.001858962699771" lon="11.299484996125102">
        <ele>440.29160300000001</ele>
        <time>2026-09-17T10:17:38Z</time>
      </trkpt>
      <trkpt lat="46.001891987398267" lon="11.299548028036952">
        <ele>440.315854</ele>
        <time>2026-09-17T10:17:40Z</time>
      </trkpt>
      <trkpt lat="46.001917971298099" lon="11.29961097612977">
        <ele>440.33837699999998</ele>
        <time>2026-09-17T10:17:41Z</time>
      </trkpt>
      <trkpt lat="46.001943033188581" lon="11.299665039405227">
        <ele>440.35832199999999</ele>
        <time>2026-09-17T10:17:42Z</time>
      </trkpt>
      <trkpt lat="46.001982009038329" lon="11.299708038568497">
        <ele>440.38005800000002</ele>
        <time>2026-09-17T10:17:43Z</time>
      </trkpt>
      <trkpt lat="46.00202701985836" lon="11.299726981669664">
        <ele>440.40080699999999</ele>
        <time>2026-09-17T10:17:44Z</time>
      </trkpt>
      <trkpt lat="46.00206901319325" lon="11.299712983891368">
        <ele>440.41988199999997</ele>
        <time>2026-09-17T10:17:45Z</time>
      </trkpt>
      <trkpt lat="46.002110000699759" lon="11.299675013870001">
        <ele>440.44145700000001</ele>
        <time>2026-09-17T10:17:46Z</time>
      </trkpt>
      <trkpt lat="46.002143025398254" lon="11.299619022756815">
        <ele>440.46402799999998</ele>
        <time>2026-09-17T10:17:47Z</time>
      </trkpt>
      <trkpt lat="46.002160962671041" lon="11.299559008330107">
        <ele>440.48411499999997</ele>
        <time>2026-09-17T10:17:48Z</time>
      </trkpt>
      <trkpt lat="46.002172026783228" lon="11.29950100556016">
        <ele>440.50259399999999</ele>
        <time>2026-09-17T10:17:49Z</time>
      </trkpt>
      <trkpt lat="46.00217898376286" lon="11.299446020275354">
        <ele>440.51977900000003</ele>
        <time>2026-09-17T10:17:50Z</time>
      </trkpt>
      <trkpt lat="46.002184012904763" lon="11.299390029162169">
        <ele>440.53713199999999</ele>
        <time>2026-09-17T10:17:50Z</time>
      </trkpt>
      <trkpt lat="46.002194993197918" lon="11.299339989200234">
        <ele>440.55325199999999</ele>
        <time>2026-09-17T10:17:51Z</time>
      </trkpt>
      <trkpt lat="46.002213014289737" lon="11.299305958673358">
        <ele>440.56639000000001</ele>
        <time>2026-09-17T10:17:52Z</time>
      </trkpt>
      <trkpt lat="46.002244027331471" lon="11.299300007522106">
        <ele>440.58022999999997</ele>
        <time>2026-09-17T10:17:52Z</time>
      </trkpt>
      <trkpt lat="46.002283003181219" lon="11.299316016957164">
        <ele>440.59817299999997</ele>
        <time>2026-09-17T10:17:53Z</time>
      </trkpt>
      <trkpt lat="46.002324996516109" lon="11.299334960058331">
        <ele>440.61765200000002</ele>
        <time>2026-09-17T10:17:54Z</time>
      </trkpt>
      <trkpt lat="46.002366989850998" lon="11.299349963665009">
        <ele>440.636799</ele>
        <time>2026-09-17T10:17:55Z</time>
      </trkpt>
      <trkpt lat="46.002407977357507" lon="11.299362033605576">
        <ele>440.65531099999998</ele>
        <time>2026-09-17T10:17:56Z</time>
      </trkpt>
      <trkpt lat="46.002446031197906" lon="11.299375025555491">
        <ele>440.67259300000001</ele>
        <time>2026-09-17T10:17:57Z</time>
      </trkpt>
      <trkpt lat="46.002490036189556" lon="11.299379970878363">
        <ele>440.69212199999998</ele>
        <time>2026-09-17T10:17:58Z</time>
      </trkpt>
      <trkpt lat="46.002532029524446" lon="11.299323979765177">
        <ele>440.71745099999998</ele>
        <time>2026-09-17T10:17:59Z</time>
      </trkpt>
      <trkpt lat="46.002532029524446" lon="11.299214009195566">
        <ele>440.751259</ele>
        <time>2026-09-17T10:18:01Z</time>
      </trkpt>
      <trkpt lat="46.002488024532795" lon="11.299053998664021">
        <ele>440.804147</ele>
        <time>2026-09-17T10:18:03Z</time>
      </trkpt>
      <trkpt lat="46.0022649820894" lon="11.298554018139839">
        <ele>441.02085099999999</ele>
        <time>2026-09-17T10:18:12Z</time>
      </trkpt>
      <trkpt lat="46.002118969336152" lon="11.298153027892113">
        <ele>441.22470600000003</ele>
        <time>2026-09-17T10:18:18Z</time>
      </trkpt>
      <trkpt lat="46.002211002632976" lon="11.297520026564598">
        <ele>441.515896</ele>
        <time>2026-09-17T10:18:27Z</time>
      </trkpt>
      <trkpt lat="46.002215025946498" lon="11.297343000769615">
        <ele>441.59563500000002</ele>
        <time>2026-09-17T10:18:30Z</time>
      </trkpt>
      <trkpt lat="46.002133972942829" lon="11.297070002183318">
        <ele>441.72930100000002</ele>
        <time>2026-09-17T10:18:34Z</time>
      </trkpt>
      <trkpt lat="46.002159034833312" lon="11.297049969434738">
        <ele>441.74784</ele>
        <time>2026-09-17T10:18:35Z</time>
      </trkpt>
      <trkpt lat="46.002290965989232" lon="11.296936981379986">
        <ele>441.84738800000002</ele>
        <time>2026-09-17T10:18:38Z</time>
      </trkpt>
      <trkpt lat="46.002310998737812" lon="11.29692398943007">
        <ele>441.86161299999998</ele>
        <time>2026-09-17T10:18:38Z</time>
      </trkpt>
      <trkpt lat="46.001976979896426" lon="11.296226028352976">
        <ele>442.13881099999998</ele>
        <time>2026-09-17T10:18:49Z</time>
      </trkpt>
      <trkpt lat="46.001742035150528" lon="11.295609036460519">
        <ele>442.25373000000002</ele>
        <time>2026-09-17T10:18:58Z</time>
      </trkpt>
      <trkpt lat="46.001612031832337" lon="11.294643022119999">
        <ele>442.41442699999999</ele>
        <time>2026-09-17T10:19:11Z</time>
      </trkpt>
      <trkpt lat="46.001612031832337" lon="11.29399904049933">
        <ele>442.52768900000001</ele>
        <time>2026-09-17T10:19:18Z</time>
      </trkpt>
      <trkpt lat="46.001647990196943" lon="11.293539041653275">
        <ele>442.63851399999999</ele>
        <time>2026-09-17T10:19:24Z</time>
      </trkpt>
      <trkpt lat="46.001627035439014" lon="11.292786011472344">
        <ele>442.81893400000001</ele>
        <time>2026-09-17T10:19:33Z</time>
      </trkpt>
      <trkpt lat="46.001589987426996" lon="11.292513012886047">
        <ele>442.88552600000003</ele>
        <time>2026-09-17T10:19:37Z</time>
      </trkpt>
      <trkpt lat="46.001201989129186" lon="11.290691960602999">
        <ele>443.685069</ele>
        <time>2026-09-17T10:20:03Z</time>
      </trkpt>
      <trkpt lat="46.001182040199637" lon="11.290529016405344">
        <ele>443.78675099999998</ele>
        <time>2026-09-17T10:20:06Z</time>
      </trkpt>
      <trkpt lat="46.001268038526177" lon="11.290116040036082">
        <ele>444.05161199999998</ele>
        <time>2026-09-17T10:20:12Z</time>
      </trkpt>
      <trkpt lat="46.001159995794296" lon="11.290067005902529">
        <ele>444.15175299999999</ele>
        <time>2026-09-17T10:20:14Z</time>
      </trkpt>
      <trkpt lat="46.001570960506797" lon="11.28822298720479">
        <ele>445.59249499999999</ele>
        <time>2026-09-17T10:20:44Z</time>
      </trkpt>
      <trkpt lat="46.001651007682085" lon="11.287787966430187">
        <ele>445.979331</ele>
        <time>2026-09-17T10:20:52Z</time>
      </trkpt>
      <trkpt lat="46.001724014058709" lon="11.287182038649917">
        <ele>446.508061</ele>
        <time>2026-09-17T10:21:01Z</time>
      </trkpt>
      <trkpt lat="46.001901961863041" lon="11.286746012046933">
        <ele>446.94234999999998</ele>
        <time>2026-09-17T10:21:10Z</time>
      </trkpt>
      <trkpt lat="46.001933980733156" lon="11.286603016778827">
        <ele>447.05688700000002</ele>
        <time>2026-09-17T10:21:12Z</time>
      </trkpt>
      <trkpt lat="46.001556040719151" lon="11.285988036543131">
        <ele>447.68294200000003</ele>
        <time>2026-09-17T10:21:25Z</time>
      </trkpt>
      <trkpt lat="46.001350013539195" lon="11.285555027425289">
        <ele>448.083055</ele>
        <time>2026-09-17T10:21:33Z</time>
      </trkpt>
      <trkpt lat="46.001048013567924" lon="11.284580966457725">
        <ele>448.89623599999999</ele>
        <time>2026-09-17T10:21:49Z</time>
      </trkpt>
      <trkpt lat="46.000794963911176" lon="11.284359013661742">
        <ele>449.00975299999999</ele>
        <time>2026-09-17T10:21:55Z</time>
      </trkpt>
      <trkpt lat="46.000181995332241" lon="11.283507999032736">
        <ele>449.303428</ele>
        <time>2026-09-17T10:22:12Z</time>
      </trkpt>
      <trkpt lat="46.00024402141571" lon="11.283552004024386">
        <ele>449.32726500000001</ele>
        <time>2026-09-17T10:22:13Z</time>
      </trkpt>
      <trkpt lat="46.000857995823026" lon="11.284293970093131">
        <ele>449.37612899999999</ele>
        <time>2026-09-17T10:22:26Z</time>
      </trkpt>
      <trkpt lat="46.00103996694088" lon="11.284427996724844">
        <ele>449.219649</ele>
        <time>2026-09-17T10:22:30Z</time>
      </trkpt>
      <trkpt lat="46.001200983300805" lon="11.284574009478092">
        <ele>449.07399299999997</ele>
        <time>2026-09-17T10:22:33Z</time>
      </trkpt>
      <trkpt lat="46.001311959698796" lon="11.284695966169238">
        <ele>448.96709199999998</ele>
        <time>2026-09-17T10:22:35Z</time>
      </trkpt>
      <trkpt lat="46.001570038497448" lon="11.285087987780571">
        <ele>448.67995100000002</ele>
        <time>2026-09-17T10:22:40Z</time>
      </trkpt>
      <trkpt lat="46.001975974068046" lon="11.286140000447631">
        <ele>447.990543</ele>
        <time>2026-09-17T10:22:53Z</time>
      </trkpt>
      <trkpt lat="46.002032971009612" lon="11.286236979067326">
        <ele>447.894205</ele>
        <time>2026-09-17T10:22:54Z</time>
      </trkpt>
      <trkpt lat="46.002117041498423" lon="11.286388020962477">
        <ele>447.74751900000001</ele>
        <time>2026-09-17T10:22:56Z</time>
      </trkpt>
      <trkpt lat="46.002419963479042" lon="11.286885989829898">
        <ele>447.245541</ele>
        <time>2026-09-17T10:23:03Z</time>
      </trkpt>
      <trkpt lat="46.002528006210923" lon="11.287054968997836">
        <ele>447.07141799999999</ele>
        <time>2026-09-17T10:23:05Z</time>
      </trkpt>
      <trkpt lat="46.00265197455883" lon="11.287257978692651">
        <ele>446.866446</ele>
        <time>2026-09-17T10:23:08Z</time>
      </trkpt>
      <trkpt lat="46.002921033650637" lon="11.287718983367085">
        <ele>446.40993099999997</ele>
        <time>2026-09-17T10:23:14Z</time>
      </trkpt>
      <trkpt lat="46.003612959757447" lon="11.288623977452517">
        <ele>445.23366700000003</ele>
        <time>2026-09-17T10:23:28Z</time>
      </trkpt>
      <trkpt lat="46.003902973607183" lon="11.288962019607425">
        <ele>444.74741899999998</ele>
        <time>2026-09-17T10:23:33Z</time>
      </trkpt>
      <trkpt lat="46.003914959728718" lon="11.288912985473871">
        <ele>444.70038799999998</ele>
        <time>2026-09-17T10:23:33Z</time>
      </trkpt>
      <trkpt lat="46.004119981080294" lon="11.289152959361672">
        <ele>444.35605099999998</ele>
        <time>2026-09-17T10:23:37Z</time>
      </trkpt>
      <trkpt lat="46.00413397885859" lon="11.289169974625111">
        <ele>444.33218399999998</ele>
        <time>2026-09-17T10:23:37Z</time>
      </trkpt>
      <trkpt lat="46.004528012126684" lon="11.289635002613068">
        <ele>443.76016900000002</ele>
        <time>2026-09-17T10:23:45Z</time>
      </trkpt>
      <trkpt lat="46.004786007106304" lon="11.289939014241099">
        <ele>443.546785</ele>
        <time>2026-09-17T10:23:50Z</time>
      </trkpt>
      <trkpt lat="46.005010977387428" lon="11.290205977857113">
        <ele>443.360164</ele>
        <time>2026-09-17T10:23:54Z</time>
      </trkpt>
      <trkpt lat="46.0051229596138" lon="11.290337992832065">
        <ele>443.26752299999998</ele>
        <time>2026-09-17T10:23:57Z</time>
      </trkpt>
      <trkpt lat="46.005398975685239" lon="11.290663965046406">
        <ele>443.03903100000002</ele>
        <time>2026-09-17T10:24:02Z</time>
      </trkpt>
      <trkpt lat="46.005558986216784" lon="11.290853982791305">
        <ele>442.90628500000003</ele>
        <time>2026-09-17T10:24:06Z</time>
      </trkpt>
      <trkpt lat="46.005628975108266" lon="11.290936963632703">
        <ele>442.84824400000002</ele>
        <time>2026-09-17T10:24:07Z</time>
      </trkpt>
      <trkpt lat="46.006011022254825" lon="11.291392017155886">
        <ele>442.64209699999998</ele>
        <time>2026-09-17T10:24:15Z</time>
      </trkpt>
      <trkpt lat="46.006089979782701" lon="11.291480027139187">
        <ele>442.62078600000001</ele>
        <time>2026-09-17T10:24:17Z</time>
      </trkpt>
      <trkpt lat="46.006145970895886" lon="11.291545992717147">
        <ele>442.605345</ele>
        <time>2026-09-17T10:24:18Z</time>
      </trkpt>
      <trkpt lat="46.006161980330944" lon="11.291563007980585">
        <ele>442.60110200000003</ele>
        <time>2026-09-17T10:24:19Z</time>
      </trkpt>
      <trkpt lat="46.006181007251143" lon="11.291529983282089">
        <ele>442.59474999999998</ele>
        <time>2026-09-17T10:24:21Z</time>
      </trkpt>
      <trkpt lat="46.00671099498868" lon="11.29067100584507">
        <ele>442.42447900000002</ele>
        <time>2026-09-17T10:24:34Z</time>
      </trkpt>
      <trkpt lat="46.008501034229994" lon="11.287697022780776">
        <ele>441.71848299999999</ele>
        <time>2026-09-17T10:25:18Z</time>
      </trkpt>
      <trkpt lat="46.008668001741171" lon="11.287778997793794">
        <ele>441.82063399999998</ele>
        <time>2026-09-17T10:25:21Z</time>
      </trkpt>
      <trkpt lat="46.008887020871043" lon="11.287495018914342">
        <ele>441.99126899999999</ele>
        <time>2026-09-17T10:25:26Z</time>
      </trkpt>
      <trkpt lat="46.009082989767194" lon="11.287378007546067">
        <ele>442.11410699999999</ele>
        <time>2026-09-17T10:25:31Z</time>
      </trkpt>
      <trkpt lat="46.009146021679044" lon="11.287403991445899">
        <ele>442.15204899999998</ele>
        <time>2026-09-17T10:25:32Z</time>
      </trkpt>
      <trkpt lat="46.009191032499075" lon="11.287516979500651">
        <ele>442.20442500000001</ele>
        <time>2026-09-17T10:25:34Z</time>
      </trkpt>
      <trkpt lat="46.009558998048306" lon="11.288995966315269">
        <ele>443.093277</ele>
        <time>2026-09-17T10:26:00Z</time>
      </trkpt>
      <trkpt lat="46.009782962501049" lon="11.289896015077829">
        <ele>443.78903700000001</ele>
        <time>2026-09-17T10:26:16Z</time>
      </trkpt>
      <trkpt lat="46.010312028229237" lon="11.289598038420081">
        <ele>444.38425000000001</ele>
        <time>2026-09-17T10:26:28Z</time>
      </trkpt>
      <trkpt lat="46.01034102961421" lon="11.289528971537948">
        <ele>444.36336</ele>
        <time>2026-09-17T10:26:29Z</time>
      </trkpt>
      <trkpt lat="46.01034002378583" lon="11.289407014846802">
        <ele>444.27389799999997</ele>
        <time>2026-09-17T10:26:30Z</time>
      </trkpt>
      <trkpt lat="46.010387968271971" lon="11.289406009018421">
        <ele>444.22321799999997</ele>
        <time>2026-09-17T10:26:31Z</time>
      </trkpt>
      <trkpt lat="46.010447982698679" lon="11.28940399736166">
        <ele>444.15985599999999</ele>
        <time>2026-09-17T10:26:32Z</time>
      </trkpt>
      <trkpt lat="46.010463992133737" lon="11.286917002871633">
        <ele>442.39877000000001</ele>
        <time>2026-09-17T10:27:01Z</time>
      </trkpt>
      <trkpt lat="46.010669013485312" lon="11.286879032850266">
        <ele>442.26172000000003</ele>
        <time>2026-09-17T10:27:04Z</time>
      </trkpt>
      <trkpt lat="46.010817959904671" lon="11.286809965968132">
        <ele>442.15794</ele>
        <time>2026-09-17T10:27:06Z</time>
      </trkpt>
      <trkpt lat="46.011264966800809" lon="11.286592958495021">
        <ele>441.84515900000002</ele>
        <time>2026-09-17T10:27:39Z</time>
      </trkpt>
      <trkpt lat="46.011464037001133" lon="11.286560017615557">
        <ele>441.71233699999999</ele>
        <time>2026-09-17T10:27:53Z</time>
      </trkpt>
      <trkpt lat="46.01154500618577" lon="11.286578038707376">
        <ele>441.65799299999998</ele>
        <time>2026-09-17T10:27:59Z</time>
      </trkpt>
      <trkpt lat="46.011961000040174" lon="11.286736959591508">
        <ele>441.37260700000002</ele>
        <time>2026-09-17T10:28:28Z</time>
      </trkpt>
      <trkpt lat="46.012037023901939" lon="11.286859000101686">
        <ele>441.31326899999999</ele>
        <time>2026-09-17T10:28:36Z</time>
      </trkpt>
      <trkpt lat="46.012200973927975" lon="11.287010964006186">
        <ele>441.32629800000001</ele>
        <time>2026-09-17T10:28:50Z</time>
      </trkpt>
      <trkpt lat="46.012655021622777" lon="11.287086987867951">
        <ele>441.356832</ele>
        <time>2026-09-17T10:29:22Z</time>
      </trkpt>
      <trkpt lat="46.012800028547645" lon="11.287036025896668">
        <ele>441.366804</ele>
        <time>2026-09-17T10:29:32Z</time>
      </trkpt>
      <trkpt lat="46.012829029932618" lon="11.287025967612863">
        <ele>441.36879599999997</ele>
        <time>2026-09-17T10:29:34Z</time>
      </trkpt>
      <trkpt lat="46.013211999088526" lon="11.286963019520044">
        <ele>441.39454899999998</ele>
        <time>2026-09-17T10:30:01Z</time>
      </trkpt>
      <trkpt lat="46.013334039598703" lon="11.286979028955102">
        <ele>441.40273300000001</ele>
        <time>2026-09-17T10:30:09Z</time>
      </trkpt>
      <trkpt lat="46.01388699375093" lon="11.286940975114703">
        <ele>441.70238999999998</ele>
        <time>2026-09-17T10:30:48Z</time>
      </trkpt>
      <trkpt lat="46.014343975111842" lon="11.286833016201854">
        <ele>442.77962600000001</ele>
        <time>2026-09-17T10:31:20Z</time>
      </trkpt>
      <trkpt lat="46.014758041128516" lon="11.287273988127708">
        <ele>443.97748000000001</ele>
        <time>2026-09-17T10:31:56Z</time>
      </trkpt>
      <trkpt lat="46.014755023643374" lon="11.287280023097992">
        <ele>443.98942299999999</ele>
        <time>2026-09-17T10:31:56Z</time>
      </trkpt>
      <trkpt lat="46.014781007543206" lon="11.287311036139727">
        <ele>444.06794300000001</ele>
        <time>2026-09-17T10:31:57Z</time>
      </trkpt>
      <trkpt lat="46.014807997271419" lon="11.287326039746404">
        <ele>444.13525900000002</ele>
        <time>2026-09-17T10:31:57Z</time>
      </trkpt>
      <trkpt lat="46.01483004167676" lon="11.287334002554417">
        <ele>444.188039</ele>
        <time>2026-09-17T10:31:58Z</time>
      </trkpt>
      <trkpt lat="46.01485401391983" lon="11.2873400375247">
        <ele>444.24470000000002</ele>
        <time>2026-09-17T10:31:58Z</time>
      </trkpt>
      <trkpt lat="46.01487698033452" lon="11.28733903169632">
        <ele>444.298224</ele>
        <time>2026-09-17T10:31:59Z</time>
      </trkpt>
      <trkpt lat="46.014903970062733" lon="11.287324028089643">
        <ele>444.36554000000001</ele>
        <time>2026-09-17T10:31:59Z</time>
      </trkpt>
      <trkpt lat="46.014935988932848" lon="11.287305001169443">
        <ele>444.446054</ele>
        <time>2026-09-17T10:32:00Z</time>
      </trkpt>
      <trkpt lat="46.014956021681428" lon="11.287289997562766">
        <ele>444.49850700000002</ele>
        <time>2026-09-17T10:32:01Z</time>
      </trkpt>
      <trkpt lat="46.014973036944866" lon="11.28727700561285">
        <ele>444.54328099999998</ele>
        <time>2026-09-17T10:32:01Z</time>
      </trkpt>
      <trkpt lat="46.01500203832984" lon="11.28725403919816">
        <ele>444.62029200000001</ele>
        <time>2026-09-17T10:32:02Z</time>
      </trkpt>
      <trkpt lat="46.014956021681428" lon="11.287752008065581">
        <ele>445.43183900000002</ele>
        <time>2026-09-17T10:32:09Z</time>
      </trkpt>
      <trkpt lat="46.014980999752879" lon="11.287927022203803">
        <ele>445.86282399999999</ele>
        <time>2026-09-17T10:32:12Z</time>
      </trkpt>
      <trkpt lat="46.014980999752879" lon="11.287927022203803">
        <ele>445.86282399999999</ele>
        <time>2026-09-17T10:32:12Z</time>
      </trkpt>
      <trkpt lat="46.015135981142521" lon="11.289023961871862">
        <ele>450.12958099999997</ele>
        <time>2026-09-17T10:32:43Z</time>
      </trkpt>
      <trkpt lat="46.015238994732499" lon="11.290073962882161">
        <ele>454.17126100000002</ele>
        <time>2026-09-17T10:33:16Z</time>
      </trkpt>
      <trkpt lat="46.015232959762216" lon="11.290400018915534">
        <ele>455.41420699999998</ele>
        <time>2026-09-17T10:33:26Z</time>
      </trkpt>
      <trkpt lat="46.015165988355875" lon="11.290755998343229">
        <ele>457.34496200000001</ele>
        <time>2026-09-17T10:33:38Z</time>
      </trkpt>
      <trkpt lat="46.015006983652711" lon="11.291428981348872">
        <ele>461.12146000000001</ele>
        <time>2026-09-17T10:34:01Z</time>
      </trkpt>
      <trkpt lat="46.014990974217653" lon="11.291792001575232">
        <ele>463.05375900000001</ele>
        <time>2026-09-17T10:34:14Z</time>
      </trkpt>
      <trkpt lat="46.015007989481091" lon="11.291904989629984">
        <ele>463.66798999999997</ele>
        <time>2026-09-17T10:34:18Z</time>
      </trkpt>
      <trkpt lat="46.015050988644361" lon="11.29206801764667">
        <ele>464.59429</ele>
        <time>2026-09-17T10:34:25Z</time>
      </trkpt>
      <trkpt lat="46.015191972255707" lon="11.292357025668025">
        <ele>466.47059100000001</ele>
        <time>2026-09-17T10:34:37Z</time>
      </trkpt>
      <trkpt lat="46.015328010544181" lon="11.292608985677361">
        <ele>468.16603500000002</ele>
        <time>2026-09-17T10:34:50Z</time>
      </trkpt>
      <trkpt lat="46.015421971678734" lon="11.292767990380526">
        <ele>469.27615800000001</ele>
        <time>2026-09-17T10:34:59Z</time>
      </trkpt>
      <trkpt lat="46.015494978055358" lon="11.292890030890703">
        <ele>470.15591599999999</ele>
        <time>2026-09-17T10:35:06Z</time>
      </trkpt>
      <trkpt lat="46.015620036050677" lon="11.293103015050292">
        <ele>471.67937000000001</ele>
        <time>2026-09-17T10:35:18Z</time>
      </trkpt>
      <trkpt lat="46.015836959704757" lon="11.293468968942761">
        <ele>474.30839300000002</ele>
        <time>2026-09-17T10:35:40Z</time>
      </trkpt>
      <trkpt lat="46.016101995483041" lon="11.293912958353758">
        <ele>477.50666799999999</ele>
        <time>2026-09-17T10:36:04Z</time>
      </trkpt>
      <trkpt lat="46.016231998801231" lon="11.294186040759087">
        <ele>479.31498900000003</ele>
        <time>2026-09-17T10:36:16Z</time>
      </trkpt>
      <trkpt lat="46.016303999349475" lon="11.294525004923344">
        <ele>481.251597</ele>
        <time>2026-09-17T10:36:27Z</time>
      </trkpt>
      <trkpt lat="46.016297964379191" lon="11.294859023764729">
        <ele>483.07682399999999</ele>
        <time>2026-09-17T10:36:37Z</time>
      </trkpt>
      <trkpt lat="46.016449006274343" lon="11.294718962162733">
        <ele>483.28798999999998</ele>
        <time>2026-09-17T10:36:43Z</time>
      </trkpt>
      <trkpt lat="46.016582027077675" lon="11.294577978551388">
        <ele>483.160886</ele>
        <time>2026-09-17T10:36:48Z</time>
      </trkpt>
      <trkpt lat="46.016662996262312" lon="11.294385027140379">
        <ele>483.04036500000001</ele>
        <time>2026-09-17T10:36:52Z</time>
      </trkpt>
      <trkpt lat="46.016676994040608" lon="11.294328030198812">
        <ele>483.00805300000002</ele>
        <time>2026-09-17T10:36:53Z</time>
      </trkpt>
      <trkpt lat="46.01674497127533" lon="11.294053019955754">
        <ele>482.85204299999998</ele>
        <time>2026-09-17T10:36:57Z</time>
      </trkpt>
      <trkpt lat="46.01674497127533" lon="11.293656975030899">
        <ele>482.64040399999999</ele>
        <time>2026-09-17T10:37:01Z</time>
      </trkpt>
      <trkpt lat="46.016716975718737" lon="11.293467041105032">
        <ele>482.53659900000002</ele>
        <time>2026-09-17T10:37:03Z</time>
      </trkpt>
      <trkpt lat="46.016652015969157" lon="11.293021962046623">
        <ele>482.29356799999999</ele>
        <time>2026-09-17T10:37:07Z</time>
      </trkpt>
      <trkpt lat="46.01659401319921" lon="11.292644022032619">
        <ele>482.08667600000001</ele>
        <time>2026-09-17T10:37:10Z</time>
      </trkpt>
      <trkpt lat="46.016520000994205" lon="11.292286030948162">
        <ele>481.19735400000002</ele>
        <time>2026-09-17T10:37:13Z</time>
      </trkpt>
      <trkpt lat="46.016177013516426" lon="11.29125396721065">
        <ele>477.17935199999999</ele>
        <time>2026-09-17T10:37:22Z</time>
      </trkpt>
      <trkpt lat="46.016072994098067" lon="11.290941992774606">
        <ele>475.96394299999997</ele>
        <time>2026-09-17T10:37:25Z</time>
      </trkpt>
      <trkpt lat="46.0159279871732" lon="11.290597999468446">
        <ele>474.55071099999998</ele>
        <time>2026-09-17T10:37:28Z</time>
      </trkpt>
      <trkpt lat="46.01588599383831" lon="11.290558017790318">
        <ele>474.29606000000001</ele>
        <time>2026-09-17T10:37:29Z</time>
      </trkpt>
      <trkpt lat="46.015833020210266" lon="11.287006018683314">
        <ele>468.555297</ele>
        <time>2026-09-17T10:38:02Z</time>
      </trkpt>
      <trkpt lat="46.01586596108973" lon="11.286464966833591">
        <ele>468.23725300000001</ele>
        <time>2026-09-17T10:38:08Z</time>
      </trkpt>
      <trkpt lat="46.015996970236301" lon="11.285455031320453">
        <ele>467.63554299999998</ele>
        <time>2026-09-17T10:38:19Z</time>
      </trkpt>
      <trkpt lat="46.01622998714447" lon="11.28414100036025">
        <ele>467.83425099999999</ele>
        <time>2026-09-17T10:38:36Z</time>
      </trkpt>
      <trkpt lat="46.016609016805887" lon="11.282553970813751">
        <ele>468.69008600000001</ele>
        <time>2026-09-17T10:39:02Z</time>
      </trkpt>
      <trkpt lat="46.016777995973825" lon="11.281879981979728">
        <ele>468.699658</ele>
        <time>2026-09-17T10:39:13Z</time>
      </trkpt>
      <trkpt lat="46.016876986250281" lon="11.281640008091927">
        <ele>468.70231100000001</ele>
        <time>2026-09-17T10:39:17Z</time>
      </trkpt>
      <trkpt lat="46.017188960686326" lon="11.281124018132687">
        <ele>468.70881200000002</ele>
        <time>2026-09-17T10:39:24Z</time>
      </trkpt>
      <trkpt lat="46.017289962619543" lon="11.280858982354403">
        <ele>468.71168399999999</ele>
        <time>2026-09-17T10:39:27Z</time>
      </trkpt>
      <trkpt lat="46.017379984259605" lon="11.280479030683637">
        <ele>468.71549900000002</ele>
        <time>2026-09-17T10:39:31Z</time>
      </trkpt>
      <trkpt lat="46.017465982586145" lon="11.279841000214219">
        <ele>469.47009200000002</ele>
        <time>2026-09-17T10:39:39Z</time>
      </trkpt>
      <trkpt lat="46.017662035301328" lon="11.279059974476695">
        <ele>470.89681400000001</ele>
        <time>2026-09-17T10:39:54Z</time>
      </trkpt>
      <trkpt lat="46.017784997820854" lon="11.278781024739146">
        <ele>471.46458100000001</ele>
        <time>2026-09-17T10:40:01Z</time>
      </trkpt>
      <trkpt lat="46.017949031665921" lon="11.27849000506103">
        <ele>472.108452</ele>
        <time>2026-09-17T10:40:10Z</time>
      </trkpt>
      <trkpt lat="46.018054978922009" lon="11.278174007311463">
        <ele>472.71136999999999</ele>
        <time>2026-09-17T10:40:20Z</time>
      </trkpt>
      <trkpt lat="46.018126979470253" lon="11.277757007628679">
        <ele>473.58804500000002</ele>
        <time>2026-09-17T10:40:31Z</time>
      </trkpt>
      <trkpt lat="46.018222030252218" lon="11.277464982122183">
        <ele>474.41378500000002</ele>
        <time>2026-09-17T10:40:39Z</time>
      </trkpt>
      <trkpt lat="46.018342981114984" lon="11.277216039597988">
        <ele>475.19202999999999</ele>
        <time>2026-09-17T10:40:46Z</time>
      </trkpt>
      <trkpt lat="46.018629977479577" lon="11.27690096385777">
        <ele>476.52272299999998</ele>
        <time>2026-09-17T10:40:56Z</time>
      </trkpt>
      <trkpt lat="46.018941029906273" lon="11.276441970840096">
        <ele>478.16490499999998</ele>
        <time>2026-09-17T10:41:10Z</time>
      </trkpt>
      <trkpt lat="46.019135992974043" lon="11.276267040520906">
        <ele>479.01219099999997</ele>
        <time>2026-09-17T10:41:19Z</time>
      </trkpt>
      <trkpt lat="46.019285023212433" lon="11.276180958375335">
        <ele>479.604131</ele>
        <time>2026-09-17T10:41:25Z</time>
      </trkpt>
      <trkpt lat="46.020564017817378" lon="11.275740992277861">
        <ele>481.79476599999998</ele>
        <time>2026-09-17T10:42:10Z</time>
      </trkpt>
      <trkpt lat="46.020624032244086" lon="11.275633033365011">
        <ele>481.94659000000001</ele>
        <time>2026-09-17T10:42:12Z</time>
      </trkpt>
      <trkpt lat="46.021201964467764" lon="11.275084018707275">
        <ele>480.59564899999998</ele>
        <time>2026-09-17T10:42:22Z</time>
      </trkpt>
      <trkpt lat="46.021279999986291" lon="11.275032972916961">
        <ele>479.89866599999999</ele>
        <time>2026-09-17T10:42:23Z</time>
      </trkpt>
      <trkpt lat="46.021816022694111" lon="11.274984022602439">
        <ele>475.52881100000002</ele>
        <time>2026-09-17T10:42:30Z</time>
      </trkpt>
      <trkpt lat="46.021929010748863" lon="11.274906992912292">
        <ele>474.51167900000002</ele>
        <time>2026-09-17T10:42:31Z</time>
      </trkpt>
      <trkpt lat="46.022134032100439" lon="11.274645980447531">
        <ele>472.28537399999999</ele>
        <time>2026-09-17T10:42:35Z</time>
      </trkpt>
      <trkpt lat="46.022334024310112" lon="11.274216994643211">
        <ele>469.36605300000002</ele>
        <time>2026-09-17T10:42:39Z</time>
      </trkpt>
      <trkpt lat="46.02246000431478" lon="11.27406301908195">
        <ele>468.02144199999998</ele>
        <time>2026-09-17T10:42:41Z</time>
      </trkpt>
      <trkpt lat="46.022786982357502" lon="11.273263972252607">
        <ele>462.42178999999999</ele>
        <time>2026-09-17T10:42:48Z</time>
      </trkpt>
      <trkpt lat="46.023079007863998" lon="11.272638011723757">
        <ele>457.86792200000002</ele>
        <time>2026-09-17T10:42:55Z</time>
      </trkpt>
      <trkpt lat="46.023193001747131" lon="11.272242972627282">
        <ele>455.28487699999999</ele>
        <time>2026-09-17T10:42:58Z</time>
      </trkpt>
      <trkpt lat="46.023372039198875" lon="11.271607959643006">
        <ele>452.02857999999998</ele>
        <time>2026-09-17T10:43:05Z</time>
      </trkpt>
      <trkpt lat="46.023526014760137" lon="11.271195989102125">
        <ele>451.24490100000003</ele>
        <time>2026-09-17T10:43:09Z</time>
      </trkpt>
      <trkpt lat="46.02383597753942" lon="11.270620990544558">
        <ele>450.02564100000001</ele>
        <time>2026-09-17T10:43:17Z</time>
      </trkpt>
      <trkpt lat="46.024068994447589" lon="11.270252019166946">
        <ele>449.19028500000002</ele>
        <time>2026-09-17T10:43:23Z</time>
      </trkpt>
      <trkpt lat="46.02422003634274" lon="11.270057978108525">
        <ele>448.70219200000003</ele>
        <time>2026-09-17T10:43:26Z</time>
      </trkpt>
      <trkpt lat="46.024376023560762" lon="11.269941972568631">
        <ele>448.27870799999999</ele>
        <time>2026-09-17T10:43:29Z</time>
      </trkpt>
      <trkpt lat="46.025175992399454" lon="11.269534025341272">
        <ele>447.51076399999999</ele>
        <time>2026-09-17T10:43:45Z</time>
      </trkpt>
      <trkpt lat="46.025457959622145" lon="11.269362028688192">
        <ele>447.29788200000002</ele>
        <time>2026-09-17T10:43:51Z</time>
      </trkpt>
      <trkpt lat="46.026128008961678" lon="11.268441025167704">
        <ele>447.02195599999999</ele>
        <time>2026-09-17T10:44:07Z</time>
      </trkpt>
      <trkpt lat="46.026667971163988" lon="11.26781196333468">
        <ele>447.96816799999999</ele>
        <time>2026-09-17T10:44:19Z</time>
      </trkpt>
      <trkpt lat="46.026924038305879" lon="11.267623035237193">
        <ele>448.36010399999998</ele>
        <time>2026-09-17T10:44:27Z</time>
      </trkpt>
      <trkpt lat="46.027450002729893" lon="11.267447015270591">
        <ele>449.09582699999999</ele>
        <time>2026-09-17T10:44:49Z</time>
      </trkpt>
      <trkpt lat="46.027686037123203" lon="11.267479034140706">
        <ele>449.60253399999999</ele>
        <time>2026-09-17T10:44:59Z</time>
      </trkpt>
      <trkpt lat="46.027960041537881" lon="11.267599985003471">
        <ele>450.370791</ele>
        <time>2026-09-17T10:45:10Z</time>
      </trkpt>
      <trkpt lat="46.028307974338531" lon="11.267751026898623">
        <ele>451.34508399999999</ele>
        <time>2026-09-17T10:45:23Z</time>
      </trkpt>
      <trkpt lat="46.029036026448011" lon="11.267540976405144">
        <ele>453.335375</ele>
        <time>2026-09-17T10:45:45Z</time>
      </trkpt>
      <trkpt lat="46.029455037787557" lon="11.267357999458909">
        <ele>454.85478599999999</ele>
        <time>2026-09-17T10:45:54Z</time>
      </trkpt>
      <trkpt lat="46.029887041077018" lon="11.266985004767776">
        <ele>457.22272900000002</ele>
        <time>2026-09-17T10:46:06Z</time>
      </trkpt>
      <trkpt lat="46.030099019408226" lon="11.266750982031226">
        <ele>458.47841399999999</ele>
        <time>2026-09-17T10:46:16Z</time>
      </trkpt>
      <trkpt lat="46.030499003827572" lon="11.26620096154511">
        <ele>461.07826</ele>
        <time>2026-09-17T10:46:44Z</time>
      </trkpt>
      <trkpt lat="46.031138962134719" lon="11.26553300768137">
        <ele>465.966793</ele>
        <time>2026-09-17T10:47:33Z</time>
      </trkpt>
      <trkpt lat="46.031759977340698" lon="11.264749970287085">
        <ele>471.83604500000001</ele>
        <time>2026-09-17T10:48:21Z</time>
      </trkpt>
      <trkpt lat="46.031899033114314" lon="11.264534974470735">
        <ele>473.28653300000002</ele>
        <time>2026-09-17T10:48:30Z</time>
      </trkpt>
      <trkpt lat="46.032131966203451" lon="11.264088973402977">
        <ele>475.45448499999998</ele>
        <time>2026-09-17T10:48:44Z</time>
      </trkpt>
      <trkpt lat="46.032405970618129" lon="11.263679014518857">
        <ele>476.046604</ele>
        <time>2026-09-17T10:48:56Z</time>
      </trkpt>
      <trkpt lat="46.032763961702585" lon="11.263192025944591">
        <ele>476.784583</ele>
        <time>2026-09-17T10:49:07Z</time>
      </trkpt>
      <trkpt lat="46.033079037442803" lon="11.262862030416727">
        <ele>477.36832399999997</ele>
        <time>2026-09-17T10:49:14Z</time>
      </trkpt>
      <trkpt lat="46.033439040184021" lon="11.262561036273837">
        <ele>477.99215700000002</ele>
        <time>2026-09-17T10:49:24Z</time>
      </trkpt>
      <trkpt lat="46.033641966059804" lon="11.262251995503902">
        <ele>478.67537499999997</ele>
        <time>2026-09-17T10:49:32Z</time>
      </trkpt>
      <trkpt lat="46.033818991854787" lon="11.261765006929636">
        <ele>479.55886400000003</ele>
        <time>2026-09-17T10:49:43Z</time>
      </trkpt>
      <trkpt lat="46.03406198322773" lon="11.260647028684616">
        <ele>481.44173000000001</ele>
        <time>2026-09-17T10:50:09Z</time>
      </trkpt>
      <trkpt lat="46.034166002646089" lon="11.260350979864597">
        <ele>481.97492</ele>
        <time>2026-09-17T10:50:17Z</time>
      </trkpt>
      <trkpt lat="46.034386027604342" lon="11.259872959926724">
        <ele>482.92042300000003</ele>
        <time>2026-09-17T10:50:31Z</time>
      </trkpt>
      <trkpt lat="46.034463979303837" lon="11.259656036272645">
        <ele>483.32578000000001</ele>
        <time>2026-09-17T10:50:36Z</time>
      </trkpt>
      <trkpt lat="46.034518964588642" lon="11.25926099717617">
        <ele>483.99407200000002</ele>
        <time>2026-09-17T10:50:46Z</time>
      </trkpt>
      <trkpt lat="46.034431038424373" lon="11.2583770416677">
        <ele>485.47548699999999</ele>
        <time>2026-09-17T10:51:06Z</time>
      </trkpt>
      <trkpt lat="46.034439001232386" lon="11.257742028683424">
        <ele>486.46387600000003</ele>
        <time>2026-09-17T10:51:17Z</time>
      </trkpt>
      <trkpt lat="46.034393990412354" lon="11.257486967369914">
        <ele>486.51633399999997</ele>
        <time>2026-09-17T10:51:21Z</time>
      </trkpt>
      <trkpt lat="46.034295000135899" lon="11.257180022075772">
        <ele>486.58382399999999</ele>
        <time>2026-09-17T10:51:26Z</time>
      </trkpt>
      <trkpt lat="46.034248983487487" lon="11.256894031539559">
        <ele>486.642357</ele>
        <time>2026-09-17T10:51:30Z</time>
      </trkpt>
      <trkpt lat="46.034252000972629" lon="11.256643999367952">
        <ele>486.69220899999999</ele>
        <time>2026-09-17T10:51:34Z</time>
      </trkpt>
      <trkpt lat="46.03427798487246" lon="11.255682008340955">
        <ele>486.88415600000002</ele>
        <time>2026-09-17T10:51:47Z</time>
      </trkpt>
      <trkpt lat="46.034415028989315" lon="11.255193008109927">
        <ele>487.2389</ele>
        <time>2026-09-17T10:51:54Z</time>
      </trkpt>
      <trkpt lat="46.034529022872448" lon="11.254959991201758">
        <ele>488.09467000000001</ele>
        <time>2026-09-17T10:51:58Z</time>
      </trkpt>
      <trkpt lat="46.034592976793647" lon="11.254852032288909">
        <ele>488.52096299999999</ele>
        <time>2026-09-17T10:52:00Z</time>
      </trkpt>
      <trkpt lat="46.034696996212006" lon="11.25468104146421">
        <ele>489.20346999999998</ele>
        <time>2026-09-17T10:52:04Z</time>
      </trkpt>
      <trkpt lat="46.034732032567263" lon="11.254592025652528">
        <ele>489.51055200000002</ele>
        <time>2026-09-17T10:52:06Z</time>
      </trkpt>
      <trkpt lat="46.034952979534864" lon="11.254470990970731">
        <ele>490.53296699999999</ele>
        <time>2026-09-17T10:52:13Z</time>
      </trkpt>
      <trkpt lat="46.039271000772715" lon="11.254708031192422">
        <ele>512.25704499999995</ele>
        <time>2026-09-17T10:55:11Z</time>
      </trkpt>
      <trkpt lat="46.039994023740292" lon="11.254666037857533">
        <ele>517.73555999999996</ele>
        <time>2026-09-17T10:55:56Z</time>
      </trkpt>
      <trkpt lat="46.041158018633723" lon="11.254387004300952">
        <ele>527.47556799999995</ele>
        <time>2026-09-17T10:57:05Z</time>
      </trkpt>
      <trkpt lat="46.041395980864763" lon="11.25449001789093">
        <ele>529.20470399999999</ele>
        <time>2026-09-17T10:57:15Z</time>
      </trkpt>
      <trkpt lat="46.041534030809999" lon="11.254613986238837">
        <ele>530.03465200000005</ele>
        <time>2026-09-17T10:57:21Z</time>
      </trkpt>
      <trkpt lat="46.041587004438043" lon="11.25466201454401">
        <ele>530.354108</ele>
        <time>2026-09-17T10:57:22Z</time>
      </trkpt>
      <trkpt lat="46.041778028011322" lon="11.25509100034833">
        <ele>532.15938200000005</ele>
        <time>2026-09-17T10:57:35Z</time>
      </trkpt>
      <trkpt lat="46.041887998580933" lon="11.255531972274184">
        <ele>533.81923500000005</ele>
        <time>2026-09-17T10:57:45Z</time>
      </trkpt>
      <trkpt lat="46.042018001899123" lon="11.25580002553761">
        <ele>534.97733600000004</ele>
        <time>2026-09-17T10:57:52Z</time>
      </trkpt>
      <trkpt lat="46.042255964130163" lon="11.255971016362309">
        <ele>536.33448399999997</ele>
        <time>2026-09-17T10:58:02Z</time>
      </trkpt>
      <trkpt lat="46.042494010180235" lon="11.256005968898535">
        <ele>537.55528400000003</ele>
        <time>2026-09-17T10:58:13Z</time>
      </trkpt>
      <trkpt lat="46.042844960466027" lon="11.255835983902216">
        <ele>540.10443999999995</ele>
        <time>2026-09-17T10:58:33Z</time>
      </trkpt>
      <trkpt lat="46.043976014479995" lon="11.255169035866857">
        <ele>548.93806500000005</ele>
        <time>2026-09-17T10:59:37Z</time>
      </trkpt>
      <trkpt lat="46.044147005304694" lon="11.25509100034833">
        <ele>550.23457499999995</ele>
        <time>2026-09-17T10:59:45Z</time>
      </trkpt>
      <trkpt lat="46.044311039149761" lon="11.255064010620117">
        <ele>551.19830000000002</ele>
        <time>2026-09-17T10:59:53Z</time>
      </trkpt>
      <trkpt lat="46.044614966958761" lon="11.255126036703587">
        <ele>552.51671699999997</ele>
        <time>2026-09-17T11:00:07Z</time>
      </trkpt>
      <trkpt lat="46.045256014913321" lon="11.255343966186047">
        <ele>555.344876</ele>
        <time>2026-09-17T11:00:35Z</time>
      </trkpt>
      <trkpt lat="46.04589999653399" lon="11.25526400282979">
        <ele>558.12052800000004</ele>
        <time>2026-09-17T11:00:56Z</time>
      </trkpt>
      <trkpt lat="46.045974008738995" lon="11.255347989499569">
        <ele>558.52506700000004</ele>
        <time>2026-09-17T11:00:58Z</time>
      </trkpt>
      <trkpt lat="46.046328982338309" lon="11.25524397008121">
        <ele>557.38778500000001</ele>
        <time>2026-09-17T11:01:05Z</time>
      </trkpt>
      <trkpt lat="46.047370014712214" lon="11.254991004243493">
        <ele>553.75322700000004</ele>
        <time>2026-09-17T11:01:18Z</time>
      </trkpt>
      <trkpt lat="46.047656005248427" lon="11.254859995096922">
        <ele>552.72003400000006</ele>
        <time>2026-09-17T11:01:21Z</time>
      </trkpt>
      <trkpt lat="46.047934032976627" lon="11.254716999828815">
        <ele>551.08126200000004</ele>
        <time>2026-09-17T11:01:24Z</time>
      </trkpt>
      <trkpt lat="46.048233015462756" lon="11.254516001790762">
        <ele>548.920479</ele>
        <time>2026-09-17T11:01:28Z</time>
      </trkpt>
      <trkpt lat="46.04914303869009" lon="11.253700023517013">
        <ele>541.90104299999996</ele>
        <time>2026-09-17T11:01:40Z</time>
      </trkpt>
      <trkpt lat="46.049269018694758" lon="11.253573959693313">
        <ele>540.89660900000001</ele>
        <time>2026-09-17T11:01:41Z</time>
      </trkpt>
      <trkpt lat="46.049371026456356" lon="11.2534140329808">
        <ele>540.13397999999995</ele>
        <time>2026-09-17T11:01:43Z</time>
      </trkpt>
      <trkpt lat="46.049522990360856" lon="11.253162994980812">
        <ele>539.10250599999995</ele>
        <time>2026-09-17T11:01:46Z</time>
      </trkpt>
      <trkpt lat="46.049905037507415" lon="11.252468973398209">
        <ele>536.35978899999998</ele>
        <time>2026-09-17T11:01:53Z</time>
      </trkpt>
      <trkpt lat="46.050211982801557" lon="11.251991037279367">
        <ele>534.34318800000005</ele>
        <time>2026-09-17T11:01:59Z</time>
      </trkpt>
      <trkpt lat="46.050650021061301" lon="11.251454008743167">
        <ele>532.14090699999997</ele>
        <time>2026-09-17T11:02:06Z</time>
      </trkpt>
      <trkpt lat="46.051544034853578" lon="11.250437032431364">
        <ele>529.33284700000002</ele>
        <time>2026-09-17T11:02:21Z</time>
      </trkpt>
      <trkpt lat="46.051942007616162" lon="11.250015003606677">
        <ele>528.13083099999994</ele>
        <time>2026-09-17T11:02:27Z</time>
      </trkpt>
      <trkpt lat="46.052094977349043" lon="11.24989396892488">
        <ele>527.87022000000002</ele>
        <time>2026-09-17T11:02:30Z</time>
      </trkpt>
      <trkpt lat="46.052422961220145" lon="11.249728007242084">
        <ele>527.35111400000005</ele>
        <time>2026-09-17T11:02:35Z</time>
      </trkpt>
      <trkpt lat="46.052555982023478" lon="11.24959297478199">
        <ele>527.10818900000004</ele>
        <time>2026-09-17T11:02:37Z</time>
      </trkpt>
      <trkpt lat="46.052670981734991" lon="11.249304972589016">
        <ele>526.76386300000001</ele>
        <time>2026-09-17T11:02:41Z</time>
      </trkpt>
      <trkpt lat="46.0528380330652" lon="11.248164027929306">
        <ele>525.55545300000006</ele>
        <time>2026-09-17T11:02:52Z</time>
      </trkpt>
      <trkpt lat="46.052751028910279" lon="11.248176014050841">
        <ele>525.42158099999995</ele>
        <time>2026-09-17T11:02:54Z</time>
      </trkpt>
      <trkpt lat="46.051971009001136" lon="11.248467033728957">
        <ele>524.12840400000005</ele>
        <time>2026-09-17T11:03:04Z</time>
      </trkpt>
      <trkpt lat="46.051243962720037" lon="11.248929966241121">
        <ele>522.85268099999996</ele>
        <time>2026-09-17T11:03:15Z</time>
      </trkpt>
      <trkpt lat="46.051017986610532" lon="11.249135993421078">
        <ele>522.67997200000002</ele>
        <time>2026-09-17T11:03:19Z</time>
      </trkpt>
      <trkpt lat="46.050873985514045" lon="11.249052006751299">
        <ele>522.83121300000005</ele>
        <time>2026-09-17T11:03:22Z</time>
      </trkpt>
      <trkpt lat="46.050567962229252" lon="11.249000038951635">
        <ele>523.13117899999997</ele>
        <time>2026-09-17T11:03:30Z</time>
      </trkpt>
      <trkpt lat="46.050123972818255" lon="11.248999033123255">
        <ele>523.56342800000004</ele>
        <time>2026-09-17T11:03:43Z</time>
      </trkpt>
      <trkpt lat="46.049674032256007" lon="11.248883027583361">
        <ele>524.00847299999998</ele>
        <time>2026-09-17T11:03:53Z</time>
      </trkpt>
      <trkpt lat="46.049378989264369" lon="11.248711030930281">
        <ele>524.31828800000005</ele>
        <time>2026-09-17T11:04:00Z</time>
      </trkpt>
      <trkpt lat="46.049095010384917" lon="11.248406013473868">
        <ele>522.71416099999999</ele>
        <time>2026-09-17T11:04:09Z</time>
      </trkpt>
      <trkpt lat="46.048451028764248" lon="11.247925981879234">
        <ele>519.237977</ele>
        <time>2026-09-17T11:04:18Z</time>
      </trkpt>
      <trkpt lat="46.047978959977627" lon="11.247618030756712">
        <ele>516.75380099999995</ele>
        <time>2026-09-17T11:04:23Z</time>
      </trkpt>
      <trkpt lat="46.047636978328228" lon="11.247221985831857">
        <ele>512.92059400000005</ele>
        <time>2026-09-17T11:04:28Z</time>
      </trkpt>
      <trkpt lat="46.047582998871803" lon="11.247072033584118">
        <ele>511.44135399999999</ele>
        <time>2026-09-17T11:04:30Z</time>
      </trkpt>
      <trkpt lat="46.047463975846767" lon="11.2468830216676">
        <ele>509.207471</ele>
        <time>2026-09-17T11:04:32Z</time>
      </trkpt>
      <trkpt lat="46.047201035544276" lon="11.246544979512691">
        <ele>504.76239399999997</ele>
        <time>2026-09-17T11:04:36Z</time>
      </trkpt>
      <trkpt lat="46.047068014740944" lon="11.246339036151767">
        <ele>502.29944399999999</ele>
        <time>2026-09-17T11:04:38Z</time>
      </trkpt>
      <trkpt lat="46.047040019184351" lon="11.246248008683324">
        <ele>501.428043</ele>
        <time>2026-09-17T11:04:39Z</time>
      </trkpt>
      <trkpt lat="46.047034990042448" lon="11.246125968173146">
        <ele>500.35817400000002</ele>
        <time>2026-09-17T11:04:40Z</time>
      </trkpt>
      <trkpt lat="46.047102967277169" lon="11.246035024523735">
        <ele>499.18761000000001</ele>
        <time>2026-09-17T11:04:41Z</time>
      </trkpt>
      <trkpt lat="46.047431034967303" lon="11.245405962690711">
        <ele>492.44021600000002</ele>
        <time>2026-09-17T11:04:48Z</time>
      </trkpt>
      <trkpt lat="46.047518039122224" lon="11.245129024609923">
        <ele>490.29247099999998</ele>
        <time>2026-09-17T11:04:50Z</time>
      </trkpt>
      <trkpt lat="46.047644019126892" lon="11.244321009144187">
        <ele>484.442497</ele>
        <time>2026-09-17T11:04:57Z</time>
      </trkpt>
      <trkpt lat="46.047728005796671" lon="11.244171978905797">
        <ele>483.086502</ele>
        <time>2026-09-17T11:04:59Z</time>
      </trkpt>
      <trkpt lat="46.047810986638069" lon="11.243871990591288">
        <ele>480.80515600000001</ele>
        <time>2026-09-17T11:05:02Z</time>
      </trkpt>
      <trkpt lat="46.047810986638069" lon="11.243751961737871">
        <ele>479.95748400000002</ele>
        <time>2026-09-17T11:05:03Z</time>
      </trkpt>
      <trkpt lat="46.047888016328216" lon="11.243601003661752">
        <ele>478.63388500000002</ele>
        <time>2026-09-17T11:05:05Z</time>
      </trkpt>
      <trkpt lat="46.048116004094481" lon="11.243401011452079">
        <ele>475.917125</ele>
        <time>2026-09-17T11:05:08Z</time>
      </trkpt>
      <trkpt lat="46.048276014626026" lon="11.243148967623711">
        <ele>473.94587000000001</ele>
        <time>2026-09-17T11:05:11Z</time>
      </trkpt>
      <trkpt lat="46.048411969095469" lon="11.242837999016047">
        <ele>472.29303900000002</ele>
        <time>2026-09-17T11:05:14Z</time>
      </trkpt>
      <trkpt lat="46.048538032919168" lon="11.242643035948277">
        <ele>471.09506299999998</ele>
        <time>2026-09-17T11:05:16Z</time>
      </trkpt>
      <trkpt lat="46.048781024292111" lon="11.242450000718236">
        <ele>469.29742099999999</ele>
        <time>2026-09-17T11:05:20Z</time>
      </trkpt>
      <trkpt lat="46.049106996506453" lon="11.242118999361992">
        <ele>466.71368000000001</ele>
        <time>2026-09-17T11:05:25Z</time>
      </trkpt>
      <trkpt lat="46.049334984272718" lon="11.241981033235788">
        <ele>465.11152399999997</ele>
        <time>2026-09-17T11:05:29Z</time>
      </trkpt>
      <trkpt lat="46.049076989293098" lon="11.242056973278522">
        <ele>463.40547199999997</ele>
        <time>2026-09-17T11:05:32Z</time>
      </trkpt>
      <trkpt lat="46.049034995958209" lon="11.24209301546216">
        <ele>463.088864</ele>
        <time>2026-09-17T11:05:33Z</time>
      </trkpt>
      <trkpt lat="46.048796027898788" lon="11.242290996015072">
        <ele>463.42258500000003</ele>
        <time>2026-09-17T11:05:36Z</time>
      </trkpt>
      <trkpt lat="46.048638029024005" lon="11.242293007671833">
        <ele>463.62951500000003</ele>
        <time>2026-09-17T11:05:39Z</time>
      </trkpt>
      <trkpt lat="46.048271991312504" lon="11.242414964362979">
        <ele>464.12150000000003</ele>
        <time>2026-09-17T11:05:48Z</time>
      </trkpt>
      <trkpt lat="46.047959011048079" lon="11.242650998756289">
        <ele>464.58415200000002</ele>
        <time>2026-09-17T11:05:59Z</time>
      </trkpt>
      <trkpt lat="46.047667991369963" lon="11.242789970710874">
        <ele>464.98565200000002</ele>
        <time>2026-09-17T11:06:09Z</time>
      </trkpt>
      <trkpt lat="46.047043958678842" lon="11.242753006517887">
        <ele>465.67503399999998</ele>
        <time>2026-09-17T11:06:29Z</time>
      </trkpt>
      <trkpt lat="46.046895012259483" lon="11.242915028706193">
        <ele>465.837219</ele>
        <time>2026-09-17T11:06:35Z</time>
      </trkpt>
      <trkpt lat="46.046745982021093" lon="11.243030028417706">
        <ele>465.98408499999999</ele>
        <time>2026-09-17T11:06:40Z</time>
      </trkpt>
      <trkpt lat="46.046661995351315" lon="11.242965990677476">
        <ele>466.06664599999999</ele>
        <time>2026-09-17T11:06:42Z</time>
      </trkpt>
      <trkpt lat="46.046641962602735" lon="11.242942018434405">
        <ele>466.08926100000002</ele>
        <time>2026-09-17T11:06:43Z</time>
      </trkpt>
      <trkpt lat="46.046431995928288" lon="11.242633983492851">
        <ele>466.34962899999999</ele>
        <time>2026-09-17T11:06:51Z</time>
      </trkpt>
      <trkpt lat="46.045907037332654" lon="11.241396982222795">
        <ele>465.89776599999999</ele>
        <time>2026-09-17T11:07:05Z</time>
      </trkpt>
      <trkpt lat="46.045783990994096" lon="11.241165976971388">
        <ele>465.101316</ele>
        <time>2026-09-17T11:07:08Z</time>
      </trkpt>
      <trkpt lat="46.045466987416148" lon="11.2406110111624">
        <ele>463.13508200000001</ele>
        <time>2026-09-17T11:07:13Z</time>
      </trkpt>
      <trkpt lat="46.045390041545033" lon="11.240543033927679">
        <ele>462.77912700000002</ele>
        <time>2026-09-17T11:07:14Z</time>
      </trkpt>
      <trkpt lat="46.04482501745224" lon="11.240174984559417">
        <ele>460.33531099999999</ele>
        <time>2026-09-17T11:07:22Z</time>
      </trkpt>
      <trkpt lat="46.044365018606186" lon="11.240024026483297">
        <ele>459.48735199999999</ele>
        <time>2026-09-17T11:07:28Z</time>
      </trkpt>
      <trkpt lat="46.044183969497681" lon="11.240047998726368">
        <ele>459.28139800000002</ele>
        <time>2026-09-17T11:07:30Z</time>
      </trkpt>
      <trkpt lat="46.044029993936419" lon="11.240017991513014">
        <ele>459.10531700000001</ele>
        <time>2026-09-17T11:07:32Z</time>
      </trkpt>
      <trkpt lat="46.043774010613561" lon="11.240213038399816">
        <ele>458.77720199999999</ele>
        <time>2026-09-17T11:07:37Z</time>
      </trkpt>
      <trkpt lat="46.04342800565064" lon="11.240247990936041">
        <ele>458.38419199999998</ele>
        <time>2026-09-17T11:07:43Z</time>
      </trkpt>
      <trkpt lat="46.043036989867687" lon="11.240563988685608">
        <ele>457.87621000000001</ele>
        <time>2026-09-17T11:07:53Z</time>
      </trkpt>
      <trkpt lat="46.042856024578214" lon="11.240630960091949">
        <ele>457.59348299999999</ele>
        <time>2026-09-17T11:07:57Z</time>
      </trkpt>
      <trkpt lat="46.042639017105103" lon="11.240558037534356">
        <ele>457.24814099999998</ele>
        <time>2026-09-17T11:08:01Z</time>
      </trkpt>
      <trkpt lat="46.041759001091123" lon="11.240050010383129">
        <ele>455.77895100000001</ele>
        <time>2026-09-17T11:08:14Z</time>
      </trkpt>
      <trkpt lat="46.041177967563272" lon="11.239892011508346">
        <ele>454.777106</ele>
        <time>2026-09-17T11:08:22Z</time>
      </trkpt>
      <trkpt lat="46.040993984788656" lon="11.239921012893319">
        <ele>454.37193300000001</ele>
        <time>2026-09-17T11:08:24Z</time>
      </trkpt>
      <trkpt lat="46.040496015921235" lon="11.240201974287629">
        <ele>453.20119299999999</ele>
        <time>2026-09-17T11:08:31Z</time>
      </trkpt>
      <trkpt lat="46.040369030088186" lon="11.239672992378473">
        <ele>452.35067700000002</ele>
        <time>2026-09-17T11:08:36Z</time>
      </trkpt>
      <trkpt lat="46.040330976247787" lon="11.239611972123384">
        <ele>452.22613799999999</ele>
        <time>2026-09-17T11:08:37Z</time>
      </trkpt>
      <trkpt lat="46.040123021230102" lon="11.239519016817212">
        <ele>451.74940800000002</ele>
        <time>2026-09-17T11:08:40Z</time>
      </trkpt>
      <trkpt lat="46.039954964071512" lon="11.239442992955446">
        <ele>451.36395599999997</ele>
        <time>2026-09-17T11:08:43Z</time>
      </trkpt>
      <trkpt lat="46.03988497518003" lon="11.23942899517715">
        <ele>451.20925899999997</ele>
        <time>2026-09-17T11:08:44Z</time>
      </trkpt>
      <trkpt lat="46.039700992405415" lon="11.23955799266696">
        <ele>451.117636</ele>
        <time>2026-09-17T11:08:47Z</time>
      </trkpt>
      <trkpt lat="46.039423970505595" lon="11.239713979884982">
        <ele>451.09095000000002</ele>
        <time>2026-09-17T11:08:52Z</time>
      </trkpt>
      <trkpt lat="46.039318023249507" lon="11.239523962140083">
        <ele>451.07576799999998</ele>
        <time>2026-09-17T11:08:55Z</time>
      </trkpt>
      <trkpt lat="46.039305031299591" lon="11.239480962976813">
        <ele>451.07284700000002</ele>
        <time>2026-09-17T11:08:55Z</time>
      </trkpt>
      <trkpt lat="46.03921802714467" lon="11.23906304128468">
        <ele>451.04566699999998</ele>
        <time>2026-09-17T11:09:01Z</time>
      </trkpt>
      <trkpt lat="46.039061034098268" lon="11.23852601274848">
        <ele>451.00937399999998</ele>
        <time>2026-09-17T11:09:08Z</time>
      </trkpt>
      <trkpt lat="46.03904603049159" lon="11.238375976681709">
        <ele>450.99993499999999</ele>
        <time>2026-09-17T11:09:10Z</time>
      </trkpt>
      <trkpt lat="46.039096992462873" lon="11.238252008333802">
        <ele>450.99095799999998</ele>
        <time>2026-09-17T11:09:12Z</time>
      </trkpt>
      <trkpt lat="46.039183996617794" lon="11.238136002793908">
        <ele>450.980322</ele>
        <time>2026-09-17T11:09:14Z</time>
      </trkpt>
      <trkpt lat="46.039437968283892" lon="11.237959982827306">
        <ele>451.02531599999998</ele>
        <time>2026-09-17T11:09:19Z</time>
      </trkpt>
      <trkpt lat="46.039503011852503" lon="11.237821010872722">
        <ele>451.05948000000001</ele>
        <time>2026-09-17T11:09:21Z</time>
      </trkpt>
      <trkpt lat="46.039595967158675" lon="11.237576007843018">
        <ele>451.116401</ele>
        <time>2026-09-17T11:09:24Z</time>
      </trkpt>
      <trkpt lat="46.03966997936368" lon="11.237199995666742">
        <ele>451.19606800000003</ele>
        <time>2026-09-17T11:09:29Z</time>
      </trkpt>
      <trkpt lat="46.039725970476866" lon="11.236561965197325">
        <ele>451.327156</ele>
        <time>2026-09-17T11:09:37Z</time>
      </trkpt>
      <trkpt lat="46.03990601375699" lon="11.235896022990346">
        <ele>451.47284400000001</ele>
        <time>2026-09-17T11:09:47Z</time>
      </trkpt>
      <trkpt lat="46.040019001811743" lon="11.235500983893871">
        <ele>451.55776200000003</ele>
        <time>2026-09-17T11:09:53Z</time>
      </trkpt>
      <trkpt lat="46.039923029020429" lon="11.235429989174008">
        <ele>451.58830999999998</ele>
        <time>2026-09-17T11:09:55Z</time>
      </trkpt>
      <trkpt lat="46.039632009342313" lon="11.235032016411424">
        <ele>451.70189900000003</ele>
        <time>2026-09-17T11:10:04Z</time>
      </trkpt>
      <trkpt lat="46.039606025442481" lon="11.234989017248154">
        <ele>451.71310499999998</ele>
        <time>2026-09-17T11:10:04Z</time>
      </trkpt>
      <trkpt lat="46.039442997425795" lon="11.234730016440153">
        <ele>451.78180300000002</ele>
        <time>2026-09-17T11:10:09Z</time>
      </trkpt>
      <trkpt lat="46.03973301127553" lon="11.234217965975404">
        <ele>451.91165599999999</ele>
        <time>2026-09-17T11:10:17Z</time>
      </trkpt>
      <trkpt lat="46.039891010150313" lon="11.234029959887266">
        <ele>451.96966700000002</ele>
        <time>2026-09-17T11:10:20Z</time>
      </trkpt>
      <trkpt lat="46.039982959628105" lon="11.233794009312987">
        <ele>451.99104299999999</ele>
        <time>2026-09-17T11:10:23Z</time>
      </trkpt>
      <trkpt lat="46.040025958791375" lon="11.233698036521673">
        <ele>451.96257200000002</ele>
        <time>2026-09-17T11:10:25Z</time>
      </trkpt>
      <trkpt lat="46.039816997945309" lon="11.233679009601474">
        <ele>451.88739500000003</ele>
        <time>2026-09-17T11:10:28Z</time>
      </trkpt>
      <trkpt lat="46.039495971053839" lon="11.233598040416837">
        <ele>451.77040599999998</ele>
        <time>2026-09-17T11:10:33Z</time>
      </trkpt>
      <trkpt lat="46.039114007726312" lon="11.2333910074085">
        <ele>451.62389300000001</ele>
        <time>2026-09-17T11:10:39Z</time>
      </trkpt>
      <trkpt lat="46.038918038830161" lon="11.233200989663601">
        <ele>451.539085</ele>
        <time>2026-09-17T11:10:43Z</time>
      </trkpt>
      <trkpt lat="46.038730032742023" lon="11.232968978583813">
        <ele>451.45021800000001</ele>
        <time>2026-09-17T11:10:47Z</time>
      </trkpt>
      <trkpt lat="46.038477988913655" lon="11.232558013871312">
        <ele>451.39990299999999</ele>
        <time>2026-09-17T11:10:54Z</time>
      </trkpt>
      <trkpt lat="46.037991000339389" lon="11.231664000079036">
        <ele>451.609892</ele>
        <time>2026-09-17T11:11:08Z</time>
      </trkpt>
      <trkpt lat="46.037884969264269" lon="11.231467025354505">
        <ele>451.65595000000002</ele>
        <time>2026-09-17T11:11:12Z</time>
      </trkpt>
      <trkpt lat="46.037438968196511" lon="11.230761017650366">
        <ele>451.83234199999998</ele>
        <time>2026-09-17T11:11:24Z</time>
      </trkpt>
      <trkpt lat="46.037220032885671" lon="11.230536969378591">
        <ele>451.89305999999999</ele>
        <time>2026-09-17T11:11:29Z</time>
      </trkpt>
      <trkpt lat="46.036949967965484" lon="11.230311999097466">
        <ele>451.961636</ele>
        <time>2026-09-17T11:11:35Z</time>
      </trkpt>
      <trkpt lat="46.036349991336465" lon="11.229912014678121">
        <ele>452.106987</ele>
        <time>2026-09-17T11:11:49Z</time>
      </trkpt>
      <trkpt lat="46.036075986921787" lon="11.229792991653085">
        <ele>452.16990299999998</ele>
        <time>2026-09-17T11:11:53Z</time>
      </trkpt>
      <trkpt lat="46.035993006080389" lon="11.229686960577965">
        <ele>452.19429000000002</ele>
        <time>2026-09-17T11:11:55Z</time>
      </trkpt>
      <trkpt lat="46.035961993038654" lon="11.229456961154938">
        <ele>452.23004800000001</ele>
        <time>2026-09-17T11:11:57Z</time>
      </trkpt>
      <trkpt lat="46.035863002762198" lon="11.229425026103854">
        <ele>452.42516499999999</ele>
        <time>2026-09-17T11:11:59Z</time>
      </trkpt>
      <trkpt lat="46.03569402359426" lon="11.229450004175305">
        <ele>452.89282900000001</ele>
        <time>2026-09-17T11:12:01Z</time>
      </trkpt>
      <trkpt lat="46.035468969494104" lon="11.229571038857102">
        <ele>453.55395700000003</ele>
        <time>2026-09-17T11:12:06Z</time>
      </trkpt>
      <trkpt lat="46.035388000309467" lon="11.22958998195827">
        <ele>453.77986800000002</ele>
        <time>2026-09-17T11:12:08Z</time>
      </trkpt>
      <trkpt lat="46.035080971196294" lon="11.229513036087155">
        <ele>454.63768199999998</ele>
        <time>2026-09-17T11:12:16Z</time>
      </trkpt>
      <trkpt lat="46.034332970157266" lon="11.229211958125234">
        <ele>456.77558800000003</ele>
        <time>2026-09-17T11:12:44Z</time>
      </trkpt>
      <trkpt lat="46.034086039289832" lon="11.229146998375654">
        <ele>457.48146700000001</ele>
        <time>2026-09-17T11:12:56Z</time>
      </trkpt>
      <trkpt lat="46.03387095965445" lon="11.229128977283835">
        <ele>458.10562099999999</ele>
        <time>2026-09-17T11:13:06Z</time>
      </trkpt>
      <trkpt lat="46.0335230268538" lon="11.229182034730911">
        <ele>459.1198</ele>
        <time>2026-09-17T11:13:19Z</time>
      </trkpt>
      <trkpt lat="46.033491007983685" lon="11.229192009195685">
        <ele>459.214698</ele>
        <time>2026-09-17T11:13:20Z</time>
      </trkpt>
      <trkpt lat="46.033140979707241" lon="11.229315977543592">
        <ele>460.25928299999998</ele>
        <time>2026-09-17T11:13:32Z</time>
      </trkpt>
      <trkpt lat="46.033013993874192" lon="11.22933198697865">
        <ele>460.62875300000002</ele>
        <time>2026-09-17T11:13:35Z</time>
      </trkpt>
      <trkpt lat="46.032703025266528" lon="11.229627029970288">
        <ele>461.70796000000001</ele>
        <time>2026-09-17T11:13:43Z</time>
      </trkpt>
      <trkpt lat="46.032327013090253" lon="11.229887036606669">
        <ele>462.53807799999998</ele>
        <time>2026-09-17T11:13:49Z</time>
      </trkpt>
      <trkpt lat="46.032202038913965" lon="11.229935986921191">
        <ele>462.63768800000003</ele>
        <time>2026-09-17T11:13:51Z</time>
      </trkpt>
      <trkpt lat="46.030680974945426" lon="11.230258019641042">
        <ele>463.71785799999998</ele>
        <time>2026-09-17T11:14:25Z</time>
      </trkpt>
      <trkpt lat="46.030476037412882" lon="11.230261037126184">
        <ele>463.42208199999999</ele>
        <time>2026-09-17T11:14:30Z</time>
      </trkpt>
      <trkpt lat="46.030059959739447" lon="11.230161041021347">
        <ele>462.813603</ele>
        <time>2026-09-17T11:14:38Z</time>
      </trkpt>
      <trkpt lat="46.030051996931434" lon="11.230159029364586">
        <ele>462.80188900000002</ele>
        <time>2026-09-17T11:14:38Z</time>
      </trkpt>
      <trkpt lat="46.030016960576177" lon="11.230150982737541">
        <ele>462.75076100000001</ele>
        <time>2026-09-17T11:14:38Z</time>
      </trkpt>
      <trkpt lat="46.029949989169836" lon="11.230134973302484">
        <ele>462.65277800000001</ele>
        <time>2026-09-17T11:14:39Z</time>
      </trkpt>
      <trkpt lat="46.02950700558722" lon="11.230081999674439">
        <ele>462.01144499999998</ele>
        <time>2026-09-17T11:14:45Z</time>
      </trkpt>
      <trkpt lat="46.0294009745121" lon="11.23006297275424">
        <ele>461.85733599999998</ele>
        <time>2026-09-17T11:14:47Z</time>
      </trkpt>
      <trkpt lat="46.029366021975875" lon="11.230058027431369">
        <ele>461.80659200000002</ele>
        <time>2026-09-17T11:14:47Z</time>
      </trkpt>
      <trkpt lat="46.028708964586258" lon="11.229945039376616">
        <ele>460.373963</ele>
        <time>2026-09-17T11:14:55Z</time>
      </trkpt>
      <trkpt lat="46.028609974309802" lon="11.229926012456417">
        <ele>460.02571699999999</ele>
        <time>2026-09-17T11:14:56Z</time>
      </trkpt>
      <trkpt lat="46.028233040124178" lon="11.229841019958258">
        <ele>458.695177</ele>
        <time>2026-09-17T11:15:01Z</time>
      </trkpt>
      <trkpt lat="46.027844035997987" lon="11.229721996933222">
        <ele>457.30854599999998</ele>
        <time>2026-09-17T11:15:06Z</time>
      </trkpt>
      <trkpt lat="46.027649994939566" lon="11.22965301387012">
        <ele>456.611783</ele>
        <time>2026-09-17T11:15:09Z</time>
      </trkpt>
      <trkpt lat="46.027498031035066" lon="11.229602973908186">
        <ele>456.06813899999997</ele>
        <time>2026-09-17T11:15:11Z</time>
      </trkpt>
      <trkpt lat="46.027372973039746" lon="11.229554023593664">
        <ele>455.61643099999998</ele>
        <time>2026-09-17T11:15:12Z</time>
      </trkpt>
      <trkpt lat="46.02720801718533" lon="11.229612026363611">
        <ele>455.02421900000002</ele>
        <time>2026-09-17T11:15:14Z</time>
      </trkpt>
      <trkpt lat="46.027038032189012" lon="11.229882007464767">
        <ele>454.29185100000001</ele>
        <time>2026-09-17T11:15:18Z</time>
      </trkpt>
      <trkpt lat="46.026936024427414" lon="11.230065990239382">
        <ele>453.83204000000001</ele>
        <time>2026-09-17T11:15:20Z</time>
      </trkpt>
      <trkpt lat="46.026755981147289" lon="11.230284003540874">
        <ele>453.17055099999999</ele>
        <time>2026-09-17T11:15:23Z</time>
      </trkpt>
      <trkpt lat="46.0266949608922" lon="11.230517020449042">
        <ele>452.68425300000001</ele>
        <time>2026-09-17T11:15:25Z</time>
      </trkpt>
      <trkpt lat="46.026630001142621" lon="11.230624979361892">
        <ele>452.40513099999998</ele>
        <time>2026-09-17T11:15:26Z</time>
      </trkpt>
      <trkpt lat="46.026528999209404" lon="11.230711983516812">
        <ele>452.07411999999999</ele>
        <time>2026-09-17T11:15:28Z</time>
      </trkpt>
      <trkpt lat="46.026478037238121" lon="11.23075095936656">
        <ele>451.91170799999998</ele>
        <time>2026-09-17T11:15:29Z</time>
      </trkpt>
      <trkpt lat="46.026110993698239" lon="11.230911975726485">
        <ele>450.83263499999998</ele>
        <time>2026-09-17T11:15:33Z</time>
      </trkpt>
      <trkpt lat="46.025963975116611" lon="11.230926979333162">
        <ele>450.418136</ele>
        <time>2026-09-17T11:15:35Z</time>
      </trkpt>
      <trkpt lat="46.025572959333658" lon="11.230909964069724">
        <ele>449.78411</ele>
        <time>2026-09-17T11:15:40Z</time>
      </trkpt>
      <trkpt lat="46.025075996294618" lon="11.230507967993617">
        <ele>449.56264099999999</ele>
        <time>2026-09-17T11:15:49Z</time>
      </trkpt>
      <trkpt lat="46.024896958842874" lon="11.230462035164237">
        <ele>449.49199499999997</ele>
        <time>2026-09-17T11:15:52Z</time>
      </trkpt>
      <trkpt lat="46.024344004690647" lon="11.230405960232019">
        <ele>449.27660800000001</ele>
        <time>2026-09-17T11:16:03Z</time>
      </trkpt>
      <trkpt lat="46.023980984464288" lon="11.230396991595626">
        <ele>449.22662600000001</ele>
        <time>2026-09-17T11:16:11Z</time>
      </trkpt>
      <trkpt lat="46.022808020934463" lon="11.230414006859064">
        <ele>450.46807899999999</ele>
        <time>2026-09-17T11:16:38Z</time>
      </trkpt>
      <trkpt lat="46.02254499681294" lon="11.230534035712481">
        <ele>450.76004799999998</ele>
        <time>2026-09-17T11:16:44Z</time>
      </trkpt>
      <trkpt lat="46.021935967728496" lon="11.230569994077086">
        <ele>451.27630599999998</ele>
        <time>2026-09-17T11:16:56Z</time>
      </trkpt>
      <trkpt lat="46.02059000171721" lon="11.230957992374897">
        <ele>452.181287</ele>
        <time>2026-09-17T11:17:24Z</time>
      </trkpt>
      <trkpt lat="46.020421022549272" lon="11.231052959337831">
        <ele>452.24467199999998</ele>
        <time>2026-09-17T11:17:27Z</time>
      </trkpt>
      <trkpt lat="46.020131008699536" lon="11.231285976245999">
        <ele>452.22497399999997</ele>
        <time>2026-09-17T11:17:34Z</time>
      </trkpt>
      <trkpt lat="46.019575959071517" lon="11.231917971745133">
        <ele>452.18300599999998</ele>
        <time>2026-09-17T11:17:46Z</time>
      </trkpt>
      <trkpt lat="46.019228026270866" lon="11.232259031385183">
        <ele>452.15803899999997</ele>
        <time>2026-09-17T11:17:53Z</time>
      </trkpt>
      <trkpt lat="46.018914962187409" lon="11.232473021373153">
        <ele>452.11630700000001</ele>
        <time>2026-09-17T11:17:58Z</time>
      </trkpt>
      <trkpt lat="46.018084986135364" lon="11.232817014679313">
        <ele>451.853927</ele>
        <time>2026-09-17T11:18:12Z</time>
      </trkpt>
      <trkpt lat="46.017767982557416" lon="11.233036033809185">
        <ele>451.747117</ele>
        <time>2026-09-17T11:18:19Z</time>
      </trkpt>
      <trkpt lat="46.016892995685339" lon="11.233987966552377">
        <ele>451.12339600000001</ele>
        <time>2026-09-17T11:18:36Z</time>
      </trkpt>
      <trkpt lat="46.01655101403594" lon="11.234308993443847">
        <ele>450.80166500000001</ele>
        <time>2026-09-17T11:18:42Z</time>
      </trkpt>
      <trkpt lat="46.016104007139802" lon="11.234600013121963">
        <ele>450.415054</ele>
        <time>2026-09-17T11:18:48Z</time>
      </trkpt>
      <trkpt lat="46.01543202996254" lon="11.234860019758344">
        <ele>451.08584500000001</ele>
        <time>2026-09-17T11:19:01Z</time>
      </trkpt>
      <trkpt lat="46.014671958982944" lon="11.234972001984715">
        <ele>452.83621099999999</ele>
        <time>2026-09-17T11:19:42Z</time>
      </trkpt>
      <trkpt lat="46.014371970668435" lon="11.235050037503242">
        <ele>453.53467000000001</ele>
        <time>2026-09-17T11:19:59Z</time>
      </trkpt>
      <trkpt lat="46.014140965417027" lon="11.23515497893095">
        <ele>454.08966900000001</ele>
        <time>2026-09-17T11:20:12Z</time>
      </trkpt>
      <trkpt lat="46.013669986277819" lon="11.235471982508898">
        <ele>454.13288699999998</ele>
        <time>2026-09-17T11:20:34Z</time>
      </trkpt>
      <trkpt lat="46.013168999925256" lon="11.235872972756624">
        <ele>453.90967599999999</ele>
        <time>2026-09-17T11:20:43Z</time>
      </trkpt>
      <trkpt lat="46.012745965272188" lon="11.236084029078484">
        <ele>453.73534999999998</ele>
        <time>2026-09-17T11:20:49Z</time>
      </trkpt>
      <trkpt lat="46.012010034173727" lon="11.236296007409692">
        <ele>453.542213</ele>
        <time>2026-09-17T11:20:59Z</time>
      </trkpt>
      <trkpt lat="46.011269995942712" lon="11.23667998239398">
        <ele>453.430362</ele>
        <time>2026-09-17T11:21:11Z</time>
      </trkpt>
      <trkpt lat="46.011018035933375" lon="11.236766986548901">
        <ele>453.39351299999998</ele>
        <time>2026-09-17T11:21:15Z</time>
      </trkpt>
      <trkpt lat="46.010123016312718" lon="11.236909981817007">
        <ele>455.55829799999998</ele>
        <time>2026-09-17T11:21:43Z</time>
      </trkpt>
      <trkpt lat="46.01003902964294" lon="11.236925991252065">
        <ele>455.90035</ele>
        <time>2026-09-17T11:21:47Z</time>
      </trkpt>
      <trkpt lat="46.00948297418654" lon="11.237062029540539">
        <ele>458.17701399999999</ele>
        <time>2026-09-17T11:22:10Z</time>
      </trkpt>
      <trkpt lat="46.009022975340486" lon="11.237360006198287">
        <ele>460.21329100000003</ele>
        <time>2026-09-17T11:22:32Z</time>
      </trkpt>
      <trkpt lat="46.008856007829309" lon="11.237546000629663">
        <ele>460.463415</ele>
        <time>2026-09-17T11:22:39Z</time>
      </trkpt>
      <trkpt lat="46.008569011464715" lon="11.237955959513783">
        <ele>459.96457199999998</ele>
        <time>2026-09-17T11:22:50Z</time>
      </trkpt>
      <trkpt lat="46.0082589648664" lon="11.238497011363506">
        <ele>459.36353800000001</ele>
        <time>2026-09-17T11:22:57Z</time>
      </trkpt>
      <trkpt lat="46.008002981543541" lon="11.238853996619582">
        <ele>458.92380200000002</ele>
        <time>2026-09-17T11:23:01Z</time>
      </trkpt>
      <trkpt lat="46.007802989333868" lon="11.2392139993608">
        <ele>458.52874100000002</ele>
        <time>2026-09-17T11:23:05Z</time>
      </trkpt>
      <trkpt lat="46.007672986015677" lon="11.239545000717044">
        <ele>457.896368</ele>
        <time>2026-09-17T11:23:08Z</time>
      </trkpt>
      <trkpt lat="46.007584976032376" lon="11.239871978759766">
        <ele>457.090486</ele>
        <time>2026-09-17T11:23:11Z</time>
      </trkpt>
      <trkpt lat="46.007479028776288" lon="11.240710001438856">
        <ele>455.13307800000001</ele>
        <time>2026-09-17T11:23:18Z</time>
      </trkpt>
      <trkpt lat="46.007353970780969" lon="11.242225030437112">
        <ele>452.63974300000001</ele>
        <time>2026-09-17T11:23:32Z</time>
      </trkpt>
      <trkpt lat="46.007302002981305" lon="11.242237016558647">
        <ele>452.68411200000003</ele>
        <time>2026-09-17T11:23:33Z</time>
      </trkpt>
      <trkpt lat="46.007256992161274" lon="11.242228969931602">
        <ele>452.72231299999999</ele>
        <time>2026-09-17T11:23:34Z</time>
      </trkpt>
      <trkpt lat="46.007197983562946" lon="11.242187982425094">
        <ele>452.77750800000001</ele>
        <time>2026-09-17T11:23:36Z</time>
      </trkpt>
      <trkpt lat="46.0072279907763" lon="11.241756984964013">
        <ele>453.03098199999999</ele>
        <time>2026-09-17T11:23:42Z</time>
      </trkpt>
      <trkpt lat="46.007214998826385" lon="11.241723038256168">
        <ele>453.05369400000001</ele>
        <time>2026-09-17T11:23:43Z</time>
      </trkpt>
      <trkpt lat="46.006765980273485" lon="11.241667969152331">
        <ele>453.43334499999997</ele>
        <time>2026-09-17T11:23:54Z</time>
      </trkpt>
      <trkpt lat="46.006701020523906" lon="11.241761008277535">
        <ele>453.51055100000002</ele>
        <time>2026-09-17T11:23:56Z</time>
      </trkpt>
      <trkpt lat="46.006628014147282" lon="11.241996036842465">
        <ele>453.66119500000002</ele>
        <time>2026-09-17T11:24:01Z</time>
      </trkpt>
      <trkpt lat="46.006569005548954" lon="11.242110030725598">
        <ele>453.74438900000001</ele>
        <time>2026-09-17T11:24:03Z</time>
      </trkpt>
      <trkpt lat="46.006531035527587" lon="11.242254031822085">
        <ele>453.83453200000002</ele>
        <time>2026-09-17T11:24:05Z</time>
      </trkpt>
      <trkpt lat="46.006487030535936" lon="11.242741020396352">
        <ele>454.41275000000002</ele>
        <time>2026-09-17T11:24:14Z</time>
      </trkpt>
      <trkpt lat="46.00641100667417" lon="11.24353202059865">
        <ele>455.668632</ele>
        <time>2026-09-17T11:24:28Z</time>
      </trkpt>
      <trkpt lat="46.00636700168252" lon="11.243568984791636">
        <ele>455.78401000000002</ele>
        <time>2026-09-17T11:24:30Z</time>
      </trkpt>
      <trkpt lat="46.006289971992373" lon="11.243607038632035">
        <ele>455.968321</ele>
        <time>2026-09-17T11:24:32Z</time>
      </trkpt>
      <trkpt lat="46.006183018907905" lon="11.243706028908491">
        <ele>456.25631900000002</ele>
        <time>2026-09-17T11:24:35Z</time>
      </trkpt>
      <trkpt lat="46.006091991439462" lon="11.243748022243381">
        <ele>456.47270099999997</ele>
        <time>2026-09-17T11:24:38Z</time>
      </trkpt>
      <trkpt lat="46.006067013368011" lon="11.243681972846389">
        <ele>456.590934</ele>
        <time>2026-09-17T11:24:40Z</time>
      </trkpt>
      <trkpt lat="46.006025020033121" lon="11.24366101808846">
        <ele>456.69160699999998</ele>
        <time>2026-09-17T11:24:41Z</time>
      </trkpt>
      <trkpt lat="46.006025020033121" lon="11.243559010326862">
        <ele>456.85202700000002</ele>
        <time>2026-09-17T11:24:43Z</time>
      </trkpt>
      <trkpt lat="46.005974980071187" lon="11.243462031707168">
        <ele>457.04200500000002</ele>
        <time>2026-09-17T11:24:45Z</time>
      </trkpt>
      <trkpt lat="46.005790997296572" lon="11.243202025070786">
        <ele>457.62578200000002</ele>
        <time>2026-09-17T11:24:53Z</time>
      </trkpt>
      <trkpt lat="46.005143998190761" lon="11.242289990186691">
        <ele>459.68365699999998</ele>
        <time>2026-09-17T11:25:20Z</time>
      </trkpt>
      <trkpt lat="46.005084989592433" lon="11.242195023223758">
        <ele>459.88500699999997</ele>
        <time>2026-09-17T11:25:23Z</time>
      </trkpt>
      <trkpt lat="46.005127988755703" lon="11.242112964391708">
        <ele>460.04734400000001</ele>
        <time>2026-09-17T11:25:25Z</time>
      </trkpt>
      <trkpt lat="46.005118014290929" lon="11.241998970508575">
        <ele>460.22889400000003</ele>
        <time>2026-09-17T11:25:27Z</time>
      </trkpt>
      <trkpt lat="46.00507702678442" lon="11.241945996880531">
        <ele>460.35423600000001</ele>
        <time>2026-09-17T11:25:28Z</time>
      </trkpt>
      <trkpt lat="46.005049031227827" lon="11.241933004930615">
        <ele>460.42115699999999</ele>
        <time>2026-09-17T11:25:29Z</time>
      </trkpt>
      <trkpt lat="46.004978036507964" lon="11.241955971345305">
        <ele>460.58670000000001</ele>
        <time>2026-09-17T11:25:31Z</time>
      </trkpt>
      <trkpt lat="46.004935037344694" lon="11.242076000198722">
        <ele>460.80004400000001</ele>
        <time>2026-09-17T11:25:34Z</time>
      </trkpt>
      <trkpt lat="46.004707971587777" lon="11.242078011855483">
        <ele>461.31641300000001</ele>
        <time>2026-09-17T11:25:40Z</time>
      </trkpt>
      <trkpt lat="46.004637982696295" lon="11.242066025733948">
        <ele>461.476767</ele>
        <time>2026-09-17T11:25:42Z</time>
      </trkpt>
      <trkpt lat="46.004534969106317" lon="11.242025038227439">
        <ele>461.719853</ele>
        <time>2026-09-17T11:25:44Z</time>
      </trkpt>
      <trkpt lat="46.004226012155414" lon="11.241805013269186">
        <ele>462.07009099999999</ele>
        <time>2026-09-17T11:25:52Z</time>
      </trkpt>
      <trkpt lat="46.004125010222197" lon="11.241693031042814">
        <ele>462.03772099999998</ele>
        <time>2026-09-17T11:25:55Z</time>
      </trkpt>
      <trkpt lat="46.003996012732387" lon="11.241758996620774">
        <ele>462.00296100000003</ele>
        <time>2026-09-17T11:25:58Z</time>
      </trkpt>
      <trkpt lat="46.003943039104342" lon="11.241824040189385">
        <ele>461.98528399999998</ele>
        <time>2026-09-17T11:25:59Z</time>
      </trkpt>
      <trkpt lat="46.003757966682315" lon="11.242103995755315">
        <ele>461.91712999999999</ele>
        <time>2026-09-17T11:26:06Z</time>
      </trkpt>
      <trkpt lat="46.003728965297341" lon="11.242146994918585">
        <ele>461.90656000000001</ele>
        <time>2026-09-17T11:26:07Z</time>
      </trkpt>
      <trkpt lat="46.003555040806532" lon="11.242399038746953">
        <ele>461.84389399999998</ele>
        <time>2026-09-17T11:26:11Z</time>
      </trkpt>
      <trkpt lat="46.003206018358469" lon="11.242992980405688">
        <ele>461.706683</ele>
        <time>2026-09-17T11:26:19Z</time>
      </trkpt>
      <trkpt lat="46.003065034747124" lon="11.243198001757264">
        <ele>461.64566100000002</ele>
        <time>2026-09-17T11:26:22Z</time>
      </trkpt>
      <trkpt lat="46.002903012558818" lon="11.243367986753583">
        <ele>461.15654000000001</ele>
        <time>2026-09-17T11:26:24Z</time>
      </trkpt>
      <trkpt lat="46.00275800563395" lon="11.243543000891805">
        <ele>460.694883</ele>
        <time>2026-09-17T11:26:27Z</time>
      </trkpt>
      <trkpt lat="46.002665972337127" lon="11.243598992004991">
        <ele>460.45117499999998</ele>
        <time>2026-09-17T11:26:28Z</time>
      </trkpt>
      <trkpt lat="46.002481989562511" lon="11.243849024176598">
        <ele>459.83386899999999</ele>
        <time>2026-09-17T11:26:31Z</time>
      </trkpt>
      <trkpt lat="46.002058032900095" lon="11.244394015520811">
        <ele>458.44701199999997</ele>
        <time>2026-09-17T11:26:39Z</time>
      </trkpt>
      <trkpt lat="46.001379014924169" lon="11.245223991572857">
        <ele>456.96703200000002</ele>
        <time>2026-09-17T11:26:50Z</time>
      </trkpt>
      <trkpt lat="46.000740984454751" lon="11.245990013703704">
        <ele>456.35276699999997</ele>
        <time>2026-09-17T11:27:03Z</time>
      </trkpt>
      <trkpt lat="46.000625984743237" lon="11.246096966788173">
        <ele>456.25152200000002</ele>
        <time>2026-09-17T11:27:06Z</time>
      </trkpt>
      <trkpt lat="46.000569993630052" lon="11.246243985369802">
        <ele>456.16541100000001</ele>
        <time>2026-09-17T11:27:09Z</time>
      </trkpt>
      <trkpt lat="46.000562030822039" lon="11.246247002854943">
        <ele>456.15929799999998</ele>
        <time>2026-09-17T11:27:09Z</time>
      </trkpt>
      <trkpt lat="46.000455999746919" lon="11.246251026168466">
        <ele>456.080895</ele>
        <time>2026-09-17T11:27:11Z</time>
      </trkpt>
      <trkpt lat="46.000301018357277" lon="11.246376000344753">
        <ele>455.94953099999998</ele>
        <time>2026-09-17T11:27:15Z</time>
      </trkpt>
      <trkpt lat="46.000003963708878" lon="11.246588984504342">
        <ele>456.04134900000003</ele>
        <time>2026-09-17T11:27:21Z</time>
      </trkpt>
      <trkpt lat="45.999732976779342" lon="11.246834993362427">
        <ele>456.14517499999999</ele>
        <time>2026-09-17T11:27:27Z</time>
      </trkpt>
      <trkpt lat="45.999696012586355" lon="11.2468830216676">
        <ele>456.161316</ele>
        <time>2026-09-17T11:27:28Z</time>
      </trkpt>
      <trkpt lat="45.999018000438809" lon="11.247691037133336">
        <ele>456.44656099999997</ele>
        <time>2026-09-17T11:27:46Z</time>
      </trkpt>
      <trkpt lat="45.998758999630809" lon="11.248140977695584">
        <ele>456.60373900000002</ele>
        <time>2026-09-17T11:27:52Z</time>
      </trkpt>
      <trkpt lat="45.998618016019464" lon="11.248459992930293">
        <ele>456.72737000000001</ele>
        <time>2026-09-17T11:27:56Z</time>
      </trkpt>
      <trkpt lat="45.998101020231843" lon="11.249822974205017">
        <ele>457.23515400000002</ele>
        <time>2026-09-17T11:28:18Z</time>
      </trkpt>
      <trkpt lat="45.997087983414531" lon="11.25244902446866">
        <ele>459.34149000000002</ele>
        <time>2026-09-17T11:29:04Z</time>
      </trkpt>
      <trkpt lat="45.996326990425587" lon="11.25442698597908">
        <ele>460.85758099999998</ele>
        <time>2026-09-17T11:29:38Z</time>
      </trkpt>
      <trkpt lat="45.996205033734441" lon="11.254746001213789">
        <ele>461.13357500000001</ele>
        <time>2026-09-17T11:29:43Z</time>
      </trkpt>
      <trkpt lat="45.995824998244643" lon="11.255705980584025">
        <ele>462.67183599999998</ele>
        <time>2026-09-17T11:30:00Z</time>
      </trkpt>
      <trkpt lat="45.995727013796568" lon="11.255755014717579">
        <ele>462.87974200000002</ele>
        <time>2026-09-17T11:30:03Z</time>
      </trkpt>
      <trkpt lat="45.995702035725117" lon="11.255786027759314">
        <ele>462.94586900000002</ele>
        <time>2026-09-17T11:30:05Z</time>
      </trkpt>
      <trkpt lat="45.99566800519824" lon="11.255829026922584">
        <ele>463.03656899999999</ele>
        <time>2026-09-17T11:30:09Z</time>
      </trkpt>
      <trkpt lat="45.995645960792899" lon="11.25590899027884">
        <ele>463.15635600000002</ele>
        <time>2026-09-17T11:30:10Z</time>
      </trkpt>
      <trkpt lat="45.995649984106421" lon="11.256034970283508">
        <ele>463.33195999999998</ele>
        <time>2026-09-17T11:30:13Z</time>
      </trkpt>
      <trkpt lat="45.995529033243656" lon="11.256232028827071">
        <ele>463.69805300000002</ele>
        <time>2026-09-17T11:30:18Z</time>
      </trkpt>
      <trkpt lat="45.995330968871713" lon="11.256426991894841">
        <ele>464.17883699999999</ele>
        <time>2026-09-17T11:30:25Z</time>
      </trkpt>
      <trkpt lat="45.995196020230651" lon="11.2565310113132">
        <ele>464.48569099999997</ele>
        <time>2026-09-17T11:30:30Z</time>
      </trkpt>
      <trkpt lat="45.994857978075743" lon="11.256791017949581">
        <ele>465.53499399999998</ele>
        <time>2026-09-17T11:30:41Z</time>
      </trkpt>
      <trkpt lat="45.994596965610981" lon="11.25698396936059">
        <ele>466.40969799999999</ele>
        <time>2026-09-17T11:30:51Z</time>
      </trkpt>
      <trkpt lat="45.994560001417994" lon="11.257107015699148">
        <ele>466.68728299999998</ele>
        <time>2026-09-17T11:30:54Z</time>
      </trkpt>
      <trkpt lat="45.994523037225008" lon="11.257165018469095">
        <ele>466.85035800000003</ele>
        <time>2026-09-17T11:30:58Z</time>
      </trkpt>
      <trkpt lat="45.994556983932853" lon="11.257223021239042">
        <ele>467.00752299999999</ele>
        <time>2026-09-17T11:31:02Z</time>
      </trkpt>
      <trkpt lat="45.994492024183273" lon="11.257330980151892">
        <ele>467.303448</ele>
        <time>2026-09-17T11:31:05Z</time>
      </trkpt>
      <trkpt lat="45.994407031685114" lon="11.257508005946875">
        <ele>467.74906399999998</ele>
        <time>2026-09-17T11:31:10Z</time>
      </trkpt>
      <trkpt lat="45.994287002831697" lon="11.257902039214969">
        <ele>468.64000199999998</ele>
        <time>2026-09-17T11:31:19Z</time>
      </trkpt>
      <trkpt lat="45.994276022538543" lon="11.257946966215968">
        <ele>468.73879699999998</ele>
        <time>2026-09-17T11:31:20Z</time>
      </trkpt>
      <trkpt lat="45.994262024760246" lon="11.258001029491425">
        <ele>468.85816399999999</ele>
        <time>2026-09-17T11:31:21Z</time>
      </trkpt>
      <trkpt lat="45.99420603364706" lon="11.258241003379226">
        <ele>469.38248700000003</ele>
        <time>2026-09-17T11:31:26Z</time>
      </trkpt>
      <trkpt lat="45.994151970371604" lon="11.258467985317111">
        <ele>469.87939899999998</ele>
        <time>2026-09-17T11:31:31Z</time>
      </trkpt>
      <trkpt lat="45.994094973430037" lon="11.258693961426616">
        <ele>470.38917600000002</ele>
        <time>2026-09-17T11:31:35Z</time>
      </trkpt>
      <trkpt lat="45.994073012843728" lon="11.258797980844975">
        <ele>470.62219199999998</ele>
        <time>2026-09-17T11:31:37Z</time>
      </trkpt>
      <trkpt lat="45.99394996650517" lon="11.259358981624246">
        <ele>471.88308799999999</ele>
        <time>2026-09-17T11:31:49Z</time>
      </trkpt>
      <trkpt lat="45.993925994262099" lon="11.259471969678998">
        <ele>472.13635599999998</ele>
        <time>2026-09-17T11:31:51Z</time>
      </trkpt>
      <trkpt lat="45.99386497400701" lon="11.259780004620552">
        <ele>472.82281999999998</ele>
        <time>2026-09-17T11:31:57Z</time>
      </trkpt>
      <trkpt lat="45.993843013420701" lon="11.259880000725389">
        <ele>473.04764899999998</ele>
        <time>2026-09-17T11:31:59Z</time>
      </trkpt>
      <trkpt lat="45.993733964860439" lon="11.260266993194818">
        <ele>473.94271600000002</ele>
        <time>2026-09-17T11:32:08Z</time>
      </trkpt>
      <trkpt lat="45.993685014545918" lon="11.260357014834881">
        <ele>474.18779999999998</ele>
        <time>2026-09-17T11:32:11Z</time>
      </trkpt>
      <trkpt lat="45.993612008169293" lon="11.260478971526027">
        <ele>474.53291300000001</ele>
        <time>2026-09-17T11:32:15Z</time>
      </trkpt>
      <trkpt lat="45.99319601431489" lon="11.260823970660567">
        <ele>476.15077500000001</ele>
        <time>2026-09-17T11:32:32Z</time>
      </trkpt>
      <trkpt lat="45.993103981018066" lon="11.26089496538043">
        <ele>476.576008</ele>
        <time>2026-09-17T11:32:36Z</time>
      </trkpt>
      <trkpt lat="45.992837017402053" lon="11.261100992560387">
        <ele>477.81003700000002</ele>
        <time>2026-09-17T11:32:49Z</time>
      </trkpt>
      <trkpt lat="45.992571981623769" lon="11.261315988376737">
        <ele>479.04919999999998</ele>
        <time>2026-09-17T11:33:02Z</time>
      </trkpt>
      <trkpt lat="45.992433009669185" lon="11.26143098808825">
        <ele>479.702293</ele>
        <time>2026-09-17T11:33:09Z</time>
      </trkpt>
      <trkpt lat="45.99238196387887" lon="11.2614940200001">
        <ele>479.97606300000001</ele>
        <time>2026-09-17T11:33:11Z</time>
      </trkpt>
      <trkpt lat="45.992351034656167" lon="11.261534001678228">
        <ele>480.14565499999998</ele>
        <time>2026-09-17T11:33:13Z</time>
      </trkpt>
      <trkpt lat="45.992081975564361" lon="11.261732988059521">
        <ele>481.37769400000002</ele>
        <time>2026-09-17T11:33:25Z</time>
      </trkpt>
      <trkpt lat="45.991890029981732" lon="11.261848993599415">
        <ele>482.22591899999998</ele>
        <time>2026-09-17T11:33:33Z</time>
      </trkpt>
      <trkpt lat="45.991791039705276" lon="11.261851005256176">
        <ele>482.62923799999999</ele>
        <time>2026-09-17T11:33:36Z</time>
      </trkpt>
      <trkpt lat="45.991588030010462" lon="11.261985031887889">
        <ele>483.98354</ele>
        <time>2026-09-17T11:33:45Z</time>
      </trkpt>
      <trkpt lat="45.991409998387098" lon="11.26147298142314">
        <ele>486.75727599999999</ele>
        <time>2026-09-17T11:33:58Z</time>
      </trkpt>
      <trkpt lat="45.991412010043859" lon="11.26132202334702">
        <ele>487.488967</ele>
        <time>2026-09-17T11:34:03Z</time>
      </trkpt>
      <trkpt lat="45.991466995328665" lon="11.261182967573404">
        <ele>488.26394399999998</ele>
        <time>2026-09-17T11:34:08Z</time>
      </trkpt>
      <trkpt lat="45.991528015583754" lon="11.261013988405466">
        <ele>489.18660899999998</ele>
        <time>2026-09-17T11:34:14Z</time>
      </trkpt>
      <trkpt lat="45.991573026403785" lon="11.260887002572417">
        <ele>489.87729000000002</ele>
        <time>2026-09-17T11:34:19Z</time>
      </trkpt>
      <trkpt lat="45.991606973111629" lon="11.260761022567749">
        <ele>490.53215299999999</ele>
        <time>2026-09-17T11:34:23Z</time>
      </trkpt>
      <trkpt lat="45.991575038060546" lon="11.260659014806151">
        <ele>491.07436200000001</ele>
        <time>2026-09-17T11:34:27Z</time>
      </trkpt>
      <trkpt lat="45.991511000320315" lon="11.260561030358076">
        <ele>491.72597000000002</ele>
        <time>2026-09-17T11:34:32Z</time>
      </trkpt>
      <trkpt lat="45.99122098647058" lon="11.260544015094638">
        <ele>493.74988100000002</ele>
        <time>2026-09-17T11:34:50Z</time>
      </trkpt>
      <trkpt lat="45.991216041147709" lon="11.26035500317812">
        <ele>494.66620799999998</ele>
        <time>2026-09-17T11:34:58Z</time>
      </trkpt>
      <trkpt lat="45.991326011717319" lon="11.260103965178132">
        <ele>496.54152199999999</ele>
        <time>2026-09-17T11:35:11Z</time>
      </trkpt>
      <trkpt lat="45.991384014487267" lon="11.259911013767123">
        <ele>498.24910199999999</ele>
        <time>2026-09-17T11:35:22Z</time>
      </trkpt>
      <trkpt lat="45.991445034742355" lon="11.25964698381722">
        <ele>500.508352</ele>
        <time>2026-09-17T11:35:36Z</time>
      </trkpt>
      <trkpt lat="45.991480993106961" lon="11.25932302325964">
        <ele>503.17281200000002</ele>
        <time>2026-09-17T11:35:53Z</time>
      </trkpt>
      <trkpt lat="45.991460960358381" lon="11.259200982749462">
        <ele>504.19071200000002</ele>
        <time>2026-09-17T11:35:59Z</time>
      </trkpt>
      <trkpt lat="45.991405975073576" lon="11.259172987192869">
        <ele>504.87258100000003</ele>
        <time>2026-09-17T11:36:03Z</time>
      </trkpt>
      <trkpt lat="45.991344032809138" lon="11.259250016883016">
        <ele>505.82971199999997</ele>
        <time>2026-09-17T11:36:09Z</time>
      </trkpt>
      <trkpt lat="45.991250993683934" lon="11.259566014632583">
        <ele>508.616513</ele>
        <time>2026-09-17T11:36:27Z</time>
      </trkpt>
      <trkpt lat="45.991101963445544" lon="11.259713033214211">
        <ele>510.72787199999999</ele>
        <time>2026-09-17T11:36:40Z</time>
      </trkpt>
      <trkpt lat="45.990912029519677" lon="11.259829038754106">
        <ele>513.14012500000001</ele>
        <time>2026-09-17T11:36:54Z</time>
      </trkpt>
      <trkpt lat="45.990348011255264" lon="11.260671000927687">
        <ele>521.29857200000004</ele>
        <time>2026-09-17T11:37:51Z</time>
      </trkpt>
      <trkpt lat="45.990332001820207" lon="11.260629007592797">
        <ele>521.60295199999996</ele>
        <time>2026-09-17T11:37:53Z</time>
      </trkpt>
      <trkpt lat="45.990431997925043" lon="11.260373024269938">
        <ele>523.46921699999996</ele>
        <time>2026-09-17T11:38:07Z</time>
      </trkpt>
      <trkpt lat="45.99055303260684" lon="11.259700041264296">
        <ele>527.88673100000005</ele>
        <time>2026-09-17T11:38:35Z</time>
      </trkpt>
      <trkpt lat="45.990675995126367" lon="11.259205006062984">
        <ele>531.22736999999995</ele>
        <time>2026-09-17T11:38:53Z</time>
      </trkpt>
      <trkpt lat="45.990712959319353" lon="11.258886996656656">
        <ele>533.11426200000005</ele>
        <time>2026-09-17T11:39:03Z</time>
      </trkpt>
      <trkpt lat="45.991081008687615" lon="11.258138995617628">
        <ele>536.21188900000004</ele>
        <time>2026-09-17T11:39:27Z</time>
      </trkpt>
      <trkpt lat="45.991182010620832" lon="11.257850993424654">
        <ele>537.30220199999997</ele>
        <time>2026-09-17T11:39:33Z</time>
      </trkpt>
      <trkpt lat="45.991240013390779" lon="11.25747699290514">
        <ele>538.59730100000002</ele>
        <time>2026-09-17T11:39:39Z</time>
      </trkpt>
      <trkpt lat="45.991264991462231" lon="11.256905011832714">
        <ele>540.53428699999995</ele>
        <time>2026-09-17T11:39:54Z</time>
      </trkpt>
      <trkpt lat="45.991354007273912" lon="11.256201015785336">
        <ele>544.15870099999995</ele>
        <time>2026-09-17T11:40:20Z</time>
      </trkpt>
      <trkpt lat="45.991326011717319" lon="11.256136978045106">
        <ele>544.656476</ele>
        <time>2026-09-17T11:40:23Z</time>
      </trkpt>
      <trkpt lat="45.991281000897288" lon="11.256165979430079">
        <ele>545.12354100000005</ele>
        <time>2026-09-17T11:40:26Z</time>
      </trkpt>
      <trkpt lat="45.991227021440864" lon="11.256264969706535">
        <ele>545.95192899999995</ele>
        <time>2026-09-17T11:40:31Z</time>
      </trkpt>
      <trkpt lat="45.990925021469593" lon="11.257123025134206">
        <ele>552.28226099999995</ele>
        <time>2026-09-17T11:41:13Z</time>
      </trkpt>
      <trkpt lat="45.990784037858248" lon="11.257399963214993">
        <ele>554.54230600000005</ele>
        <time>2026-09-17T11:41:30Z</time>
      </trkpt>
      <trkpt lat="45.990732992067933" lon="11.257600961253047">
        <ele>555.95066999999995</ele>
        <time>2026-09-17T11:41:40Z</time>
      </trkpt>
      <trkpt lat="45.990612041205168" lon="11.257775975391269">
        <ele>557.57562199999995</ele>
        <time>2026-09-17T11:41:52Z</time>
      </trkpt>
      <trkpt lat="45.990525959059596" lon="11.257772035896778">
        <ele>558.39072799999997</ele>
        <time>2026-09-17T11:41:58Z</time>
      </trkpt>
      <trkpt lat="45.9905119612813" lon="11.257659969851375">
        <ele>559.123696</ele>
        <time>2026-09-17T11:42:03Z</time>
      </trkpt>
      <trkpt lat="45.990597037598491" lon="11.257378002628684">
        <ele>561.06999800000006</ele>
        <time>2026-09-17T11:42:15Z</time>
      </trkpt>
      <trkpt lat="45.990612963214517" lon="11.257206005975604">
        <ele>562.16875200000004</ele>
        <time>2026-09-17T11:42:22Z</time>
      </trkpt>
      <trkpt lat="45.990603994578123" lon="11.256526987999678">
        <ele>566.46869400000003</ele>
        <time>2026-09-17T11:42:45Z</time>
      </trkpt>
      <trkpt lat="45.990686975419521" lon="11.256192969158292">
        <ele>568.71464900000001</ele>
        <time>2026-09-17T11:43:02Z</time>
      </trkpt>
      <trkpt lat="45.990652022883296" lon="11.255860039964318">
        <ele>570.84706000000006</ele>
        <time>2026-09-17T11:43:19Z</time>
      </trkpt>
      <trkpt lat="45.990577004849911" lon="11.255641020834446">
        <ele>572.39298099999996</ele>
        <time>2026-09-17T11:43:33Z</time>
      </trkpt>
      <trkpt lat="45.990406014025211" lon="11.255299039185047">
        <ele>575.06083899999999</ele>
        <time>2026-09-17T11:43:57Z</time>
      </trkpt>
      <trkpt lat="45.990363014861941" lon="11.255084965378046">
        <ele>576.556332</ele>
        <time>2026-09-17T11:44:09Z</time>
      </trkpt>
      <trkpt lat="45.990301994606853" lon="11.254484988749027">
        <ele>580.63540999999998</ele>
        <time>2026-09-17T11:44:44Z</time>
      </trkpt>
      <trkpt lat="45.990239968523383" lon="11.254138983786106">
        <ele>583.03905699999996</ele>
        <time>2026-09-17T11:45:05Z</time>
      </trkpt>
      <trkpt lat="45.990198981016874" lon="11.253160983324051">
        <ele>589.62987099999998</ele>
        <time>2026-09-17T11:45:56Z</time>
      </trkpt>
      <trkpt lat="45.990227982401848" lon="11.252834005281329">
        <ele>591.84739500000001</ele>
        <time>2026-09-17T11:46:13Z</time>
      </trkpt>
      <trkpt lat="45.990366032347083" lon="11.252292031422257">
        <ele>595.22277999999994</ele>
        <time>2026-09-17T11:46:42Z</time>
      </trkpt>
      <trkpt lat="45.990418000146747" lon="11.251997994259">
        <ele>596.94044399999996</ele>
        <time>2026-09-17T11:46:57Z</time>
      </trkpt>
      <trkpt lat="45.990453036502004" lon="11.251555010676384">
        <ele>599.464789</ele>
        <time>2026-09-17T11:47:19Z</time>
      </trkpt>
      <trkpt lat="45.990678006783128" lon="11.251050001010299">
        <ele>602.86139700000001</ele>
        <time>2026-09-17T11:47:49Z</time>
      </trkpt>
      <trkpt lat="45.99076802842319" lon="11.250624032691121">
        <ele>605.38235899999995</ele>
        <time>2026-09-17T11:48:12Z</time>
      </trkpt>
      <trkpt lat="45.990927033126354" lon="11.250091027468443">
        <ele>608.29589599999997</ele>
        <time>2026-09-17T11:48:39Z</time>
      </trkpt>
      <trkpt lat="45.991258034482598" lon="11.249667992815375">
        <ele>611.00300500000003</ele>
        <time>2026-09-17T11:49:03Z</time>
      </trkpt>
      <trkpt lat="45.991454003378749" lon="11.249557016417384">
        <ele>612.291155</ele>
        <time>2026-09-17T11:49:14Z</time>
      </trkpt>
      <trkpt lat="45.991818029433489" lon="11.249412009492517">
        <ele>614.60099600000001</ele>
        <time>2026-09-17T11:49:35Z</time>
      </trkpt>
      <trkpt lat="45.992314992472529" lon="11.249282006174326">
        <ele>617.690338</ele>
        <time>2026-09-17T11:50:05Z</time>
      </trkpt>
      <trkpt lat="45.992352962493896" lon="11.249204976484179">
        <ele>618.09164999999996</ele>
        <time>2026-09-17T11:50:10Z</time>
      </trkpt>
      <trkpt lat="45.992319015786052" lon="11.249156026169658">
        <ele>618.55869199999995</ele>
        <time>2026-09-17T11:50:13Z</time>
      </trkpt>
      <trkpt lat="45.992002012208104" lon="11.249106992036104">
        <ele>622.15578600000003</ele>
        <time>2026-09-17T11:50:37Z</time>
      </trkpt>
      <trkpt lat="45.991776036098599" lon="11.249009007588029">
        <ele>624.81881599999997</ele>
        <time>2026-09-17T11:50:56Z</time>
      </trkpt>
      <trkpt lat="45.991355013102293" lon="11.249125013127923">
        <ele>629.65496700000006</ele>
        <time>2026-09-17T11:51:35Z</time>
      </trkpt>
      <trkpt lat="45.990928038954735" lon="11.249314025044441">
        <ele>634.69521599999996</ele>
        <time>2026-09-17T11:52:16Z</time>
      </trkpt>
      <trkpt lat="45.990581028163433" lon="11.249287035316229">
        <ele>638.60201400000005</ele>
        <time>2026-09-17T11:52:50Z</time>
      </trkpt>
      <trkpt lat="45.990405008196831" lon="11.24931201338768">
        <ele>640.40106300000002</ele>
        <time>2026-09-17T11:53:06Z</time>
      </trkpt>
      <trkpt lat="45.99027500487864" lon="11.249552993103862">
        <ele>642.55745000000002</ele>
        <time>2026-09-17T11:53:25Z</time>
      </trkpt>
      <trkpt lat="45.990224964916706" lon="11.249765977263451">
        <ele>644.14645599999994</ele>
        <time>2026-09-17T11:53:39Z</time>
      </trkpt>
      <trkpt lat="45.99010300822556" lon="11.249797996133566">
        <ele>645.40793399999995</ele>
        <time>2026-09-17T11:53:50Z</time>
      </trkpt>
      <trkpt lat="45.9900819696486" lon="11.249501025304198">
        <ele>647.51786700000002</ele>
        <time>2026-09-17T11:54:06Z</time>
      </trkpt>
      <trkpt lat="45.9901890065521" lon="11.249217968434095">
        <ele>649.79499099999998</ele>
        <time>2026-09-17T11:54:24Z</time>
      </trkpt>
      <trkpt lat="45.99029403179884" lon="11.249017976224422">
        <ele>651.566688</ele>
        <time>2026-09-17T11:54:36Z</time>
      </trkpt>
      <trkpt lat="45.990400984883308" lon="11.248879004269838">
        <ele>653.03291899999999</ele>
        <time>2026-09-17T11:54:47Z</time>
      </trkpt>
      <trkpt lat="45.991157032549381" lon="11.248290007933974">
        <ele>660.68776400000002</ele>
        <time>2026-09-17T11:55:45Z</time>
      </trkpt>
      <trkpt lat="45.991664975881577" lon="11.247797990217805">
        <ele>665.56041700000003</ele>
        <time>2026-09-17T11:56:23Z</time>
      </trkpt>
      <trkpt lat="45.991662964224815" lon="11.247746022418141">
        <ele>665.84836099999995</ele>
        <time>2026-09-17T11:56:25Z</time>
      </trkpt>
      <trkpt lat="45.99126398563385" lon="11.247963029891253">
        <ele>669.242707</ele>
        <time>2026-09-17T11:56:56Z</time>
      </trkpt>
      <trkpt lat="45.990733997896314" lon="11.248052967712283">
        <ele>673.83109200000001</ele>
        <time>2026-09-17T11:57:39Z</time>
      </trkpt>
      <trkpt lat="45.990609023720026" lon="11.248100996017456">
        <ele>675.00677800000005</ele>
        <time>2026-09-17T11:57:50Z</time>
      </trkpt>
      <trkpt lat="45.990365026518703" lon="11.248295959085226">
        <ele>677.54304400000001</ele>
        <time>2026-09-17T11:58:13Z</time>
      </trkpt>
      <trkpt lat="45.990161010995507" lon="11.24830299988389">
        <ele>679.39744700000006</ele>
        <time>2026-09-17T11:58:29Z</time>
      </trkpt>
      <trkpt lat="45.990006029605865" lon="11.248269975185394">
        <ele>680.82135600000004</ele>
        <time>2026-09-17T11:58:42Z</time>
      </trkpt>
      <trkpt lat="45.989935034886003" lon="11.24856099486351">
        <ele>682.76871000000006</ele>
        <time>2026-09-17T11:58:58Z</time>
      </trkpt>
      <trkpt lat="45.989657007157803" lon="11.248781019821763">
        <ele>685.65176599999995</ele>
        <time>2026-09-17T11:59:21Z</time>
      </trkpt>
      <trkpt lat="45.989507976919413" lon="11.248821001499891">
        <ele>687.02917400000001</ele>
        <time>2026-09-17T11:59:31Z</time>
      </trkpt>
      <trkpt lat="45.989388031885028" lon="11.249035997316241">
        <ele>687.83208300000001</ele>
        <time>2026-09-17T11:59:43Z</time>
      </trkpt>
      <trkpt lat="45.989255011081696" lon="11.249199025332928">
        <ele>688.30825100000004</ele>
        <time>2026-09-17T11:59:53Z</time>
      </trkpt>
      <trkpt lat="45.989262973889709" lon="11.249349983409047">
        <ele>688.59506199999998</ele>
        <time>2026-09-17T11:59:59Z</time>
      </trkpt>
      <trkpt lat="45.989211006090045" lon="11.249655000865459">
        <ele>689.189843</ele>
        <time>2026-09-17T12:00:11Z</time>
      </trkpt>
      <trkpt lat="45.98892199806869" lon="11.250196974724531">
        <ele>690.483791</ele>
        <time>2026-09-17T12:00:34Z</time>
      </trkpt>
      <trkpt lat="45.988737009465694" lon="11.250682035461068">
        <ele>691.53166899999997</ele>
        <time>2026-09-17T12:00:50Z</time>
      </trkpt>
      <trkpt lat="45.988716976717114" lon="11.250970037654042">
        <ele>692.07983899999999</ele>
        <time>2026-09-17T12:00:56Z</time>
      </trkpt>
      <trkpt lat="45.988466022536159" lon="11.251403968781233">
        <ele>690.02135799999996</ele>
        <time>2026-09-17T12:01:08Z</time>
      </trkpt>
      <trkpt lat="45.987831009551883" lon="11.252433015033603">
        <ele>682.64148299999999</ele>
        <time>2026-09-17T12:01:31Z</time>
      </trkpt>
      <trkpt lat="45.987713998183608" lon="11.252659996971488">
        <ele>681.12589100000002</ele>
        <time>2026-09-17T12:01:35Z</time>
      </trkpt>
      <trkpt lat="45.987606961280107" lon="11.252938024699688">
        <ele>679.42172700000003</ele>
        <time>2026-09-17T12:01:40Z</time>
      </trkpt>
      <trkpt lat="45.987491039559245" lon="11.253428030759096">
        <ele>677.72096099999999</ele>
        <time>2026-09-17T12:01:48Z</time>
      </trkpt>
      <trkpt lat="45.98737402819097" lon="11.253692982718349">
        <ele>677.03971799999999</ele>
        <time>2026-09-17T12:01:53Z</time>
      </trkpt>
      <trkpt lat="45.98711896687746" lon="11.253074984997511">
        <ele>675.48019199999999</ele>
        <time>2026-09-17T12:02:06Z</time>
      </trkpt>
      <trkpt lat="45.986821996048093" lon="11.252507027238607">
        <ele>673.93777699999998</ele>
        <time>2026-09-17T12:02:24Z</time>
      </trkpt>
      <trkpt lat="45.985997971147299" lon="11.251309001818299">
        <ele>677.11576600000001</ele>
        <time>2026-09-17T12:03:30Z</time>
      </trkpt>
      <trkpt lat="45.985409980639815" lon="11.250657979398966">
        <ele>680.99771899999996</ele>
        <time>2026-09-17T12:04:12Z</time>
      </trkpt>
      <trkpt lat="45.985112003982067" lon="11.249781986698508">
        <ele>684.52937699999995</ele>
        <time>2026-09-17T12:04:55Z</time>
      </trkpt>
      <trkpt lat="45.985078979283571" lon="11.249339003115892">
        <ele>686.13899800000002</ele>
        <time>2026-09-17T12:05:17Z</time>
      </trkpt>
      <trkpt lat="45.984974959865212" lon="11.248760987073183">
        <ele>688.29605000000004</ele>
        <time>2026-09-17T12:05:44Z</time>
      </trkpt>
      <trkpt lat="45.984940007328987" lon="11.24830199405551">
        <ele>689.96426399999996</ele>
        <time>2026-09-17T12:06:02Z</time>
      </trkpt>
      <trkpt lat="45.984937995672226" lon="11.247942997142673">
        <ele>691.26128900000003</ele>
        <time>2026-09-17T12:06:14Z</time>
      </trkpt>
      <trkpt lat="45.984660973772407" lon="11.247445028275251">
        <ele>692.70068200000003</ele>
        <time>2026-09-17T12:06:28Z</time>
      </trkpt>
      <trkpt lat="45.98440800793469" lon="11.247132970020175">
        <ele>693.67115899999999</ele>
        <time>2026-09-17T12:06:38Z</time>
      </trkpt>
      <trkpt lat="45.984185971319675" lon="11.246612034738064">
        <ele>694.90811900000006</ele>
        <time>2026-09-17T12:06:53Z</time>
      </trkpt>
      <trkpt lat="45.983986984938383" lon="11.246211966499686">
        <ele>695.903817</ele>
        <time>2026-09-17T12:07:10Z</time>
      </trkpt>
      <trkpt lat="45.983952032402158" lon="11.246014991775155">
        <ele>696.31536600000004</ele>
        <time>2026-09-17T12:07:18Z</time>
      </trkpt>
      <trkpt lat="45.984026966616511" lon="11.245730007067323">
        <ele>697.26217999999994</ele>
        <time>2026-09-17T12:07:33Z</time>
      </trkpt>
      <trkpt lat="45.984442960470915" lon="11.245031962171197">
        <ele>705.61505199999999</ele>
        <time>2026-09-17T12:08:29Z</time>
      </trkpt>
      <trkpt lat="45.984461987391114" lon="11.24467296525836">
        <ele>708.88540799999998</ele>
        <time>2026-09-17T12:08:56Z</time>
      </trkpt>
      <trkpt lat="45.984586039558053" lon="11.244462998583913">
        <ele>711.38861699999995</ele>
        <time>2026-09-17T12:09:18Z</time>
      </trkpt>
      <trkpt lat="45.984700033441186" lon="11.244125040248036">
        <ele>714.801334</ele>
        <time>2026-09-17T12:09:46Z</time>
      </trkpt>
      <trkpt lat="45.984683018177748" lon="11.244069971144199">
        <ele>715.34811200000001</ele>
        <time>2026-09-17T12:09:50Z</time>
      </trkpt>
      <trkpt lat="45.984561983495951" lon="11.243926975876093">
        <ele>717.39483800000005</ele>
        <time>2026-09-17T12:10:06Z</time>
      </trkpt>
      <trkpt lat="45.98453801125288" lon="11.243852041661739">
        <ele>718.144857</ele>
        <time>2026-09-17T12:10:12Z</time>
      </trkpt>
      <trkpt lat="45.984557038173079" lon="11.243625981733203">
        <ele>720.21265400000004</ele>
        <time>2026-09-17T12:10:28Z</time>
      </trkpt>
      <trkpt lat="45.984541028738022" lon="11.243516011163592">
        <ele>720.90786900000001</ele>
        <time>2026-09-17T12:10:35Z</time>
      </trkpt>
      <trkpt lat="45.984513033181429" lon="11.243466977030039">
        <ele>721.27176299999996</ele>
        <time>2026-09-17T12:10:39Z</time>
      </trkpt>
      <trkpt lat="45.984374983236194" lon="11.243419032543898">
        <ele>722.44373399999995</ele>
        <time>2026-09-17T12:10:52Z</time>
      </trkpt>
      <trkpt lat="45.984283033758402" lon="11.243340997025371">
        <ele>723.32517099999995</ele>
        <time>2026-09-17T12:11:01Z</time>
      </trkpt>
      <trkpt lat="45.984208015725017" lon="11.242912011221051">
        <ele>725.86258099999998</ele>
        <time>2026-09-17T12:11:26Z</time>
      </trkpt>
      <trkpt lat="45.984149007126689" lon="11.24284403398633">
        <ele>726.48655299999996</ele>
        <time>2026-09-17T12:11:32Z</time>
      </trkpt>
      <trkpt lat="45.984074994921684" lon="11.242828024551272">
        <ele>727.10426900000004</ele>
        <time>2026-09-17T12:11:38Z</time>
      </trkpt>
      <trkpt lat="45.983865028247237" lon="11.24284696765244">
        <ele>728.84121400000004</ele>
        <time>2026-09-17T12:11:53Z</time>
      </trkpt>
      <trkpt lat="45.983590018004179" lon="11.243093982338905">
        <ele>731.51714400000003</ele>
        <time>2026-09-17T12:12:12Z</time>
      </trkpt>
      <trkpt lat="45.983494967222214" lon="11.243130024522543">
        <ele>732.32808799999998</ele>
        <time>2026-09-17T12:12:17Z</time>
      </trkpt>
      <trkpt lat="45.983302015811205" lon="11.243003038689494">
        <ele>734.07992400000001</ele>
        <time>2026-09-17T12:12:28Z</time>
      </trkpt>
      <trkpt lat="45.98320696502924" lon="11.242989040911198">
        <ele>734.86823800000002</ele>
        <time>2026-09-17T12:12:32Z</time>
      </trkpt>
      <trkpt lat="45.983147034421563" lon="11.243033967912197">
        <ele>735.40626899999995</ele>
        <time>2026-09-17T12:12:35Z</time>
      </trkpt>
      <trkpt lat="45.982955005019903" lon="11.243366980925202">
        <ele>737.66652399999998</ele>
        <time>2026-09-17T12:12:49Z</time>
      </trkpt>
      <trkpt lat="45.982875041663647" lon="11.243431018665433">
        <ele>738.35457599999995</ele>
        <time>2026-09-17T12:12:54Z</time>
      </trkpt>
      <trkpt lat="45.98260497674346" lon="11.243482986465096">
        <ele>740.40232400000002</ele>
        <time>2026-09-17T12:13:07Z</time>
      </trkpt>
      <trkpt lat="45.98238998092711" lon="11.243578037247062">
        <ele>742.09299599999997</ele>
        <time>2026-09-17T12:13:21Z</time>
      </trkpt>
      <trkpt lat="45.98230498842895" lon="11.243564961478114">
        <ele>742.73555899999997</ele>
        <time>2026-09-17T12:13:27Z</time>
      </trkpt>
      <trkpt lat="45.982115976512432" lon="11.243418026715517">
        <ele>744.35054300000002</ele>
        <time>2026-09-17T12:13:42Z</time>
      </trkpt>
      <trkpt lat="45.981986979022622" lon="11.243187021464109">
        <ele>745.89856499999996</ele>
        <time>2026-09-17T12:13:59Z</time>
      </trkpt>
      <trkpt lat="45.981954038143158" lon="11.243009995669127">
        <ele>746.85584500000004</ele>
        <time>2026-09-17T12:14:10Z</time>
      </trkpt>
      <trkpt lat="45.982013968750834" lon="11.24280396848917">
        <ele>748.02261099999998</ele>
        <time>2026-09-17T12:14:24Z</time>
      </trkpt>
      <trkpt lat="45.98221899010241" lon="11.242428040131927">
        <ele>750.98799499999996</ele>
        <time>2026-09-17T12:14:56Z</time>
      </trkpt>
      <trkpt lat="45.982233993709087" lon="11.2423500046134">
        <ele>751.52083400000004</ele>
        <time>2026-09-17T12:15:02Z</time>
      </trkpt>
      <trkpt lat="45.982219995930791" lon="11.242197034880519">
        <ele>752.53684999999996</ele>
        <time>2026-09-17T12:15:12Z</time>
      </trkpt>
      <trkpt lat="45.982160987332463" lon="11.242003999650478">
        <ele>753.92504899999994</ele>
        <time>2026-09-17T12:15:26Z</time>
      </trkpt>
      <trkpt lat="45.982221001759171" lon="11.241767965257168">
        <ele>755.57955500000003</ele>
        <time>2026-09-17T12:15:42Z</time>
      </trkpt>
      <trkpt lat="45.982226030901074" lon="11.241591023281217">
        <ele>756.74584800000002</ele>
        <time>2026-09-17T12:15:53Z</time>
      </trkpt>
      <trkpt lat="45.982202980667353" lon="11.241553975269198">
        <ele>757.07269599999995</ele>
        <time>2026-09-17T12:15:56Z</time>
      </trkpt>
      <trkpt lat="45.982402972877026" lon="11.241349037736654">
        <ele>759.39915599999995</ele>
        <time>2026-09-17T12:16:11Z</time>
      </trkpt>
      <trkpt lat="45.982613023370504" lon="11.240914016962051">
        <ele>762.88641500000006</ele>
        <time>2026-09-17T12:16:30Z</time>
      </trkpt>
      <trkpt lat="45.982790971174836" lon="11.240753000602126">
        <ele>764.87835600000005</ele>
        <time>2026-09-17T12:16:38Z</time>
      </trkpt>
      <trkpt lat="45.983195984736085" lon="11.240538004785776">
        <ele>766.64700300000004</ele>
        <time>2026-09-17T12:16:51Z</time>
      </trkpt>
      <trkpt lat="45.983325988054276" lon="11.240432979539037">
        <ele>767.03752299999996</ele>
        <time>2026-09-17T12:16:56Z</time>
      </trkpt>
      <trkpt lat="45.983628993853927" lon="11.240028971806169">
        <ele>768.11957600000005</ele>
        <time>2026-09-17T12:17:07Z</time>
      </trkpt>
      <trkpt lat="45.983791016042233" lon="11.239852029830217">
        <ele>768.65240100000005</ele>
        <time>2026-09-17T12:17:12Z</time>
      </trkpt>
      <trkpt lat="45.984088992699981" lon="11.239541983231902">
        <ele>769.61563899999999</ele>
        <time>2026-09-17T12:17:22Z</time>
      </trkpt>
      <trkpt lat="45.984127968549728" lon="11.23960099183023">
        <ele>769.763867</ele>
        <time>2026-09-17T12:17:24Z</time>
      </trkpt>
      <trkpt lat="45.984281022101641" lon="11.239358000457287">
        <ele>770.360769</ele>
        <time>2026-09-17T12:17:30Z</time>
      </trkpt>
      <trkpt lat="45.984319997951388" lon="11.239315001294017">
        <ele>770.51771900000006</ele>
        <time>2026-09-17T12:17:31Z</time>
      </trkpt>
      <trkpt lat="45.984417982399464" lon="11.239250041544437">
        <ele>771.24915299999998</ele>
        <time>2026-09-17T12:17:35Z</time>
      </trkpt>
      <trkpt lat="45.98440901376307" lon="11.23910604044795">
        <ele>771.93012799999997</ele>
        <time>2026-09-17T12:17:38Z</time>
      </trkpt>
      <trkpt lat="45.984402978792787" lon="11.239014007151127">
        <ele>772.36535100000003</ele>
        <time>2026-09-17T12:17:41Z</time>
      </trkpt>
      <trkpt lat="45.984472967684269" lon="11.238578986376524">
        <ele>774.46841600000005</ele>
        <time>2026-09-17T12:17:54Z</time>
      </trkpt>
      <trkpt lat="45.984485959634185" lon="11.238524001091719">
        <ele>774.74204199999997</ele>
        <time>2026-09-17T12:17:56Z</time>
      </trkpt>
      <trkpt lat="45.984576987102628" lon="11.238233987241983">
        <ele>776.24075400000004</ele>
        <time>2026-09-17T12:18:06Z</time>
      </trkpt>
      <trkpt lat="45.984534993767738" lon="11.238241028040648">
        <ele>776.52734899999996</ele>
        <time>2026-09-17T12:18:08Z</time>
      </trkpt>
      <trkpt lat="45.984199969097972" lon="11.238271035254002">
        <ele>778.80249500000002</ele>
        <time>2026-09-17T12:18:25Z</time>
      </trkpt>
      <trkpt lat="45.984141966328025" lon="11.238252008333802">
        <ele>779.20569699999999</ele>
        <time>2026-09-17T12:18:29Z</time>
      </trkpt>
      <trkpt lat="45.984052028506994" lon="11.238094009459019">
        <ele>780.16797099999997</ele>
        <time>2026-09-17T12:18:37Z</time>
      </trkpt>
      <trkpt lat="45.984011963009834" lon="11.237163031473756">
        <ele>785.48424699999998</ele>
        <time>2026-09-17T12:19:19Z</time>
      </trkpt>
      <trkpt lat="45.984004000201821" lon="11.237012995406985">
        <ele>786.53739900000005</ele>
        <time>2026-09-17T12:19:27Z</time>
      </trkpt>
      <trkpt lat="45.984060997143388" lon="11.236215038225055">
        <ele>792.15317300000004</ele>
        <time>2026-09-17T12:20:04Z</time>
      </trkpt>
      <trkpt lat="45.984126962721348" lon="11.235909014940262">
        <ele>794.39612399999999</ele>
        <time>2026-09-17T12:20:18Z</time>
      </trkpt>
      <trkpt lat="45.984528036788106" lon="11.235109968110919">
        <ele>801.18723599999998</ele>
        <time>2026-09-17T12:20:59Z</time>
      </trkpt>
      <trkpt lat="45.984748983755708" lon="11.234574029222131">
        <ele>804.62428799999998</ele>
        <time>2026-09-17T12:21:23Z</time>
      </trkpt>
      <trkpt lat="45.985019970685244" lon="11.233782023191452">
        <ele>809.49270000000001</ele>
        <time>2026-09-17T12:21:54Z</time>
      </trkpt>
      <trkpt lat="45.985048972070217" lon="11.23358303681016">
        <ele>810.61397899999997</ele>
        <time>2026-09-17T12:22:01Z</time>
      </trkpt>
      <trkpt lat="45.985020976513624" lon="11.232953974977136">
        <ele>814.08976600000005</ele>
        <time>2026-09-17T12:22:24Z</time>
      </trkpt>
      <trkpt lat="45.985042015090585" lon="11.232822965830564">
        <ele>814.83115299999997</ele>
        <time>2026-09-17T12:22:30Z</time>
      </trkpt>
      <trkpt lat="45.985374022275209" lon="11.232169009745121">
        <ele>816.08296499999994</ele>
        <time>2026-09-17T12:22:58Z</time>
      </trkpt>
      <trkpt lat="45.985389025881886" lon="11.232076976448298">
        <ele>816.20886199999995</ele>
        <time>2026-09-17T12:23:00Z</time>
      </trkpt>
      <trkpt lat="45.985351977869868" lon="11.231990978121758">
        <ele>816.34362099999998</ele>
        <time>2026-09-17T12:23:03Z</time>
      </trkpt>
      <trkpt lat="45.985216023400426" lon="11.231947978958488">
        <ele>816.61059999999998</ele>
        <time>2026-09-17T12:23:07Z</time>
      </trkpt>
      <trkpt lat="45.985046038404107" lon="11.231627035886049">
        <ele>817.14831200000003</ele>
        <time>2026-09-17T12:23:14Z</time>
      </trkpt>
      <trkpt lat="45.985013013705611" lon="11.231486974284053">
        <ele>817.34526900000003</ele>
        <time>2026-09-17T12:23:16Z</time>
      </trkpt>
      <trkpt lat="45.985034974291921" lon="11.231341967359185">
        <ele>817.54300000000001</ele>
        <time>2026-09-17T12:23:18Z</time>
      </trkpt>
      <trkpt lat="45.985109992325306" lon="11.231256974861026">
        <ele>817.72603700000002</ele>
        <time>2026-09-17T12:23:19Z</time>
      </trkpt>
      <trkpt lat="45.985193978995085" lon="11.231224033981562">
        <ele>817.89298799999995</ele>
        <time>2026-09-17T12:23:20Z</time>
      </trkpt>
      <trkpt lat="45.985441999509931" lon="11.231245994567871">
        <ele>818.36939400000006</ele>
        <time>2026-09-17T12:23:24Z</time>
      </trkpt>
      <trkpt lat="45.985641991719604" lon="11.231310032308102">
        <ele>817.50608099999999</ele>
        <time>2026-09-17T12:23:26Z</time>
      </trkpt>
      <trkpt lat="45.98578498698771" lon="11.231272984296083">
        <ele>816.41053499999998</ele>
        <time>2026-09-17T12:23:28Z</time>
      </trkpt>
      <trkpt lat="45.985892023891211" lon="11.231121020391583">
        <ele>815.27689499999997</ele>
        <time>2026-09-17T12:23:30Z</time>
      </trkpt>
      <trkpt lat="45.985958995297551" lon="11.230523977428675">
        <ele>812.10852999999997</ele>
        <time>2026-09-17T12:23:34Z</time>
      </trkpt>
      <trkpt lat="45.986040970310569" lon="11.230402020737529">
        <ele>811.21922900000004</ele>
        <time>2026-09-17T12:23:35Z</time>
      </trkpt>
      <trkpt lat="45.986156975850463" lon="11.230392968282104">
        <ele>810.34328700000003</ele>
        <time>2026-09-17T12:23:36Z</time>
      </trkpt>
      <trkpt lat="45.986241968348622" lon="11.230445019900799">
        <ele>809.64686400000005</ele>
        <time>2026-09-17T12:23:37Z</time>
      </trkpt>
      <trkpt lat="45.986417988315225" lon="11.230639982968569">
        <ele>807.97207400000002</ele>
        <time>2026-09-17T12:23:40Z</time>
      </trkpt>
      <trkpt lat="45.986524019390345" lon="11.230648029595613">
        <ele>807.17170799999997</ele>
        <time>2026-09-17T12:23:41Z</time>
      </trkpt>
      <trkpt lat="45.986614963039756" lon="11.230553984642029">
        <ele>806.32709999999997</ele>
        <time>2026-09-17T12:23:42Z</time>
      </trkpt>
      <trkpt lat="45.987020982429385" lon="11.229898016899824">
        <ele>801.43096000000003</ele>
        <time>2026-09-17T12:23:49Z</time>
      </trkpt>
      <trkpt lat="45.987273026257753" lon="11.229591993615031">
        <ele>798.71828500000004</ele>
        <time>2026-09-17T12:23:52Z</time>
      </trkpt>
      <trkpt lat="45.987905021756887" lon="11.228985982015729">
        <ele>792.47023000000002</ele>
        <time>2026-09-17T12:24:01Z</time>
      </trkpt>
      <trkpt lat="45.989268003031611" lon="11.227623000741005">
        <ele>776.619598</ele>
        <time>2026-09-17T12:24:18Z</time>
      </trkpt>
      <trkpt lat="45.98943798802793" lon="11.227326029911637">
        <ele>773.99371799999994</ele>
        <time>2026-09-17T12:24:21Z</time>
      </trkpt>
      <trkpt lat="45.989577965810895" lon="11.226965021342039">
        <ele>771.18943300000001</ele>
        <time>2026-09-17T12:24:24Z</time>
      </trkpt>
      <trkpt lat="45.989636974409223" lon="11.226650029420853">
        <ele>768.99191800000006</ele>
        <time>2026-09-17T12:24:26Z</time>
      </trkpt>
      <trkpt lat="45.989679973572493" lon="11.226161029189825">
        <ele>765.67185199999994</ele>
        <time>2026-09-17T12:24:30Z</time>
      </trkpt>
      <trkpt lat="45.989720961079001" lon="11.225996995344758">
        <ele>764.49785099999997</ele>
        <time>2026-09-17T12:24:31Z</time>
      </trkpt>
      <trkpt lat="45.989849958568811" lon="11.225389977917075">
        <ele>760.22225700000001</ele>
        <time>2026-09-17T12:24:36Z</time>
      </trkpt>
      <trkpt lat="45.989855993539095" lon="11.225155033171177">
        <ele>758.63828799999999</ele>
        <time>2026-09-17T12:24:38Z</time>
      </trkpt>
      <trkpt lat="45.989812994375825" lon="11.224478026852012">
        <ele>754.27201700000001</ele>
        <time>2026-09-17T12:24:43Z</time>
      </trkpt>
      <trkpt lat="45.989762032404542" lon="11.224093968048692">
        <ele>752.20755699999995</ele>
        <time>2026-09-17T12:24:45Z</time>
      </trkpt>
      <trkpt lat="45.989624988287687" lon="11.223595999181271">
        <ele>749.37918400000001</ele>
        <time>2026-09-17T12:24:50Z</time>
      </trkpt>
      <trkpt lat="45.989134982228279" lon="11.22249998152256">
        <ele>742.49694699999998</ele>
        <time>2026-09-17T12:25:00Z</time>
      </trkpt>
      <trkpt lat="45.988947981968522" lon="11.222137967124581">
        <ele>740.08138599999995</ele>
        <time>2026-09-17T12:25:03Z</time>
      </trkpt>
      <trkpt lat="45.988443978130817" lon="11.221394995227456">
        <ele>734.45210299999997</ele>
        <time>2026-09-17T12:25:11Z</time>
      </trkpt>
      <trkpt lat="45.98838597536087" lon="11.221184022724628">
        <ele>733.22195599999998</ele>
        <time>2026-09-17T12:25:13Z</time>
      </trkpt>
      <trkpt lat="45.988397039473057" lon="11.220923010259867">
        <ele>731.80441299999995</ele>
        <time>2026-09-17T12:25:15Z</time>
      </trkpt>
      <trkpt lat="45.98842796869576" lon="11.22078001499176">
        <ele>730.99231899999995</ele>
        <time>2026-09-17T12:25:16Z</time>
      </trkpt>
      <trkpt lat="45.988579010590911" lon="11.220394028350711">
        <ele>728.59084800000005</ele>
        <time>2026-09-17T12:25:19Z</time>
      </trkpt>
      <trkpt lat="45.989053007215261" lon="11.21918804012239">
        <ele>719.28454899999997</ele>
        <time>2026-09-17T12:25:29Z</time>
      </trkpt>
      <trkpt lat="45.989160966128111" lon="11.219078991562128">
        <ele>717.96030299999995</ele>
        <time>2026-09-17T12:25:31Z</time>
      </trkpt>
      <trkpt lat="45.989234978333116" lon="11.219015037640929">
        <ele>717.09358999999995</ele>
        <time>2026-09-17T12:25:31Z</time>
      </trkpt>
      <trkpt lat="45.989303961396217" lon="11.218981007114053">
        <ele>716.36140999999998</ele>
        <time>2026-09-17T12:25:32Z</time>
      </trkpt>
      <trkpt lat="45.989467995241284" lon="11.218974972143769">
        <ele>714.71444199999996</ele>
        <time>2026-09-17T12:25:34Z</time>
      </trkpt>
      <trkpt lat="45.990053974092007" lon="11.219217963516712">
        <ele>709.02068199999997</ele>
        <time>2026-09-17T12:25:40Z</time>
      </trkpt>
      <trkpt lat="45.990933990105987" lon="11.219579977914691">
        <ele>705.530531</ele>
        <time>2026-09-17T12:25:51Z</time>
      </trkpt>
      <trkpt lat="45.991236995905638" lon="11.219688020646572">
        <ele>704.34017100000005</ele>
        <time>2026-09-17T12:25:55Z</time>
      </trkpt>
      <trkpt lat="45.991813000291586" lon="11.219866974279284">
        <ele>702.28208400000005</ele>
        <time>2026-09-17T12:26:04Z</time>
      </trkpt>
      <trkpt lat="45.992054985836148" lon="11.219890024513006">
        <ele>701.88511600000004</ele>
        <time>2026-09-17T12:26:08Z</time>
      </trkpt>
      <trkpt lat="45.992225976660848" lon="11.219801008701324">
        <ele>701.58748800000001</ele>
        <time>2026-09-17T12:26:11Z</time>
      </trkpt>
      <trkpt lat="45.992309041321278" lon="11.219725990667939">
        <ele>701.42708100000004</ele>
        <time>2026-09-17T12:26:12Z</time>
      </trkpt>
      <trkpt lat="45.992426974698901" lon="11.219550976529717">
        <ele>701.14976000000001</ele>
        <time>2026-09-17T12:26:15Z</time>
      </trkpt>
      <trkpt lat="45.992566030472517" lon="11.219332041218877">
        <ele>700.81244100000004</ele>
        <time>2026-09-17T12:26:18Z</time>
      </trkpt>
      <trkpt lat="45.992797035723925" lon="11.218983018770814">
        <ele>700.26429399999995</ele>
        <time>2026-09-17T12:26:22Z</time>
      </trkpt>
      <trkpt lat="45.992937013506889" lon="11.218785960227251">
        <ele>699.94383200000004</ele>
        <time>2026-09-17T12:26:25Z</time>
      </trkpt>
      <trkpt lat="45.99328201264143" lon="11.21824499219656">
        <ele>698.68919200000005</ele>
        <time>2026-09-17T12:26:32Z</time>
      </trkpt>
      <trkpt lat="45.993505977094173" lon="11.217893958091736">
        <ele>697.53507200000001</ele>
        <time>2026-09-17T12:26:36Z</time>
      </trkpt>
      <trkpt lat="45.9935840126127" lon="11.217768983915448">
        <ele>697.12821399999996</ele>
        <time>2026-09-17T12:26:37Z</time>
      </trkpt>
      <trkpt lat="45.99364997819066" lon="11.21766303665936">
        <ele>696.78353400000003</ele>
        <time>2026-09-17T12:26:39Z</time>
      </trkpt>
      <trkpt lat="45.993746034801006" lon="11.21757703833282">
        <ele>696.38941499999999</ele>
        <time>2026-09-17T12:26:40Z</time>
      </trkpt>
      <trkpt lat="45.99394996650517" lon="11.217523980885744">
        <ele>695.66688399999998</ele>
        <time>2026-09-17T12:26:42Z</time>
      </trkpt>
      <trkpt lat="45.994045017287135" lon="11.217519035562873">
        <ele>695.33554100000003</ele>
        <time>2026-09-17T12:26:44Z</time>
      </trkpt>
      <trkpt lat="45.994417006149888" lon="11.217499002814293">
        <ele>694.03803200000004</ele>
        <time>2026-09-17T12:26:48Z</time>
      </trkpt>
      <trkpt lat="45.994483977556229" lon="11.217465978115797">
        <ele>693.79120999999998</ele>
        <time>2026-09-17T12:26:49Z</time>
      </trkpt>
      <trkpt lat="45.994555978104472" lon="11.217409987002611">
        <ele>693.50596199999995</ele>
        <time>2026-09-17T12:26:50Z</time>
      </trkpt>
      <trkpt lat="45.994672989472747" lon="11.21723597869277">
        <ele>692.83356000000003</ele>
        <time>2026-09-17T12:26:52Z</time>
      </trkpt>
      <trkpt lat="45.995308002457023" lon="11.216143984347582">
        <ele>688.36744599999997</ele>
        <time>2026-09-17T12:27:04Z</time>
      </trkpt>
      <trkpt lat="45.995482010766864" lon="11.215831004083157">
        <ele>687.110232</ele>
        <time>2026-09-17T12:27:07Z</time>
      </trkpt>
      <trkpt lat="45.995672028511763" lon="11.215402018278837">
        <ele>685.51466600000003</ele>
        <time>2026-09-17T12:27:11Z</time>
      </trkpt>
      <trkpt lat="45.995823992416263" lon="11.214931039139628">
        <ele>684.07181800000001</ele>
        <time>2026-09-17T12:27:15Z</time>
      </trkpt>
      <trkpt lat="45.99609799683094" lon="11.21407700702548">
        <ele>681.57661800000005</ele>
        <time>2026-09-17T12:27:24Z</time>
      </trkpt>
      <trkpt lat="45.996407037600875" lon="11.213221969082952">
        <ele>679.02016100000003</ele>
        <time>2026-09-17T12:27:32Z</time>
      </trkpt>
      <trkpt lat="45.996712977066636" lon="11.212475979700685">
        <ele>677.79615100000001</ele>
        <time>2026-09-17T12:27:39Z</time>
      </trkpt>
      <trkpt lat="45.996794030070305" lon="11.212280010804534">
        <ele>677.62387899999999</ele>
        <time>2026-09-17T12:27:41Z</time>
      </trkpt>
      <trkpt lat="45.99691498093307" lon="11.211986979469657">
        <ele>677.366399</ele>
        <time>2026-09-17T12:27:44Z</time>
      </trkpt>
      <trkpt lat="45.996988993138075" lon="11.211805008351803">
        <ele>677.20710399999996</ele>
        <time>2026-09-17T12:27:46Z</time>
      </trkpt>
      <trkpt lat="45.997356036677957" lon="11.210584016516805">
        <ele>676.30038200000001</ele>
        <time>2026-09-17T12:28:05Z</time>
      </trkpt>
      <trkpt lat="45.99738503806293" lon="11.210478991270065">
        <ele>676.34233300000005</ele>
        <time>2026-09-17T12:28:07Z</time>
      </trkpt>
      <trkpt lat="45.997811006382108" lon="11.208890033885837">
        <ele>676.97467600000004</ele>
        <time>2026-09-17T12:28:36Z</time>
      </trkpt>
      <trkpt lat="45.997894993051887" lon="11.208578981459141">
        <ele>677.09855900000002</ele>
        <time>2026-09-17T12:28:40Z</time>
      </trkpt>
      <trkpt lat="45.998435961082578" lon="11.206608982756734">
        <ele>674.83755900000006</ele>
        <time>2026-09-17T12:28:59Z</time>
      </trkpt>
      <trkpt lat="45.999035015702248" lon="11.2053950317204">
        <ele>673.98728700000004</ele>
        <time>2026-09-17T12:29:13Z</time>
      </trkpt>
      <trkpt lat="45.999673968181014" lon="11.204059962183237">
        <ele>674.62972400000001</ele>
        <time>2026-09-17T12:29:39Z</time>
      </trkpt>
      <trkpt lat="45.999796008691192" lon="11.203930964693427">
        <ele>674.71607400000005</ele>
        <time>2026-09-17T12:29:43Z</time>
      </trkpt>
      <trkpt lat="45.999902039766312" lon="11.203864999115467">
        <ele>674.90668500000004</ele>
        <time>2026-09-17T12:29:46Z</time>
      </trkpt>
      <trkpt lat="46.000002035871148" lon="11.203924007713795">
        <ele>675.20396400000004</ele>
        <time>2026-09-17T12:29:49Z</time>
      </trkpt>
      <trkpt lat="46.000101026147604" lon="11.203900035470724">
        <ele>675.48012100000005</ele>
        <time>2026-09-17T12:29:52Z</time>
      </trkpt>
      <trkpt lat="46.000144025310874" lon="11.203859969973564">
        <ele>675.620948</ele>
        <time>2026-09-17T12:29:54Z</time>
      </trkpt>
      <trkpt lat="46.000204039737582" lon="11.203725021332502">
        <ele>675.927187</ele>
        <time>2026-09-17T12:29:57Z</time>
      </trkpt>
      <trkpt lat="46.00020001642406" lon="11.203565010800958">
        <ele>676.233115</ele>
        <time>2026-09-17T12:30:01Z</time>
      </trkpt>
      <trkpt lat="46.000175038352609" lon="11.203494016081095">
        <ele>676.38521600000001</ele>
        <time>2026-09-17T12:30:02Z</time>
      </trkpt>
      <trkpt lat="46.000128015875816" lon="11.203427966684103">
        <ele>676.56582300000002</ele>
        <time>2026-09-17T12:30:05Z</time>
      </trkpt>
      <trkpt lat="46.000046962872148" lon="11.203385973349214">
        <ele>676.80264499999998</ele>
        <time>2026-09-17T12:30:07Z</time>
      </trkpt>
      <trkpt lat="45.999956019222736" lon="11.2033970374614">
        <ele>677.05384200000003</ele>
        <time>2026-09-17T12:30:10Z</time>
      </trkpt>
      <trkpt lat="45.999828027561307" lon="11.203253036364913">
        <ele>677.50070000000005</ele>
        <time>2026-09-17T12:30:15Z</time>
      </trkpt>
      <trkpt lat="45.999812018126249" lon="11.203070981428027">
        <ele>677.85124299999995</ele>
        <time>2026-09-17T12:30:19Z</time>
      </trkpt>
      <trkpt lat="45.999781005084515" lon="11.20195803232491">
        <ele>679.952358</ele>
        <time>2026-09-17T12:30:42Z</time>
      </trkpt>
      <trkpt lat="45.999902039766312" lon="11.20109997689724">
        <ele>681.46354699999995</ele>
        <time>2026-09-17T12:30:59Z</time>
      </trkpt>
      <trkpt lat="45.999849988147616" lon="11.199966995045543">
        <ele>683.42345999999998</ele>
        <time>2026-09-17T12:31:21Z</time>
      </trkpt>
      <trkpt lat="45.999903967604041" lon="11.199544966220856">
        <ele>684.16412200000002</ele>
        <time>2026-09-17T12:31:30Z</time>
      </trkpt>
      <trkpt lat="46.000019973143935" lon="11.198143009096384">
        <ele>686.16006000000004</ele>
        <time>2026-09-17T12:31:57Z</time>
      </trkpt>
      <trkpt lat="46.000041011720896" lon="11.1978779733181">
        <ele>686.53703599999994</ele>
        <time>2026-09-17T12:32:02Z</time>
      </trkpt>
      <trkpt lat="46.000046962872148" lon="11.197661971673369">
        <ele>686.84257100000002</ele>
        <time>2026-09-17T12:32:06Z</time>
      </trkpt>
      <trkpt lat="46.000032965093851" lon="11.197174983099103">
        <ele>687.53147799999999</ele>
        <time>2026-09-17T12:32:15Z</time>
      </trkpt>
      <trkpt lat="46.000022990629077" lon="11.196804000064731">
        <ele>687.74848299999996</ele>
        <time>2026-09-17T12:32:21Z</time>
      </trkpt>
      <trkpt lat="46.000044029206038" lon="11.196365961804986">
        <ele>687.54047500000001</ele>
        <time>2026-09-17T12:32:27Z</time>
      </trkpt>
      <trkpt lat="46.000076970085502" lon="11.19628599844873">
        <ele>687.49639400000001</ele>
        <time>2026-09-17T12:32:28Z</time>
      </trkpt>
      <trkpt lat="46.000061966478825" lon="11.196042001247406">
        <ele>687.38034000000005</ele>
        <time>2026-09-17T12:32:31Z</time>
      </trkpt>
      <trkpt lat="46.000431021675467" lon="11.193871004506946">
        <ele>685.35145699999998</ele>
        <time>2026-09-17T12:32:53Z</time>
      </trkpt>
      <trkpt lat="46.000540992245078" lon="11.193368006497622">
        <ele>684.22860000000003</ele>
        <time>2026-09-17T12:32:57Z</time>
      </trkpt>
      <trkpt lat="46.000573011115193" lon="11.193112023174763">
        <ele>683.67474600000003</ele>
        <time>2026-09-17T12:33:00Z</time>
      </trkpt>
      <trkpt lat="46.000526994466782" lon="11.19241900742054">
        <ele>682.19242499999996</ele>
        <time>2026-09-17T12:33:06Z</time>
      </trkpt>
      <trkpt lat="46.00063101388514" lon="11.19153899140656">
        <ele>680.14753299999995</ele>
        <time>2026-09-17T12:33:13Z</time>
      </trkpt>
      <trkpt lat="46.000593965873122" lon="11.190987965092063">
        <ele>678.75476300000003</ele>
        <time>2026-09-17T12:33:18Z</time>
      </trkpt>
      <trkpt lat="46.000508973374963" lon="11.190368961542845">
        <ele>677.16722800000002</ele>
        <time>2026-09-17T12:33:23Z</time>
      </trkpt>
      <trkpt lat="46.000546021386981" lon="11.189546026289463">
        <ele>675.09223599999996</ele>
        <time>2026-09-17T12:33:30Z</time>
      </trkpt>
      <trkpt lat="46.000621961429715" lon="11.189249977469444">
        <ele>674.32341699999995</ele>
        <time>2026-09-17T12:33:33Z</time>
      </trkpt>
      <trkpt lat="46.000840980559587" lon="11.188739016652107">
        <ele>672.95203900000001</ele>
        <time>2026-09-17T12:33:38Z</time>
      </trkpt>
      <trkpt lat="46.000912981107831" lon="11.188489990308881">
        <ele>672.33601999999996</ele>
        <time>2026-09-17T12:33:41Z</time>
      </trkpt>
      <trkpt lat="46.001025969162583" lon="11.187919015064836">
        <ele>670.97996899999998</ele>
        <time>2026-09-17T12:33:46Z</time>
      </trkpt>
      <trkpt lat="46.00142503157258" lon="11.186601966619492">
        <ele>667.70351900000003</ele>
        <time>2026-09-17T12:33:58Z</time>
      </trkpt>
      <trkpt lat="46.001709010452032" lon="11.185905011370778">
        <ele>665.86792500000001</ele>
        <time>2026-09-17T12:34:05Z</time>
      </trkpt>
      <trkpt lat="46.001930041238666" lon="11.185209983959794">
        <ele>664.13161200000002</ele>
        <time>2026-09-17T12:34:12Z</time>
      </trkpt>
      <trkpt lat="46.002090973779559" lon="11.184817040339112">
        <ele>663.095189</ele>
        <time>2026-09-17T12:34:16Z</time>
      </trkpt>
      <trkpt lat="46.002261964604259" lon="11.184502970427275">
        <ele>662.16891599999997</ele>
        <time>2026-09-17T12:34:20Z</time>
      </trkpt>
      <trkpt lat="46.002318039536476" lon="11.184282023459673">
        <ele>661.61638400000004</ele>
        <time>2026-09-17T12:34:22Z</time>
      </trkpt>
      <trkpt lat="46.002477966248989" lon="11.183037981390953">
        <ele>658.64488400000005</ele>
        <time>2026-09-17T12:34:33Z</time>
      </trkpt>
      <trkpt lat="46.002727998420596" lon="11.181968031451106">
        <ele>655.879052</ele>
        <time>2026-09-17T12:34:42Z</time>
      </trkpt>
      <trkpt lat="46.002788012847304" lon="11.18144198320806">
        <ele>654.422639</ele>
        <time>2026-09-17T12:34:47Z</time>
      </trkpt>
      <trkpt lat="46.002811985090375" lon="11.180919958278537">
        <ele>652.99328400000002</ele>
        <time>2026-09-17T12:34:51Z</time>
      </trkpt>
      <trkpt lat="46.002998985350132" lon="11.179982023313642">
        <ele>650.32697499999995</ele>
        <time>2026-09-17T12:34:59Z</time>
      </trkpt>
      <trkpt lat="46.00321096368134" lon="11.17933502420783">
        <ele>648.41181800000004</ele>
        <time>2026-09-17T12:35:05Z</time>
      </trkpt>
      <trkpt lat="46.003514975309372" lon="11.178791960701346">
        <ele>646.56657700000005</ele>
        <time>2026-09-17T12:35:11Z</time>
      </trkpt>
      <trkpt lat="46.0036810208112" lon="11.178531032055616">
        <ele>645.63026600000001</ele>
        <time>2026-09-17T12:35:14Z</time>
      </trkpt>
      <trkpt lat="46.003846982493997" lon="11.178369009867311">
        <ele>644.86638000000005</ele>
        <time>2026-09-17T12:35:17Z</time>
      </trkpt>
      <trkpt lat="46.004272028803825" lon="11.177721004933119">
        <ele>642.48562600000002</ele>
        <time>2026-09-17T12:35:24Z</time>
      </trkpt>
      <trkpt lat="46.004435978829861" lon="11.177368964999914">
        <ele>641.26569600000005</ele>
        <time>2026-09-17T12:35:28Z</time>
      </trkpt>
      <trkpt lat="46.004659021273255" lon="11.176589028909802">
        <ele>638.83797400000003</ele>
        <time>2026-09-17T12:35:35Z</time>
      </trkpt>
      <trkpt lat="46.004682993516326" lon="11.176449973136187">
        <ele>638.42573100000004</ele>
        <time>2026-09-17T12:35:36Z</time>
      </trkpt>
      <trkpt lat="46.004734961315989" lon="11.176320975646377">
        <ele>637.99645199999998</ele>
        <time>2026-09-17T12:35:38Z</time>
      </trkpt>
      <trkpt lat="46.004859013482928" lon="11.17578998208046">
        <ele>636.38407800000004</ele>
        <time>2026-09-17T12:35:42Z</time>
      </trkpt>
      <trkpt lat="46.005020029842854" lon="11.174664963036776">
        <ele>633.08430599999997</ele>
        <time>2026-09-17T12:35:52Z</time>
      </trkpt>
      <trkpt lat="46.005038972944021" lon="11.174278976395726">
        <ele>631.97362699999996</ele>
        <time>2026-09-17T12:35:55Z</time>
      </trkpt>
      <trkpt lat="46.005032015964389" lon="11.173229981213808">
        <ele>628.96263899999997</ele>
        <time>2026-09-17T12:36:03Z</time>
      </trkpt>
      <trkpt lat="46.005021035671234" lon="11.172676021233201">
        <ele>627.75832500000001</ele>
        <time>2026-09-17T12:36:08Z</time>
      </trkpt>
      <trkpt lat="46.005074009299278" lon="11.172307971864939">
        <ele>627.49638400000003</ele>
        <time>2026-09-17T12:36:12Z</time>
      </trkpt>
      <trkpt lat="46.00507996045053" lon="11.171937994658947">
        <ele>627.23843399999998</ele>
        <time>2026-09-17T12:36:16Z</time>
      </trkpt>
      <trkpt lat="46.005106028169394" lon="11.171602969989181">
        <ele>627.00349500000004</ele>
        <time>2026-09-17T12:36:20Z</time>
      </trkpt>
      <trkpt lat="46.005223961547017" lon="11.171138025820255">
        <ele>626.65845200000001</ele>
        <time>2026-09-17T12:36:26Z</time>
      </trkpt>
      <trkpt lat="46.005755960941315" lon="11.170055000111461">
        <ele>625.47875699999997</ele>
        <time>2026-09-17T12:36:41Z</time>
      </trkpt>
      <trkpt lat="46.005862997844815" lon="11.169746965169907">
        <ele>625.06043399999999</ele>
        <time>2026-09-17T12:36:44Z</time>
      </trkpt>
      <trkpt lat="46.006011022254825" lon="11.16887298412621">
        <ele>623.967669</ele>
        <time>2026-09-17T12:36:53Z</time>
      </trkpt>
      <trkpt lat="46.006400026381016" lon="11.168122971430421">
        <ele>622.74410899999998</ele>
        <time>2026-09-17T12:37:01Z</time>
      </trkpt>
      <trkpt lat="46.00645300000906" lon="11.167549984529614">
        <ele>621.44169899999997</ele>
        <time>2026-09-17T12:37:06Z</time>
      </trkpt>
      <trkpt lat="46.006465991958976" lon="11.167192999273539">
        <ele>620.63624700000003</ele>
        <time>2026-09-17T12:37:10Z</time>
      </trkpt>
      <trkpt lat="46.006455011665821" lon="11.166798966005445">
        <ele>619.74781900000005</ele>
        <time>2026-09-17T12:37:13Z</time>
      </trkpt>
      <trkpt lat="46.006445037201047" lon="11.166439969092607">
        <ele>618.93831399999999</ele>
        <time>2026-09-17T12:37:16Z</time>
      </trkpt>
      <trkpt lat="46.00647596642375" lon="11.166281970217824">
        <ele>618.568398</ele>
        <time>2026-09-17T12:37:18Z</time>
      </trkpt>
      <trkpt lat="46.006319979205728" lon="11.165925990790129">
        <ele>617.62001699999996</ele>
        <time>2026-09-17T12:37:21Z</time>
      </trkpt>
      <trkpt lat="46.006284020841122" lon="11.165695991367102">
        <ele>617.07861200000002</ele>
        <time>2026-09-17T12:37:23Z</time>
      </trkpt>
      <trkpt lat="46.00630103610456" lon="11.164913037791848">
        <ele>613.22706600000004</ele>
        <time>2026-09-17T12:37:30Z</time>
      </trkpt>
      <trkpt lat="46.006308998912573" lon="11.164727965369821">
        <ele>612.315742</ele>
        <time>2026-09-17T12:37:31Z</time>
      </trkpt>
      <trkpt lat="46.006341017782688" lon="11.163992034271359">
        <ele>608.69007399999998</ele>
        <time>2026-09-17T12:37:37Z</time>
      </trkpt>
      <trkpt lat="46.006390973925591" lon="11.16296399384737">
        <ele>603.23936800000001</ele>
        <time>2026-09-17T12:37:44Z</time>
      </trkpt>
      <trkpt lat="46.006405977532268" lon="11.162399975582957">
        <ele>599.02849400000002</ele>
        <time>2026-09-17T12:37:48Z</time>
      </trkpt>
      <trkpt lat="46.006465991958976" lon="11.161808967590332">
        <ele>594.57241899999997</ele>
        <time>2026-09-17T12:37:53Z</time>
      </trkpt>
      <trkpt lat="46.006574034690857" lon="11.161453993991017">
        <ele>591.68099099999995</ele>
        <time>2026-09-17T12:37:56Z</time>
      </trkpt>
      <trkpt lat="46.007429994642735" lon="11.159898983314633">
        <ele>576.62664900000004</ele>
        <time>2026-09-17T12:38:10Z</time>
      </trkpt>
      <trkpt lat="46.007546000182629" lon="11.159646017476916">
        <ele>574.29535499999997</ele>
        <time>2026-09-17T12:38:12Z</time>
      </trkpt>
      <trkpt lat="46.007583970203996" lon="11.159344017505646">
        <ele>571.93512799999996</ele>
        <time>2026-09-17T12:38:14Z</time>
      </trkpt>
      <trkpt lat="46.007542982697487" lon="11.158251017332077">
        <ele>564.68859599999996</ele>
        <time>2026-09-17T12:38:22Z</time>
      </trkpt>
      <trkpt lat="46.007551029324532" lon="11.158197037875652">
        <ele>564.57202900000004</ele>
        <time>2026-09-17T12:38:23Z</time>
      </trkpt>
      <trkpt lat="46.007609032094479" lon="11.157813984900713">
        <ele>563.74445800000001</ele>
        <time>2026-09-17T12:38:26Z</time>
      </trkpt>
      <trkpt lat="46.007878007367253" lon="11.156897004693747">
        <ele>561.64294199999995</ele>
        <time>2026-09-17T12:38:35Z</time>
      </trkpt>
      <trkpt lat="46.007984038442373" lon="11.156513029709458">
        <ele>560.77058099999999</ele>
        <time>2026-09-17T12:38:40Z</time>
      </trkpt>
      <trkpt lat="46.008210014551878" lon="11.155761005356908">
        <ele>559.17620399999998</ele>
        <time>2026-09-17T12:38:51Z</time>
      </trkpt>
      <trkpt lat="46.008274974301457" lon="11.155610969290137">
        <ele>558.88398700000005</ele>
        <time>2026-09-17T12:38:52Z</time>
      </trkpt>
      <trkpt lat="46.008398020640016" lon="11.155484989285469">
        <ele>558.52476200000001</ele>
        <time>2026-09-17T12:38:54Z</time>
      </trkpt>
      <trkpt lat="46.008433979004622" lon="11.155462022870779">
        <ele>558.43103900000006</ele>
        <time>2026-09-17T12:38:55Z</time>
      </trkpt>
      <trkpt lat="46.0085179656744" lon="11.155441990122199">
        <ele>558.228432</ele>
        <time>2026-09-17T12:38:56Z</time>
      </trkpt>
      <trkpt lat="46.008588960394263" lon="11.15544400177896">
        <ele>558.05944299999999</ele>
        <time>2026-09-17T12:38:57Z</time>
      </trkpt>
      <trkpt lat="46.00866599008441" lon="11.155476020649076">
        <ele>557.86872800000003</ele>
        <time>2026-09-17T12:38:58Z</time>
      </trkpt>
      <trkpt lat="46.009193966165185" lon="11.155917998403311">
        <ele>556.41532299999994</ele>
        <time>2026-09-17T12:39:06Z</time>
      </trkpt>
      <trkpt lat="46.009355988353491" lon="11.155962003394961">
        <ele>556.02301699999998</ele>
        <time>2026-09-17T12:39:08Z</time>
      </trkpt>
      <trkpt lat="46.0095040127635" lon="11.155954962596297">
        <ele>555.67063599999994</ele>
        <time>2026-09-17T12:39:10Z</time>
      </trkpt>
      <trkpt lat="46.009710961952806" lon="11.156031992286444">
        <ele>554.63580899999999</ele>
        <time>2026-09-17T12:39:13Z</time>
      </trkpt>
      <trkpt lat="46.010391991585493" lon="11.157041005790234">
        <ele>546.81539299999997</ele>
        <time>2026-09-17T12:39:24Z</time>
      </trkpt>
      <trkpt lat="46.010544039309025" lon="11.15707696415484">
        <ele>545.58256700000004</ele>
        <time>2026-09-17T12:39:25Z</time>
      </trkpt>
      <trkpt lat="46.010719975456595" lon="11.157000018283725">
        <ele>544.11042599999996</ele>
        <time>2026-09-17T12:39:27Z</time>
      </trkpt>
      <trkpt lat="46.010825000703335" lon="11.15686004050076">
        <ele>542.96512900000005</ele>
        <time>2026-09-17T12:39:29Z</time>
      </trkpt>
      <trkpt lat="46.010877974331379" lon="11.156665999442339">
        <ele>541.80638199999999</ele>
        <time>2026-09-17T12:39:30Z</time>
      </trkpt>
      <trkpt lat="46.010891972109675" lon="11.156482016667724">
        <ele>540.60086000000001</ele>
        <time>2026-09-17T12:39:32Z</time>
      </trkpt>
      <trkpt lat="46.010811002925038" lon="11.155863013118505">
        <ele>534.18429600000002</ele>
        <time>2026-09-17T12:39:36Z</time>
      </trkpt>
      <trkpt lat="46.01070798933506" lon="11.155367977917194">
        <ele>528.92038200000002</ele>
        <time>2026-09-17T12:39:40Z</time>
      </trkpt>
      <trkpt lat="46.01059902459383" lon="11.155023984611034">
        <ele>525.06865000000005</ele>
        <time>2026-09-17T12:39:42Z</time>
      </trkpt>
      <trkpt lat="46.010138019919395" lon="11.153970966115594">
        <ele>512.56770500000005</ele>
        <time>2026-09-17T12:39:51Z</time>
      </trkpt>
      <trkpt lat="46.00986803881824" lon="11.153285996988416">
        <ele>505.191576</ele>
        <time>2026-09-17T12:39:56Z</time>
      </trkpt>
      <trkpt lat="46.009618006646633" lon="11.152180004864931">
        <ele>494.29905200000002</ele>
        <time>2026-09-17T12:40:05Z</time>
      </trkpt>
      <trkpt lat="46.009119031950831" lon="11.150719961151481">
        <ele>483.95698199999998</ele>
        <time>2026-09-17T12:40:16Z</time>
      </trkpt>
      <trkpt lat="46.009101010859013" lon="11.150489039719105">
        <ele>482.72380700000002</ele>
        <time>2026-09-17T12:40:18Z</time>
      </trkpt>
      <trkpt lat="46.009143004193902" lon="11.150332968682051">
        <ele>481.83620200000001</ele>
        <time>2026-09-17T12:40:19Z</time>
      </trkpt>
      <trkpt lat="46.009424971416593" lon="11.149798035621643">
        <ele>478.27315299999998</ele>
        <time>2026-09-17T12:40:25Z</time>
      </trkpt>
      <trkpt lat="46.009727977216244" lon="11.14934298209846">
        <ele>476.88908300000003</ele>
        <time>2026-09-17T12:40:33Z</time>
      </trkpt>
      <trkpt lat="46.009940039366484" lon="11.149260001257062">
        <ele>477.15954699999998</ele>
        <time>2026-09-17T12:40:40Z</time>
      </trkpt>
      <trkpt lat="46.010282021015882" lon="11.149382963776588">
        <ele>477.59350999999998</ele>
        <time>2026-09-17T12:40:53Z</time>
      </trkpt>
      <trkpt lat="46.010710000991821" lon="11.149725029245019">
        <ele>478.19611200000003</ele>
        <time>2026-09-17T12:41:11Z</time>
      </trkpt>
      <trkpt lat="46.010998003184795" lon="11.14977297373116">
        <ele>478.55302799999998</ele>
        <time>2026-09-17T12:41:19Z</time>
      </trkpt>
      <trkpt lat="46.011230014264584" lon="11.149661997333169">
        <ele>478.69735700000001</ele>
        <time>2026-09-17T12:41:23Z</time>
      </trkpt>
      <trkpt lat="46.011892016977072" lon="11.148764966055751">
        <ele>472.09478300000001</ele>
        <time>2026-09-17T12:41:33Z</time>
      </trkpt>
      <trkpt lat="46.012093015015125" lon="11.148369004949927">
        <ele>469.62057700000003</ele>
        <time>2026-09-17T12:41:36Z</time>
      </trkpt>
      <trkpt lat="46.01223299279809" lon="11.147809009999037">
        <ele>466.61827799999998</ele>
        <time>2026-09-17T12:41:41Z</time>
      </trkpt>
      <trkpt lat="46.012264005839825" lon="11.147691998630762">
        <ele>465.98659400000003</ele>
        <time>2026-09-17T12:41:42Z</time>
      </trkpt>
      <trkpt lat="46.012457963079214" lon="11.14702396094799">
        <ele>461.560113</ele>
        <time>2026-09-17T12:41:47Z</time>
      </trkpt>
      <trkpt lat="46.012605987489223" lon="11.146793961524963">
        <ele>459.62182999999999</ele>
        <time>2026-09-17T12:41:49Z</time>
      </trkpt>
      <trkpt lat="46.015056017786264" lon="11.145699033513665">
        <ele>439.91746999999998</ele>
        <time>2026-09-17T12:42:17Z</time>
      </trkpt>
      <trkpt lat="46.015784991905093" lon="11.145098973065615">
        <ele>436.01797499999998</ele>
        <time>2026-09-17T12:42:28Z</time>
      </trkpt>
      <trkpt lat="46.016001999378204" lon="11.145116994157434">
        <ele>435.32291700000002</ele>
        <time>2026-09-17T12:42:31Z</time>
      </trkpt>
      <trkpt lat="46.016147006303072" lon="11.145215984433889">
        <ele>434.80976700000002</ele>
        <time>2026-09-17T12:42:33Z</time>
      </trkpt>
      <trkpt lat="46.016281032934785" lon="11.145384963601828">
        <ele>434.24015700000001</ele>
        <time>2026-09-17T12:42:35Z</time>
      </trkpt>
      <trkpt lat="46.016429979354143" lon="11.145466016605496">
        <ele>433.73087299999997</ele>
        <time>2026-09-17T12:42:37Z</time>
      </trkpt>
      <trkpt lat="46.016579009592533" lon="11.145478002727032">
        <ele>433.25366600000001</ele>
        <time>2026-09-17T12:42:39Z</time>
      </trkpt>
      <trkpt lat="46.01676500402391" lon="11.145394016057253">
        <ele>432.63032299999998</ele>
        <time>2026-09-17T12:42:42Z</time>
      </trkpt>
      <trkpt lat="46.016967007890344" lon="11.145139038562775">
        <ele>431.77921900000001</ele>
        <time>2026-09-17T12:42:45Z</time>
      </trkpt>
      <trkpt lat="46.01702400483191" lon="11.145088998600841">
        <ele>431.58497999999997</ele>
        <time>2026-09-17T12:42:46Z</time>
      </trkpt>
      <trkpt lat="46.017246041446924" lon="11.144880037754774">
        <ele>430.81308300000001</ele>
        <time>2026-09-17T12:42:49Z</time>
      </trkpt>
      <trkpt lat="46.017486015334725" lon="11.14482999779284">
        <ele>430.10735099999999</ele>
        <time>2026-09-17T12:42:52Z</time>
      </trkpt>
      <trkpt lat="46.018328983336687" lon="11.145121017470956">
        <ele>427.58450800000003</ele>
        <time>2026-09-17T12:43:03Z</time>
      </trkpt>
      <trkpt lat="46.019336991012096" lon="11.145082041621208">
        <ele>425.14937200000003</ele>
        <time>2026-09-17T12:43:20Z</time>
      </trkpt>
      <trkpt lat="46.019663969054818" lon="11.145180026069283">
        <ele>424.42316799999998</ele>
        <time>2026-09-17T12:43:25Z</time>
      </trkpt>
      <trkpt lat="46.020003017038107" lon="11.145340036600828">
        <ele>423.64753000000002</ele>
        <time>2026-09-17T12:43:30Z</time>
      </trkpt>
      <trkpt lat="46.020206026732922" lon="11.145402984693646">
        <ele>423.19603000000001</ele>
        <time>2026-09-17T12:43:32Z</time>
      </trkpt>
      <trkpt lat="46.020383974537253" lon="11.145414970815182">
        <ele>422.80859500000003</ele>
        <time>2026-09-17T12:43:34Z</time>
      </trkpt>
      <trkpt lat="46.020619003102183" lon="11.145369959995151">
        <ele>421.40177799999998</ele>
        <time>2026-09-17T12:43:37Z</time>
      </trkpt>
      <trkpt lat="46.021487032994628" lon="11.145007023587823">
        <ele>415.27520700000002</ele>
        <time>2026-09-17T12:43:47Z</time>
      </trkpt>
      <trkpt lat="46.021613012999296" lon="11.144976010546088">
        <ele>414.40877499999999</ele>
        <time>2026-09-17T12:43:48Z</time>
      </trkpt>
      <trkpt lat="46.021848041564226" lon="11.144994031637907">
        <ele>412.81363700000003</ele>
        <time>2026-09-17T12:43:51Z</time>
      </trkpt>
      <trkpt lat="46.021747961640358" lon="11.144765960052609">
        <ele>411.54436600000002</ele>
        <time>2026-09-17T12:43:53Z</time>
      </trkpt>
      <trkpt lat="46.02166498079896" lon="11.144689014181495">
        <ele>410.87514399999998</ele>
        <time>2026-09-17T12:43:54Z</time>
      </trkpt>
      <trkpt lat="46.021561967208982" lon="11.144679039716721">
        <ele>410.37980900000002</ele>
        <time>2026-09-17T12:43:55Z</time>
      </trkpt>
      <trkpt lat="46.021201964467764" lon="11.144749028608203">
        <ele>409.36768899999998</ele>
        <time>2026-09-17T12:44:00Z</time>
      </trkpt>
      <trkpt lat="46.020657978951931" lon="11.144858999177814">
        <ele>407.83714800000001</ele>
        <time>2026-09-17T12:44:06Z</time>
      </trkpt>
      <trkpt lat="46.020297976210713" lon="11.144880037754774">
        <ele>406.83330699999999</ele>
        <time>2026-09-17T12:44:12Z</time>
      </trkpt>
      <trkpt lat="46.020233016461134" lon="11.144858999177814">
        <ele>406.64770499999997</ele>
        <time>2026-09-17T12:44:13Z</time>
      </trkpt>
      <trkpt lat="46.019574031233788" lon="11.144655989482999">
        <ele>405.21246100000002</ele>
        <time>2026-09-17T12:44:23Z</time>
      </trkpt>
      <trkpt lat="46.018587984144688" lon="11.144702006131411">
        <ele>404.10460999999998</ele>
        <time>2026-09-17T12:44:40Z</time>
      </trkpt>
      <trkpt lat="46.018327977508307" lon="11.144656995311379">
        <ele>403.81053000000003</ele>
        <time>2026-09-17T12:44:45Z</time>
      </trkpt>
      <trkpt lat="46.018063025549054" lon="11.144605027511716">
        <ele>403.51018699999997</ele>
        <time>2026-09-17T12:44:48Z</time>
      </trkpt>
      <trkpt lat="46.017623981460929" lon="11.144449962303042">
        <ele>398.71790399999998</ele>
        <time>2026-09-17T12:44:54Z</time>
      </trkpt>
      <trkpt lat="46.017475035041571" lon="11.144356001168489">
        <ele>396.93359299999997</ele>
        <time>2026-09-17T12:44:55Z</time>
      </trkpt>
      <trkpt lat="46.01661597378552" lon="11.14356298930943">
        <ele>385.74142899999998</ele>
        <time>2026-09-17T12:45:06Z</time>
      </trkpt>
      <trkpt lat="46.015989007428288" lon="11.142914984375238">
        <ele>374.41259500000001</ele>
        <time>2026-09-17T12:45:13Z</time>
      </trkpt>
      <trkpt lat="46.015242012217641" lon="11.142214005813003">
        <ele>360.31508000000002</ele>
        <time>2026-09-17T12:45:22Z</time>
      </trkpt>
      <trkpt lat="46.014802968129516" lon="11.141720982268453">
        <ele>352.726112</ele>
        <time>2026-09-17T12:45:28Z</time>
      </trkpt>
      <trkpt lat="46.014326959848404" lon="11.141023021191359">
        <ele>345.40419900000001</ele>
        <time>2026-09-17T12:45:35Z</time>
      </trkpt>
      <trkpt lat="46.014025965705514" lon="11.140523040667176">
        <ele>340.45155499999998</ele>
        <time>2026-09-17T12:45:40Z</time>
      </trkpt>
      <trkpt lat="46.013567978516221" lon="11.139727011322975">
        <ele>333.25682899999998</ele>
        <time>2026-09-17T12:45:47Z</time>
      </trkpt>
      <trkpt lat="46.013417020440102" lon="11.139597008004785">
        <ele>331.67956099999998</ele>
        <time>2026-09-17T12:45:49Z</time>
      </trkpt>
      <trkpt lat="46.013218034058809" lon="11.139488965272903">
        <ele>329.77296799999999</ele>
        <time>2026-09-17T12:45:51Z</time>
      </trkpt>
      <trkpt lat="46.012482019141316" lon="11.139347981661558">
        <ele>323.11643099999998</ele>
        <time>2026-09-17T12:45:59Z</time>
      </trkpt>
      <trkpt lat="46.011668974533677" lon="11.139085963368416">
        <ele>316.28735699999999</ele>
        <time>2026-09-17T12:46:08Z</time>
      </trkpt>
      <trkpt lat="46.011274019256234" lon="11.138824028894305">
        <ele>312.98724399999998</ele>
        <time>2026-09-17T12:46:13Z</time>
      </trkpt>
      <trkpt lat="46.011192966252565" lon="11.138769965618849">
        <ele>312.30990700000001</ele>
        <time>2026-09-17T12:46:14Z</time>
      </trkpt>
      <trkpt lat="46.011122977361083" lon="11.138762002810836">
        <ele>311.77705800000001</ele>
        <time>2026-09-17T12:46:15Z</time>
      </trkpt>
      <trkpt lat="46.01100797764957" lon="11.138802990317345">
        <ele>310.87805400000002</ele>
        <time>2026-09-17T12:46:16Z</time>
      </trkpt>
      <trkpt lat="46.010571029037237" lon="11.139085041359067">
        <ele>307.244169</ele>
        <time>2026-09-17T12:46:21Z</time>
      </trkpt>
      <trkpt lat="46.010434990748763" lon="11.139108007773757">
        <ele>306.20507099999998</ele>
        <time>2026-09-17T12:46:23Z</time>
      </trkpt>
      <trkpt lat="46.010289983823895" lon="11.1390729714185">
        <ele>305.28464300000002</ele>
        <time>2026-09-17T12:46:24Z</time>
      </trkpt>
      <trkpt lat="46.009988989681005" lon="11.138922013342381">
        <ele>303.304686</ele>
        <time>2026-09-17T12:46:28Z</time>
      </trkpt>
      <trkpt lat="46.00952697917819" lon="11.138661000877619">
        <ele>300.22188299999999</ele>
        <time>2026-09-17T12:46:34Z</time>
      </trkpt>
      <trkpt lat="46.009404016658664" lon="11.138721015304327">
        <ele>299.41518600000001</ele>
        <time>2026-09-17T12:46:36Z</time>
      </trkpt>
      <trkpt lat="46.009102016687393" lon="11.138940034434199">
        <ele>297.31475399999999</ele>
        <time>2026-09-17T12:46:39Z</time>
      </trkpt>
      <trkpt lat="46.008828012272716" lon="11.13920004107058">
        <ele>295.27635600000002</ele>
        <time>2026-09-17T12:46:43Z</time>
      </trkpt>
      <trkpt lat="46.00851503200829" lon="11.139211021363735">
        <ele>291.95862</ele>
        <time>2026-09-17T12:46:46Z</time>
      </trkpt>
      <trkpt lat="46.008353009819984" lon="11.139089986681938">
        <ele>289.888217</ele>
        <time>2026-09-17T12:46:48Z</time>
      </trkpt>
      <trkpt lat="46.00817397236824" lon="11.138704000040889">
        <ele>286.231154</ele>
        <time>2026-09-17T12:46:52Z</time>
      </trkpt>
      <trkpt lat="46.007972974330187" lon="11.137971002608538">
        <ele>280.021681</ele>
        <time>2026-09-17T12:46:57Z</time>
      </trkpt>
      <trkpt lat="46.007793014869094" lon="11.137130968272686">
        <ele>272.97224499999999</ele>
        <time>2026-09-17T12:47:03Z</time>
      </trkpt>
      <trkpt lat="46.007706010714173" lon="11.136994007974863">
        <ele>271.38923499999999</ele>
        <time>2026-09-17T12:47:05Z</time>
      </trkpt>
      <trkpt lat="46.007627975195646" lon="11.136948997154832">
        <ele>270.35753599999998</ele>
        <time>2026-09-17T12:47:06Z</time>
      </trkpt>
      <trkpt lat="46.006713006645441" lon="11.136934999376535">
        <ele>259.12264900000002</ele>
        <time>2026-09-17T12:47:15Z</time>
      </trkpt>
      <trkpt lat="46.006566993892193" lon="11.136855036020279">
        <ele>257.20464399999997</ele>
        <time>2026-09-17T12:47:16Z</time>
      </trkpt>
      <trkpt lat="46.006315033882856" lon="11.136783035472035">
        <ele>254.05028300000001</ele>
        <time>2026-09-17T12:47:19Z</time>
      </trkpt>
      <trkpt lat="46.006235992535949" lon="11.136688990518451">
        <ele>252.791945</ele>
        <time>2026-09-17T12:47:20Z</time>
      </trkpt>
      <trkpt lat="46.006044968962669" lon="11.135414019227028">
        <ele>243.743605</ele>
        <time>2026-09-17T12:47:30Z</time>
      </trkpt>
      <trkpt lat="46.005888981744647" lon="11.134507013484836">
        <ele>237.30089599999999</ele>
        <time>2026-09-17T12:47:36Z</time>
      </trkpt>
      <trkpt lat="46.005836008116603" lon="11.134328981861472">
        <ele>235.96555599999999</ele>
        <time>2026-09-17T12:47:38Z</time>
      </trkpt>
      <trkpt lat="46.005738023668528" lon="11.134136030450463">
        <ele>234.42051499999999</ele>
        <time>2026-09-17T12:47:40Z</time>
      </trkpt>
      <trkpt lat="46.005661999806762" lon="11.134046008810401">
        <ele>233.74736200000001</ele>
        <time>2026-09-17T12:47:41Z</time>
      </trkpt>
      <trkpt lat="46.005317000672221" lon="11.133884992450476">
        <ele>231.26649800000001</ele>
        <time>2026-09-17T12:47:45Z</time>
      </trkpt>
      <trkpt lat="46.005290010944009" lon="11.133825983852148">
        <ele>230.93079399999999</ele>
        <time>2026-09-17T12:47:45Z</time>
      </trkpt>
      <trkpt lat="46.005255980417132" lon="11.133661027997732">
        <ele>230.113045</ele>
        <time>2026-09-17T12:47:47Z</time>
      </trkpt>
      <trkpt lat="46.005253968760371" lon="11.1335280071944">
        <ele>229.480964</ele>
        <time>2026-09-17T12:47:48Z</time>
      </trkpt>
      <trkpt lat="46.005315994843841" lon="11.133513003587723">
        <ele>229.050905</ele>
        <time>2026-09-17T12:47:48Z</time>
      </trkpt>
      <trkpt lat="46.005338961258531" lon="11.133462963625789">
        <ele>228.765962</ele>
        <time>2026-09-17T12:47:49Z</time>
      </trkpt>
      <trkpt lat="46.005337033420801" lon="11.133401021361351">
        <ele>228.47105999999999</ele>
        <time>2026-09-17T12:47:49Z</time>
      </trkpt>
      <trkpt lat="46.005329992622137" lon="11.133380988612771">
        <ele>228.36465000000001</ele>
        <time>2026-09-17T12:47:49Z</time>
      </trkpt>
      <trkpt lat="46.005319012328982" lon="11.133363973349333">
        <ele>228.25425899999999</ele>
        <time>2026-09-17T12:47:50Z</time>
      </trkpt>
      <trkpt lat="46.005412973463535" lon="11.133182002231479">
        <ele>227.17664500000001</ele>
        <time>2026-09-17T12:47:51Z</time>
      </trkpt>
      <trkpt lat="46.005810024216771" lon="11.132624018937349">
        <ele>223.381372</ele>
        <time>2026-09-17T12:47:58Z</time>
      </trkpt>
      <trkpt lat="46.005919994786382" lon="11.132310032844543">
        <ele>221.70350400000001</ele>
        <time>2026-09-17T12:48:00Z</time>
      </trkpt>
      <trkpt lat="46.005990989506245" lon="11.131913987919688">
        <ele>219.73909399999999</ele>
        <time>2026-09-17T12:48:04Z</time>
      </trkpt>
      <trkpt lat="46.006060978397727" lon="11.131518026813865">
        <ele>217.77640400000001</ele>
        <time>2026-09-17T12:48:07Z</time>
      </trkpt>
      <trkpt lat="46.006083022803068" lon="11.131002036854625">
        <ele>215.29329899999999</ele>
        <time>2026-09-17T12:48:11Z</time>
      </trkpt>
      <trkpt lat="46.006034994497895" lon="11.130595011636615">
        <ele>213.31042500000001</ele>
        <time>2026-09-17T12:48:14Z</time>
      </trkpt>
      <trkpt lat="46.006018985062838" lon="11.130528040230274">
        <ele>212.970123</ele>
        <time>2026-09-17T12:48:14Z</time>
      </trkpt>
      <trkpt lat="46.005965005606413" lon="11.130300974473357">
        <ele>211.81762599999999</ele>
        <time>2026-09-17T12:48:16Z</time>
      </trkpt>
      <trkpt lat="46.005783034488559" lon="11.129651041701436">
        <ele>208.83398299999999</ele>
        <time>2026-09-17T12:48:22Z</time>
      </trkpt>
      <trkpt lat="46.005694018676877" lon="11.129318028688431">
        <ele>207.570312</ele>
        <time>2026-09-17T12:48:24Z</time>
      </trkpt>
      <trkpt lat="46.005694018676877" lon="11.129186013713479">
        <ele>207.102811</ele>
        <time>2026-09-17T12:48:25Z</time>
      </trkpt>
      <trkpt lat="46.005706004798412" lon="11.129119964316487">
        <ele>206.861186</ele>
        <time>2026-09-17T12:48:26Z</time>
      </trkpt>
      <trkpt lat="46.005736012011766" lon="11.129000019282103">
        <ele>206.40949499999999</ele>
        <time>2026-09-17T12:48:27Z</time>
      </trkpt>
      <trkpt lat="46.005891999229789" lon="11.12871402874589">
        <ele>205.12158299999999</ele>
        <time>2026-09-17T12:48:30Z</time>
      </trkpt>
      <trkpt lat="46.005938015878201" lon="11.12865200266242">
        <ele>204.800286</ele>
        <time>2026-09-17T12:48:31Z</time>
      </trkpt>
      <trkpt lat="46.006085034459829" lon="11.128440024331212">
        <ele>203.73936</ele>
        <time>2026-09-17T12:48:34Z</time>
      </trkpt>
      <trkpt lat="46.006106995046139" lon="11.128410017117858">
        <ele>203.58485200000001</ele>
        <time>2026-09-17T12:48:35Z</time>
      </trkpt>
      <trkpt lat="46.006235992535949" lon="11.128268027678132">
        <ele>202.756857</ele>
        <time>2026-09-17T12:48:37Z</time>
      </trkpt>
      <trkpt lat="46.006380999460816" lon="11.128238020464778">
        <ele>202.00991200000001</ele>
        <time>2026-09-17T12:48:39Z</time>
      </trkpt>
      <trkpt lat="46.006503961980343" lon="11.128255035728216">
        <ele>201.37985699999999</ele>
        <time>2026-09-17T12:48:41Z</time>
      </trkpt>
      <trkpt lat="46.006705965846777" lon="11.128298034891486">
        <ele>200.49348599999999</ele>
        <time>2026-09-17T12:48:43Z</time>
      </trkpt>
      <trkpt lat="46.006770003587008" lon="11.128209019079804">
        <ele>200.21620999999999</ele>
        <time>2026-09-17T12:48:44Z</time>
      </trkpt>
      <trkpt lat="46.0067979991436" lon="11.128125032410026">
        <ele>200.014546</ele>
        <time>2026-09-17T12:48:45Z</time>
      </trkpt>
      <trkpt lat="46.006877962499857" lon="11.127763018012047">
        <ele>199.19232600000001</ele>
        <time>2026-09-17T12:48:49Z</time>
      </trkpt>
      <trkpt lat="46.006920039653778" lon="11.127717001363635">
        <ele>199.02788100000001</ele>
        <time>2026-09-17T12:48:49Z</time>
      </trkpt>
      <trkpt lat="46.007010983303189" lon="11.127723036333919">
        <ele>198.744011</ele>
        <time>2026-09-17T12:48:51Z</time>
      </trkpt>
      <trkpt lat="46.007020035758615" lon="11.127725970000029">
        <ele>198.71522400000001</ele>
        <time>2026-09-17T12:48:51Z</time>
      </trkpt>
      <trkpt lat="46.007289011031389" lon="11.127841975539923">
        <ele>197.84018</ele>
        <time>2026-09-17T12:48:55Z</time>
      </trkpt>
      <trkpt lat="46.007902985438704" lon="11.128051020205021">
        <ele>195.8741</ele>
        <time>2026-09-17T12:49:04Z</time>
      </trkpt>
      <trkpt lat="46.00821303203702" lon="11.128211030736566">
        <ele>194.816104</ele>
        <time>2026-09-17T12:49:09Z</time>
      </trkpt>
      <trkpt lat="46.00834496319294" lon="11.127446014434099">
        <ele>192.91910799999999</ele>
        <time>2026-09-17T12:49:16Z</time>
      </trkpt>
      <trkpt lat="46.008372036740184" lon="11.127310981974006">
        <ele>192.581019</ele>
        <time>2026-09-17T12:49:18Z</time>
      </trkpt>
      <trkpt lat="46.00890101864934" lon="11.12766302190721">
        <ele>190.56179</ele>
        <time>2026-09-17T12:49:25Z</time>
      </trkpt>
      <trkpt lat="46.008904036134481" lon="11.127738961949944">
        <ele>190.37859700000001</ele>
        <time>2026-09-17T12:49:25Z</time>
      </trkpt>
      <trkpt lat="46.008941000327468" lon="11.127784978598356">
        <ele>190.209214</ele>
        <time>2026-09-17T12:49:26Z</time>
      </trkpt>
      <trkpt lat="46.008977964520454" lon="11.127786990255117">
        <ele>190.08092099999999</ele>
        <time>2026-09-17T12:49:26Z</time>
      </trkpt>
      <trkpt lat="46.009019035845995" lon="11.127743991091847">
        <ele>189.90516600000001</ele>
        <time>2026-09-17T12:49:27Z</time>
      </trkpt>
      <trkpt lat="46.009024986997247" lon="11.127666961401701">
        <ele>189.71869899999999</ele>
        <time>2026-09-17T12:49:28Z</time>
      </trkpt>
      <trkpt lat="46.008975030854344" lon="11.127602001652122">
        <ele>189.48528200000001</ele>
        <time>2026-09-17T12:49:28Z</time>
      </trkpt>
      <trkpt lat="46.008997997269034" lon="11.127456994727254">
        <ele>189.12734800000001</ele>
        <time>2026-09-17T12:49:30Z</time>
      </trkpt>
      <trkpt lat="46.009060023352504" lon="11.127071008086205">
        <ele>188.38304099999999</ele>
        <time>2026-09-17T12:49:33Z</time>
      </trkpt>
      <trkpt lat="46.009233025833964" lon="11.125996029004455">
        <ele>186.492627</ele>
        <time>2026-09-17T12:49:43Z</time>
      </trkpt>
      <trkpt lat="46.009301003068686" lon="11.125564025714993">
        <ele>185.73378400000001</ele>
        <time>2026-09-17T12:49:47Z</time>
      </trkpt>
      <trkpt lat="46.009317012503743" lon="11.125466041266918">
        <ele>185.56132099999999</ele>
        <time>2026-09-17T12:49:48Z</time>
      </trkpt>
      <trkpt lat="46.009327992796898" lon="11.125399991869926">
        <ele>185.445044</ele>
        <time>2026-09-17T12:49:49Z</time>
      </trkpt>
      <trkpt lat="46.009362023323774" lon="11.125183990225196">
        <ele>185.06562400000001</ele>
        <time>2026-09-17T12:49:51Z</time>
      </trkpt>
      <trkpt lat="46.00937400944531" lon="11.125116012990475">
        <ele>184.94542899999999</ele>
        <time>2026-09-17T12:49:52Z</time>
      </trkpt>
      <trkpt lat="46.009377026930451" lon="11.125094974413514">
        <ele>184.90870000000001</ele>
        <time>2026-09-17T12:49:52Z</time>
      </trkpt>
      <trkpt lat="46.009419020265341" lon="11.124825999140739">
        <ele>184.452079</ele>
        <time>2026-09-17T12:49:54Z</time>
      </trkpt>
      <trkpt lat="46.009435029700398" lon="11.124726003035903">
        <ele>184.37896900000001</ele>
        <time>2026-09-17T12:49:55Z</time>
      </trkpt>
      <trkpt lat="46.009474005550146" lon="11.124487034976482">
        <ele>184.20406</ele>
        <time>2026-09-17T12:49:58Z</time>
      </trkpt>
      <trkpt lat="46.009592022746801" lon="11.123667033389211">
        <ele>183.60745600000001</ele>
        <time>2026-09-17T12:50:06Z</time>
      </trkpt>
      <trkpt lat="46.009593028575182" lon="11.123647000640631">
        <ele>183.59316999999999</ele>
        <time>2026-09-17T12:50:07Z</time>
      </trkpt>
      <trkpt lat="46.009451961144805" lon="11.123636020347476">
        <ele>183.44832500000001</ele>
        <time>2026-09-17T12:50:09Z</time>
      </trkpt>
      <trkpt lat="46.00810800679028" lon="11.123594027012587">
        <ele>182.42798099999999</ele>
        <time>2026-09-17T12:50:29Z</time>
      </trkpt>
      <trkpt lat="46.00707502104342" lon="11.123606013134122">
        <ele>182.06062399999999</ele>
        <time>2026-09-17T12:50:46Z</time>
      </trkpt>
      <trkpt lat="46.006825994700193" lon="11.123702991753817">
        <ele>181.972093</ele>
        <time>2026-09-17T12:50:51Z</time>
      </trkpt>
      <trkpt lat="46.006318973377347" lon="11.123628979548812">
        <ele>181.85027199999999</ele>
        <time>2026-09-17T12:50:59Z</time>
      </trkpt>
      <trkpt lat="46.005999958142638" lon="11.123525965958834">
        <ele>181.772119</ele>
        <time>2026-09-17T12:51:05Z</time>
      </trkpt>
      <trkpt lat="46.005478017032146" lon="11.123289009556174">
        <ele>181.64127500000001</ele>
        <time>2026-09-17T12:51:14Z</time>
      </trkpt>
      <trkpt lat="46.005015000700951" lon="11.123196976259351">
        <ele>181.527647</ele>
        <time>2026-09-17T12:51:21Z</time>
      </trkpt>
      <trkpt lat="45.999937998130918" lon="11.122491974383593">
        <ele>180.31172699999999</ele>
        <time>2026-09-17T12:52:45Z</time>
      </trkpt>
      <trkpt lat="45.997286969795823" lon="11.122109005227685">
        <ele>180.69211200000001</ele>
        <time>2026-09-17T12:53:32Z</time>
      </trkpt>
      <trkpt lat="45.996560007333755" lon="11.121956035494804">
        <ele>180.98345900000001</ele>
        <time>2026-09-17T12:53:46Z</time>
      </trkpt>
      <trkpt lat="45.995837990194559" lon="11.121731987223029">
        <ele>181.17847</ele>
        <time>2026-09-17T12:54:01Z</time>
      </trkpt>
      <trkpt lat="45.99551503546536" lon="11.121600978076458">
        <ele>181.21050500000001</ele>
        <time>2026-09-17T12:54:07Z</time>
      </trkpt>
      <trkpt lat="45.994661003351212" lon="11.121169980615377">
        <ele>181.296896</ele>
        <time>2026-09-17T12:54:23Z</time>
      </trkpt>
      <trkpt lat="45.991532960906625" lon="11.119270976632833">
        <ele>180.63138900000001</ele>
        <time>2026-09-17T12:55:18Z</time>
      </trkpt>
      <trkpt lat="45.990999033674598" lon="11.118927989155054">
        <ele>180.58294599999999</ele>
        <time>2026-09-17T12:55:28Z</time>
      </trkpt>
      <trkpt lat="45.99033803679049" lon="11.118436977267265">
        <ele>180.70769999999999</ele>
        <time>2026-09-17T12:55:42Z</time>
      </trkpt>
      <trkpt lat="45.989696988835931" lon="11.117905983701348">
        <ele>180.83174299999999</ele>
        <time>2026-09-17T12:55:55Z</time>
      </trkpt>
      <trkpt lat="45.988430986180902" lon="11.116734025999904">
        <ele>180.784899</ele>
        <time>2026-09-17T12:56:21Z</time>
      </trkpt>
      <trkpt lat="45.985388020053506" lon="11.113842017948627">
        <ele>179.95380399999999</ele>
        <time>2026-09-17T12:57:21Z</time>
      </trkpt>
      <trkpt lat="45.984993986785412" lon="11.113576982170343">
        <ele>179.852497</ele>
        <time>2026-09-17T12:57:28Z</time>
      </trkpt>
      <trkpt lat="45.984865995123982" lon="11.113356035202742">
        <ele>179.81431799999999</ele>
        <time>2026-09-17T12:57:31Z</time>
      </trkpt>
      <trkpt lat="45.984786031767726" lon="11.113265007734299">
        <ele>179.79484400000001</ele>
        <time>2026-09-17T12:57:33Z</time>
      </trkpt>
      <trkpt lat="45.983073022216558" lon="11.111694993451238">
        <ele>179.452572</ele>
        <time>2026-09-17T12:58:07Z</time>
      </trkpt>
      <trkpt lat="45.981983039528131" lon="11.111001977697015">
        <ele>179.32216600000001</ele>
        <time>2026-09-17T12:58:27Z</time>
      </trkpt>
      <trkpt lat="45.980687029659748" lon="11.110445000231266">
        <ele>179.19570100000001</ele>
        <time>2026-09-17T12:58:50Z</time>
      </trkpt>
      <trkpt lat="45.97675901837647" lon="11.109814010560513">
        <ele>178.30274600000001</ele>
        <time>2026-09-17T12:59:55Z</time>
      </trkpt>
      <trkpt lat="45.974621968343854" lon="11.109543023630977">
        <ele>178.38624899999999</ele>
        <time>2026-09-17T13:00:32Z</time>
      </trkpt>
      <trkpt lat="45.973675986751914" lon="11.109412014484406">
        <ele>178.404595</ele>
        <time>2026-09-17T13:00:48Z</time>
      </trkpt>
      <trkpt lat="45.966395968571305" lon="11.108361007645726">
        <ele>177.70057600000001</ele>
        <time>2026-09-17T13:02:51Z</time>
      </trkpt>
      <trkpt lat="45.96563003025949" lon="11.108331000432372">
        <ele>177.73375100000001</ele>
        <time>2026-09-17T13:03:05Z</time>
      </trkpt>
      <trkpt lat="45.964844981208444" lon="11.108353966847062">
        <ele>177.91198299999999</ele>
        <time>2026-09-17T13:03:19Z</time>
      </trkpt>
      <trkpt lat="45.963473031297326" lon="11.10862797126174">
        <ele>178.45944600000001</ele>
        <time>2026-09-17T13:03:44Z</time>
      </trkpt>
      <trkpt lat="45.96118401736021" lon="11.108981017023325">
        <ele>180.578564</ele>
        <time>2026-09-17T13:04:32Z</time>
      </trkpt>
      <trkpt lat="45.959919020533562" lon="11.109372032806277">
        <ele>182.432489</ele>
        <time>2026-09-17T13:05:06Z</time>
      </trkpt>
      <trkpt lat="45.959156015887856" lon="11.109539000317454">
        <ele>183.68950699999999</ele>
        <time>2026-09-17T13:05:26Z</time>
      </trkpt>
      <trkpt lat="45.958609012886882" lon="11.109570013359189">
        <ele>184.221687</ele>
        <time>2026-09-17T13:05:38Z</time>
      </trkpt>
      <trkpt lat="45.957514001056552" lon="11.109460964798927">
        <ele>183.16333900000001</ele>
        <time>2026-09-17T13:05:55Z</time>
      </trkpt>
      <trkpt lat="45.956762982532382" lon="11.109297014772892">
        <ele>182.22485599999999</ele>
        <time>2026-09-17T13:06:05Z</time>
      </trkpt>
      <trkpt lat="45.956298960372806" lon="11.109083024784923">
        <ele>181.24586500000001</ele>
        <time>2026-09-17T13:06:11Z</time>
      </trkpt>
      <trkpt lat="45.955652967095375" lon="11.10871204175055">
        <ele>179.848331</ele>
        <time>2026-09-17T13:06:21Z</time>
      </trkpt>
      <trkpt lat="45.955194979906082" lon="11.108338963240385">
        <ele>178.946834</ele>
        <time>2026-09-17T13:06:28Z</time>
      </trkpt>
      <trkpt lat="45.954743027687073" lon="11.107916012406349">
        <ele>178.64406099999999</ele>
        <time>2026-09-17T13:06:37Z</time>
      </trkpt>
      <trkpt lat="45.952339014038444" lon="11.105228019878268">
        <ele>177.57762700000001</ele>
        <time>2026-09-17T13:07:27Z</time>
      </trkpt>
      <trkpt lat="45.951628983020782" lon="11.104576997458935">
        <ele>177.626273</ele>
        <time>2026-09-17T13:07:41Z</time>
      </trkpt>
      <trkpt lat="45.951246013864875" lon="11.104303998872638">
        <ele>177.650969</ele>
        <time>2026-09-17T13:07:49Z</time>
      </trkpt>
      <trkpt lat="45.950762964785099" lon="11.104062013328075">
        <ele>177.68862899999999</ele>
        <time>2026-09-17T13:07:58Z</time>
      </trkpt>
      <trkpt lat="45.945981005206704" lon="11.101962011307478">
        <ele>177.93233699999999</ele>
        <time>2026-09-17T13:09:27Z</time>
      </trkpt>
      <trkpt lat="45.945436013862491" lon="11.101706027984619">
        <ele>177.569051</ele>
        <time>2026-09-17T13:09:35Z</time>
      </trkpt>
      <trkpt lat="45.94534900970757" lon="11.101619023829699">
        <ele>177.44739000000001</ele>
        <time>2026-09-17T13:09:37Z</time>
      </trkpt>
      <trkpt lat="45.945618990808725" lon="11.100471038371325">
        <ele>176.479893</ele>
        <time>2026-09-17T13:09:53Z</time>
      </trkpt>
      <trkpt lat="45.942294979467988" lon="11.098971012979746">
        <ele>174.83745500000001</ele>
        <time>2026-09-17T13:10:48Z</time>
      </trkpt>
      <trkpt lat="45.941704977303743" lon="11.098621990531683">
        <ele>174.720133</ele>
        <time>2026-09-17T13:11:00Z</time>
      </trkpt>
      <trkpt lat="45.940993018448353" lon="11.098050009459257">
        <ele>174.747972</ele>
        <time>2026-09-17T13:11:14Z</time>
      </trkpt>
      <trkpt lat="45.940744997933507" lon="11.09782001003623">
        <ele>174.76420400000001</ele>
        <time>2026-09-17T13:11:19Z</time>
      </trkpt>
      <trkpt lat="45.940651036798954" lon="11.097692018374801">
        <ele>174.77132499999999</ele>
        <time>2026-09-17T13:11:21Z</time>
      </trkpt>
      <trkpt lat="45.940431011840701" lon="11.097403010353446">
        <ele>174.78771599999999</ele>
        <time>2026-09-17T13:11:33Z</time>
      </trkpt>
      <trkpt lat="45.940366974100471" lon="11.097350036725402">
        <ele>174.79177899999999</ele>
        <time>2026-09-17T13:11:34Z</time>
      </trkpt>
      <trkpt lat="45.94019397161901" lon="11.097149960696697">
        <ele>174.803989</ele>
        <time>2026-09-17T13:11:38Z</time>
      </trkpt>
      <trkpt lat="45.939878979697824" lon="11.09665903262794">
        <ele>174.823722</ele>
        <time>2026-09-17T13:11:46Z</time>
      </trkpt>
      <trkpt lat="45.939287971705198" lon="11.095439968630672">
        <ele>174.866533</ele>
        <time>2026-09-17T13:12:04Z</time>
      </trkpt>
      <trkpt lat="45.937362983822823" lon="11.090634036809206">
        <ele>174.82736700000001</ele>
        <time>2026-09-17T13:13:09Z</time>
      </trkpt>
      <trkpt lat="45.937171960249543" lon="11.090320972725749">
        <ele>174.79441499999999</ele>
        <time>2026-09-17T13:13:14Z</time>
      </trkpt>
      <trkpt lat="45.936757978051901" lon="11.08976298943162">
        <ele>174.70853600000001</ele>
        <time>2026-09-17T13:13:24Z</time>
      </trkpt>
      <trkpt lat="45.928862979635596" lon="11.08157797716558">
        <ele>173.49506700000001</ele>
        <time>2026-09-17T13:16:06Z</time>
      </trkpt>
      <trkpt lat="45.928652007132769" lon="11.081347977742553">
        <ele>173.500215</ele>
        <time>2026-09-17T13:16:12Z</time>
      </trkpt>
      <trkpt lat="45.92846198938787" lon="11.081087971106172">
        <ele>173.75335799999999</ele>
        <time>2026-09-17T13:16:17Z</time>
      </trkpt>
      <trkpt lat="45.928197959437966" lon="11.080659991130233">
        <ele>174.15806499999999</ele>
        <time>2026-09-17T13:16:25Z</time>
      </trkpt>
      <trkpt lat="45.928023029118776" lon="11.080259000882506">
        <ele>174.492976</ele>
        <time>2026-09-17T13:16:33Z</time>
      </trkpt>
      <trkpt lat="45.927957985550165" lon="11.080192029476166">
        <ele>174.57432499999999</ele>
        <time>2026-09-17T13:16:35Z</time>
      </trkpt>
      <trkpt lat="45.927892019972205" lon="11.080280039459467">
        <ele>174.66587999999999</ele>
        <time>2026-09-17T13:16:36Z</time>
      </trkpt>
      <trkpt lat="45.927214007824659" lon="11.081165000796318">
        <ele>175.272684</ele>
        <time>2026-09-17T13:17:17Z</time>
      </trkpt>
      <trkpt lat="45.927130021154881" lon="11.081256028264761">
        <ele>175.249787</ele>
        <time>2026-09-17T13:17:19Z</time>
      </trkpt>
      <trkpt lat="45.927047040313482" lon="11.081258039921522">
        <ele>175.23171600000001</ele>
        <time>2026-09-17T13:17:20Z</time>
      </trkpt>
      <trkpt lat="45.926980990916491" lon="11.081181010231376">
        <ele>175.213213</ele>
        <time>2026-09-17T13:17:21Z</time>
      </trkpt>
      <trkpt lat="45.926913013681769" lon="11.080836011096835">
        <ele>175.158916</ele>
        <time>2026-09-17T13:17:26Z</time>
      </trkpt>
      <trkpt lat="45.926784016191959" lon="11.080692010000348">
        <ele>175.12336199999999</ele>
        <time>2026-09-17T13:17:28Z</time>
      </trkpt>
      <trkpt lat="45.926650995388627" lon="11.080303005874157">
        <ele>175.057728</ele>
        <time>2026-09-17T13:17:33Z</time>
      </trkpt>
      <trkpt lat="45.926541024819016" lon="11.080136960372329">
        <ele>175.023011</ele>
        <time>2026-09-17T13:17:35Z</time>
      </trkpt>
      <trkpt lat="45.926419990137219" lon="11.079953983426094">
        <ele>174.984779</ele>
        <time>2026-09-17T13:17:38Z</time>
      </trkpt>
      <trkpt lat="45.926327034831047" lon="11.079688025638461">
        <ele>174.93969899999999</ele>
        <time>2026-09-17T13:17:41Z</time>
      </trkpt>
      <trkpt lat="45.926270959898829" lon="11.079320982098579">
        <ele>174.76613399999999</ele>
        <time>2026-09-17T13:17:45Z</time>
      </trkpt>
      <trkpt lat="45.926054958254099" lon="11.078746989369392">
        <ele>174.45979700000001</ele>
        <time>2026-09-17T13:17:51Z</time>
      </trkpt>
      <trkpt lat="45.925838034600019" lon="11.07805497944355">
        <ele>174.103487</ele>
        <time>2026-09-17T13:17:59Z</time>
      </trkpt>
      <trkpt lat="45.925570987164974" lon="11.07697899453342">
        <ele>173.76109099999999</ele>
        <time>2026-09-17T13:18:13Z</time>
      </trkpt>
      <trkpt lat="45.925478031858802" lon="11.07644003815949">
        <ele>173.82156000000001</ele>
        <time>2026-09-17T13:18:20Z</time>
      </trkpt>
      <trkpt lat="45.925382981076837" lon="11.075565973296762">
        <ele>173.91788399999999</ele>
        <time>2026-09-17T13:18:31Z</time>
      </trkpt>
      <trkpt lat="45.925316009670496" lon="11.074688974767923">
        <ele>173.99729199999999</ele>
        <time>2026-09-17T13:18:42Z</time>
      </trkpt>
      <trkpt lat="45.925362026318908" lon="11.072887033224106">
        <ele>173.774462</ele>
        <time>2026-09-17T13:19:03Z</time>
      </trkpt>
      <trkpt lat="45.92543201521039" lon="11.072116987779737">
        <ele>173.681389</ele>
        <time>2026-09-17T13:19:12Z</time>
      </trkpt>
      <trkpt lat="45.925553971901536" lon="11.071278965100646">
        <ele>173.613238</ele>
        <time>2026-09-17T13:19:22Z</time>
      </trkpt>
      <trkpt lat="45.925584984943271" lon="11.07094100676477">
        <ele>173.58609999999999</ele>
        <time>2026-09-17T13:19:26Z</time>
      </trkpt>
      <trkpt lat="45.925682969391346" lon="11.070423005148768">
        <ele>173.54336900000001</ele>
        <time>2026-09-17T13:19:32Z</time>
      </trkpt>
      <trkpt lat="45.926696006208658" lon="11.066325008869171">
        <ele>173.33901700000001</ele>
        <time>2026-09-17T13:20:24Z</time>
      </trkpt>
      <trkpt lat="45.926860040053725" lon="11.065554963424802">
        <ele>173.27184299999999</ele>
        <time>2026-09-17T13:20:33Z</time>
      </trkpt>
      <trkpt lat="45.926970010623336" lon="11.064791036769748">
        <ele>173.206763</ele>
        <time>2026-09-17T13:20:42Z</time>
      </trkpt>
      <trkpt lat="45.927032036706805" lon="11.063971035182476">
        <ele>173.21757099999999</ele>
        <time>2026-09-17T13:20:51Z</time>
      </trkpt>
      <trkpt lat="45.927057014778256" lon="11.063361000269651">
        <ele>173.22729100000001</ele>
        <time>2026-09-17T13:20:59Z</time>
      </trkpt>
      <trkpt lat="45.927045028656721" lon="11.062666978687048">
        <ele>173.23833200000001</ele>
        <time>2026-09-17T13:21:07Z</time>
      </trkpt>
      <trkpt lat="45.926946960389614" lon="11.061429977416992">
        <ele>173.39958799999999</ele>
        <time>2026-09-17T13:21:23Z</time>
      </trkpt>
      <trkpt lat="45.926791978999972" lon="11.060606958344579">
        <ele>173.57060300000001</ele>
        <time>2026-09-17T13:21:34Z</time>
      </trkpt>
      <trkpt lat="45.926552005112171" lon="11.059700036421418">
        <ele>173.76471599999999</ele>
        <time>2026-09-17T13:21:46Z</time>
      </trkpt>
      <trkpt lat="45.92622896656394" lon="11.058908030390739">
        <ele>173.798698</ele>
        <time>2026-09-17T13:21:58Z</time>
      </trkpt>
      <trkpt lat="45.925495969131589" lon="11.057611014693975">
        <ele>173.858643</ele>
        <time>2026-09-17T13:22:18Z</time>
      </trkpt>
      <trkpt lat="45.925105959177017" lon="11.057017995044589">
        <ele>173.65406999999999</ele>
        <time>2026-09-17T13:22:27Z</time>
      </trkpt>
      <trkpt lat="45.925043011084199" lon="11.056874999776483">
        <ele>173.611638</ele>
        <time>2026-09-17T13:22:29Z</time>
      </trkpt>
      <trkpt lat="45.924933040514588" lon="11.056613987311721">
        <ele>173.53513899999999</ele>
        <time>2026-09-17T13:22:33Z</time>
      </trkpt>
      <trkpt lat="45.923882033675909" lon="11.054798969998956">
        <ele>173.0181</ele>
        <time>2026-09-17T13:22:59Z</time>
      </trkpt>
      <trkpt lat="45.92261703684926" lon="11.053063999861479">
        <ele>172.87955600000001</ele>
        <time>2026-09-17T13:23:28Z</time>
      </trkpt>
      <trkpt lat="45.921090021729469" lon="11.051293993368745">
        <ele>173.22266200000001</ele>
        <time>2026-09-17T13:24:05Z</time>
      </trkpt>
      <trkpt lat="45.920404968783259" lon="11.050614975392818">
        <ele>173.34792300000001</ele>
        <time>2026-09-17T13:24:19Z</time>
      </trkpt>
      <trkpt lat="45.92019097879529" lon="11.050247009843588">
        <ele>173.24739700000001</ele>
        <time>2026-09-17T13:24:25Z</time>
      </trkpt>
      <trkpt lat="45.919801974669099" lon="11.049345033243299">
        <ele>172.866399</ele>
        <time>2026-09-17T13:24:36Z</time>
      </trkpt>
      <trkpt lat="45.918960012495518" lon="11.047981968149543">
        <ele>172.275113</ele>
        <time>2026-09-17T13:24:56Z</time>
      </trkpt>
      <trkpt lat="45.917129991576076" lon="11.044030990451574">
        <ele>171.42800199999999</ele>
        <time>2026-09-17T13:25:50Z</time>
      </trkpt>
      <trkpt lat="45.916405962780118" lon="11.0428830049932">
        <ele>171.62685999999999</ele>
        <time>2026-09-17T13:26:09Z</time>
      </trkpt>
      <trkpt lat="45.915973959490657" lon="11.042328961193562">
        <ele>171.73365899999999</ele>
        <time>2026-09-17T13:26:20Z</time>
      </trkpt>
      <trkpt lat="45.915470039471984" lon="11.04176796041429">
        <ele>172.038128</ele>
        <time>2026-09-17T13:26:33Z</time>
      </trkpt>
      <trkpt lat="45.914275031536818" lon="11.040636990219355">
        <ele>172.79396600000001</ele>
        <time>2026-09-17T13:27:00Z</time>
      </trkpt>
      <trkpt lat="45.914224991574883" lon="11.040573036298156">
        <ele>172.84373199999999</ele>
        <time>2026-09-17T13:27:02Z</time>
      </trkpt>
      <trkpt lat="45.914072021842003" lon="11.040198029950261">
        <ele>173.06854300000001</ele>
        <time>2026-09-17T13:27:08Z</time>
      </trkpt>
      <trkpt lat="45.914021981880069" lon="11.040179003030062">
        <ele>173.10698500000001</ele>
        <time>2026-09-17T13:27:09Z</time>
      </trkpt>
      <trkpt lat="45.9139150287956" lon="11.040148995816708">
        <ele>173.188016</ele>
        <time>2026-09-17T13:27:13Z</time>
      </trkpt>
      <trkpt lat="45.913749989122152" lon="11.039885971695185">
        <ele>173.37115399999999</ele>
        <time>2026-09-17T13:27:19Z</time>
      </trkpt>
      <trkpt lat="45.913509009405971" lon="11.039661001414061">
        <ele>173.58475999999999</ele>
        <time>2026-09-17T13:27:25Z</time>
      </trkpt>
      <trkpt lat="45.913402978330851" lon="11.039563016965985">
        <ele>173.67844099999999</ele>
        <time>2026-09-17T13:27:28Z</time>
      </trkpt>
      <trkpt lat="45.912528997287154" lon="11.038747038692236">
        <ele>173.983926</ele>
        <time>2026-09-17T13:27:49Z</time>
      </trkpt>
      <trkpt lat="45.91247602365911" lon="11.038780985400081">
        <ele>173.98817199999999</ele>
        <time>2026-09-17T13:27:50Z</time>
      </trkpt>
      <trkpt lat="45.912334034219384" lon="11.038632038980722">
        <ele>174.00103200000001</ele>
        <time>2026-09-17T13:27:52Z</time>
      </trkpt>
      <trkpt lat="45.91206799261272" lon="11.038301959633827">
        <ele>174.026734</ele>
        <time>2026-09-17T13:27:58Z</time>
      </trkpt>
      <trkpt lat="45.911862971261144" lon="11.038182014599442">
        <ele>174.042925</ele>
        <time>2026-09-17T13:28:02Z</time>
      </trkpt>
      <trkpt lat="45.911773033440113" lon="11.038202969357371">
        <ele>174.04959400000001</ele>
        <time>2026-09-17T13:28:03Z</time>
      </trkpt>
      <trkpt lat="45.911713019013405" lon="11.038266001269221">
        <ele>174.05502999999999</ele>
        <time>2026-09-17T13:28:04Z</time>
      </trkpt>
      <trkpt lat="45.911653004586697" lon="11.038116971030831">
        <ele>174.06379100000001</ele>
        <time>2026-09-17T13:28:06Z</time>
      </trkpt>
      <trkpt lat="45.911599025130272" lon="11.038066009059548">
        <ele>174.064111</ele>
        <time>2026-09-17T13:28:07Z</time>
      </trkpt>
      <trkpt lat="45.911384029313922" lon="11.037956960499287">
        <ele>174.06344999999999</ele>
        <time>2026-09-17T13:28:11Z</time>
      </trkpt>
      <trkpt lat="45.910621024668217" lon="11.03777096606791">
        <ele>174.061205</ele>
        <time>2026-09-17T13:28:24Z</time>
      </trkpt>
      <trkpt lat="45.909591978415847" lon="11.036949036642909">
        <ele>173.95643200000001</ele>
        <time>2026-09-17T13:28:46Z</time>
      </trkpt>
      <trkpt lat="45.908855041489005" lon="11.03656598366797">
        <ele>173.77298400000001</ele>
        <time>2026-09-17T13:28:59Z</time>
      </trkpt>
      <trkpt lat="45.908635016530752" lon="11.036125011742115">
        <ele>173.68460400000001</ele>
        <time>2026-09-17T13:29:05Z</time>
      </trkpt>
      <trkpt lat="45.907936971634626" lon="11.03501801379025">
        <ele>173.19676799999999</ele>
        <time>2026-09-17T13:29:21Z</time>
      </trkpt>
      <trkpt lat="45.907801017165184" lon="11.034861020743847">
        <ele>173.105189</ele>
        <time>2026-09-17T13:29:23Z</time>
      </trkpt>
      <trkpt lat="45.907712001353502" lon="11.034816009923816">
        <ele>173.05565899999999</ele>
        <time>2026-09-17T13:29:25Z</time>
      </trkpt>
      <trkpt lat="45.906049031764269" lon="11.034971997141838">
        <ele>172.62179499999999</ele>
        <time>2026-09-17T13:29:52Z</time>
      </trkpt>
      <trkpt lat="45.90517396107316" lon="11.034816009923816">
        <ele>172.55768900000001</ele>
        <time>2026-09-17T13:30:08Z</time>
      </trkpt>
      <trkpt lat="45.904134018346667" lon="11.034519039094448">
        <ele>172.49445800000001</ele>
        <time>2026-09-17T13:30:26Z</time>
      </trkpt>
      <trkpt lat="45.903236987069249" lon="11.034211004152894">
        <ele>172.332099</ele>
        <time>2026-09-17T13:30:41Z</time>
      </trkpt>
      <trkpt lat="45.902452021837234" lon="11.033894000574946">
        <ele>171.92503400000001</ele>
        <time>2026-09-17T13:30:54Z</time>
      </trkpt>
      <trkpt lat="45.902129989117384" lon="11.033694008365273">
        <ele>171.74991199999999</ele>
        <time>2026-09-17T13:31:00Z</time>
      </trkpt>
      <trkpt lat="45.902409022673965" lon="11.032572006806731">
        <ele>171.318692</ele>
        <time>2026-09-17T13:31:13Z</time>
      </trkpt>
      <trkpt lat="45.902549000456929" lon="11.032007988542318">
        <ele>171.09431599999999</ele>
        <time>2026-09-17T13:31:19Z</time>
      </trkpt>
      <trkpt lat="45.902547994628549" lon="11.031810007989407">
        <ele>171.02012300000001</ele>
        <time>2026-09-17T13:31:21Z</time>
      </trkpt>
      <trkpt lat="45.902429977431893" lon="11.031019007787108">
        <ele>170.71699899999999</ele>
        <time>2026-09-17T13:31:30Z</time>
      </trkpt>
      <trkpt lat="45.902409022673965" lon="11.030896967276931">
        <ele>170.66990699999999</ele>
        <time>2026-09-17T13:31:32Z</time>
      </trkpt>
      <trkpt lat="45.902327969670296" lon="11.030759001150727">
        <ele>170.60226</ele>
        <time>2026-09-17T13:31:34Z</time>
      </trkpt>
      <trkpt lat="45.901331026107073" lon="11.030186014249921">
        <ele>170.61585400000001</ele>
        <time>2026-09-17T13:31:52Z</time>
      </trkpt>
      <trkpt lat="45.9011310338974" lon="11.030027009546757">
        <ele>170.62202099999999</ele>
        <time>2026-09-17T13:31:56Z</time>
      </trkpt>
      <trkpt lat="45.900803972035646" lon="11.02969198487699">
        <ele>170.632857</ele>
        <time>2026-09-17T13:32:03Z</time>
      </trkpt>
      <trkpt lat="45.900229979306459" lon="11.029293006286025">
        <ele>170.877106</ele>
        <time>2026-09-17T13:32:15Z</time>
      </trkpt>
      <trkpt lat="45.898862974718213" lon="11.027829023078084">
        <ele>171.61065400000001</ele>
        <time>2026-09-17T13:32:48Z</time>
      </trkpt>
      <trkpt lat="45.898759961128235" lon="11.027658032253385">
        <ele>171.660686</ele>
        <time>2026-09-17T13:32:51Z</time>
      </trkpt>
      <trkpt lat="45.898645967245102" lon="11.027314038947225">
        <ele>171.74497700000001</ele>
        <time>2026-09-17T13:32:56Z</time>
      </trkpt>
      <trkpt lat="45.898289987817407" lon="11.026460006833076">
        <ele>171.96521000000001</ele>
        <time>2026-09-17T13:33:09Z</time>
      </trkpt>
      <trkpt lat="45.897928979247808" lon="11.025705970823765">
        <ele>172.12641199999999</ele>
        <time>2026-09-17T13:33:20Z</time>
      </trkpt>
      <trkpt lat="45.897665033116937" lon="11.025219988077879">
        <ele>172.21566300000001</ele>
        <time>2026-09-17T13:33:28Z</time>
      </trkpt>
      <trkpt lat="45.897439979016781" lon="11.024711960926652">
        <ele>172.30283499999999</ele>
        <time>2026-09-17T13:33:35Z</time>
      </trkpt>
      <trkpt lat="45.897374013438821" lon="11.024482967332006">
        <ele>172.338717</ele>
        <time>2026-09-17T13:33:39Z</time>
      </trkpt>
      <trkpt lat="45.89726303704083" lon="11.024291021749377">
        <ele>172.374852</ele>
        <time>2026-09-17T13:33:42Z</time>
      </trkpt>
      <trkpt lat="45.896391989663243" lon="11.023226017132401">
        <ele>172.33727999999999</ele>
        <time>2026-09-17T13:34:03Z</time>
      </trkpt>
      <trkpt lat="45.895822020247579" lon="11.022574994713068">
        <ele>172.269521</ele>
        <time>2026-09-17T13:34:15Z</time>
      </trkpt>
      <trkpt lat="45.895715989172459" lon="11.02223502472043">
        <ele>172.17419599999999</ele>
        <time>2026-09-17T13:34:19Z</time>
      </trkpt>
      <trkpt lat="45.894599016755819" lon="11.020775986835361">
        <ele>170.99777399999999</ele>
        <time>2026-09-17T13:34:41Z</time>
      </trkpt>
      <trkpt lat="45.894057964906096" lon="11.020152037963271">
        <ele>170.748637</ele>
        <time>2026-09-17T13:34:52Z</time>
      </trkpt>
      <trkpt lat="45.893855039030313" lon="11.019879961386323">
        <ele>170.691474</ele>
        <time>2026-09-17T13:34:57Z</time>
      </trkpt>
      <trkpt lat="45.893360003829002" lon="11.019063983112574">
        <ele>170.53632500000001</ele>
        <time>2026-09-17T13:35:09Z</time>
      </trkpt>
      <trkpt lat="45.893217008560896" lon="11.018757037818432">
        <ele>170.48337599999999</ele>
        <time>2026-09-17T13:35:14Z</time>
      </trkpt>
      <trkpt lat="45.893031014129519" lon="11.018484039232135">
        <ele>170.598479</ele>
        <time>2026-09-17T13:35:19Z</time>
      </trkpt>
      <trkpt lat="45.892779976129532" lon="11.018196037039161">
        <ele>170.73922200000001</ele>
        <time>2026-09-17T13:35:25Z</time>
      </trkpt>
      <trkpt lat="45.892274966463447" lon="11.017736038193107">
        <ele>171.00121100000001</ele>
        <time>2026-09-17T13:35:36Z</time>
      </trkpt>
      <trkpt lat="45.891264025121927" lon="11.016960041597486">
        <ele>171.45700600000001</ele>
        <time>2026-09-17T13:35:59Z</time>
      </trkpt>
      <trkpt lat="45.890371017158031" lon="11.016421001404524">
        <ele>171.796626</ele>
        <time>2026-09-17T13:36:17Z</time>
      </trkpt>
      <trkpt lat="45.889847986400127" lon="11.016299966722727">
        <ele>171.71162699999999</ele>
        <time>2026-09-17T13:36:26Z</time>
      </trkpt>
      <trkpt lat="45.889364015311003" lon="11.016271971166134">
        <ele>171.31166999999999</ele>
        <time>2026-09-17T13:36:34Z</time>
      </trkpt>
      <trkpt lat="45.888977022841573" lon="11.016146996989846">
        <ele>170.98415199999999</ele>
        <time>2026-09-17T13:36:40Z</time>
      </trkpt>
      <trkpt lat="45.888657001778483" lon="11.016165018081665">
        <ele>170.719729</ele>
        <time>2026-09-17T13:36:45Z</time>
      </trkpt>
      <trkpt lat="45.888494979590178" lon="11.016173986718059">
        <ele>170.585868</ele>
        <time>2026-09-17T13:36:47Z</time>
      </trkpt>
      <trkpt lat="45.88830797933042" lon="11.016166023910046">
        <ele>170.43139500000001</ele>
        <time>2026-09-17T13:36:50Z</time>
      </trkpt>
      <trkpt lat="45.887972032651305" lon="11.0160699672997">
        <ele>170.14254800000001</ele>
        <time>2026-09-17T13:36:55Z</time>
      </trkpt>
      <trkpt lat="45.887634996324778" lon="11.015907023102045">
        <ele>169.84239099999999</ele>
        <time>2026-09-17T13:37:00Z</time>
      </trkpt>
      <trkpt lat="45.887159993872046" lon="11.015967959538102">
        <ele>169.43983600000001</ele>
        <time>2026-09-17T13:37:07Z</time>
      </trkpt>
      <trkpt lat="45.886675016954541" lon="11.016124030575156">
        <ele>169.02030199999999</ele>
        <time>2026-09-17T13:37:15Z</time>
      </trkpt>
      <trkpt lat="45.886244019493461" lon="11.016357969492674">
        <ele>169.11173700000001</ele>
        <time>2026-09-17T13:37:23Z</time>
      </trkpt>
      <trkpt lat="45.885474979877472" lon="11.017030030488968">
        <ele>169.71938299999999</ele>
        <time>2026-09-17T13:37:42Z</time>
      </trkpt>
      <trkpt lat="45.885008024051785" lon="11.017451975494623">
        <ele>170.091835</ele>
        <time>2026-09-17T13:37:54Z</time>
      </trkpt>
      <trkpt lat="45.884750029072165" lon="11.017682980746031">
        <ele>170.46205499999999</ele>
        <time>2026-09-17T13:38:00Z</time>
      </trkpt>
      <trkpt lat="45.884734019637108" lon="11.017696978524327">
        <ele>170.48600999999999</ele>
        <time>2026-09-17T13:38:01Z</time>
      </trkpt>
      <trkpt lat="45.884627988561988" lon="11.01783100515604">
        <ele>170.666551</ele>
        <time>2026-09-17T13:38:04Z</time>
      </trkpt>
      <trkpt lat="45.884609967470169" lon="11.01782999932766">
        <ele>170.689584</ele>
        <time>2026-09-17T13:38:04Z</time>
      </trkpt>
      <trkpt lat="45.884592030197382" lon="11.017834022641182">
        <ele>170.712874</ele>
        <time>2026-09-17T13:38:05Z</time>
      </trkpt>
      <trkpt lat="45.884553976356983" lon="11.017862018197775">
        <ele>170.767481</ele>
        <time>2026-09-17T13:38:06Z</time>
      </trkpt>
      <trkpt lat="45.884261028841138" lon="11.017937958240509">
        <ele>171.14818199999999</ele>
        <time>2026-09-17T13:38:14Z</time>
      </trkpt>
      <trkpt lat="45.883581005036831" lon="11.018208023160696">
        <ele>172.050262</ele>
        <time>2026-09-17T13:38:30Z</time>
      </trkpt>
      <trkpt lat="45.883448990061879" lon="11.018327968195081">
        <ele>172.250001</ele>
        <time>2026-09-17T13:38:34Z</time>
      </trkpt>
      <trkpt lat="45.883374977856874" lon="11.018459983170033">
        <ele>172.400856</ele>
        <time>2026-09-17T13:38:36Z</time>
      </trkpt>
      <trkpt lat="45.88329803198576" lon="11.01883901283145">
        <ele>172.96622400000001</ele>
        <time>2026-09-17T13:38:43Z</time>
      </trkpt>
      <trkpt lat="45.883270036429167" lon="11.019085021689534">
        <ele>173.327741</ele>
        <time>2026-09-17T13:38:48Z</time>
      </trkpt>
      <trkpt lat="45.883254026994109" lon="11.019232962280512">
        <ele>173.544962</ele>
        <time>2026-09-17T13:38:51Z</time>
      </trkpt>
      <trkpt lat="45.883302977308631" lon="11.019484000280499">
        <ele>173.923036</ele>
        <time>2026-09-17T13:38:56Z</time>
      </trkpt>
      <trkpt lat="45.883498024195433" lon="11.020057993009686">
        <ele>174.84936400000001</ele>
        <time>2026-09-17T13:39:09Z</time>
      </trkpt>
      <trkpt lat="45.88355602696538" lon="11.020229989662766">
        <ele>175.12654499999999</ele>
        <time>2026-09-17T13:39:12Z</time>
      </trkpt>
      <trkpt lat="45.883607994765043" lon="11.020366027951241">
        <ele>175.35158300000001</ele>
        <time>2026-09-17T13:39:15Z</time>
      </trkpt>
      <trkpt lat="45.883654011413455" lon="11.020493013784289">
        <ele>175.559214</ele>
        <time>2026-09-17T13:39:18Z</time>
      </trkpt>
      <trkpt lat="45.883696004748344" lon="11.020601978525519">
        <ele>175.73990000000001</ele>
        <time>2026-09-17T13:39:20Z</time>
      </trkpt>
      <trkpt lat="45.883779991418123" lon="11.020828038454056">
        <ele>176.11146600000001</ele>
        <time>2026-09-17T13:39:25Z</time>
      </trkpt>
      <trkpt lat="45.883823996409774" lon="11.020949995145202">
        <ele>176.21937</ele>
        <time>2026-09-17T13:39:27Z</time>
      </trkpt>
      <trkpt lat="45.883918963372707" lon="11.02116197347641">
        <ele>176.36382699999999</ele>
        <time>2026-09-17T13:39:32Z</time>
      </trkpt>
      <trkpt lat="45.883953999727964" lon="11.021231962367892">
        <ele>176.413208</ele>
        <time>2026-09-17T13:39:33Z</time>
      </trkpt>
      <trkpt lat="45.884010996669531" lon="11.021318966522813">
        <ele>176.48166000000001</ele>
        <time>2026-09-17T13:39:35Z</time>
      </trkpt>
      <trkpt lat="45.88409498333931" lon="11.021447964012623">
        <ele>176.58286799999999</ele>
        <time>2026-09-17T13:39:38Z</time>
      </trkpt>
      <trkpt lat="45.884188022464514" lon="11.021572016179562">
        <ele>176.68730300000001</ele>
        <time>2026-09-17T13:39:41Z</time>
      </trkpt>
      <trkpt lat="45.88452598080039" lon="11.022379025816917">
        <ele>177.22691499999999</ele>
        <time>2026-09-17T13:39:55Z</time>
      </trkpt>
      <trkpt lat="45.884665958583355" lon="11.023119986057281">
        <ele>177.64011600000001</ele>
        <time>2026-09-17T13:40:04Z</time>
      </trkpt>
      <trkpt lat="45.884738964959979" lon="11.023364989086986">
        <ele>177.64011600000001</ele>
        <time>2026-09-17T13:40:07Z</time>
      </trkpt>
      <trkpt lat="45.88482404127717" lon="11.023700013756752">
        <ele>177.64011600000001</ele>
        <time>2026-09-17T13:40:11Z</time>
      </trkpt>
      <trkpt lat="45.884769978001714" lon="11.023727003484964">
        <ele>177.64011600000001</ele>
        <time>2026-09-17T13:40:11Z</time>
      </trkpt>
      <trkpt lat="45.884741982445121" lon="11.023645028471947">
        <ele>177.64011600000001</ele>
        <time>2026-09-17T13:40:13Z</time>
      </trkpt>
      <trkpt lat="45.883992975577712" lon="11.024170992895961">
        <ele>177.64011600000001</ele>
        <time>2026-09-17T13:40:31Z</time>
      </trkpt>
      <trkpt lat="45.883244974538684" lon="11.024697041139007">
        <ele>177.64011600000001</ele>
        <time>2026-09-17T13:40:48Z</time>
      </trkpt>
    </trkseg>
  </trk>

</gpx>