<?xml version="1.0" encoding="utf-8"?><gpx creator="Garmin Desktop App" version="1.1" xsi:schemaLocation="http://www.topografix.com/GPX/1/1 http://www.topografix.com/GPX/1/1/gpx.xsd http://www.garmin.com/xmlschemas/WaypointExtension/v1 http://www8.garmin.com/xmlschemas/WaypointExtensionv1.xsd http://www.garmin.com/xmlschemas/TrackPointExtension/v1 http://www.garmin.com/xmlschemas/TrackPointExtensionv1.xsd http://www.garmin.com/xmlschemas/GpxExtensions/v3 http://www8.garmin.com/xmlschemas/GpxExtensionsv3.xsd http://www.garmin.com/xmlschemas/ActivityExtension/v1 http://www8.garmin.com/xmlschemas/ActivityExtensionv1.xsd http://www.garmin.com/xmlschemas/AdventuresExtensions/v1 http://www8.garmin.com/xmlschemas/AdventuresExtensionv1.xsd http://www.garmin.com/xmlschemas/PressureExtension/v1 http://www.garmin.com/xmlschemas/PressureExtensionv1.xsd http://www.garmin.com/xmlschemas/TripExtensions/v1 http://www.garmin.com/xmlschemas/TripExtensionsv1.xsd http://www.garmin.com/xmlschemas/TripMetaDataExtensions/v1 http://www.garmin.com/xmlschemas/TripMetaDataExtensionsv1.xsd http://www.garmin.com/xmlschemas/ViaPointTransportationModeExtensions/v1 http://www.garmin.com/xmlschemas/ViaPointTransportationModeExtensionsv1.xsd http://www.garmin.com/xmlschemas/CreationTimeExtension/v1 http://www.garmin.com/xmlschemas/CreationTimeExtensionsv1.xsd http://www.garmin.com/xmlschemas/AccelerationExtension/v1 http://www.garmin.com/xmlschemas/AccelerationExtensionv1.xsd http://www.garmin.com/xmlschemas/PowerExtension/v1 http://www.garmin.com/xmlschemas/PowerExtensionv1.xsd http://www.garmin.com/xmlschemas/VideoExtension/v1 http://www.garmin.com/xmlschemas/VideoExtensionv1.xsd" xmlns="http://www.topografix.com/GPX/1/1" xmlns:xsi="http://www.w3.org/2001/XMLSchema-instance" xmlns:wptx1="http://www.garmin.com/xmlschemas/WaypointExtension/v1" xmlns:gpxtrx="http://www.garmin.com/xmlschemas/GpxExtensions/v3" xmlns:gpxtpx="http://www.garmin.com/xmlschemas/TrackPointExtension/v1" xmlns:gpxx="http://www.garmin.com/xmlschemas/GpxExtensions/v3" xmlns:trp="http://www.garmin.com/xmlschemas/TripExtensions/v1" xmlns:adv="http://www.garmin.com/xmlschemas/AdventuresExtensions/v1" xmlns:prs="http://www.garmin.com/xmlschemas/PressureExtension/v1" xmlns:tmd="http://www.garmin.com/xmlschemas/TripMetaDataExtensions/v1" xmlns:vptm="http://www.garmin.com/xmlschemas/ViaPointTransportationModeExtensions/v1" xmlns:ctx="http://www.garmin.com/xmlschemas/CreationTimeExtension/v1" xmlns:gpxacc="http://www.garmin.com/xmlschemas/AccelerationExtension/v1" xmlns:gpxpx="http://www.garmin.com/xmlschemas/PowerExtension/v1" xmlns:vidx1="http://www.garmin.com/xmlschemas/VideoExtension/v1">

  <metadata>
    <link href="http://www.garmin.com">
      <text>Garmin International</text>
    </link>
    <time>2026-09-17T09:09:16Z</time>
    <bounds maxlat="46.392982034012675" maxlon="11.123702991753817" minlat="45.851263990625739" minlon="10.714229000732303" />
  </metadata>

  <trk>
    <name>TG26 short</name>
    <extensions>
      <gpxx:TrackExtension>
        <gpxx:DisplayColor>DarkGray</gpxx:DisplayColor>
      </gpxx:TrackExtension>
    </extensions>
    <trkseg>
      <trkpt lat="45.884769978001714" lon="11.023727003484964">
        <ele>176.546998</ele>
        <time>2026-09-16T12:54:48Z</time>
      </trkpt>
      <trkpt lat="45.884688002988696" lon="11.023775031790137">
        <ele>176.546998</ele>
        <time>2026-09-16T12:54:49Z</time>
      </trkpt>
      <trkpt lat="45.8843959774822" lon="11.024075020104647">
        <ele>176.546998</ele>
        <time>2026-09-16T12:54:54Z</time>
      </trkpt>
      <trkpt lat="45.884387008845806" lon="11.024094969034195">
        <ele>176.546998</ele>
        <time>2026-09-16T12:54:54Z</time>
      </trkpt>
      <trkpt lat="45.884297993034124" lon="11.02421198040247">
        <ele>176.546998</ele>
        <time>2026-09-16T12:54:56Z</time>
      </trkpt>
      <trkpt lat="45.883972020819783" lon="11.024415995925665">
        <ele>176.50709499999999</ele>
        <time>2026-09-16T12:55:01Z</time>
      </trkpt>
      <trkpt lat="45.882149040699005" lon="11.025557024404407">
        <ele>174.52071000000001</ele>
        <time>2026-09-16T12:55:31Z</time>
      </trkpt>
      <trkpt lat="45.882115010172129" lon="11.025197021663189">
        <ele>174.21766500000001</ele>
        <time>2026-09-16T12:55:35Z</time>
      </trkpt>
      <trkpt lat="45.881879981607199" lon="11.024400992318988">
        <ele>173.49643900000001</ele>
        <time>2026-09-16T12:55:44Z</time>
      </trkpt>
      <trkpt lat="45.881649982184172" lon="11.023938981816173">
        <ele>173.02265499999999</ele>
        <time>2026-09-16T12:55:49Z</time>
      </trkpt>
      <trkpt lat="45.881583010777831" lon="11.023715017363429">
        <ele>172.819287</ele>
        <time>2026-09-16T12:55:52Z</time>
      </trkpt>
      <trkpt lat="45.881551997736096" lon="11.023321989923716">
        <ele>172.46784199999999</ele>
        <time>2026-09-16T12:55:56Z</time>
      </trkpt>
      <trkpt lat="45.881467005237937" lon="11.023057959973812">
        <ele>172.191033</ele>
        <time>2026-09-16T12:55:59Z</time>
      </trkpt>
      <trkpt lat="45.881355023011565" lon="11.022919993847609">
        <ele>171.98931400000001</ele>
        <time>2026-09-16T12:56:01Z</time>
      </trkpt>
      <trkpt lat="45.881304983049631" lon="11.02279300801456">
        <ele>171.85046299999999</ele>
        <time>2026-09-16T12:56:02Z</time>
      </trkpt>
      <trkpt lat="45.881148995831609" lon="11.022271988913417">
        <ele>171.31072499999999</ele>
        <time>2026-09-16T12:56:08Z</time>
      </trkpt>
      <trkpt lat="45.881147990003228" lon="11.022094963118434">
        <ele>171.14227299999999</ele>
        <time>2026-09-16T12:56:10Z</time>
      </trkpt>
      <trkpt lat="45.881084958091378" lon="11.022135028615594">
        <ele>171.04811100000001</ele>
        <time>2026-09-16T12:56:11Z</time>
      </trkpt>
      <trkpt lat="45.880839033052325" lon="11.022295961156487">
        <ele>170.67855700000001</ele>
        <time>2026-09-16T12:56:15Z</time>
      </trkpt>
      <trkpt lat="45.880796033889055" lon="11.022324040532112">
        <ele>170.61401599999999</ele>
        <time>2026-09-16T12:56:15Z</time>
      </trkpt>
      <trkpt lat="45.880778012797236" lon="11.022271988913417">
        <ele>170.55874800000001</ele>
        <time>2026-09-16T12:56:16Z</time>
      </trkpt>
      <trkpt lat="45.880762003362179" lon="11.022223960608244">
        <ele>170.50810100000001</ele>
        <time>2026-09-16T12:56:16Z</time>
      </trkpt>
      <trkpt lat="45.880771977826953" lon="11.022150032222271">
        <ele>170.436362</ele>
        <time>2026-09-16T12:56:17Z</time>
      </trkpt>
      <trkpt lat="45.880774995312095" lon="11.022100998088717">
        <ele>170.38955000000001</ele>
        <time>2026-09-16T12:56:18Z</time>
      </trkpt>
      <trkpt lat="45.880524963140488" lon="11.021366994827986">
        <ele>169.72022799999999</ele>
        <time>2026-09-16T12:56:26Z</time>
      </trkpt>
      <trkpt lat="45.880410969257355" lon="11.021095002070069">
        <ele>169.47536199999999</ele>
        <time>2026-09-16T12:56:29Z</time>
      </trkpt>
      <trkpt lat="45.879865977913141" lon="11.020068973302841">
        <ele>168.48000200000001</ele>
        <time>2026-09-16T12:56:42Z</time>
      </trkpt>
      <trkpt lat="45.879634972661734" lon="11.01985196582973">
        <ele>168.18969799999999</ele>
        <time>2026-09-16T12:56:46Z</time>
      </trkpt>
      <trkpt lat="45.87749800644815" lon="11.018139040097594">
        <ele>168.17342500000001</ele>
        <time>2026-09-16T12:57:29Z</time>
      </trkpt>
      <trkpt lat="45.877135992050171" lon="11.017899988219142">
        <ele>168.231844</ele>
        <time>2026-09-16T12:57:36Z</time>
      </trkpt>
      <trkpt lat="45.87696198374033" lon="11.017866041511297">
        <ele>168.25759300000001</ele>
        <time>2026-09-16T12:57:39Z</time>
      </trkpt>
      <trkpt lat="45.876714969053864" lon="11.017682980746031">
        <ele>168.29834500000001</ele>
        <time>2026-09-16T12:57:44Z</time>
      </trkpt>
      <trkpt lat="45.8747289609164" lon="11.016078013926744">
        <ele>168.64989299999999</ele>
        <time>2026-09-16T12:58:25Z</time>
      </trkpt>
      <trkpt lat="45.874700965359807" lon="11.016023028641939">
        <ele>168.65110200000001</ele>
        <time>2026-09-16T12:58:26Z</time>
      </trkpt>
      <trkpt lat="45.874646985903382" lon="11.015885984525084">
        <ele>168.65389500000001</ele>
        <time>2026-09-16T12:58:27Z</time>
      </trkpt>
      <trkpt lat="45.874516982585192" lon="11.015755981206894">
        <ele>168.65793099999999</ele>
        <time>2026-09-16T12:58:30Z</time>
      </trkpt>
      <trkpt lat="45.873436974361539" lon="11.015044022351503">
        <ele>168.68821</ele>
        <time>2026-09-16T12:58:51Z</time>
      </trkpt>
      <trkpt lat="45.872123027220368" lon="11.014109021052718">
        <ele>168.11582999999999</ele>
        <time>2026-09-16T12:59:15Z</time>
      </trkpt>
      <trkpt lat="45.871296990662813" lon="11.013582972809672">
        <ele>167.57310799999999</ele>
        <time>2026-09-16T12:59:29Z</time>
      </trkpt>
      <trkpt lat="45.871112002059817" lon="11.013405025005341">
        <ele>167.40281200000001</ele>
        <time>2026-09-16T12:59:32Z</time>
      </trkpt>
      <trkpt lat="45.869714990258217" lon="11.012605978175998">
        <ele>166.57347899999999</ele>
        <time>2026-09-16T12:59:55Z</time>
      </trkpt>
      <trkpt lat="45.869341995567083" lon="11.012343037873507">
        <ele>166.58791299999999</ele>
        <time>2026-09-16T13:00:02Z</time>
      </trkpt>
      <trkpt lat="45.868761967867613" lon="11.011832999065518">
        <ele>166.611538</ele>
        <time>2026-09-16T13:00:14Z</time>
      </trkpt>
      <trkpt lat="45.868395008146763" lon="11.011411976069212">
        <ele>166.70188400000001</ele>
        <time>2026-09-16T13:00:24Z</time>
      </trkpt>
      <trkpt lat="45.867921011522412" lon="11.010769000276923">
        <ele>167.01232400000001</ele>
        <time>2026-09-16T13:00:38Z</time>
      </trkpt>
      <trkpt lat="45.867570983245969" lon="11.010167011991143">
        <ele>167.27232599999999</ele>
        <time>2026-09-16T13:00:49Z</time>
      </trkpt>
      <trkpt lat="45.867255991324782" lon="11.009514983743429">
        <ele>167.47847200000001</ele>
        <time>2026-09-16T13:00:58Z</time>
      </trkpt>
      <trkpt lat="45.867005959153175" lon="11.00882900878787">
        <ele>167.47884099999999</ele>
        <time>2026-09-16T13:01:06Z</time>
      </trkpt>
      <trkpt lat="45.866817031055689" lon="11.008188966661692">
        <ele>167.47917200000001</ele>
        <time>2026-09-16T13:01:14Z</time>
      </trkpt>
      <trkpt lat="45.86677897721529" lon="11.008008001372218">
        <ele>167.47926200000001</ele>
        <time>2026-09-16T13:01:17Z</time>
      </trkpt>
      <trkpt lat="45.866678981110454" lon="11.007501985877752">
        <ele>167.479512</ele>
        <time>2026-09-16T13:01:23Z</time>
      </trkpt>
      <trkpt lat="45.866515031084418" lon="11.006391970440745">
        <ele>167.90957</ele>
        <time>2026-09-16T13:01:40Z</time>
      </trkpt>
      <trkpt lat="45.866467002779245" lon="11.004861015826464">
        <ele>168.63512700000001</ele>
        <time>2026-09-16T13:02:03Z</time>
      </trkpt>
      <trkpt lat="45.86641201749444" lon="11.004168000072241">
        <ele>168.51996800000001</ele>
        <time>2026-09-16T13:02:11Z</time>
      </trkpt>
      <trkpt lat="45.866270028054714" lon="11.003512032330036">
        <ele>168.29409999999999</ele>
        <time>2026-09-16T13:02:19Z</time>
      </trkpt>
      <trkpt lat="45.865974985063076" lon="11.002774005755782">
        <ele>168.01431400000001</ele>
        <time>2026-09-16T13:02:28Z</time>
      </trkpt>
      <trkpt lat="45.865643983706832" lon="11.002267990261316">
        <ele>167.784448</ele>
        <time>2026-09-16T13:02:35Z</time>
      </trkpt>
      <trkpt lat="45.865225978195667" lon="11.001840010285378">
        <ele>167.53627399999999</ele>
        <time>2026-09-16T13:02:43Z</time>
      </trkpt>
      <trkpt lat="45.862500015646219" lon="10.999514032155275">
        <ele>166.80481399999999</ele>
        <time>2026-09-16T13:03:35Z</time>
      </trkpt>
      <trkpt lat="45.862463973462582" lon="10.999518977478147">
        <ele>166.81034099999999</ele>
        <time>2026-09-16T13:03:36Z</time>
      </trkpt>
      <trkpt lat="45.862364983186126" lon="10.9998460393399">
        <ele>166.84828200000001</ele>
        <time>2026-09-16T13:03:41Z</time>
      </trkpt>
      <trkpt lat="45.862304968759418" lon="10.999893983826041">
        <ele>166.858777</ele>
        <time>2026-09-16T13:03:42Z</time>
      </trkpt>
      <trkpt lat="45.862089972943068" lon="10.999900018796325">
        <ele>166.89163500000001</ele>
        <time>2026-09-16T13:03:47Z</time>
      </trkpt>
      <trkpt lat="45.861929962411523" lon="10.999797005206347">
        <ele>166.91842700000001</ele>
        <time>2026-09-16T13:03:51Z</time>
      </trkpt>
      <trkpt lat="45.861722007393837" lon="10.999589972198009">
        <ele>166.95709600000001</ele>
        <time>2026-09-16T13:03:56Z</time>
      </trkpt>
      <trkpt lat="45.861656963825226" lon="10.999470027163625">
        <ele>166.97327300000001</ele>
        <time>2026-09-16T13:03:58Z</time>
      </trkpt>
      <trkpt lat="45.861626034602523" lon="10.999430967494845">
        <ele>166.97957</ele>
        <time>2026-09-16T13:03:59Z</time>
      </trkpt>
      <trkpt lat="45.861656041815877" lon="10.999349998310208">
        <ele>166.98933199999999</ele>
        <time>2026-09-16T13:04:00Z</time>
      </trkpt>
      <trkpt lat="45.862063989043236" lon="10.999908987432718">
        <ele>166.79143099999999</ele>
        <time>2026-09-16T13:04:08Z</time>
      </trkpt>
      <trkpt lat="45.86218100041151" lon="10.999704971909523">
        <ele>166.56091599999999</ele>
        <time>2026-09-16T13:04:11Z</time>
      </trkpt>
      <trkpt lat="45.862237997353077" lon="10.999575974419713">
        <ele>166.42765800000001</ele>
        <time>2026-09-16T13:04:12Z</time>
      </trkpt>
      <trkpt lat="45.862274039536715" lon="10.999604975804687">
        <ele>166.375957</ele>
        <time>2026-09-16T13:04:13Z</time>
      </trkpt>
      <trkpt lat="45.862303040921688" lon="10.999532975256443">
        <ele>166.30340799999999</ele>
        <time>2026-09-16T13:04:14Z</time>
      </trkpt>
      <trkpt lat="45.862726997584105" lon="10.998400999233127">
        <ele>165.182275</ele>
        <time>2026-09-16T13:04:28Z</time>
      </trkpt>
      <trkpt lat="45.862740995362401" lon="10.998359005898237">
        <ele>165.141661</ele>
        <time>2026-09-16T13:04:29Z</time>
      </trkpt>
      <trkpt lat="45.862140012905002" lon="10.997991962358356">
        <ele>165.00271699999999</ele>
        <time>2026-09-16T13:04:39Z</time>
      </trkpt>
      <trkpt lat="45.861554034054279" lon="10.997579991817474">
        <ele>165.37099599999999</ele>
        <time>2026-09-16T13:04:51Z</time>
      </trkpt>
      <trkpt lat="45.861508017405868" lon="10.997518971562386">
        <ele>165.40633800000001</ele>
        <time>2026-09-16T13:04:52Z</time>
      </trkpt>
      <trkpt lat="45.861337026581168" lon="10.996286999434233">
        <ele>166.12413599999999</ele>
        <time>2026-09-16T13:05:12Z</time>
      </trkpt>
      <trkpt lat="45.86134297773242" lon="10.996171999722719">
        <ele>166.278491</ele>
        <time>2026-09-16T13:05:15Z</time>
      </trkpt>
      <trkpt lat="45.861466024070978" lon="10.995603958144784">
        <ele>167.07464899999999</ele>
        <time>2026-09-16T13:05:29Z</time>
      </trkpt>
      <trkpt lat="45.861409027129412" lon="10.9950349945575">
        <ele>167.844077</ele>
        <time>2026-09-16T13:05:42Z</time>
      </trkpt>
      <trkpt lat="45.861372984945774" lon="10.994917983189225">
        <ele>168.01528200000001</ele>
        <time>2026-09-16T13:05:44Z</time>
      </trkpt>
      <trkpt lat="45.861296961084008" lon="10.994355976581573">
        <ele>168.781554</ele>
        <time>2026-09-16T13:05:53Z</time>
      </trkpt>
      <trkpt lat="45.861182967200875" lon="10.994045007973909">
        <ele>169.25196299999999</ele>
        <time>2026-09-16T13:05:57Z</time>
      </trkpt>
      <trkpt lat="45.86114801466465" lon="10.994344996288419">
        <ele>168.941327</ele>
        <time>2026-09-16T13:06:01Z</time>
      </trkpt>
      <trkpt lat="45.860969983041286" lon="10.994694018736482">
        <ele>168.46853899999999</ele>
        <time>2026-09-16T13:06:06Z</time>
      </trkpt>
      <trkpt lat="45.860753981396556" lon="10.994999958202243">
        <ele>167.99234200000001</ele>
        <time>2026-09-16T13:06:10Z</time>
      </trkpt>
      <trkpt lat="45.860209995880723" lon="10.995425004512072">
        <ele>167.020409</ele>
        <time>2026-09-16T13:06:18Z</time>
      </trkpt>
      <trkpt lat="45.860154004767537" lon="10.995519971475005">
        <ele>166.884377</ele>
        <time>2026-09-16T13:06:19Z</time>
      </trkpt>
      <trkpt lat="45.860074041411281" lon="10.995756005868316">
        <ele>166.597508</ele>
        <time>2026-09-16T13:06:22Z</time>
      </trkpt>
      <trkpt lat="45.860034981742501" lon="10.995801016688347">
        <ele>166.518989</ele>
        <time>2026-09-16T13:06:22Z</time>
      </trkpt>
      <trkpt lat="45.859869020059705" lon="10.995876034721732">
        <ele>166.21963</ele>
        <time>2026-09-16T13:06:25Z</time>
      </trkpt>
      <trkpt lat="45.859442967921495" lon="10.995790958404541">
        <ele>165.45393100000001</ele>
        <time>2026-09-16T13:06:31Z</time>
      </trkpt>
      <trkpt lat="45.859252028167248" lon="10.995856001973152">
        <ele>165.10447199999999</ele>
        <time>2026-09-16T13:06:33Z</time>
      </trkpt>
      <trkpt lat="45.859023034572601" lon="10.996052976697683">
        <ele>164.62921399999999</ele>
        <time>2026-09-16T13:06:37Z</time>
      </trkpt>
      <trkpt lat="45.858896970748901" lon="10.996032021939754">
        <ele>164.403389</ele>
        <time>2026-09-16T13:06:39Z</time>
      </trkpt>
      <trkpt lat="45.858264975249767" lon="10.995756005868316">
        <ele>163.233619</ele>
        <time>2026-09-16T13:06:48Z</time>
      </trkpt>
      <trkpt lat="45.85762501694262" lon="10.995695991441607">
        <ele>162.704308</ele>
        <time>2026-09-16T13:06:58Z</time>
      </trkpt>
      <trkpt lat="45.855920976027846" lon="10.995383011177182">
        <ele>161.717479</ele>
        <time>2026-09-16T13:07:24Z</time>
      </trkpt>
      <trkpt lat="45.851803030818701" lon="10.99462604150176">
        <ele>162.714842</ele>
        <time>2026-09-16T13:08:37Z</time>
      </trkpt>
      <trkpt lat="45.851846029981971" lon="10.994337033480406">
        <ele>162.934327</ele>
        <time>2026-09-16T13:08:41Z</time>
      </trkpt>
      <trkpt lat="45.851986007764935" lon="10.993571011349559">
        <ele>163.90482800000001</ele>
        <time>2026-09-16T13:08:56Z</time>
      </trkpt>
      <trkpt lat="45.85201702080667" lon="10.993216037750244">
        <ele>165.35721100000001</ele>
        <time>2026-09-16T13:09:04Z</time>
      </trkpt>
      <trkpt lat="45.852004028856754" lon="10.993066001683474">
        <ele>165.970823</ele>
        <time>2026-09-16T13:09:09Z</time>
      </trkpt>
      <trkpt lat="45.852019032463431" lon="10.992820998653769">
        <ele>166.969221</ele>
        <time>2026-09-16T13:09:16Z</time>
      </trkpt>
      <trkpt lat="45.852209972217679" lon="10.99224298261106">
        <ele>169.56625</ele>
        <time>2026-09-16T13:09:38Z</time>
      </trkpt>
      <trkpt lat="45.852217013016343" lon="10.992096969857812">
        <ele>170.16032899999999</ele>
        <time>2026-09-16T13:09:43Z</time>
      </trkpt>
      <trkpt lat="45.852208966389298" lon="10.99174601957202">
        <ele>171.58595</ele>
        <time>2026-09-16T13:09:55Z</time>
      </trkpt>
      <trkpt lat="45.852236039936543" lon="10.991591960191727">
        <ele>172.230602</ele>
        <time>2026-09-16T13:10:01Z</time>
      </trkpt>
      <trkpt lat="45.852347016334534" lon="10.991330025717616">
        <ele>173.475471</ele>
        <time>2026-09-16T13:10:12Z</time>
      </trkpt>
      <trkpt lat="45.852463021874428" lon="10.991154005751014">
        <ele>174.332292</ele>
        <time>2026-09-16T13:10:20Z</time>
      </trkpt>
      <trkpt lat="45.852593025192618" lon="10.991065995767713">
        <ele>174.97299699999999</ele>
        <time>2026-09-16T13:10:27Z</time>
      </trkpt>
      <trkpt lat="45.852673994377255" lon="10.991105977445841">
        <ele>175.35484600000001</ele>
        <time>2026-09-16T13:10:31Z</time>
      </trkpt>
      <trkpt lat="45.852819001302123" lon="10.991204967722297">
        <ele>176.07060200000001</ele>
        <time>2026-09-16T13:10:38Z</time>
      </trkpt>
      <trkpt lat="45.853023016825318" lon="10.991315022110939">
        <ele>177.04202699999999</ele>
        <time>2026-09-16T13:10:48Z</time>
      </trkpt>
      <trkpt lat="45.853312024846673" lon="10.991238998249173">
        <ele>178.35178099999999</ele>
        <time>2026-09-16T13:10:59Z</time>
      </trkpt>
      <trkpt lat="45.853439010679722" lon="10.991152999922633">
        <ele>178.97774000000001</ele>
        <time>2026-09-16T13:11:03Z</time>
      </trkpt>
      <trkpt lat="45.853659035637975" lon="10.990906991064548">
        <ele>180.220809</ele>
        <time>2026-09-16T13:11:12Z</time>
      </trkpt>
      <trkpt lat="45.853958018124104" lon="10.990571966394782">
        <ele>181.911517</ele>
        <time>2026-09-16T13:11:23Z</time>
      </trkpt>
      <trkpt lat="45.854033958166838" lon="10.990521004423499">
        <ele>182.05696800000001</ele>
        <time>2026-09-16T13:11:24Z</time>
      </trkpt>
      <trkpt lat="45.854255994781852" lon="10.990455038845539">
        <ele>182.40319</ele>
        <time>2026-09-16T13:11:30Z</time>
      </trkpt>
      <trkpt lat="45.854652961716056" lon="10.990255968645215">
        <ele>183.04535999999999</ele>
        <time>2026-09-16T13:11:40Z</time>
      </trkpt>
      <trkpt lat="45.854813978075981" lon="10.990142980590463">
        <ele>183.31903800000001</ele>
        <time>2026-09-16T13:11:45Z</time>
      </trkpt>
      <trkpt lat="45.855041965842247" lon="10.98985699005425">
        <ele>183.781397</ele>
        <time>2026-09-16T13:11:54Z</time>
      </trkpt>
      <trkpt lat="45.855280011892319" lon="10.989349968731403">
        <ele>184.431712</ele>
        <time>2026-09-16T13:12:04Z</time>
      </trkpt>
      <trkpt lat="45.855324016883969" lon="10.989230023697019">
        <ele>184.57595499999999</ele>
        <time>2026-09-16T13:12:05Z</time>
      </trkpt>
      <trkpt lat="45.855466006323695" lon="10.988861974328756">
        <ele>184.53471500000001</ele>
        <time>2026-09-16T13:12:10Z</time>
      </trkpt>
      <trkpt lat="45.855611013248563" lon="10.988709004595876">
        <ele>184.413025</ele>
        <time>2026-09-16T13:12:12Z</time>
      </trkpt>
      <trkpt lat="45.855630040168762" lon="10.988673968240619">
        <ele>184.392124</ele>
        <time>2026-09-16T13:12:13Z</time>
      </trkpt>
      <trkpt lat="45.855558961629868" lon="10.988640021532774">
        <ele>184.34151</ele>
        <time>2026-09-16T13:12:14Z</time>
      </trkpt>
      <trkpt lat="45.855525014922023" lon="10.988687966018915">
        <ele>184.30926400000001</ele>
        <time>2026-09-16T13:12:15Z</time>
      </trkpt>
      <trkpt lat="45.855415966361761" lon="10.988507000729442">
        <ele>184.196564</ele>
        <time>2026-09-16T13:12:18Z</time>
      </trkpt>
      <trkpt lat="45.855298032984138" lon="10.988462995737791">
        <ele>184.11411699999999</ele>
        <time>2026-09-16T13:12:19Z</time>
      </trkpt>
      <trkpt lat="45.855290992185473" lon="10.98846198990941">
        <ele>184.10936000000001</ele>
        <time>2026-09-16T13:12:20Z</time>
      </trkpt>
      <trkpt lat="45.855178004130721" lon="10.988442040979862">
        <ele>184.032364</ele>
        <time>2026-09-16T13:12:21Z</time>
      </trkpt>
      <trkpt lat="45.855022016912699" lon="10.988390995189548">
        <ele>183.92416700000001</ele>
        <time>2026-09-16T13:12:23Z</time>
      </trkpt>
      <trkpt lat="45.855011958628893" lon="10.988382026553154">
        <ele>183.91618500000001</ele>
        <time>2026-09-16T13:12:24Z</time>
      </trkpt>
      <trkpt lat="45.854816995561123" lon="10.98811699077487">
        <ele>183.734611</ele>
        <time>2026-09-16T13:12:27Z</time>
      </trkpt>
      <trkpt lat="45.854714987799525" lon="10.988048007711768">
        <ele>183.65835999999999</ele>
        <time>2026-09-16T13:12:29Z</time>
      </trkpt>
      <trkpt lat="45.853826003149152" lon="10.988486967980862">
        <ele>185.43964800000001</ele>
        <time>2026-09-16T13:12:44Z</time>
      </trkpt>
      <trkpt lat="45.853711003437638" lon="10.988496020436287">
        <ele>185.78408999999999</ele>
        <time>2026-09-16T13:12:48Z</time>
      </trkpt>
      <trkpt lat="45.853594997897744" lon="10.988379009068012">
        <ele>186.20805899999999</ele>
        <time>2026-09-16T13:12:52Z</time>
      </trkpt>
      <trkpt lat="45.853572031483054" lon="10.988301979377866">
        <ele>186.38257899999999</ele>
        <time>2026-09-16T13:12:54Z</time>
      </trkpt>
      <trkpt lat="45.853568008169532" lon="10.988194020465016">
        <ele>186.60786200000001</ele>
        <time>2026-09-16T13:12:56Z</time>
      </trkpt>
      <trkpt lat="45.853653000667691" lon="10.987725974991918">
        <ele>187.61530999999999</ele>
        <time>2026-09-16T13:13:10Z</time>
      </trkpt>
      <trkpt lat="45.853599021211267" lon="10.987639976665378">
        <ele>187.85649900000001</ele>
        <time>2026-09-16T13:13:13Z</time>
      </trkpt>
      <trkpt lat="45.85349902510643" lon="10.987593960016966">
        <ele>188.17054400000001</ele>
        <time>2026-09-16T13:13:18Z</time>
      </trkpt>
      <trkpt lat="45.853309007361531" lon="10.987542998045683">
        <ele>188.74862400000001</ele>
        <time>2026-09-16T13:13:27Z</time>
      </trkpt>
      <trkpt lat="45.853079007938504" lon="10.987392961978912">
        <ele>190.11130499999999</ele>
        <time>2026-09-16T13:13:39Z</time>
      </trkpt>
      <trkpt lat="45.85298303514719" lon="10.987299000844359">
        <ele>190.78020699999999</ele>
        <time>2026-09-16T13:13:45Z</time>
      </trkpt>
      <trkpt lat="45.852866023778915" lon="10.987105965614319">
        <ele>191.806073</ele>
        <time>2026-09-16T13:13:54Z</time>
      </trkpt>
      <trkpt lat="45.852801986038685" lon="10.986837996169925">
        <ele>192.94199599999999</ele>
        <time>2026-09-16T13:14:03Z</time>
      </trkpt>
      <trkpt lat="45.852824030444026" lon="10.98646298982203">
        <ele>194.45084700000001</ele>
        <time>2026-09-16T13:14:15Z</time>
      </trkpt>
      <trkpt lat="45.852900976315141" lon="10.986014977097511">
        <ele>196.30094099999999</ele>
        <time>2026-09-16T13:14:30Z</time>
      </trkpt>
      <trkpt lat="45.85277097299695" lon="10.985398991033435">
        <ele>198.88161700000001</ele>
        <time>2026-09-16T13:14:48Z</time>
      </trkpt>
      <trkpt lat="45.852524964138865" lon="10.984750986099243">
        <ele>200.05048199999999</ele>
        <time>2026-09-16T13:15:04Z</time>
      </trkpt>
      <trkpt lat="45.852412981912494" lon="10.984430965036154">
        <ele>200.51244199999999</ele>
        <time>2026-09-16T13:15:10Z</time>
      </trkpt>
      <trkpt lat="45.852389009669423" lon="10.984266009181738">
        <ele>200.729871</ele>
        <time>2026-09-16T13:15:13Z</time>
      </trkpt>
      <trkpt lat="45.852363025769591" lon="10.984154026955366">
        <ele>200.88215600000001</ele>
        <time>2026-09-16T13:15:15Z</time>
      </trkpt>
      <trkpt lat="45.852319020777941" lon="10.984028968960047">
        <ele>201.06281799999999</ele>
        <time>2026-09-16T13:15:17Z</time>
      </trkpt>
      <trkpt lat="45.852280966937542" lon="10.983923021703959">
        <ele>201.216598</ele>
        <time>2026-09-16T13:15:19Z</time>
      </trkpt>
      <trkpt lat="45.852233022451401" lon="10.983784971758723">
        <ele>201.41557</ele>
        <time>2026-09-16T13:15:21Z</time>
      </trkpt>
      <trkpt lat="45.851907972246408" lon="10.982909984886646">
        <ele>202.534862</ele>
        <time>2026-09-16T13:15:35Z</time>
      </trkpt>
      <trkpt lat="45.851789033040404" lon="10.982813006266952">
        <ele>202.53861699999999</ele>
        <time>2026-09-16T13:15:37Z</time>
      </trkpt>
      <trkpt lat="45.8516959939152" lon="10.982557022944093">
        <ele>202.54413400000001</ele>
        <time>2026-09-16T13:15:41Z</time>
      </trkpt>
      <trkpt lat="45.851661041378975" lon="10.982457026839256">
        <ele>202.54627300000001</ele>
        <time>2026-09-16T13:15:42Z</time>
      </trkpt>
      <trkpt lat="45.851560039445758" lon="10.98212200216949">
        <ele>202.55324899999999</ele>
        <time>2026-09-16T13:15:47Z</time>
      </trkpt>
      <trkpt lat="45.851536989212036" lon="10.982056958600879">
        <ele>202.554642</ele>
        <time>2026-09-16T13:15:47Z</time>
      </trkpt>
      <trkpt lat="45.851509999483824" lon="10.981976995244622">
        <ele>202.556341</ele>
        <time>2026-09-16T13:15:49Z</time>
      </trkpt>
      <trkpt lat="45.85150103084743" lon="10.98195101134479">
        <ele>202.55689599999999</ele>
        <time>2026-09-16T13:15:49Z</time>
      </trkpt>
      <trkpt lat="45.851485021412373" lon="10.981902983039618">
        <ele>202.55791300000001</ele>
        <time>2026-09-16T13:15:50Z</time>
      </trkpt>
      <trkpt lat="45.851270025596023" lon="10.981286996975541">
        <ele>202.57107999999999</ele>
        <time>2026-09-16T13:15:58Z</time>
      </trkpt>
      <trkpt lat="45.851263990625739" lon="10.98117602057755">
        <ele>202.57320799999999</ele>
        <time>2026-09-16T13:16:00Z</time>
      </trkpt>
      <trkpt lat="45.851282011717558" lon="10.981117011979222">
        <ele>202.57443799999999</ele>
        <time>2026-09-16T13:16:01Z</time>
      </trkpt>
      <trkpt lat="45.851315036416054" lon="10.981035036966205">
        <ele>202.57624799999999</ele>
        <time>2026-09-16T13:16:02Z</time>
      </trkpt>
      <trkpt lat="45.851825997233391" lon="10.980580989271402">
        <ele>202.13791499999999</ele>
        <time>2026-09-16T13:16:11Z</time>
      </trkpt>
      <trkpt lat="45.851924987509847" lon="10.980451991781592">
        <ele>201.98892599999999</ele>
        <time>2026-09-16T13:16:13Z</time>
      </trkpt>
      <trkpt lat="45.851997993886471" lon="10.980162983760238">
        <ele>201.75030899999999</ele>
        <time>2026-09-16T13:16:16Z</time>
      </trkpt>
      <trkpt lat="45.851987013593316" lon="10.980142029002309">
        <ele>201.72991400000001</ele>
        <time>2026-09-16T13:16:16Z</time>
      </trkpt>
      <trkpt lat="45.851979972794652" lon="10.980130964890122">
        <ele>201.71834899999999</ele>
        <time>2026-09-16T13:16:16Z</time>
      </trkpt>
      <trkpt lat="45.851985001936555" lon="10.980077991262078">
        <ele>201.67683500000001</ele>
        <time>2026-09-16T13:16:17Z</time>
      </trkpt>
      <trkpt lat="45.852005034685135" lon="10.979831982403994">
        <ele>201.48459399999999</ele>
        <time>2026-09-16T13:16:19Z</time>
      </trkpt>
      <trkpt lat="45.851988019421697" lon="10.979698039591312">
        <ele>201.378873</ele>
        <time>2026-09-16T13:16:21Z</time>
      </trkpt>
      <trkpt lat="45.851936973631382" lon="10.97965101711452">
        <ele>201.31133700000001</ele>
        <time>2026-09-16T13:16:22Z</time>
      </trkpt>
      <trkpt lat="45.851895986124873" lon="10.979657974094152">
        <ele>201.26532499999999</ele>
        <time>2026-09-16T13:16:22Z</time>
      </trkpt>
      <trkpt lat="45.851863967254758" lon="10.979696027934551">
        <ele>201.21904599999999</ele>
        <time>2026-09-16T13:16:23Z</time>
      </trkpt>
      <trkpt lat="45.851850975304842" lon="10.979765010997653">
        <ele>201.16356400000001</ele>
        <time>2026-09-16T13:16:23Z</time>
      </trkpt>
      <trkpt lat="45.851865978911519" lon="10.9798230137676">
        <ele>201.11554100000001</ele>
        <time>2026-09-16T13:16:24Z</time>
      </trkpt>
      <trkpt lat="45.851907972246408" lon="10.979861989617348">
        <ele>201.0598</ele>
        <time>2026-09-16T13:16:25Z</time>
      </trkpt>
      <trkpt lat="45.851981984451413" lon="10.979827037081122">
        <ele>200.97297499999999</ele>
        <time>2026-09-16T13:16:26Z</time>
      </trkpt>
      <trkpt lat="45.852160016074777" lon="10.979511961340904">
        <ele>200.65812700000001</ele>
        <time>2026-09-16T13:16:30Z</time>
      </trkpt>
      <trkpt lat="45.852183988317847" lon="10.979429986327887">
        <ele>200.589088</ele>
        <time>2026-09-16T13:16:31Z</time>
      </trkpt>
      <trkpt lat="45.852176025509834" lon="10.979281961917877">
        <ele>200.52678399999999</ele>
        <time>2026-09-16T13:16:32Z</time>
      </trkpt>
      <trkpt lat="45.852166973054409" lon="10.979110971093178">
        <ele>200.461713</ele>
        <time>2026-09-16T13:16:34Z</time>
      </trkpt>
      <trkpt lat="45.852096984162927" lon="10.978820035234094">
        <ele>200.34489199999999</ele>
        <time>2026-09-16T13:16:38Z</time>
      </trkpt>
      <trkpt lat="45.852063959464431" lon="10.978690031915903">
        <ele>200.29238799999999</ele>
        <time>2026-09-16T13:16:40Z</time>
      </trkpt>
      <trkpt lat="45.852033030241728" lon="10.978538990020752">
        <ele>200.232654</ele>
        <time>2026-09-16T13:16:43Z</time>
      </trkpt>
      <trkpt lat="45.851998999714851" lon="10.978017970919609">
        <ele>200.03409199999999</ele>
        <time>2026-09-16T13:16:50Z</time>
      </trkpt>
      <trkpt lat="45.851994976401329" lon="10.977931972593069">
        <ele>200.001386</ele>
        <time>2026-09-16T13:16:51Z</time>
      </trkpt>
      <trkpt lat="45.852034036070108" lon="10.977909006178379">
        <ele>199.97841600000001</ele>
        <time>2026-09-16T13:16:52Z</time>
      </trkpt>
      <trkpt lat="45.852052979171276" lon="10.977856032550335">
        <ele>199.95579799999999</ele>
        <time>2026-09-16T13:16:53Z</time>
      </trkpt>
      <trkpt lat="45.852043004706502" lon="10.977799035608768">
        <ele>199.933493</ele>
        <time>2026-09-16T13:16:54Z</time>
      </trkpt>
      <trkpt lat="45.852139983326197" lon="10.977509021759033">
        <ele>199.81142</ele>
        <time>2026-09-16T13:16:59Z</time>
      </trkpt>
      <trkpt lat="45.852166973054409" lon="10.977463005110621">
        <ele>199.78859399999999</ele>
        <time>2026-09-16T13:17:00Z</time>
      </trkpt>
      <trkpt lat="45.852363025769591" lon="10.977109959349036">
        <ele>199.61729399999999</ele>
        <time>2026-09-16T13:17:07Z</time>
      </trkpt>
      <trkpt lat="45.85238398052752" lon="10.97707299515605">
        <ele>199.59918300000001</ele>
        <time>2026-09-16T13:17:08Z</time>
      </trkpt>
      <trkpt lat="45.852464027702808" lon="10.976933017373085">
        <ele>199.615757</ele>
        <time>2026-09-16T13:17:11Z</time>
      </trkpt>
      <trkpt lat="45.852517001330853" lon="10.976827992126346">
        <ele>199.62914900000001</ele>
        <time>2026-09-16T13:17:12Z</time>
      </trkpt>
      <trkpt lat="45.852581039071083" lon="10.976695977151394">
        <ele>199.645759</ele>
        <time>2026-09-16T13:17:14Z</time>
      </trkpt>
      <trkpt lat="45.852679023519158" lon="10.976427001878619">
        <ele>199.67711</ele>
        <time>2026-09-16T13:17:18Z</time>
      </trkpt>
      <trkpt lat="45.852843979373574" lon="10.975970020517707">
        <ele>199.73027099999999</ele>
        <time>2026-09-16T13:17:25Z</time>
      </trkpt>
      <trkpt lat="45.852904999628663" lon="10.975800035521388">
        <ele>199.750021</ele>
        <time>2026-09-16T13:17:28Z</time>
      </trkpt>
      <trkpt lat="45.852998960763216" lon="10.975519996136427">
        <ele>199.78212099999999</ele>
        <time>2026-09-16T13:17:32Z</time>
      </trkpt>
      <trkpt lat="45.85304799489677" lon="10.975384041666985">
        <ele>199.797934</ele>
        <time>2026-09-16T13:17:34Z</time>
      </trkpt>
      <trkpt lat="45.853099040687084" lon="10.975240962579846">
        <ele>199.814526</ele>
        <time>2026-09-16T13:17:36Z</time>
      </trkpt>
      <trkpt lat="45.853115972131491" lon="10.975192012265325">
        <ele>199.820179</ele>
        <time>2026-09-16T13:17:36Z</time>
      </trkpt>
      <trkpt lat="45.853129969909787" lon="10.975156975910068">
        <ele>199.82434799999999</ele>
        <time>2026-09-16T13:17:37Z</time>
      </trkpt>
      <trkpt lat="45.853236000984907" lon="10.974864028394222">
        <ele>199.85844499999999</ele>
        <time>2026-09-16T13:17:41Z</time>
      </trkpt>
      <trkpt lat="45.853247987106442" lon="10.974831003695726">
        <ele>199.86229</ele>
        <time>2026-09-16T13:17:41Z</time>
      </trkpt>
      <trkpt lat="45.853299032896757" lon="10.974689014256001">
        <ele>199.88694100000001</ele>
        <time>2026-09-16T13:17:43Z</time>
      </trkpt>
      <trkpt lat="45.853318981826305" lon="10.974635034799576">
        <ele>199.89678799999999</ele>
        <time>2026-09-16T13:17:44Z</time>
      </trkpt>
      <trkpt lat="45.853632967919111" lon="10.973745966330171">
        <ele>200.057265</ele>
        <time>2026-09-16T13:17:55Z</time>
      </trkpt>
      <trkpt lat="45.853826003149152" lon="10.973194018006325">
        <ele>200.15670299999999</ele>
        <time>2026-09-16T13:18:03Z</time>
      </trkpt>
      <trkpt lat="45.853720977902412" lon="10.973165016621351">
        <ele>200.18141800000001</ele>
        <time>2026-09-16T13:18:05Z</time>
      </trkpt>
      <trkpt lat="45.85319995880127" lon="10.973154036328197">
        <ele>200.30971299999999</ele>
        <time>2026-09-16T13:18:16Z</time>
      </trkpt>
      <trkpt lat="45.853060986846685" lon="10.973148001357913">
        <ele>200.35338300000001</ele>
        <time>2026-09-16T13:18:19Z</time>
      </trkpt>
      <trkpt lat="45.852394960820675" lon="10.973121011629701">
        <ele>200.56261000000001</ele>
        <time>2026-09-16T13:18:33Z</time>
      </trkpt>
      <trkpt lat="45.852270992472768" lon="10.973091004416347">
        <ele>200.60209900000001</ele>
        <time>2026-09-16T13:18:35Z</time>
      </trkpt>
      <trkpt lat="45.852162027731538" lon="10.973026966676116">
        <ele>200.63908000000001</ele>
        <time>2026-09-16T13:18:38Z</time>
      </trkpt>
      <trkpt lat="45.851766988635063" lon="10.972731001675129">
        <ele>200.77900199999999</ele>
        <time>2026-09-16T13:18:45Z</time>
      </trkpt>
      <trkpt lat="45.851684007793665" lon="10.972473006695509">
        <ele>200.841162</ele>
        <time>2026-09-16T13:18:49Z</time>
      </trkpt>
      <trkpt lat="45.85163002833724" lon="10.972427995875478">
        <ele>200.786224</ele>
        <time>2026-09-16T13:18:51Z</time>
      </trkpt>
      <trkpt lat="45.851636985316873" lon="10.972408968955278">
        <ele>200.768992</ele>
        <time>2026-09-16T13:18:51Z</time>
      </trkpt>
      <trkpt lat="45.852000005543232" lon="10.971475979313254">
        <ele>199.912252</ele>
        <time>2026-09-16T13:19:02Z</time>
      </trkpt>
      <trkpt lat="45.852348022162914" lon="10.970591017976403">
        <ele>199.097521</ele>
        <time>2026-09-16T13:19:12Z</time>
      </trkpt>
      <trkpt lat="45.852348022162914" lon="10.970528991892934">
        <ele>199.04781800000001</ele>
        <time>2026-09-16T13:19:12Z</time>
      </trkpt>
      <trkpt lat="45.852364031597972" lon="10.970484986901283">
        <ele>199.008027</ele>
        <time>2026-09-16T13:19:13Z</time>
      </trkpt>
      <trkpt lat="45.852376017719507" lon="10.970452968031168">
        <ele>198.978892</ele>
        <time>2026-09-16T13:19:13Z</time>
      </trkpt>
      <trkpt lat="45.852431003004313" lon="10.97039001993835">
        <ele>198.89791</ele>
        <time>2026-09-16T13:19:14Z</time>
      </trkpt>
      <trkpt lat="45.852434020489454" lon="10.97013202495873">
        <ele>198.75398899999999</ele>
        <time>2026-09-16T13:19:17Z</time>
      </trkpt>
      <trkpt lat="45.85246897302568" lon="10.970073016360402">
        <ele>198.73866200000001</ele>
        <time>2026-09-16T13:19:17Z</time>
      </trkpt>
      <trkpt lat="45.852470984682441" lon="10.969985006377101">
        <ele>198.72125</ele>
        <time>2026-09-16T13:19:18Z</time>
      </trkpt>
      <trkpt lat="45.85249001160264" lon="10.969986012205482">
        <ele>198.71585200000001</ele>
        <time>2026-09-16T13:19:19Z</time>
      </trkpt>
      <trkpt lat="45.852513983845711" lon="10.969985006377101">
        <ele>198.709034</ele>
        <time>2026-09-16T13:19:19Z</time>
      </trkpt>
      <trkpt lat="45.85251297801733" lon="10.969631960615516">
        <ele>198.63922299999999</ele>
        <time>2026-09-16T13:19:23Z</time>
      </trkpt>
      <trkpt lat="45.85251197218895" lon="10.969372959807515">
        <ele>198.58800199999999</ele>
        <time>2026-09-16T13:19:26Z</time>
      </trkpt>
      <trkpt lat="45.85251197218895" lon="10.969331972301006">
        <ele>198.579893</ele>
        <time>2026-09-16T13:19:26Z</time>
      </trkpt>
      <trkpt lat="45.852510966360569" lon="10.969083029776812">
        <ele>198.53064900000001</ele>
        <time>2026-09-16T13:19:29Z</time>
      </trkpt>
      <trkpt lat="45.852509960532188" lon="10.968838026747108">
        <ele>198.48219700000001</ele>
        <time>2026-09-16T13:19:32Z</time>
      </trkpt>
      <trkpt lat="45.852508032694459" lon="10.968428989872336">
        <ele>198.401309</ele>
        <time>2026-09-16T13:19:37Z</time>
      </trkpt>
      <trkpt lat="45.852508032694459" lon="10.968340979889035">
        <ele>198.383906</ele>
        <time>2026-09-16T13:19:38Z</time>
      </trkpt>
      <trkpt lat="45.852506021037698" lon="10.968211982399225">
        <ele>198.35838799999999</ele>
        <time>2026-09-16T13:19:39Z</time>
      </trkpt>
      <trkpt lat="45.852480959147215" lon="10.967834964394569">
        <ele>198.28349499999999</ele>
        <time>2026-09-16T13:19:44Z</time>
      </trkpt>
      <trkpt lat="45.852465033531189" lon="10.967619968578219">
        <ele>198.31412599999999</ele>
        <time>2026-09-16T13:19:47Z</time>
      </trkpt>
      <trkpt lat="45.85244600661099" lon="10.967440009117126">
        <ele>198.39218199999999</ele>
        <time>2026-09-16T13:19:50Z</time>
      </trkpt>
      <trkpt lat="45.852423962205648" lon="10.967162987217307">
        <ele>198.51171400000001</ele>
        <time>2026-09-16T13:19:54Z</time>
      </trkpt>
      <trkpt lat="45.852402001619339" lon="10.966880014166236">
        <ele>198.633802</ele>
        <time>2026-09-16T13:19:58Z</time>
      </trkpt>
      <trkpt lat="45.852385992184281" lon="10.966685973107815">
        <ele>198.71755999999999</ele>
        <time>2026-09-16T13:20:01Z</time>
      </trkpt>
      <trkpt lat="45.852374006062746" lon="10.966538032516837">
        <ele>198.781443</ele>
        <time>2026-09-16T13:20:03Z</time>
      </trkpt>
      <trkpt lat="45.852322038263083" lon="10.965519966557622">
        <ele>199.219078</ele>
        <time>2026-09-16T13:20:17Z</time>
      </trkpt>
      <trkpt lat="45.852370988577604" lon="10.963821960613132">
        <ele>199.59438499999999</ele>
        <time>2026-09-16T13:20:40Z</time>
      </trkpt>
      <trkpt lat="45.852365959435701" lon="10.963324997574091">
        <ele>199.67691199999999</ele>
        <time>2026-09-16T13:20:46Z</time>
      </trkpt>
      <trkpt lat="45.852236039936543" lon="10.96134502440691">
        <ele>199.890749</ele>
        <time>2026-09-16T13:21:09Z</time>
      </trkpt>
      <trkpt lat="45.852295970544219" lon="10.960670029744506">
        <ele>199.94030100000001</ele>
        <time>2026-09-16T13:21:18Z</time>
      </trkpt>
      <trkpt lat="45.852278033271432" lon="10.960472971200943">
        <ele>199.954769</ele>
        <time>2026-09-16T13:21:20Z</time>
      </trkpt>
      <trkpt lat="45.852260012179613" lon="10.960308015346527">
        <ele>199.96693099999999</ele>
        <time>2026-09-16T13:21:22Z</time>
      </trkpt>
      <trkpt lat="45.852278033271432" lon="10.959448032081127">
        <ele>200.158299</ele>
        <time>2026-09-16T13:21:33Z</time>
      </trkpt>
      <trkpt lat="45.852343998849392" lon="10.959092974662781">
        <ele>200.26765</ele>
        <time>2026-09-16T13:21:38Z</time>
      </trkpt>
      <trkpt lat="45.852375011891127" lon="10.958030987530947">
        <ele>200.58399199999999</ele>
        <time>2026-09-16T13:21:52Z</time>
      </trkpt>
      <trkpt lat="45.852542985230684" lon="10.955419018864632">
        <ele>201.81966600000001</ele>
        <time>2026-09-16T13:22:29Z</time>
      </trkpt>
      <trkpt lat="45.852538961917162" lon="10.954908980056643">
        <ele>202.08501000000001</ele>
        <time>2026-09-16T13:22:36Z</time>
      </trkpt>
      <trkpt lat="45.852610040456057" lon="10.954512013122439">
        <ele>202.36514600000001</ele>
        <time>2026-09-16T13:22:43Z</time>
      </trkpt>
      <trkpt lat="45.853054029867053" lon="10.953448014333844">
        <ele>203.22807599999999</ele>
        <time>2026-09-16T13:23:02Z</time>
      </trkpt>
      <trkpt lat="45.853415038436651" lon="10.952935963869095">
        <ele>203.734937</ele>
        <time>2026-09-16T13:23:13Z</time>
      </trkpt>
      <trkpt lat="45.853556022047997" lon="10.952653996646404">
        <ele>203.948959</ele>
        <time>2026-09-16T13:23:18Z</time>
      </trkpt>
      <trkpt lat="45.85362802259624" lon="10.952452998608351">
        <ele>204.05213000000001</ele>
        <time>2026-09-16T13:23:21Z</time>
      </trkpt>
      <trkpt lat="45.853793984279037" lon="10.951556973159313">
        <ele>204.47533799999999</ele>
        <time>2026-09-16T13:23:34Z</time>
      </trkpt>
      <trkpt lat="45.853866990655661" lon="10.950857000425458">
        <ele>204.798419</ele>
        <time>2026-09-16T13:23:44Z</time>
      </trkpt>
      <trkpt lat="45.854099001735449" lon="10.94843496568501">
        <ele>205.72537</ele>
        <time>2026-09-16T13:24:18Z</time>
      </trkpt>
      <trkpt lat="45.854104030877352" lon="10.948171019554138">
        <ele>205.81876600000001</ele>
        <time>2026-09-16T13:24:21Z</time>
      </trkpt>
      <trkpt lat="45.854048961773515" lon="10.947559978812933">
        <ele>205.99605500000001</ele>
        <time>2026-09-16T13:24:29Z</time>
      </trkpt>
      <trkpt lat="45.854035969823599" lon="10.947433998808265">
        <ele>206.00308200000001</ele>
        <time>2026-09-16T13:24:31Z</time>
      </trkpt>
      <trkpt lat="45.853920970112085" lon="10.946146035566926">
        <ele>206.07472000000001</ele>
        <time>2026-09-16T13:24:46Z</time>
      </trkpt>
      <trkpt lat="45.853892974555492" lon="10.945608001202345">
        <ele>206.10448299999999</ele>
        <time>2026-09-16T13:24:52Z</time>
      </trkpt>
      <trkpt lat="45.853856010362506" lon="10.944724967703223">
        <ele>206.404167</ele>
        <time>2026-09-16T13:25:03Z</time>
      </trkpt>
      <trkpt lat="45.853857016190886" lon="10.943940002471209">
        <ele>206.93550500000001</ele>
        <time>2026-09-16T13:25:14Z</time>
      </trkpt>
      <trkpt lat="45.853853998705745" lon="10.943585028871894">
        <ele>207.17580799999999</ele>
        <time>2026-09-16T13:25:20Z</time>
      </trkpt>
      <trkpt lat="45.853888029232621" lon="10.943060992285609">
        <ele>207.53201999999999</ele>
        <time>2026-09-16T13:25:28Z</time>
      </trkpt>
      <trkpt lat="45.854010991752148" lon="10.94200998544693">
        <ele>208.77283700000001</ele>
        <time>2026-09-16T13:25:46Z</time>
      </trkpt>
      <trkpt lat="45.854351967573166" lon="10.940493028610945">
        <ele>211.34878399999999</ele>
        <time>2026-09-16T13:26:17Z</time>
      </trkpt>
      <trkpt lat="45.854542991146445" lon="10.939664980396628">
        <ele>212.923598</ele>
        <time>2026-09-16T13:26:36Z</time>
      </trkpt>
      <trkpt lat="45.854588001966476" lon="10.939376978203654">
        <ele>213.51222799999999</ele>
        <time>2026-09-16T13:26:42Z</time>
      </trkpt>
      <trkpt lat="45.854603005573153" lon="10.939005995169282">
        <ele>214.253353</ele>
        <time>2026-09-16T13:26:50Z</time>
      </trkpt>
      <trkpt lat="45.854508960619569" lon="10.93861598521471">
        <ele>215.07638</ele>
        <time>2026-09-16T13:26:59Z</time>
      </trkpt>
      <trkpt lat="45.854068994522095" lon="10.937339002266526">
        <ele>217.95788899999999</ele>
        <time>2026-09-16T13:27:28Z</time>
      </trkpt>
      <trkpt lat="45.854093972593546" lon="10.936393020674586">
        <ele>219.951943</ele>
        <time>2026-09-16T13:27:48Z</time>
      </trkpt>
      <trkpt lat="45.854220958426595" lon="10.935720037668943">
        <ele>221.420635</ele>
        <time>2026-09-16T13:28:04Z</time>
      </trkpt>
      <trkpt lat="45.854385998100042" lon="10.934943035244942">
        <ele>222.91746800000001</ele>
        <time>2026-09-16T13:28:22Z</time>
      </trkpt>
      <trkpt lat="45.854475013911724" lon="10.934531986713409">
        <ele>223.42756900000001</ele>
        <time>2026-09-16T13:28:31Z</time>
      </trkpt>
      <trkpt lat="45.854482976719737" lon="10.934493010863662">
        <ele>223.47575399999999</ele>
        <time>2026-09-16T13:28:32Z</time>
      </trkpt>
      <trkpt lat="45.854838034138083" lon="10.932948980480433">
        <ele>225.40276800000001</ele>
        <time>2026-09-16T13:28:58Z</time>
      </trkpt>
      <trkpt lat="45.854908023029566" lon="10.932603981345892">
        <ele>225.71084200000001</ele>
        <time>2026-09-16T13:29:03Z</time>
      </trkpt>
      <trkpt lat="45.854901988059282" lon="10.93238303437829">
        <ele>225.72809699999999</ele>
        <time>2026-09-16T13:29:05Z</time>
      </trkpt>
      <trkpt lat="45.854833004996181" lon="10.93208497390151">
        <ele>225.75259800000001</ele>
        <time>2026-09-16T13:29:10Z</time>
      </trkpt>
      <trkpt lat="45.854819007217884" lon="10.932021019980311">
        <ele>225.75783100000001</ele>
        <time>2026-09-16T13:29:10Z</time>
      </trkpt>
      <trkpt lat="45.854909028857946" lon="10.931582981720567">
        <ele>225.79345900000001</ele>
        <time>2026-09-16T13:29:16Z</time>
      </trkpt>
      <trkpt lat="45.854944987222552" lon="10.931516010314226">
        <ele>225.800061</ele>
        <time>2026-09-16T13:29:17Z</time>
      </trkpt>
      <trkpt lat="45.855273976922035" lon="10.931089958176017">
        <ele>225.84968699999999</ele>
        <time>2026-09-16T13:29:25Z</time>
      </trkpt>
      <trkpt lat="45.855417978018522" lon="10.930936988443136">
        <ele>225.869754</ele>
        <time>2026-09-16T13:29:28Z</time>
      </trkpt>
      <trkpt lat="45.855428958311677" lon="10.930893989279866">
        <ele>225.87332799999999</ele>
        <time>2026-09-16T13:29:28Z</time>
      </trkpt>
      <trkpt lat="45.855529960244894" lon="10.930457962676883">
        <ele>225.84903299999999</ele>
        <time>2026-09-16T13:29:34Z</time>
      </trkpt>
      <trkpt lat="45.855603972449899" lon="10.930238021537662">
        <ele>225.64573200000001</ele>
        <time>2026-09-16T13:29:37Z</time>
      </trkpt>
      <trkpt lat="45.855875965207815" lon="10.928965983912349">
        <ele>224.538498</ele>
        <time>2026-09-16T13:29:50Z</time>
      </trkpt>
      <trkpt lat="45.855876971036196" lon="10.928959026932716">
        <ele>224.53255200000001</ele>
        <time>2026-09-16T13:29:50Z</time>
      </trkpt>
      <trkpt lat="45.856034969910979" lon="10.928176995366812">
        <ele>223.85500099999999</ele>
        <time>2026-09-16T13:29:58Z</time>
      </trkpt>
      <trkpt lat="45.856134966015816" lon="10.927690006792545">
        <ele>223.75350399999999</ele>
        <time>2026-09-16T13:30:03Z</time>
      </trkpt>
      <trkpt lat="45.8568299934268" lon="10.924666989594698">
        <ele>224.85103599999999</ele>
        <time>2026-09-16T13:30:45Z</time>
      </trkpt>
      <trkpt lat="45.857541030272841" lon="10.921499971300364">
        <ele>229.87328600000001</ele>
        <time>2026-09-16T13:31:49Z</time>
      </trkpt>
      <trkpt lat="45.857683019712567" lon="10.921139968559146">
        <ele>230.646231</ele>
        <time>2026-09-16T13:32:00Z</time>
      </trkpt>
      <trkpt lat="45.857706991955638" lon="10.92112697660923">
        <ele>230.71504100000001</ele>
        <time>2026-09-16T13:32:00Z</time>
      </trkpt>
      <trkpt lat="45.857757031917572" lon="10.921069979667664">
        <ele>230.886301</ele>
        <time>2026-09-16T13:32:03Z</time>
      </trkpt>
      <trkpt lat="45.857855016365647" lon="10.920894965529442">
        <ele>231.305825</ele>
        <time>2026-09-16T13:32:08Z</time>
      </trkpt>
      <trkpt lat="45.857932968065143" lon="10.920758005231619">
        <ele>231.49807999999999</ele>
        <time>2026-09-16T13:32:12Z</time>
      </trkpt>
      <trkpt lat="45.857975967228413" lon="10.920639988034964">
        <ele>231.551974</ele>
        <time>2026-09-16T13:32:15Z</time>
      </trkpt>
      <trkpt lat="45.858176965266466" lon="10.920429015532136">
        <ele>231.696652</ele>
        <time>2026-09-16T13:32:23Z</time>
      </trkpt>
      <trkpt lat="45.860621966421604" lon="10.918453987687826">
        <ele>231.50421600000001</ele>
        <time>2026-09-16T13:33:08Z</time>
      </trkpt>
      <trkpt lat="45.861230995506048" lon="10.917899021878839">
        <ele>230.57478</ele>
        <time>2026-09-16T13:33:18Z</time>
      </trkpt>
      <trkpt lat="45.861698035150766" lon="10.917557962238789">
        <ele>229.55240900000001</ele>
        <time>2026-09-16T13:33:25Z</time>
      </trkpt>
      <trkpt lat="45.862786006182432" lon="10.917071979492903">
        <ele>228.222982</ele>
        <time>2026-09-16T13:33:40Z</time>
      </trkpt>
      <trkpt lat="45.86304098367691" lon="10.916996039450169">
        <ele>228.869834</ele>
        <time>2026-09-16T13:33:44Z</time>
      </trkpt>
      <trkpt lat="45.863492013886571" lon="10.916992016136646">
        <ele>229.99002400000001</ele>
        <time>2026-09-16T13:33:54Z</time>
      </trkpt>
      <trkpt lat="45.863755038008094" lon="10.916967038065195">
        <ele>230.644679</ele>
        <time>2026-09-16T13:34:03Z</time>
      </trkpt>
      <trkpt lat="45.864099031314254" lon="10.916779031977057">
        <ele>231.55886899999999</ele>
        <time>2026-09-16T13:34:19Z</time>
      </trkpt>
      <trkpt lat="45.86499203927815" lon="10.916114011779428">
        <ele>233.730234</ele>
        <time>2026-09-16T13:35:09Z</time>
      </trkpt>
      <trkpt lat="45.865626968443394" lon="10.915391994640231">
        <ele>235.38958500000001</ele>
        <time>2026-09-16T13:35:26Z</time>
      </trkpt>
      <trkpt lat="45.86623901501298" lon="10.915036015212536">
        <ele>233.97206600000001</ele>
        <time>2026-09-16T13:35:34Z</time>
      </trkpt>
      <trkpt lat="45.866671018302441" lon="10.914938030764461">
        <ele>232.00750199999999</ele>
        <time>2026-09-16T13:35:38Z</time>
      </trkpt>
      <trkpt lat="45.867751026526093" lon="10.914896037429571">
        <ele>228.240317</ele>
        <time>2026-09-16T13:35:51Z</time>
      </trkpt>
      <trkpt lat="45.867828978225589" lon="10.914880027994514">
        <ele>228.48610500000001</ele>
        <time>2026-09-16T13:35:53Z</time>
      </trkpt>
      <trkpt lat="45.867942972108722" lon="10.914793023839593">
        <ele>228.88881599999999</ele>
        <time>2026-09-16T13:35:56Z</time>
      </trkpt>
      <trkpt lat="45.868170959874988" lon="10.914459004998207">
        <ele>229.904785</ele>
        <time>2026-09-16T13:36:08Z</time>
      </trkpt>
      <trkpt lat="45.868274979293346" lon="10.914132026955485">
        <ele>230.68565100000001</ele>
        <time>2026-09-16T13:36:18Z</time>
      </trkpt>
      <trkpt lat="45.868285959586501" lon="10.913867997005582">
        <ele>231.26011399999999</ele>
        <time>2026-09-16T13:36:27Z</time>
      </trkpt>
      <trkpt lat="45.868237009271979" lon="10.913352007046342">
        <ele>232.3913</ele>
        <time>2026-09-16T13:36:44Z</time>
      </trkpt>
      <trkpt lat="45.868285037577152" lon="10.913070961833">
        <ele>233.01976300000001</ele>
        <time>2026-09-16T13:36:53Z</time>
      </trkpt>
      <trkpt lat="45.86854001507163" lon="10.912479031831026">
        <ele>232.78496100000001</ele>
        <time>2026-09-16T13:37:09Z</time>
      </trkpt>
      <trkpt lat="45.868890965357423" lon="10.911897998303175">
        <ele>231.863088</ele>
        <time>2026-09-16T13:37:17Z</time>
      </trkpt>
      <trkpt lat="45.868923990055919" lon="10.911793978884816">
        <ele>231.72611499999999</ele>
        <time>2026-09-16T13:37:18Z</time>
      </trkpt>
      <trkpt lat="45.869061034172773" lon="10.911442022770643">
        <ele>231.24281999999999</ele>
        <time>2026-09-16T13:37:21Z</time>
      </trkpt>
      <trkpt lat="45.869199000298977" lon="10.911228032782674">
        <ele>230.89325299999999</ele>
        <time>2026-09-16T13:37:23Z</time>
      </trkpt>
      <trkpt lat="45.869260020554066" lon="10.91107003390789">
        <ele>230.67673400000001</ele>
        <time>2026-09-16T13:37:25Z</time>
      </trkpt>
      <trkpt lat="45.869318023324013" lon="10.910815978422761">
        <ele>230.356371</ele>
        <time>2026-09-16T13:37:27Z</time>
      </trkpt>
      <trkpt lat="45.869507035240531" lon="10.910026989877224">
        <ele>229.89557300000001</ele>
        <time>2026-09-16T13:37:34Z</time>
      </trkpt>
      <trkpt lat="45.869536958634853" lon="10.909708980470896">
        <ele>229.728376</ele>
        <time>2026-09-16T13:37:37Z</time>
      </trkpt>
      <trkpt lat="45.869525978341699" lon="10.909513011574745">
        <ele>229.62592599999999</ele>
        <time>2026-09-16T13:37:39Z</time>
      </trkpt>
      <trkpt lat="45.86948499083519" lon="10.908784037455916">
        <ele>229.244868</ele>
        <time>2026-09-16T13:37:49Z</time>
      </trkpt>
      <trkpt lat="45.869540981948376" lon="10.908658979460597">
        <ele>229.16742500000001</ele>
        <time>2026-09-16T13:37:52Z</time>
      </trkpt>
      <trkpt lat="45.869623962789774" lon="10.908589996397495">
        <ele>229.095664</ele>
        <time>2026-09-16T13:37:54Z</time>
      </trkpt>
      <trkpt lat="45.869717001914978" lon="10.908564012497663">
        <ele>229.02476799999999</ele>
        <time>2026-09-16T13:37:57Z</time>
      </trkpt>
      <trkpt lat="45.870591988787055" lon="10.908666020259261">
        <ele>231.23001300000001</ele>
        <time>2026-09-16T13:38:28Z</time>
      </trkpt>
      <trkpt lat="45.870810002088547" lon="10.908655961975455">
        <ele>231.84989899999999</ele>
        <time>2026-09-16T13:38:35Z</time>
      </trkpt>
      <trkpt lat="45.871545011177659" lon="10.908563006669283">
        <ele>233.94690700000001</ele>
        <time>2026-09-16T13:38:55Z</time>
      </trkpt>
      <trkpt lat="45.871861008927226" lon="10.908603994175792">
        <ele>235.73730699999999</ele>
        <time>2026-09-16T13:39:02Z</time>
      </trkpt>
      <trkpt lat="45.871941978111863" lon="10.90868697501719">
        <ele>236.34544500000001</ele>
        <time>2026-09-16T13:39:04Z</time>
      </trkpt>
      <trkpt lat="45.87227800861001" lon="10.909224003553391">
        <ele>239.41775999999999</ele>
        <time>2026-09-16T13:39:22Z</time>
      </trkpt>
      <trkpt lat="45.872415974736214" lon="10.90937303379178">
        <ele>240.472938</ele>
        <time>2026-09-16T13:39:30Z</time>
      </trkpt>
      <trkpt lat="45.872533991932869" lon="10.909429024904966">
        <ele>241.232484</ele>
        <time>2026-09-16T13:39:36Z</time>
      </trkpt>
      <trkpt lat="45.872668018564582" lon="10.909446040168405">
        <ele>242.054655</ele>
        <time>2026-09-16T13:39:43Z</time>
      </trkpt>
      <trkpt lat="45.872815037146211" lon="10.909407986328006">
        <ele>242.96752799999999</ele>
        <time>2026-09-16T13:39:52Z</time>
      </trkpt>
      <trkpt lat="45.872990973293781" lon="10.909292986616492">
        <ele>244.149292</ele>
        <time>2026-09-16T13:40:03Z</time>
      </trkpt>
      <trkpt lat="45.873088035732508" lon="10.909162983298302">
        <ele>244.960151</ele>
        <time>2026-09-16T13:40:12Z</time>
      </trkpt>
      <trkpt lat="45.873194988816977" lon="10.908924015238881">
        <ele>246.95964699999999</ele>
        <time>2026-09-16T13:40:25Z</time>
      </trkpt>
      <trkpt lat="45.873262966051698" lon="10.908844973891973">
        <ele>247.87823900000001</ele>
        <time>2026-09-16T13:40:32Z</time>
      </trkpt>
      <trkpt lat="45.873425994068384" lon="10.908885039389133">
        <ele>249.61501999999999</ele>
        <time>2026-09-16T13:40:44Z</time>
      </trkpt>
      <trkpt lat="45.873532025143504" lon="10.908876992762089">
        <ele>250.72986399999999</ele>
        <time>2026-09-16T13:40:52Z</time>
      </trkpt>
      <trkpt lat="45.873608971014619" lon="10.908826030790806">
        <ele>251.62043600000001</ele>
        <time>2026-09-16T13:40:59Z</time>
      </trkpt>
      <trkpt lat="45.873651970177889" lon="10.908753024414182">
        <ele>252.31966800000001</ele>
        <time>2026-09-16T13:41:04Z</time>
      </trkpt>
      <trkpt lat="45.873699998483062" lon="10.908579016104341">
        <ele>253.68828999999999</ele>
        <time>2026-09-16T13:41:14Z</time>
      </trkpt>
      <trkpt lat="45.873678037896752" lon="10.908303000032902">
        <ele>255.719741</ele>
        <time>2026-09-16T13:41:28Z</time>
      </trkpt>
      <trkpt lat="45.873601008206606" lon="10.907874014228582">
        <ele>258.95940000000002</ele>
        <time>2026-09-16T13:41:49Z</time>
      </trkpt>
      <trkpt lat="45.873477961868048" lon="10.907576959580183">
        <ele>261.48640799999998</ele>
        <time>2026-09-16T13:42:03Z</time>
      </trkpt>
      <trkpt lat="45.873391041532159" lon="10.907521974295378">
        <ele>262.484758</ele>
        <time>2026-09-16T13:42:08Z</time>
      </trkpt>
      <trkpt lat="45.873308982700109" lon="10.907520968466997">
        <ele>263.34602699999999</ele>
        <time>2026-09-16T13:42:13Z</time>
      </trkpt>
      <trkpt lat="45.873267995193601" lon="10.907459026202559">
        <ele>263.96323100000001</ele>
        <time>2026-09-16T13:42:16Z</time>
      </trkpt>
      <trkpt lat="45.873273024335504" lon="10.907404962927103">
        <ele>264.07228500000002</ele>
        <time>2026-09-16T13:42:18Z</time>
      </trkpt>
      <trkpt lat="45.873335972428322" lon="10.90729096904397">
        <ele>264.363652</ele>
        <time>2026-09-16T13:42:23Z</time>
      </trkpt>
      <trkpt lat="45.873433034867048" lon="10.907201031222939">
        <ele>264.69568600000002</ele>
        <time>2026-09-16T13:42:28Z</time>
      </trkpt>
      <trkpt lat="45.873669991269708" lon="10.90703004039824">
        <ele>265.45827500000001</ele>
        <time>2026-09-16T13:42:40Z</time>
      </trkpt>
      <trkpt lat="45.874009039252996" lon="10.906506003811955">
        <ele>266.89020699999998</ele>
        <time>2026-09-16T13:42:56Z</time>
      </trkpt>
      <trkpt lat="45.874079028144479" lon="10.906340964138508">
        <ele>267.27700399999998</ele>
        <time>2026-09-16T13:43:00Z</time>
      </trkpt>
      <trkpt lat="45.874346997588873" lon="10.905906027182937">
        <ele>268.439797</ele>
        <time>2026-09-16T13:43:08Z</time>
      </trkpt>
      <trkpt lat="45.874616978690028" lon="10.905635040253401">
        <ele>268.92989699999998</ele>
        <time>2026-09-16T13:43:13Z</time>
      </trkpt>
      <trkpt lat="45.874810013920069" lon="10.905521968379617">
        <ele>268.45577900000001</ele>
        <time>2026-09-16T13:43:15Z</time>
      </trkpt>
      <trkpt lat="45.875055016949773" lon="10.90546103194356">
        <ele>267.89013499999999</ele>
        <time>2026-09-16T13:43:18Z</time>
      </trkpt>
      <trkpt lat="45.875081000849605" lon="10.905817011371255">
        <ele>267.32321200000001</ele>
        <time>2026-09-16T13:43:21Z</time>
      </trkpt>
      <trkpt lat="45.875108996406198" lon="10.905847018584609">
        <ele>267.24374699999998</ele>
        <time>2026-09-16T13:43:22Z</time>
      </trkpt>
      <trkpt lat="45.875139003619552" lon="10.905832014977932">
        <ele>267.17148600000002</ele>
        <time>2026-09-16T13:43:22Z</time>
      </trkpt>
      <trkpt lat="45.875155013054609" lon="10.905801001936197">
        <ele>267.11036899999999</ele>
        <time>2026-09-16T13:43:22Z</time>
      </trkpt>
      <trkpt lat="45.875145038589835" lon="10.905607966706157">
        <ele>266.80385200000001</ele>
        <time>2026-09-16T13:43:24Z</time>
      </trkpt>
      <trkpt lat="45.875191977247596" lon="10.905379978939891">
        <ele>266.42725300000001</ele>
        <time>2026-09-16T13:43:27Z</time>
      </trkpt>
      <trkpt lat="45.875248974189162" lon="10.905230026692152">
        <ele>266.15660200000002</ele>
        <time>2026-09-16T13:43:29Z</time>
      </trkpt>
      <trkpt lat="45.875431029126048" lon="10.905130030587316">
        <ele>265.713325</ele>
        <time>2026-09-16T13:43:32Z</time>
      </trkpt>
      <trkpt lat="45.875711990520358" lon="10.905066998675466">
        <ele>265.06635799999998</ele>
        <time>2026-09-16T13:43:36Z</time>
      </trkpt>
      <trkpt lat="45.875967973843217" lon="10.90496901422739">
        <ele>263.43027699999999</ele>
        <time>2026-09-16T13:43:39Z</time>
      </trkpt>
      <trkpt lat="45.876238960772753" lon="10.904757035896182">
        <ele>261.46992</ele>
        <time>2026-09-16T13:43:43Z</time>
      </trkpt>
      <trkpt lat="45.876495027914643" lon="10.904390998184681">
        <ele>259.17532799999998</ele>
        <time>2026-09-16T13:43:47Z</time>
      </trkpt>
      <trkpt lat="45.876598041504622" lon="10.904076006263494">
        <ele>257.636144</ele>
        <time>2026-09-16T13:43:50Z</time>
      </trkpt>
      <trkpt lat="45.876627964898944" lon="10.903735030442476">
        <ele>256.11598300000003</ele>
        <time>2026-09-16T13:43:52Z</time>
      </trkpt>
      <trkpt lat="45.876620002090931" lon="10.903032040223479">
        <ele>252.78576699999999</ele>
        <time>2026-09-16T13:43:57Z</time>
      </trkpt>
      <trkpt lat="45.87666098959744" lon="10.902660973370075">
        <ele>250.521187</ele>
        <time>2026-09-16T13:44:00Z</time>
      </trkpt>
      <trkpt lat="45.876310961320996" lon="10.902244979515672">
        <ele>246.58743000000001</ele>
        <time>2026-09-16T13:44:05Z</time>
      </trkpt>
      <trkpt lat="45.876250024884939" lon="10.902085974812508">
        <ele>245.49299099999999</ele>
        <time>2026-09-16T13:44:06Z</time>
      </trkpt>
      <trkpt lat="45.876237032935023" lon="10.901968041434884">
        <ele>244.77277000000001</ele>
        <time>2026-09-16T13:44:07Z</time>
      </trkpt>
      <trkpt lat="45.876259999349713" lon="10.901833008974791">
        <ele>243.934901</ele>
        <time>2026-09-16T13:44:08Z</time>
      </trkpt>
      <trkpt lat="45.876368964090943" lon="10.901590017601848">
        <ele>242.19223700000001</ele>
        <time>2026-09-16T13:44:10Z</time>
      </trkpt>
      <trkpt lat="45.876386985182762" lon="10.901419026777148">
        <ele>241.149641</ele>
        <time>2026-09-16T13:44:12Z</time>
      </trkpt>
      <trkpt lat="45.876367036253214" lon="10.901329005137086">
        <ele>240.58010400000001</ele>
        <time>2026-09-16T13:44:13Z</time>
      </trkpt>
      <trkpt lat="45.876090014353395" lon="10.900856014341116">
        <ele>237.38916499999999</ele>
        <time>2026-09-16T13:44:17Z</time>
      </trkpt>
      <trkpt lat="45.875933021306992" lon="10.900576980784535">
        <ele>236.20298199999999</ele>
        <time>2026-09-16T13:44:20Z</time>
      </trkpt>
      <trkpt lat="45.875751972198486" lon="10.900143971666694">
        <ele>234.533008</ele>
        <time>2026-09-16T13:44:24Z</time>
      </trkpt>
      <trkpt lat="45.875712996348739" lon="10.900012962520123">
        <ele>234.06191000000001</ele>
        <time>2026-09-16T13:44:25Z</time>
      </trkpt>
      <trkpt lat="45.875723976641893" lon="10.899792015552521">
        <ele>233.32929799999999</ele>
        <time>2026-09-16T13:44:27Z</time>
      </trkpt>
      <trkpt lat="45.875977026298642" lon="10.898817032575607">
        <ele>229.888779</ele>
        <time>2026-09-16T13:44:36Z</time>
      </trkpt>
      <trkpt lat="45.876046009361744" lon="10.898628020659089">
        <ele>229.32512399999999</ele>
        <time>2026-09-16T13:44:38Z</time>
      </trkpt>
      <trkpt lat="45.876304004341364" lon="10.898129967972636">
        <ele>228.20115799999999</ele>
        <time>2026-09-16T13:44:43Z</time>
      </trkpt>
      <trkpt lat="45.876409029588103" lon="10.897809024900198">
        <ele>227.55898500000001</ele>
        <time>2026-09-16T13:44:47Z</time>
      </trkpt>
      <trkpt lat="45.876438030973077" lon="10.897610038518906">
        <ele>227.19085699999999</ele>
        <time>2026-09-16T13:44:49Z</time>
      </trkpt>
      <trkpt lat="45.876433001831174" lon="10.897226985543966">
        <ele>226.49725599999999</ele>
        <time>2026-09-16T13:44:52Z</time>
      </trkpt>
      <trkpt lat="45.87640299461782" lon="10.897067980840802">
        <ele>226.19897800000001</ele>
        <time>2026-09-16T13:44:54Z</time>
      </trkpt>
      <trkpt lat="45.87644599378109" lon="10.89659096673131">
        <ele>225.32808900000001</ele>
        <time>2026-09-16T13:44:58Z</time>
      </trkpt>
      <trkpt lat="45.87653199210763" lon="10.896282009780407">
        <ele>224.780449</ele>
        <time>2026-09-16T13:45:01Z</time>
      </trkpt>
      <trkpt lat="45.876674987375736" lon="10.895931981503963">
        <ele>224.47636499999999</ele>
        <time>2026-09-16T13:45:05Z</time>
      </trkpt>
      <trkpt lat="45.876828040927649" lon="10.895649008452892">
        <ele>224.20788200000001</ele>
        <time>2026-09-16T13:45:08Z</time>
      </trkpt>
      <trkpt lat="45.876841032877564" lon="10.895557980984449">
        <ele>224.13827499999999</ele>
        <time>2026-09-16T13:45:09Z</time>
      </trkpt>
      <trkpt lat="45.876858970150352" lon="10.895390007644892">
        <ele>224.010909</ele>
        <time>2026-09-16T13:45:11Z</time>
      </trkpt>
      <trkpt lat="45.876844972372055" lon="10.895271990448236">
        <ele>223.92121599999999</ele>
        <time>2026-09-16T13:45:12Z</time>
      </trkpt>
      <trkpt lat="45.876728966832161" lon="10.894884997978806">
        <ele>223.60550000000001</ele>
        <time>2026-09-16T13:45:17Z</time>
      </trkpt>
      <trkpt lat="45.876635005697608" lon="10.894605964422226">
        <ele>223.37325000000001</ele>
        <time>2026-09-16T13:45:20Z</time>
      </trkpt>
      <trkpt lat="45.876642968505621" lon="10.894434973597527">
        <ele>223.24482900000001</ele>
        <time>2026-09-16T13:45:22Z</time>
      </trkpt>
      <trkpt lat="45.87679099291563" lon="10.894124004989862">
        <ele>222.96255600000001</ele>
        <time>2026-09-16T13:45:26Z</time>
      </trkpt>
      <trkpt lat="45.876804990693927" lon="10.894088968634605">
        <ele>222.93231</ele>
        <time>2026-09-16T13:45:27Z</time>
      </trkpt>
      <trkpt lat="45.877085030078888" lon="10.893425960093737">
        <ele>223.006011</ele>
        <time>2026-09-16T13:45:37Z</time>
      </trkpt>
      <trkpt lat="45.877307988703251" lon="10.89293796569109">
        <ele>223.106819</ele>
        <time>2026-09-16T13:45:45Z</time>
      </trkpt>
      <trkpt lat="45.87732701562345" lon="10.89272003620863">
        <ele>223.14476099999999</ele>
        <time>2026-09-16T13:45:48Z</time>
      </trkpt>
      <trkpt lat="45.877379989251494" lon="10.892600007355213">
        <ele>223.16930300000001</ele>
        <time>2026-09-16T13:45:51Z</time>
      </trkpt>
      <trkpt lat="45.877417959272861" lon="10.892370007932186">
        <ele>223.210126</ele>
        <time>2026-09-16T13:45:54Z</time>
      </trkpt>
      <trkpt lat="45.877450983971357" lon="10.891982009634376">
        <ele>223.27762999999999</ele>
        <time>2026-09-16T13:46:00Z</time>
      </trkpt>
      <trkpt lat="45.877475962042809" lon="10.891710016876459">
        <ele>223.32500999999999</ele>
        <time>2026-09-16T13:46:05Z</time>
      </trkpt>
      <trkpt lat="45.877546034753323" lon="10.89154296554625">
        <ele>223.444624</ele>
        <time>2026-09-16T13:46:08Z</time>
      </trkpt>
      <trkpt lat="45.877625998109579" lon="10.891204001381993">
        <ele>223.68878000000001</ele>
        <time>2026-09-16T13:46:14Z</time>
      </trkpt>
      <trkpt lat="45.877722976729274" lon="10.891009960323572">
        <ele>223.85169999999999</ele>
        <time>2026-09-16T13:46:19Z</time>
      </trkpt>
      <trkpt lat="45.87777997367084" lon="10.890882974490523">
        <ele>223.954768</ele>
        <time>2026-09-16T13:46:21Z</time>
      </trkpt>
      <trkpt lat="45.877814004197717" lon="10.890841986984015">
        <ele>223.99826200000001</ele>
        <time>2026-09-16T13:46:22Z</time>
      </trkpt>
      <trkpt lat="45.877674026414752" lon="10.890685999765992">
        <ele>224.171863</ele>
        <time>2026-09-16T13:46:27Z</time>
      </trkpt>
      <trkpt lat="45.87739197537303" lon="10.890419958159328">
        <ele>224.50240500000001</ele>
        <time>2026-09-16T13:46:36Z</time>
      </trkpt>
      <trkpt lat="45.877212015911937" lon="10.890258019790053">
        <ele>224.710521</ele>
        <time>2026-09-16T13:46:42Z</time>
      </trkpt>
      <trkpt lat="45.877031972631812" lon="10.890149977058172">
        <ele>224.901646</ele>
        <time>2026-09-16T13:46:48Z</time>
      </trkpt>
      <trkpt lat="45.876770038157701" lon="10.890026008710265">
        <ele>225.26636300000001</ele>
        <time>2026-09-16T13:46:56Z</time>
      </trkpt>
      <trkpt lat="45.876417998224497" lon="10.889824004843831">
        <ele>226.07539499999999</ele>
        <time>2026-09-16T13:47:07Z</time>
      </trkpt>
      <trkpt lat="45.876195961609483" lon="10.889675980433822">
        <ele>226.597769</ele>
        <time>2026-09-16T13:47:15Z</time>
      </trkpt>
      <trkpt lat="45.87607903406024" lon="10.889618983492255">
        <ele>226.86146099999999</ele>
        <time>2026-09-16T13:47:19Z</time>
      </trkpt>
      <trkpt lat="45.87599596939981" lon="10.889585958793759">
        <ele>227.04527300000001</ele>
        <time>2026-09-16T13:47:22Z</time>
      </trkpt>
      <trkpt lat="45.875797988846898" lon="10.889618983492255">
        <ele>227.470709</ele>
        <time>2026-09-16T13:47:30Z</time>
      </trkpt>
      <trkpt lat="45.8757150080055" lon="10.889603979885578">
        <ele>227.64925700000001</ele>
        <time>2026-09-16T13:47:33Z</time>
      </trkpt>
      <trkpt lat="45.87556597776711" lon="10.88947799988091">
        <ele>228.01829699999999</ele>
        <time>2026-09-16T13:47:39Z</time>
      </trkpt>
      <trkpt lat="45.875459024682641" lon="10.88943500071764">
        <ele>228.25544300000001</ele>
        <time>2026-09-16T13:47:42Z</time>
      </trkpt>
      <trkpt lat="45.875165993347764" lon="10.889495015144348">
        <ele>228.88713000000001</ele>
        <time>2026-09-16T13:47:50Z</time>
      </trkpt>
      <trkpt lat="45.875059040263295" lon="10.88958403095603">
        <ele>229.10209599999999</ele>
        <time>2026-09-16T13:47:54Z</time>
      </trkpt>
      <trkpt lat="45.874902969226241" lon="10.88967296294868">
        <ele>229.38078400000001</ele>
        <time>2026-09-16T13:47:58Z</time>
      </trkpt>
      <trkpt lat="45.874549001455307" lon="10.890072025358677">
        <ele>230.12788499999999</ele>
        <time>2026-09-16T13:48:10Z</time>
      </trkpt>
      <trkpt lat="45.87423300370574" lon="10.890248967334628">
        <ele>230.69101800000001</ele>
        <time>2026-09-16T13:48:19Z</time>
      </trkpt>
      <trkpt lat="45.874000992625952" lon="10.890325997024775">
        <ele>231.086353</ele>
        <time>2026-09-16T13:48:23Z</time>
      </trkpt>
      <trkpt lat="45.873941984027624" lon="10.890348041430116">
        <ele>231.187557</ele>
        <time>2026-09-16T13:48:24Z</time>
      </trkpt>
      <trkpt lat="45.873702010139823" lon="10.890241004526615">
        <ele>231.60478000000001</ele>
        <time>2026-09-16T13:48:29Z</time>
      </trkpt>
      <trkpt lat="45.873447032645345" lon="10.889973035082221">
        <ele>232.70286999999999</ele>
        <time>2026-09-16T13:48:36Z</time>
      </trkpt>
      <trkpt lat="45.873259026557207" lon="10.889678997918963">
        <ele>234.40997899999999</ele>
        <time>2026-09-16T13:48:44Z</time>
      </trkpt>
      <trkpt lat="45.872868010774255" lon="10.888814991340041">
        <ele>238.816824</ele>
        <time>2026-09-16T13:49:16Z</time>
      </trkpt>
      <trkpt lat="45.872817970812321" lon="10.888742990791798">
        <ele>239.251712</ele>
        <time>2026-09-16T13:49:20Z</time>
      </trkpt>
      <trkpt lat="45.872656032443047" lon="10.888625979423523">
        <ele>240.365476</ele>
        <time>2026-09-16T13:49:30Z</time>
      </trkpt>
      <trkpt lat="45.872415974736214" lon="10.888541992753744">
        <ele>241.88275400000001</ele>
        <time>2026-09-16T13:49:44Z</time>
      </trkpt>
      <trkpt lat="45.872243978083134" lon="10.888422969728708">
        <ele>243.07617999999999</ele>
        <time>2026-09-16T13:49:56Z</time>
      </trkpt>
      <trkpt lat="45.872139036655426" lon="10.888335965573788">
        <ele>243.991187</ele>
        <time>2026-09-16T13:50:03Z</time>
      </trkpt>
      <trkpt lat="45.871909037232399" lon="10.888237981125712">
        <ele>245.802086</ele>
        <time>2026-09-16T13:50:19Z</time>
      </trkpt>
      <trkpt lat="45.871798982843757" lon="10.888232029974461">
        <ele>246.63299900000001</ele>
        <time>2026-09-16T13:50:26Z</time>
      </trkpt>
      <trkpt lat="45.871573006734252" lon="10.888312999159098">
        <ele>248.391231</ele>
        <time>2026-09-16T13:50:41Z</time>
      </trkpt>
      <trkpt lat="45.870977975428104" lon="10.888165980577469">
        <ele>252.948441</ele>
        <time>2026-09-16T13:51:14Z</time>
      </trkpt>
      <trkpt lat="45.870438013225794" lon="10.887942016124725">
        <ele>256.28933899999998</ele>
        <time>2026-09-16T13:51:36Z</time>
      </trkpt>
      <trkpt lat="45.870014978572726" lon="10.887730959802866">
        <ele>254.97825599999999</ele>
        <time>2026-09-16T13:51:47Z</time>
      </trkpt>
      <trkpt lat="45.869948007166386" lon="10.887648984789848">
        <ele>254.720518</ele>
        <time>2026-09-16T13:51:48Z</time>
      </trkpt>
      <trkpt lat="45.869460012763739" lon="10.88709301315248">
        <ele>252.896682</ele>
        <time>2026-09-16T13:51:57Z</time>
      </trkpt>
      <trkpt lat="45.869222972542048" lon="10.886842980980873">
        <ele>252.03570099999999</ele>
        <time>2026-09-16T13:52:01Z</time>
      </trkpt>
      <trkpt lat="45.868963971734047" lon="10.886282986029983">
        <ele>248.23081400000001</ele>
        <time>2026-09-16T13:52:06Z</time>
      </trkpt>
      <trkpt lat="45.86890697479248" lon="10.886140996590257">
        <ele>246.56309899999999</ele>
        <time>2026-09-16T13:52:08Z</time>
      </trkpt>
      <trkpt lat="45.868827011436224" lon="10.885778982192278">
        <ele>242.69874799999999</ele>
        <time>2026-09-16T13:52:11Z</time>
      </trkpt>
      <trkpt lat="45.868612015619874" lon="10.885228961706161">
        <ele>236.28099499999999</ele>
        <time>2026-09-16T13:52:16Z</time>
      </trkpt>
      <trkpt lat="45.868573961779475" lon="10.885176993906498">
        <ele>235.514003</ele>
        <time>2026-09-16T13:52:16Z</time>
      </trkpt>
      <trkpt lat="45.868242960423231" lon="10.884640971198678">
        <ele>228.224424</ele>
        <time>2026-09-16T13:52:22Z</time>
      </trkpt>
      <trkpt lat="45.868203984573483" lon="10.884491018950939">
        <ele>226.59525400000001</ele>
        <time>2026-09-16T13:52:23Z</time>
      </trkpt>
      <trkpt lat="45.868216976523399" lon="10.884231012314558">
        <ele>223.83410699999999</ele>
        <time>2026-09-16T13:52:25Z</time>
      </trkpt>
      <trkpt lat="45.868125027045608" lon="10.883879978209734">
        <ele>219.62215800000001</ele>
        <time>2026-09-16T13:52:28Z</time>
      </trkpt>
      <trkpt lat="45.868117986246943" lon="10.883490974083543">
        <ele>215.25201300000001</ele>
        <time>2026-09-16T13:52:31Z</time>
      </trkpt>
      <trkpt lat="45.868097031489015" lon="10.883262986317277">
        <ele>212.66914199999999</ele>
        <time>2026-09-16T13:52:32Z</time>
      </trkpt>
      <trkpt lat="45.868057971820235" lon="10.883112028241158">
        <ele>210.86042599999999</ele>
        <time>2026-09-16T13:52:34Z</time>
      </trkpt>
      <trkpt lat="45.867940960451961" lon="10.882913041859865">
        <ele>207.935419</ele>
        <time>2026-09-16T13:52:36Z</time>
      </trkpt>
      <trkpt lat="45.867857979610562" lon="10.882710032165051">
        <ele>205.29163399999999</ele>
        <time>2026-09-16T13:52:37Z</time>
      </trkpt>
      <trkpt lat="45.867845993489027" lon="10.882610036060214">
        <ele>204.152018</ele>
        <time>2026-09-16T13:52:38Z</time>
      </trkpt>
      <trkpt lat="45.867883041501045" lon="10.882421024143696">
        <ele>201.94713999999999</ele>
        <time>2026-09-16T13:52:40Z</time>
      </trkpt>
      <trkpt lat="45.867874994874001" lon="10.882308036088943">
        <ele>200.671539</ele>
        <time>2026-09-16T13:52:41Z</time>
      </trkpt>
      <trkpt lat="45.867844987660646" lon="10.882222037762403">
        <ele>193.31330500000001</ele>
        <time>2026-09-16T13:52:57Z</time>
      </trkpt>
      <trkpt lat="45.867801988497376" lon="10.882179960608482">
        <ele>193.07734099999999</ele>
        <time>2026-09-16T13:52:58Z</time>
      </trkpt>
      <trkpt lat="45.867753038182855" lon="10.882140984758735">
        <ele>192.823139</ele>
        <time>2026-09-16T13:52:59Z</time>
      </trkpt>
      <trkpt lat="45.867698974907398" lon="10.882101003080606">
        <ele>192.547439</ele>
        <time>2026-09-16T13:53:00Z</time>
      </trkpt>
      <trkpt lat="45.867637032642961" lon="10.882075019180775">
        <ele>192.25436400000001</ele>
        <time>2026-09-16T13:53:02Z</time>
      </trkpt>
      <trkpt lat="45.867577018216252" lon="10.882064960896969">
        <ele>191.98028500000001</ele>
        <time>2026-09-16T13:53:03Z</time>
      </trkpt>
      <trkpt lat="45.867528989911079" lon="10.882093962281942">
        <ele>191.74399500000001</ele>
        <time>2026-09-16T13:53:04Z</time>
      </trkpt>
      <trkpt lat="45.867494959384203" lon="10.882142996415496">
        <ele>191.525432</ele>
        <time>2026-09-16T13:53:05Z</time>
      </trkpt>
      <trkpt lat="45.867468975484371" lon="10.882214996963739">
        <ele>191.269171</ele>
        <time>2026-09-16T13:53:07Z</time>
      </trkpt>
      <trkpt lat="45.867450032383204" lon="10.882308036088943">
        <ele>190.96294399999999</ele>
        <time>2026-09-16T13:53:08Z</time>
      </trkpt>
      <trkpt lat="45.867448020726442" lon="10.88240803219378">
        <ele>190.64685600000001</ele>
        <time>2026-09-16T13:53:09Z</time>
      </trkpt>
      <trkpt lat="45.867463024333119" lon="10.882506016641855">
        <ele>190.329826</ele>
        <time>2026-09-16T13:53:11Z</time>
      </trkpt>
      <trkpt lat="45.867482973262668" lon="10.882598971948028">
        <ele>190.022291</ele>
        <time>2026-09-16T13:53:12Z</time>
      </trkpt>
      <trkpt lat="45.867514992132783" lon="10.882685976102948">
        <ele>189.71141499999999</ele>
        <time>2026-09-16T13:53:14Z</time>
      </trkpt>
      <trkpt lat="45.867555979639292" lon="10.882769040763378">
        <ele>189.389883</ele>
        <time>2026-09-16T13:53:15Z</time>
      </trkpt>
      <trkpt lat="45.867594033479691" lon="10.882858978584409">
        <ele>189.05733000000001</ele>
        <time>2026-09-16T13:53:17Z</time>
      </trkpt>
      <trkpt lat="45.867587998509407" lon="10.882866019383073">
        <ele>189.02225300000001</ele>
        <time>2026-09-16T13:53:17Z</time>
      </trkpt>
      <trkpt lat="45.867649018764496" lon="10.882975989952683">
        <ele>188.57795100000001</ele>
        <time>2026-09-16T13:53:18Z</time>
      </trkpt>
      <trkpt lat="45.867643989622593" lon="10.883094007149339">
        <ele>188.20443299999999</ele>
        <time>2026-09-16T13:53:19Z</time>
      </trkpt>
      <trkpt lat="45.867609959095716" lon="10.88314002379775">
        <ele>187.99247800000001</ele>
        <time>2026-09-16T13:53:20Z</time>
      </trkpt>
      <trkpt lat="45.86725196801126" lon="10.883276984095573">
        <ele>185.48787999999999</ele>
        <time>2026-09-16T13:53:26Z</time>
      </trkpt>
      <trkpt lat="45.867075026035309" lon="10.883305985480547">
        <ele>184.23862199999999</ele>
        <time>2026-09-16T13:53:29Z</time>
      </trkpt>
      <trkpt lat="45.866605974733829" lon="10.883293999359012">
        <ele>180.94925599999999</ele>
        <time>2026-09-16T13:53:35Z</time>
      </trkpt>
      <trkpt lat="45.866216970607638" lon="10.883517041802406">
        <ele>178.0121</ele>
        <time>2026-09-16T13:53:40Z</time>
      </trkpt>
      <trkpt lat="45.865980014204979" lon="10.883535984903574">
        <ele>176.34755899999999</ele>
        <time>2026-09-16T13:53:43Z</time>
      </trkpt>
      <trkpt lat="45.865778010338545" lon="10.883338004350662">
        <ele>174.37163699999999</ele>
        <time>2026-09-16T13:53:46Z</time>
      </trkpt>
      <trkpt lat="45.865696035325527" lon="10.883167013525963">
        <ele>172.898312</ele>
        <time>2026-09-16T13:53:47Z</time>
      </trkpt>
      <trkpt lat="45.865691006183624" lon="10.883087972179055">
        <ele>172.335409</ele>
        <time>2026-09-16T13:53:48Z</time>
      </trkpt>
      <trkpt lat="45.865653958171606" lon="10.883019994944334">
        <ele>171.72302999999999</ele>
        <time>2026-09-16T13:53:49Z</time>
      </trkpt>
      <trkpt lat="45.865485984832048" lon="10.882898038253188">
        <ele>169.80457799999999</ele>
        <time>2026-09-16T13:53:51Z</time>
      </trkpt>
      <trkpt lat="45.865397974848747" lon="10.882844980806112">
        <ele>168.83213799999999</ele>
        <time>2026-09-16T13:53:52Z</time>
      </trkpt>
      <trkpt lat="45.865311976522207" lon="10.882665021345019">
        <ele>167.283085</ele>
        <time>2026-09-16T13:53:54Z</time>
      </trkpt>
      <trkpt lat="45.865324968472123" lon="10.882635014131665">
        <ele>167.03234599999999</ele>
        <time>2026-09-16T13:53:54Z</time>
      </trkpt>
      <trkpt lat="45.865392023697495" lon="10.882572988048196">
        <ele>166.22010499999999</ele>
        <time>2026-09-16T13:53:56Z</time>
      </trkpt>
      <trkpt lat="45.865585980936885" lon="10.882521020248532">
        <ele>164.20899900000001</ele>
        <time>2026-09-16T13:54:00Z</time>
      </trkpt>
      <trkpt lat="45.86570299230516" lon="10.882448013871908">
        <ele>162.90903700000001</ele>
        <time>2026-09-16T13:54:03Z</time>
      </trkpt>
      <trkpt lat="45.865787984803319" lon="10.882376013323665">
        <ele>161.90338600000001</ele>
        <time>2026-09-16T13:54:05Z</time>
      </trkpt>
      <trkpt lat="45.865899967029691" lon="10.882170991972089">
        <ele>160.05438599999999</ele>
        <time>2026-09-16T13:54:10Z</time>
      </trkpt>
      <trkpt lat="45.865935003384948" lon="10.882064960896969">
        <ele>159.221923</ele>
        <time>2026-09-16T13:54:11Z</time>
      </trkpt>
      <trkpt lat="45.865992000326514" lon="10.881877038627863">
        <ele>157.76689099999999</ele>
        <time>2026-09-16T13:54:15Z</time>
      </trkpt>
      <trkpt lat="45.866000968962908" lon="10.881532039493322">
        <ele>155.458676</ele>
        <time>2026-09-16T13:54:20Z</time>
      </trkpt>
      <trkpt lat="45.866042040288448" lon="10.880980007350445">
        <ele>151.87664000000001</ele>
        <time>2026-09-16T13:54:24Z</time>
      </trkpt>
      <trkpt lat="45.866113035008311" lon="10.88036603294313">
        <ele>147.86049600000001</ele>
        <time>2026-09-16T13:54:29Z</time>
      </trkpt>
      <trkpt lat="45.866142036393285" lon="10.880320016294718">
        <ele>147.46010200000001</ele>
        <time>2026-09-16T13:54:30Z</time>
      </trkpt>
      <trkpt lat="45.866221999749541" lon="10.880333008244634">
        <ele>146.714054</ele>
        <time>2026-09-16T13:54:30Z</time>
      </trkpt>
      <trkpt lat="45.866400031372905" lon="10.880664009600878">
        <ele>144.01549</ele>
        <time>2026-09-16T13:54:34Z</time>
      </trkpt>
      <trkpt lat="45.866463985294104" lon="10.880843969061971">
        <ele>142.71138300000001</ele>
        <time>2026-09-16T13:54:35Z</time>
      </trkpt>
      <trkpt lat="45.866557024419308" lon="10.880891997367144">
        <ele>141.795635</ele>
        <time>2026-09-16T13:54:36Z</time>
      </trkpt>
      <trkpt lat="45.866665989160538" lon="10.880772974342108">
        <ele>140.52686299999999</ele>
        <time>2026-09-16T13:54:38Z</time>
      </trkpt>
      <trkpt lat="45.866877967491746" lon="10.880200993269682">
        <ele>135.767438</ele>
        <time>2026-09-16T13:54:42Z</time>
      </trkpt>
      <trkpt lat="45.866886014118791" lon="10.880064032971859">
        <ele>134.74764500000001</ele>
        <time>2026-09-16T13:54:43Z</time>
      </trkpt>
      <trkpt lat="45.866927001625299" lon="10.880026984959841">
        <ele>134.23181299999999</ele>
        <time>2026-09-16T13:54:44Z</time>
      </trkpt>
      <trkpt lat="45.866946028545499" lon="10.879963031038642">
        <ele>133.715735</ele>
        <time>2026-09-16T13:54:44Z</time>
      </trkpt>
      <trkpt lat="45.866935970261693" lon="10.879844008013606">
        <ele>132.82662500000001</ele>
        <time>2026-09-16T13:54:45Z</time>
      </trkpt>
      <trkpt lat="45.866833962500095" lon="10.879105981439352">
        <ele>127.245566</ele>
        <time>2026-09-16T13:54:50Z</time>
      </trkpt>
      <trkpt lat="45.866798004135489" lon="10.878995005041361">
        <ele>126.337271</ele>
        <time>2026-09-16T13:54:51Z</time>
      </trkpt>
      <trkpt lat="45.866769002750516" lon="10.878955023363233">
        <ele>125.908936</ele>
        <time>2026-09-16T13:54:52Z</time>
      </trkpt>
      <trkpt lat="45.866382010281086" lon="10.87858303450048">
        <ele>120.978651</ele>
        <time>2026-09-16T13:54:57Z</time>
      </trkpt>
      <trkpt lat="45.866336999461055" lon="10.8785439748317">
        <ele>120.58370600000001</ele>
        <time>2026-09-16T13:54:57Z</time>
      </trkpt>
      <trkpt lat="45.866080010309815" lon="10.878339037299156">
        <ele>118.374641</ele>
        <time>2026-09-16T13:55:00Z</time>
      </trkpt>
      <trkpt lat="45.865904996171594" lon="10.87819897569716">
        <ele>116.86937399999999</ele>
        <time>2026-09-16T13:55:03Z</time>
      </trkpt>
      <trkpt lat="45.86570399813354" lon="10.878080958500504">
        <ele>115.23768099999999</ele>
        <time>2026-09-16T13:55:05Z</time>
      </trkpt>
      <trkpt lat="45.865568965673447" lon="10.878042988479137">
        <ele>114.203954</ele>
        <time>2026-09-16T13:55:07Z</time>
      </trkpt>
      <trkpt lat="45.865548010915518" lon="10.877969982102513">
        <ele>112.17433200000001</ele>
        <time>2026-09-16T13:55:10Z</time>
      </trkpt>
      <trkpt lat="45.865557985380292" lon="10.877937963232398">
        <ele>111.990803</ele>
        <time>2026-09-16T13:55:10Z</time>
      </trkpt>
      <trkpt lat="45.865628980100155" lon="10.877927988767624">
        <ele>111.45473200000001</ele>
        <time>2026-09-16T13:55:11Z</time>
      </trkpt>
      <trkpt lat="45.866333981975913" lon="10.878080036491156">
        <ele>106.629019</ele>
        <time>2026-09-16T13:55:18Z</time>
      </trkpt>
      <trkpt lat="45.866414029151201" lon="10.87809101678431">
        <ele>106.24813</ele>
        <time>2026-09-16T13:55:19Z</time>
      </trkpt>
      <trkpt lat="45.866769002750516" lon="10.878151031211019">
        <ele>104.554018</ele>
        <time>2026-09-16T13:55:23Z</time>
      </trkpt>
      <trkpt lat="45.866916021332145" lon="10.878213979303837">
        <ele>103.826959</ele>
        <time>2026-09-16T13:55:25Z</time>
      </trkpt>
      <trkpt lat="45.867204023525119" lon="10.87843400426209">
        <ele>102.280916</ele>
        <time>2026-09-16T13:55:29Z</time>
      </trkpt>
      <trkpt lat="45.867676008492708" lon="10.878708008676767">
        <ele>99.868055999999996</ele>
        <time>2026-09-16T13:55:35Z</time>
      </trkpt>
      <trkpt lat="45.868154028430581" lon="10.87894999422133">
        <ele>98.184719000000001</ele>
        <time>2026-09-16T13:55:42Z</time>
      </trkpt>
      <trkpt lat="45.868624001741409" lon="10.879326006397605">
        <ele>96.820498000000001</ele>
        <time>2026-09-16T13:55:49Z</time>
      </trkpt>
      <trkpt lat="45.86954902857542" lon="10.880076019093394">
        <ele>93.819246000000007</ele>
        <time>2026-09-16T13:56:03Z</time>
      </trkpt>
      <trkpt lat="45.869638966396451" lon="10.880091022700071">
        <ele>93.371261000000004</ele>
        <time>2026-09-16T13:56:05Z</time>
      </trkpt>
      <trkpt lat="45.869773998856544" lon="10.879890024662018">
        <ele>92.409796</ele>
        <time>2026-09-16T13:56:07Z</time>
      </trkpt>
      <trkpt lat="45.869797971099615" lon="10.879845013841987">
        <ele>92.214646999999999</ele>
        <time>2026-09-16T13:56:07Z</time>
      </trkpt>
      <trkpt lat="45.87025897577405" lon="10.878966003656387">
        <ele>88.426066000000006</ele>
        <time>2026-09-16T13:56:17Z</time>
      </trkpt>
      <trkpt lat="45.870272973552346" lon="10.878938008099794">
        <ele>88.307389999999998</ele>
        <time>2026-09-16T13:56:17Z</time>
      </trkpt>
      <trkpt lat="45.870317984372377" lon="10.878851003944874">
        <ele>87.934273000000005</ele>
        <time>2026-09-16T13:56:18Z</time>
      </trkpt>
      <trkpt lat="45.870207007974386" lon="10.878560990095139">
        <ele>86.794972000000001</ele>
        <time>2026-09-16T13:56:20Z</time>
      </trkpt>
      <trkpt lat="45.870113968849182" lon="10.878376001492143">
        <ele>86.009416999999999</ele>
        <time>2026-09-16T13:56:22Z</time>
      </trkpt>
      <trkpt lat="45.870019001886249" lon="10.878297965973616">
        <ele>85.422623999999999</ele>
        <time>2026-09-16T13:56:24Z</time>
      </trkpt>
      <trkpt lat="45.869853040203452" lon="10.878020022064447">
        <ele>83.516036999999997</ele>
        <time>2026-09-16T13:56:28Z</time>
      </trkpt>
      <trkpt lat="45.869781039655209" lon="10.877851964905858">
        <ele>82.489024999999998</ele>
        <time>2026-09-16T13:56:30Z</time>
      </trkpt>
      <trkpt lat="45.869697974994779" lon="10.877560023218393">
        <ele>80.847066999999996</ele>
        <time>2026-09-16T13:56:33Z</time>
      </trkpt>
      <trkpt lat="45.869686994701624" lon="10.877240002155304">
        <ele>79.179100000000005</ele>
        <time>2026-09-16T13:56:36Z</time>
      </trkpt>
      <trkpt lat="45.869713984429836" lon="10.877162972465158">
        <ele>78.730271000000002</ele>
        <time>2026-09-16T13:56:37Z</time>
      </trkpt>
      <trkpt lat="45.869694035500288" lon="10.87710496969521">
        <ele>78.393321</ele>
        <time>2026-09-16T13:56:38Z</time>
      </trkpt>
      <trkpt lat="45.869461018592119" lon="10.87693297304213">
        <ele>76.434562999999997</ele>
        <time>2026-09-16T13:56:42Z</time>
      </trkpt>
      <trkpt lat="45.869191959500313" lon="10.876649999991059">
        <ele>73.941396999999995</ele>
        <time>2026-09-16T13:56:47Z</time>
      </trkpt>
      <trkpt lat="45.869278963655233" lon="10.876503987237811">
        <ele>72.940963999999994</ele>
        <time>2026-09-16T13:56:49Z</time>
      </trkpt>
      <trkpt lat="45.869350964203477" lon="10.876364009454846">
        <ele>72.090351999999996</ele>
        <time>2026-09-16T13:56:51Z</time>
      </trkpt>
      <trkpt lat="45.869265971705317" lon="10.876122023910284">
        <ele>71.728369000000001</ele>
        <time>2026-09-16T13:56:54Z</time>
      </trkpt>
      <trkpt lat="45.869583981111646" lon="10.875884983688593">
        <ele>71.041207999999997</ele>
        <time>2026-09-16T13:56:59Z</time>
      </trkpt>
      <trkpt lat="45.869680037721992" lon="10.875825975090265">
        <ele>70.840929000000003</ele>
        <time>2026-09-16T13:57:00Z</time>
      </trkpt>
      <trkpt lat="45.869717001914978" lon="10.875807031989098">
        <ele>70.765562000000003</ele>
        <time>2026-09-16T13:57:01Z</time>
      </trkpt>
      <trkpt lat="45.869781961664557" lon="10.875781970098615">
        <ele>70.636499000000001</ele>
        <time>2026-09-16T13:57:02Z</time>
      </trkpt>
      <trkpt lat="45.869973991066217" lon="10.875786999240518">
        <ele>70.268180999999998</ele>
        <time>2026-09-16T13:57:05Z</time>
      </trkpt>
      <trkpt lat="45.870045991614461" lon="10.875808037817478">
        <ele>70.127264999999994</ele>
        <time>2026-09-16T13:57:06Z</time>
      </trkpt>
      <trkpt lat="45.870274985209107" lon="10.875880038365722">
        <ele>69.677639999999997</ele>
        <time>2026-09-16T13:57:10Z</time>
      </trkpt>
      <trkpt lat="45.8704739715904" lon="10.875958995893598">
        <ele>69.281644</ele>
        <time>2026-09-16T13:57:14Z</time>
      </trkpt>
      <trkpt lat="45.870509007945657" lon="10.875997971743345">
        <ele>69.196678000000006</ele>
        <time>2026-09-16T13:57:14Z</time>
      </trkpt>
      <trkpt lat="45.87064596824348" lon="10.876148007810116">
        <ele>68.866262000000006</ele>
        <time>2026-09-16T13:57:17Z</time>
      </trkpt>
      <trkpt lat="45.870673041790724" lon="10.876230988651514">
        <ele>68.743917999999994</ele>
        <time>2026-09-16T13:57:18Z</time>
      </trkpt>
      <trkpt lat="45.870727021247149" lon="10.876279016956687">
        <ele>68.640350999999995</ele>
        <time>2026-09-16T13:57:19Z</time>
      </trkpt>
      <trkpt lat="45.870791980996728" lon="10.876278011128306">
        <ele>68.576184999999995</ele>
        <time>2026-09-16T13:57:20Z</time>
      </trkpt>
      <trkpt lat="45.870847972109914" lon="10.87622101418674">
        <ele>68.508431999999999</ele>
        <time>2026-09-16T13:57:21Z</time>
      </trkpt>
      <trkpt lat="45.870871022343636" lon="10.876101991161704">
        <ele>68.423550000000006</ele>
        <time>2026-09-16T13:57:22Z</time>
      </trkpt>
      <trkpt lat="45.87096699513495" lon="10.875867968425155">
        <ele>68.236879999999999</ele>
        <time>2026-09-16T13:57:25Z</time>
      </trkpt>
      <trkpt lat="45.871015023440123" lon="10.875716004520655">
        <ele>68.122167000000005</ele>
        <time>2026-09-16T13:57:27Z</time>
      </trkpt>
      <trkpt lat="45.871063973754644" lon="10.875627994537354">
        <ele>68.044723000000005</ele>
        <time>2026-09-16T13:57:28Z</time>
      </trkpt>
      <trkpt lat="45.871195988729596" lon="10.875419033691287">
        <ele>67.850785000000002</ele>
        <time>2026-09-16T13:57:31Z</time>
      </trkpt>
      <trkpt lat="45.871363962069154" lon="10.875241002067924">
        <ele>67.644706999999997</ele>
        <time>2026-09-16T13:57:34Z</time>
      </trkpt>
      <trkpt lat="45.87139799259603" lon="10.875219041481614">
        <ele>67.607896999999994</ele>
        <time>2026-09-16T13:57:34Z</time>
      </trkpt>
      <trkpt lat="45.871572000905871" lon="10.875141005963087">
        <ele>67.427966999999995</ele>
        <time>2026-09-16T13:57:37Z</time>
      </trkpt>
      <trkpt lat="45.872064018622041" lon="10.875049978494644">
        <ele>66.938298000000003</ele>
        <time>2026-09-16T13:57:44Z</time>
      </trkpt>
      <trkpt lat="45.872142976149917" lon="10.875048972666264">
        <ele>66.883015999999998</ele>
        <time>2026-09-16T13:57:45Z</time>
      </trkpt>
      <trkpt lat="45.872205002233386" lon="10.875078979879618">
        <ele>66.879739000000001</ele>
        <time>2026-09-16T13:57:46Z</time>
      </trkpt>
      <trkpt lat="45.872226040810347" lon="10.875048972666264">
        <ele>66.878254999999996</ele>
        <time>2026-09-16T13:57:47Z</time>
      </trkpt>
      <trkpt lat="45.872223023325205" lon="10.874984012916684">
        <ele>66.875983000000005</ele>
        <time>2026-09-16T13:57:48Z</time>
      </trkpt>
      <trkpt lat="45.872267028316855" lon="10.874901032075286">
        <ele>66.872344999999996</ele>
        <time>2026-09-16T13:57:49Z</time>
      </trkpt>
      <trkpt lat="45.87246903218329" lon="10.874664997681975">
        <ele>66.859302999999997</ele>
        <time>2026-09-16T13:57:53Z</time>
      </trkpt>
      <trkpt lat="45.87277396582067" lon="10.874367021024227">
        <ele>66.840826000000007</ele>
        <time>2026-09-16T13:58:00Z</time>
      </trkpt>
      <trkpt lat="45.872985022142529" lon="10.874240035191178">
        <ele>66.829367000000005</ele>
        <time>2026-09-16T13:58:04Z</time>
      </trkpt>
      <trkpt lat="45.873151989653707" lon="10.874134004116058">
        <ele>66.820221000000004</ele>
        <time>2026-09-16T13:58:07Z</time>
      </trkpt>
      <trkpt lat="45.873210998252034" lon="10.874099973589182">
        <ele>66.817036999999999</ele>
        <time>2026-09-16T13:58:08Z</time>
      </trkpt>
      <trkpt lat="45.873399004340172" lon="10.873998971655965">
        <ele>66.806983000000002</ele>
        <time>2026-09-16T13:58:12Z</time>
      </trkpt>
      <trkpt lat="45.873778034001589" lon="10.873781964182854">
        <ele>66.756124999999997</ele>
        <time>2026-09-16T13:58:19Z</time>
      </trkpt>
      <trkpt lat="45.874135019257665" lon="10.873540984466672">
        <ele>66.657183000000003</ele>
        <time>2026-09-16T13:58:26Z</time>
      </trkpt>
      <trkpt lat="45.874381028115749" lon="10.87331903167069">
        <ele>66.584311999999997</ele>
        <time>2026-09-16T13:58:31Z</time>
      </trkpt>
      <trkpt lat="45.874464008957148" lon="10.87323596701026">
        <ele>66.558944999999994</ele>
        <time>2026-09-16T13:58:33Z</time>
      </trkpt>
      <trkpt lat="45.87483499199152" lon="10.87282600812614">
        <ele>66.441531999999995</ele>
        <time>2026-09-16T13:58:40Z</time>
      </trkpt>
      <trkpt lat="45.874842032790184" lon="10.872817039489746">
        <ele>66.439175000000006</ele>
        <time>2026-09-16T13:58:40Z</time>
      </trkpt>
      <trkpt lat="45.874862987548113" lon="10.872865989804268">
        <ele>66.429126999999994</ele>
        <time>2026-09-16T13:58:41Z</time>
      </trkpt>
      <trkpt lat="45.874983016401529" lon="10.873134965077043">
        <ele>66.373335999999995</ele>
        <time>2026-09-16T13:58:44Z</time>
      </trkpt>
      <trkpt lat="45.875349976122379" lon="10.873711975291371">
        <ele>66.312665999999993</ele>
        <time>2026-09-16T13:58:53Z</time>
      </trkpt>
      <trkpt lat="45.875983983278275" lon="10.874614035710692">
        <ele>66.248710000000003</ele>
        <time>2026-09-16T13:59:08Z</time>
      </trkpt>
      <trkpt lat="45.876140976324677" lon="10.874536000192165">
        <ele>66.236802999999995</ele>
        <time>2026-09-16T13:59:11Z</time>
      </trkpt>
      <trkpt lat="45.876261005178094" lon="10.874525019899011">
        <ele>66.228184999999996</ele>
        <time>2026-09-16T13:59:13Z</time>
      </trkpt>
      <trkpt lat="45.876344991847873" lon="10.874598026275635">
        <ele>66.221148999999997</ele>
        <time>2026-09-16T13:59:15Z</time>
      </trkpt>
      <trkpt lat="45.876459991559386" lon="10.874800030142069">
        <ele>66.235881000000006</ele>
        <time>2026-09-16T13:59:18Z</time>
      </trkpt>
      <trkpt lat="45.87653199210763" lon="10.875015025958419">
        <ele>66.279449999999997</ele>
        <time>2026-09-16T13:59:21Z</time>
      </trkpt>
      <trkpt lat="45.876645985990763" lon="10.875539984554052">
        <ele>66.37988</ele>
        <time>2026-09-16T13:59:28Z</time>
      </trkpt>
      <trkpt lat="45.878814971074462" lon="10.878210039809346">
        <ele>67.142741000000001</ele>
        <time>2026-09-16T14:00:21Z</time>
      </trkpt>
      <trkpt lat="45.879168016836047" lon="10.878761988133192">
        <ele>67.387450999999999</ele>
        <time>2026-09-16T14:00:31Z</time>
      </trkpt>
      <trkpt lat="45.879274969920516" lon="10.879003973677754">
        <ele>67.491473999999997</ele>
        <time>2026-09-16T14:00:34Z</time>
      </trkpt>
      <trkpt lat="45.879655005410314" lon="10.879806037992239">
        <ele>67.843485999999999</ele>
        <time>2026-09-16T14:00:47Z</time>
      </trkpt>
      <trkpt lat="45.879882993176579" lon="10.880209039896727">
        <ele>68.031912000000005</ele>
        <time>2026-09-16T14:00:55Z</time>
      </trkpt>
      <trkpt lat="45.880217012017965" lon="10.880685970187187">
        <ele>68.454460999999995</ele>
        <time>2026-09-16T14:01:04Z</time>
      </trkpt>
      <trkpt lat="45.880569973960519" lon="10.881049996241927">
        <ele>68.919931000000005</ele>
        <time>2026-09-16T14:01:14Z</time>
      </trkpt>
      <trkpt lat="45.880988985300064" lon="10.881282007321715">
        <ele>69.400948999999997</ele>
        <time>2026-09-16T14:01:24Z</time>
      </trkpt>
      <trkpt lat="45.881267013028264" lon="10.881326012313366">
        <ele>69.700541999999999</ele>
        <time>2026-09-16T14:01:30Z</time>
      </trkpt>
      <trkpt lat="45.881617041304708" lon="10.881446963176131">
        <ele>70.071223000000003</ele>
        <time>2026-09-16T14:01:38Z</time>
      </trkpt>
      <trkpt lat="45.88166699744761" lon="10.88137898594141">
        <ele>70.122889000000001</ele>
        <time>2026-09-16T14:01:40Z</time>
      </trkpt>
      <trkpt lat="45.881790965795517" lon="10.880827959626913">
        <ele>70.425379000000007</ele>
        <time>2026-09-16T14:01:49Z</time>
      </trkpt>
      <trkpt lat="45.881887022405863" lon="10.880692005157471">
        <ele>70.526553000000007</ele>
        <time>2026-09-16T14:01:52Z</time>
      </trkpt>
      <trkpt lat="45.881992969661951" lon="10.880671972408891">
        <ele>70.606775999999996</ele>
        <time>2026-09-16T14:01:54Z</time>
      </trkpt>
      <trkpt lat="45.882395971566439" lon="10.88084002956748">
        <ele>70.921653000000006</ele>
        <time>2026-09-16T14:02:03Z</time>
      </trkpt>
      <trkpt lat="45.882824035361409" lon="10.880942037329078">
        <ele>71.247202000000001</ele>
        <time>2026-09-16T14:02:11Z</time>
      </trkpt>
      <trkpt lat="45.883342958986759" lon="10.881001967936754">
        <ele>71.251748000000006</ele>
        <time>2026-09-16T14:02:20Z</time>
      </trkpt>
      <trkpt lat="45.88351403363049" lon="10.881066005676985">
        <ele>71.181134</ele>
        <time>2026-09-16T14:02:23Z</time>
      </trkpt>
      <trkpt lat="45.883881999179721" lon="10.881080003455281">
        <ele>71.034028000000006</ele>
        <time>2026-09-16T14:02:29Z</time>
      </trkpt>
      <trkpt lat="45.88411501608789" lon="10.88114102371037">
        <ele>70.939386999999996</ele>
        <time>2026-09-16T14:02:33Z</time>
      </trkpt>
      <trkpt lat="45.884168995544314" lon="10.881190979853272">
        <ele>70.913713999999999</ele>
        <time>2026-09-16T14:02:34Z</time>
      </trkpt>
      <trkpt lat="45.884203026071191" lon="10.881287036463618">
        <ele>70.883752000000001</ele>
        <time>2026-09-16T14:02:35Z</time>
      </trkpt>
      <trkpt lat="45.884208977222443" lon="10.881416033953428">
        <ele>70.847789000000006</ele>
        <time>2026-09-16T14:02:37Z</time>
      </trkpt>
      <trkpt lat="45.884232027456164" lon="10.881617031991482">
        <ele>70.791126000000006</ele>
        <time>2026-09-16T14:02:39Z</time>
      </trkpt>
      <trkpt lat="45.884431013837457" lon="10.882206028327346">
        <ele>70.574077000000003</ele>
        <time>2026-09-16T14:02:46Z</time>
      </trkpt>
      <trkpt lat="45.884576020762324" lon="10.882455976679921">
        <ele>70.429215999999997</ele>
        <time>2026-09-16T14:02:49Z</time>
      </trkpt>
      <trkpt lat="45.88523400016129" lon="10.882831988856196">
        <ele>69.976348000000002</ele>
        <time>2026-09-16T14:03:00Z</time>
      </trkpt>
      <trkpt lat="45.885787960141897" lon="10.883062994107604">
        <ele>69.607436000000007</ele>
        <time>2026-09-16T14:03:09Z</time>
      </trkpt>
      <trkpt lat="45.886391960084438" lon="10.883255023509264">
        <ele>69.427841000000001</ele>
        <time>2026-09-16T14:03:19Z</time>
      </trkpt>
      <trkpt lat="45.886645009741187" lon="10.88333498686552">
        <ele>69.379464999999996</ele>
        <time>2026-09-16T14:03:24Z</time>
      </trkpt>
      <trkpt lat="45.887282034382224" lon="10.883450992405415">
        <ele>69.259562000000003</ele>
        <time>2026-09-16T14:03:34Z</time>
      </trkpt>
      <trkpt lat="45.888502020388842" lon="10.883498014882207">
        <ele>69.413291000000001</ele>
        <time>2026-09-16T14:03:55Z</time>
      </trkpt>
      <trkpt lat="45.888931006193161" lon="10.883456021547318">
        <ele>69.538110000000003</ele>
        <time>2026-09-16T14:04:03Z</time>
      </trkpt>
      <trkpt lat="45.893012993037701" lon="10.882780021056533">
        <ele>72.624520000000004</ele>
        <time>2026-09-16T14:05:29Z</time>
      </trkpt>
      <trkpt lat="45.893280040472746" lon="10.882698968052864">
        <ele>72.738337999999999</ele>
        <time>2026-09-16T14:05:34Z</time>
      </trkpt>
      <trkpt lat="45.893778009340167" lon="10.882462011650205">
        <ele>72.903092000000001</ele>
        <time>2026-09-16T14:05:44Z</time>
      </trkpt>
      <trkpt lat="45.8948590233922" lon="10.881673023104668">
        <ele>73.299305000000004</ele>
        <time>2026-09-16T14:06:05Z</time>
      </trkpt>
      <trkpt lat="45.895342994481325" lon="10.88144201785326">
        <ele>73.510418000000001</ele>
        <time>2026-09-16T14:06:15Z</time>
      </trkpt>
      <trkpt lat="45.896043973043561" lon="10.881179999560118">
        <ele>73.810248000000001</ele>
        <time>2026-09-16T14:06:29Z</time>
      </trkpt>
      <trkpt lat="45.89739496819675" lon="10.880683036521077">
        <ele>74.629121999999995</ele>
        <time>2026-09-16T14:06:56Z</time>
      </trkpt>
      <trkpt lat="45.898500038310885" lon="10.880297971889377">
        <ele>75.354427999999999</ele>
        <time>2026-09-16T14:07:20Z</time>
      </trkpt>
      <trkpt lat="45.898967999964952" lon="10.880171991884708">
        <ele>75.632503999999997</ele>
        <time>2026-09-16T14:07:29Z</time>
      </trkpt>
      <trkpt lat="45.899344012141228" lon="10.880147013813257">
        <ele>75.852329999999995</ele>
        <time>2026-09-16T14:07:36Z</time>
      </trkpt>
      <trkpt lat="45.899750031530857" lon="10.88019696995616">
        <ele>76.090311</ele>
        <time>2026-09-16T14:07:44Z</time>
      </trkpt>
      <trkpt lat="45.899961004033685" lon="10.880254972726107">
        <ele>76.215772999999999</ele>
        <time>2026-09-16T14:07:48Z</time>
      </trkpt>
      <trkpt lat="45.900367023423314" lon="10.880438033491373">
        <ele>76.536452999999995</ele>
        <time>2026-09-16T14:07:57Z</time>
      </trkpt>
      <trkpt lat="45.900713028386235" lon="10.880655040964484">
        <ele>76.821072000000001</ele>
        <time>2026-09-16T14:08:05Z</time>
      </trkpt>
      <trkpt lat="45.901246033608913" lon="10.881074974313378">
        <ele>77.279362000000006</ele>
        <time>2026-09-16T14:08:18Z</time>
      </trkpt>
      <trkpt lat="45.902689984068274" lon="10.882633002474904">
        <ele>78.430907000000005</ele>
        <time>2026-09-16T14:08:54Z</time>
      </trkpt>
      <trkpt lat="45.902861980721354" lon="10.88275202549994">
        <ele>78.546566999999996</ele>
        <time>2026-09-16T14:08:58Z</time>
      </trkpt>
      <trkpt lat="45.90308896265924" lon="10.882828971371055">
        <ele>78.676136999999997</ele>
        <time>2026-09-16T14:09:02Z</time>
      </trkpt>
      <trkpt lat="45.903272023424506" lon="10.88283902965486">
        <ele>78.736819999999994</ele>
        <time>2026-09-16T14:09:05Z</time>
      </trkpt>
      <trkpt lat="45.903534963726997" lon="10.882748002186418">
        <ele>78.826459999999997</ele>
        <time>2026-09-16T14:09:10Z</time>
      </trkpt>
      <trkpt lat="45.903665972873569" lon="10.882662003859878">
        <ele>78.874184</ele>
        <time>2026-09-16T14:09:13Z</time>
      </trkpt>
      <trkpt lat="45.903815003111959" lon="10.882486989721656">
        <ele>78.937950000000001</ele>
        <time>2026-09-16T14:09:16Z</time>
      </trkpt>
      <trkpt lat="45.904261004179716" lon="10.881916014477611">
        <ele>79.135880999999998</ele>
        <time>2026-09-16T14:09:28Z</time>
      </trkpt>
      <trkpt lat="45.905243027955294" lon="10.880527971312404">
        <ele>79.429411999999999</ele>
        <time>2026-09-16T14:09:53Z</time>
      </trkpt>
      <trkpt lat="45.905504040420055" lon="10.880213985219598">
        <ele>79.487251000000001</ele>
        <time>2026-09-16T14:09:58Z</time>
      </trkpt>
      <trkpt lat="45.90579497627914" lon="10.87998297996819">
        <ele>79.543740999999997</ele>
        <time>2026-09-16T14:10:04Z</time>
      </trkpt>
      <trkpt lat="45.906179035082459" lon="10.879761027172208">
        <ele>79.665045000000006</ele>
        <time>2026-09-16T14:10:12Z</time>
      </trkpt>
      <trkpt lat="45.906712962314487" lon="10.879771001636982">
        <ele>79.847432999999995</ele>
        <time>2026-09-16T14:10:21Z</time>
      </trkpt>
      <trkpt lat="45.907080005854368" lon="10.879881978034973">
        <ele>79.975517999999994</ele>
        <time>2026-09-16T14:10:29Z</time>
      </trkpt>
      <trkpt lat="45.907357027754188" lon="10.880047017708421">
        <ele>80.077923999999996</ele>
        <time>2026-09-16T14:10:35Z</time>
      </trkpt>
      <trkpt lat="45.90766497887671" lon="10.880278022959828">
        <ele>80.193246000000002</ele>
        <time>2026-09-16T14:10:41Z</time>
      </trkpt>
      <trkpt lat="45.908253975212574" lon="10.880746990442276">
        <ele>80.382267999999996</ele>
        <time>2026-09-16T14:10:53Z</time>
      </trkpt>
      <trkpt lat="45.908858980983496" lon="10.881286030635238">
        <ele>80.582085000000006</ele>
        <time>2026-09-16T14:11:06Z</time>
      </trkpt>
      <trkpt lat="45.909019997343421" lon="10.881498008966446">
        <ele>80.643381000000005</ele>
        <time>2026-09-16T14:11:10Z</time>
      </trkpt>
      <trkpt lat="45.909171961247921" lon="10.881734965369105">
        <ele>80.717228000000006</ele>
        <time>2026-09-16T14:11:15Z</time>
      </trkpt>
      <trkpt lat="45.909891966730356" lon="10.882600983604789">
        <ele>81.102638999999996</ele>
        <time>2026-09-16T14:11:33Z</time>
      </trkpt>
      <trkpt lat="45.910638961941004" lon="10.883365999907255">
        <ele>81.467337000000001</ele>
        <time>2026-09-16T14:11:50Z</time>
      </trkpt>
      <trkpt lat="45.912041002884507" lon="10.884225983172655">
        <ele>81.965500000000006</ele>
        <time>2026-09-16T14:12:18Z</time>
      </trkpt>
      <trkpt lat="45.912466971203685" lon="10.884627979248762">
        <ele>82.066016000000005</ele>
        <time>2026-09-16T14:12:28Z</time>
      </trkpt>
      <trkpt lat="45.912740975618362" lon="10.88494598865509">
        <ele>82.119377999999998</ele>
        <time>2026-09-16T14:12:34Z</time>
      </trkpt>
      <trkpt lat="45.912910038605332" lon="10.885190991684794">
        <ele>82.155749</ele>
        <time>2026-09-16T14:12:38Z</time>
      </trkpt>
      <trkpt lat="45.913220001384616" lon="10.88571997359395">
        <ele>82.228662999999997</ele>
        <time>2026-09-16T14:12:46Z</time>
      </trkpt>
      <trkpt lat="45.913837999105453" lon="10.887041967362165">
        <ele>82.684290000000004</ele>
        <time>2026-09-16T14:13:06Z</time>
      </trkpt>
      <trkpt lat="45.914058024063706" lon="10.887482017278671">
        <ele>82.884208000000001</ele>
        <time>2026-09-16T14:13:14Z</time>
      </trkpt>
      <trkpt lat="45.91404402628541" lon="10.887496015056968">
        <ele>82.893252000000004</ele>
        <time>2026-09-16T14:13:14Z</time>
      </trkpt>
      <trkpt lat="45.913739008828998" lon="10.887816958129406">
        <ele>83.093725000000006</ele>
        <time>2026-09-16T14:13:23Z</time>
      </trkpt>
      <trkpt lat="45.913724005222321" lon="10.887832967564464">
        <ele>83.103630999999993</ele>
        <time>2026-09-16T14:13:24Z</time>
      </trkpt>
      <trkpt lat="45.913787037134171" lon="10.887966994196177">
        <ele>83.163302000000002</ele>
        <time>2026-09-16T14:13:26Z</time>
      </trkpt>
      <trkpt lat="45.913761975243688" lon="10.887990966439247">
        <ele>83.179244999999995</ele>
        <time>2026-09-16T14:13:27Z</time>
      </trkpt>
      <trkpt lat="45.913782007992268" lon="10.888031031936407">
        <ele>83.197419999999994</ele>
        <time>2026-09-16T14:13:27Z</time>
      </trkpt>
      <trkpt lat="45.913802962750196" lon="10.888072019442916">
        <ele>83.216204000000005</ele>
        <time>2026-09-16T14:13:28Z</time>
      </trkpt>
      <trkpt lat="45.913806986063719" lon="10.888120969757438">
        <ele>83.234408000000002</ele>
        <time>2026-09-16T14:13:29Z</time>
      </trkpt>
      <trkpt lat="45.913802040740848" lon="10.888176960870624">
        <ele>83.241921000000005</ele>
        <time>2026-09-16T14:13:30Z</time>
      </trkpt>
      <trkpt lat="45.913791982457042" lon="10.888233035802841">
        <ele>83.248987</ele>
        <time>2026-09-16T14:13:31Z</time>
      </trkpt>
      <trkpt lat="45.913791982457042" lon="10.888291038572788">
        <ele>83.256075999999993</ele>
        <time>2026-09-16T14:13:32Z</time>
      </trkpt>
      <trkpt lat="45.913791982457042" lon="10.888352980837226">
        <ele>83.263654000000002</ele>
        <time>2026-09-16T14:13:32Z</time>
      </trkpt>
      <trkpt lat="45.913800029084086" lon="10.888417018577456">
        <ele>83.271601000000004</ele>
        <time>2026-09-16T14:13:33Z</time>
      </trkpt>
      <trkpt lat="45.913812015205622" lon="10.888482984155416">
        <ele>83.279938000000001</ele>
        <time>2026-09-16T14:13:34Z</time>
      </trkpt>
      <trkpt lat="45.913826012983918" lon="10.888545010238886">
        <ele>83.287904999999995</ele>
        <time>2026-09-16T14:13:35Z</time>
      </trkpt>
      <trkpt lat="45.913837999105453" lon="10.888611981645226">
        <ele>83.296361000000005</ele>
        <time>2026-09-16T14:13:36Z</time>
      </trkpt>
      <trkpt lat="45.913848979398608" lon="10.888677025213838">
        <ele>83.304536999999996</ele>
        <time>2026-09-16T14:13:37Z</time>
      </trkpt>
      <trkpt lat="45.913861971348524" lon="10.888751037418842">
        <ele>83.313865000000007</ele>
        <time>2026-09-16T14:13:39Z</time>
      </trkpt>
      <trkpt lat="45.913882004097104" lon="10.888819014653563">
        <ele>83.322888000000006</ele>
        <time>2026-09-16T14:13:40Z</time>
      </trkpt>
      <trkpt lat="45.91391796246171" lon="10.88887601159513">
        <ele>83.332296999999997</ele>
        <time>2026-09-16T14:13:41Z</time>
      </trkpt>
      <trkpt lat="45.913962973281741" lon="10.888912975788116">
        <ele>83.341403999999997</ele>
        <time>2026-09-16T14:13:42Z</time>
      </trkpt>
      <trkpt lat="45.914017036557198" lon="10.888938959687948">
        <ele>83.351408000000006</ele>
        <time>2026-09-16T14:13:43Z</time>
      </trkpt>
      <trkpt lat="45.914070010185242" lon="10.888964021578431">
        <ele>83.361206999999993</ele>
        <time>2026-09-16T14:13:44Z</time>
      </trkpt>
      <trkpt lat="45.914123989641666" lon="10.888988999649882">
        <ele>83.371172999999999</ele>
        <time>2026-09-16T14:13:46Z</time>
      </trkpt>
      <trkpt lat="45.914181992411613" lon="10.889014983549714">
        <ele>83.381845999999996</ele>
        <time>2026-09-16T14:13:47Z</time>
      </trkpt>
      <trkpt lat="45.914242006838322" lon="10.889039039611816">
        <ele>83.392786999999998</ele>
        <time>2026-09-16T14:13:48Z</time>
      </trkpt>
      <trkpt lat="45.914300009608269" lon="10.889064017683268">
        <ele>83.403424000000001</ele>
        <time>2026-09-16T14:13:49Z</time>
      </trkpt>
      <trkpt lat="45.914361029863358" lon="10.889086984097958">
        <ele>83.414502999999996</ele>
        <time>2026-09-16T14:13:51Z</time>
      </trkpt>
      <trkpt lat="45.914419032633305" lon="10.889108022674918">
        <ele>83.42501</ele>
        <time>2026-09-16T14:13:52Z</time>
      </trkpt>
      <trkpt lat="45.914479969069362" lon="10.889127971604466">
        <ele>83.436001000000005</ele>
        <time>2026-09-16T14:13:53Z</time>
      </trkpt>
      <trkpt lat="45.91453998349607" lon="10.889148004353046">
        <ele>83.446821</ele>
        <time>2026-09-16T14:13:55Z</time>
      </trkpt>
      <trkpt lat="45.914601003751159" lon="10.889166025444865">
        <ele>83.457759999999993</ele>
        <time>2026-09-16T14:13:56Z</time>
      </trkpt>
      <trkpt lat="45.914658000692725" lon="10.889185974374413">
        <ele>83.468067000000005</ele>
        <time>2026-09-16T14:13:57Z</time>
      </trkpt>
      <trkpt lat="45.91471198014915" lon="10.889206007122993">
        <ele>83.477862999999999</ele>
        <time>2026-09-16T14:13:59Z</time>
      </trkpt>
      <trkpt lat="45.914765037596226" lon="10.889221010729671">
        <ele>83.487352000000001</ele>
        <time>2026-09-16T14:14:00Z</time>
      </trkpt>
      <trkpt lat="45.91481801122427" lon="10.889222016558051">
        <ele>83.496663999999996</ele>
        <time>2026-09-16T14:14:01Z</time>
      </trkpt>
      <trkpt lat="45.914866961538792" lon="10.889200977981091">
        <ele>83.505645999999999</ele>
        <time>2026-09-16T14:14:02Z</time>
      </trkpt>
      <trkpt lat="45.914903003722429" lon="10.889148004353046">
        <ele>83.514698999999993</ele>
        <time>2026-09-16T14:14:03Z</time>
      </trkpt>
      <trkpt lat="45.914913984015584" lon="10.889080027118325">
        <ele>83.523230999999996</ele>
        <time>2026-09-16T14:14:04Z</time>
      </trkpt>
      <trkpt lat="45.914929993450642" lon="10.889021018519998">
        <ele>83.530969999999996</ele>
        <time>2026-09-16T14:14:05Z</time>
      </trkpt>
      <trkpt lat="45.914946002885699" lon="10.888976007699966">
        <ele>83.537147000000004</ele>
        <time>2026-09-16T14:14:06Z</time>
      </trkpt>
      <trkpt lat="45.914973998442292" lon="10.888956980779767">
        <ele>83.542586</ele>
        <time>2026-09-16T14:14:06Z</time>
      </trkpt>
      <trkpt lat="45.915011968463659" lon="10.888958992436528">
        <ele>83.549266000000003</ele>
        <time>2026-09-16T14:14:07Z</time>
      </trkpt>
      <trkpt lat="45.915050022304058" lon="10.888968966901302">
        <ele>83.560299000000001</ele>
        <time>2026-09-16T14:14:08Z</time>
      </trkpt>
      <trkpt lat="45.915092015638947" lon="10.888977013528347">
        <ele>83.574377999999996</ele>
        <time>2026-09-16T14:14:09Z</time>
      </trkpt>
      <trkpt lat="45.915134008973837" lon="10.888980031013489">
        <ele>83.588352999999998</ele>
        <time>2026-09-16T14:14:10Z</time>
      </trkpt>
      <trkpt lat="45.915180025622249" lon="10.88898497633636">
        <ele>83.603684000000001</ele>
        <time>2026-09-16T14:14:11Z</time>
      </trkpt>
      <trkpt lat="45.915225958451629" lon="10.888992017135024">
        <ele>83.619056</ele>
        <time>2026-09-16T14:14:12Z</time>
      </trkpt>
      <trkpt lat="45.915226964280009" lon="10.888951029628515">
        <ele>83.628540999999998</ele>
        <time>2026-09-16T14:14:12Z</time>
      </trkpt>
      <trkpt lat="45.91567900031805" lon="10.888979025185108">
        <ele>83.778890000000004</ele>
        <time>2026-09-16T14:14:20Z</time>
      </trkpt>
      <trkpt lat="45.915950993075967" lon="10.889088995754719">
        <ele>83.872791000000007</ele>
        <time>2026-09-16T14:14:25Z</time>
      </trkpt>
      <trkpt lat="45.916480980813503" lon="10.889181029051542">
        <ele>84.050201999999999</ele>
        <time>2026-09-16T14:14:35Z</time>
      </trkpt>
      <trkpt lat="45.916719026863575" lon="10.889214975759387">
        <ele>84.129683999999997</ele>
        <time>2026-09-16T14:14:40Z</time>
      </trkpt>
      <trkpt lat="45.916721960529685" lon="10.889098970219493">
        <ele>84.200680000000006</ele>
        <time>2026-09-16T14:14:42Z</time>
      </trkpt>
      <trkpt lat="45.916780969128013" lon="10.888913981616497">
        <ele>84.524693999999997</ele>
        <time>2026-09-16T14:14:45Z</time>
      </trkpt>
      <trkpt lat="45.916847018525004" lon="10.88885597884655">
        <ele>84.701725999999994</ele>
        <time>2026-09-16T14:14:47Z</time>
      </trkpt>
      <trkpt lat="45.917109036818147" lon="10.888737961649895">
        <ele>85.330055000000002</ele>
        <time>2026-09-16T14:14:54Z</time>
      </trkpt>
      <trkpt lat="45.91714097186923" lon="10.888709966093302">
        <ele>85.415788000000006</ele>
        <time>2026-09-16T14:14:55Z</time>
      </trkpt>
      <trkpt lat="45.917167039588094" lon="10.888599995523691">
        <ele>85.600751000000002</ele>
        <time>2026-09-16T14:14:57Z</time>
      </trkpt>
      <trkpt lat="45.91720400378108" lon="10.888149971142411">
        <ele>86.322181999999998</ele>
        <time>2026-09-16T14:15:06Z</time>
      </trkpt>
      <trkpt lat="45.917231999337673" lon="10.887999013066292">
        <ele>86.570982000000001</ele>
        <time>2026-09-16T14:15:10Z</time>
      </trkpt>
      <trkpt lat="45.91748203150928" lon="10.887440023943782">
        <ele>87.628995000000003</ele>
        <time>2026-09-16T14:15:23Z</time>
      </trkpt>
      <trkpt lat="45.917522013187408" lon="10.887475982308388">
        <ele>87.736998</ele>
        <time>2026-09-16T14:15:25Z</time>
      </trkpt>
      <trkpt lat="45.917571969330311" lon="10.887342961505055">
        <ele>87.977684999999994</ele>
        <time>2026-09-16T14:15:29Z</time>
      </trkpt>
      <trkpt lat="45.917723011225462" lon="10.886936020106077">
        <ele>89.229709</ele>
        <time>2026-09-16T14:15:45Z</time>
      </trkpt>
      <trkpt lat="45.917754024267197" lon="10.886882040649652">
        <ele>89.359651999999997</ele>
        <time>2026-09-16T14:15:46Z</time>
      </trkpt>
      <trkpt lat="45.917780008167028" lon="10.886828983202577">
        <ele>89.480018000000001</ele>
        <time>2026-09-16T14:15:47Z</time>
      </trkpt>
      <trkpt lat="45.917801968753338" lon="10.886781038716435">
        <ele>89.586703</ele>
        <time>2026-09-16T14:15:48Z</time>
      </trkpt>
      <trkpt lat="45.917820995673537" lon="10.886738961562514">
        <ele>89.679687999999999</ele>
        <time>2026-09-16T14:15:49Z</time>
      </trkpt>
      <trkpt lat="45.917837005108595" lon="10.886697974056005">
        <ele>89.766938999999994</ele>
        <time>2026-09-16T14:15:49Z</time>
      </trkpt>
      <trkpt lat="45.917856032028794" lon="10.886652041226625">
        <ele>89.866230000000002</ele>
        <time>2026-09-16T14:15:50Z</time>
      </trkpt>
      <trkpt lat="45.917871035635471" lon="10.886618010699749">
        <ele>89.940954000000005</ele>
        <time>2026-09-16T14:15:51Z</time>
      </trkpt>
      <trkpt lat="45.917886961251497" lon="10.886567970737815">
        <ele>90.043102000000005</ele>
        <time>2026-09-16T14:15:52Z</time>
      </trkpt>
      <trkpt lat="45.917913028970361" lon="10.886492030695081">
        <ele>90.200292000000005</ele>
        <time>2026-09-16T14:15:53Z</time>
      </trkpt>
      <trkpt lat="45.917926020920277" lon="10.886422041803598">
        <ele>90.334762999999995</ele>
        <time>2026-09-16T14:15:54Z</time>
      </trkpt>
      <trkpt lat="45.917917974293232" lon="10.886365966871381">
        <ele>90.440869000000006</ele>
        <time>2026-09-16T14:15:55Z</time>
      </trkpt>
      <trkpt lat="45.917901964858174" lon="10.88632196187973">
        <ele>90.533017000000001</ele>
        <time>2026-09-16T14:15:56Z</time>
      </trkpt>
      <trkpt lat="45.917878998443484" lon="10.886288015171885">
        <ele>90.621036000000004</ele>
        <time>2026-09-16T14:15:56Z</time>
      </trkpt>
      <trkpt lat="45.917856032028794" lon="10.886264964938164">
        <ele>90.695785999999998</ele>
        <time>2026-09-16T14:15:57Z</time>
      </trkpt>
      <trkpt lat="45.917832981795073" lon="10.886238981038332">
        <ele>90.773848999999998</ele>
        <time>2026-09-16T14:15:57Z</time>
      </trkpt>
      <trkpt lat="45.917811021208763" lon="10.886207967996597">
        <ele>90.856041000000005</ele>
        <time>2026-09-16T14:15:58Z</time>
      </trkpt>
      <trkpt lat="45.917798029258847" lon="10.88616999797523">
        <ele>90.934635999999998</ele>
        <time>2026-09-16T14:15:59Z</time>
      </trkpt>
      <trkpt lat="45.917810015380383" lon="10.886109983548522">
        <ele>91.050506999999996</ele>
        <time>2026-09-16T14:16:00Z</time>
      </trkpt>
      <trkpt lat="45.917833987623453" lon="10.886061033234">
        <ele>91.161731000000003</ele>
        <time>2026-09-16T14:16:01Z</time>
      </trkpt>
      <trkpt lat="45.917859971523285" lon="10.886024991050363">
        <ele>91.258043000000001</ele>
        <time>2026-09-16T14:16:01Z</time>
      </trkpt>
      <trkpt lat="45.917886961251497" lon="10.88601803407073">
        <ele>91.331238999999997</ele>
        <time>2026-09-16T14:16:02Z</time>
      </trkpt>
      <trkpt lat="45.917917974293232" lon="10.886033037677407">
        <ele>91.418503000000001</ele>
        <time>2026-09-16T14:16:03Z</time>
      </trkpt>
      <trkpt lat="45.917948987334967" lon="10.88606002740562">
        <ele>91.515204999999995</ele>
        <time>2026-09-16T14:16:03Z</time>
      </trkpt>
      <trkpt lat="45.917982012033463" lon="10.886077964678407">
        <ele>91.609370999999996</ele>
        <time>2026-09-16T14:16:04Z</time>
      </trkpt>
      <trkpt lat="45.918013025075197" lon="10.886094979941845">
        <ele>91.697890000000001</ele>
        <time>2026-09-16T14:16:05Z</time>
      </trkpt>
      <trkpt lat="45.91804001480341" lon="10.886114006862044">
        <ele>91.778092000000001</ele>
        <time>2026-09-16T14:16:06Z</time>
      </trkpt>
      <trkpt lat="45.918070022016764" lon="10.886129010468721">
        <ele>91.862831999999997</ele>
        <time>2026-09-16T14:16:06Z</time>
      </trkpt>
      <trkpt lat="45.918097011744976" lon="10.886138984933496">
        <ele>91.937218000000001</ele>
        <time>2026-09-16T14:16:07Z</time>
      </trkpt>
      <trkpt lat="45.918128024786711" lon="10.88614895939827">
        <ele>92.021979000000002</ele>
        <time>2026-09-16T14:16:07Z</time>
      </trkpt>
      <trkpt lat="45.918161971494555" lon="10.88614996522665">
        <ele>92.112707</ele>
        <time>2026-09-16T14:16:08Z</time>
      </trkpt>
      <trkpt lat="45.918193990364671" lon="10.88614703156054">
        <ele>92.198260000000005</ele>
        <time>2026-09-16T14:16:09Z</time>
      </trkpt>
      <trkpt lat="45.91823598369956" lon="10.886138984933496">
        <ele>92.311290999999997</ele>
        <time>2026-09-16T14:16:10Z</time>
      </trkpt>
      <trkpt lat="45.918286023661494" lon="10.886161029338837">
        <ele>92.450794999999999</ele>
        <time>2026-09-16T14:16:11Z</time>
      </trkpt>
      <trkpt lat="45.918344026431441" lon="10.886200005188584">
        <ele>92.621626000000006</ele>
        <time>2026-09-16T14:16:12Z</time>
      </trkpt>
      <trkpt lat="45.918399011716247" lon="10.886225989088416">
        <ele>92.776090999999994</ele>
        <time>2026-09-16T14:16:14Z</time>
      </trkpt>
      <trkpt lat="45.918429018929601" lon="10.886224983260036">
        <ele>92.856149000000002</ele>
        <time>2026-09-16T14:16:14Z</time>
      </trkpt>
      <trkpt lat="45.918459026142955" lon="10.886229006573558">
        <ele>92.936528999999993</ele>
        <time>2026-09-16T14:16:15Z</time>
      </trkpt>
      <trkpt lat="45.918486015871167" lon="10.88623596355319">
        <ele>93.009725000000003</ele>
        <time>2026-09-16T14:16:15Z</time>
      </trkpt>
      <trkpt lat="45.918507976457477" lon="10.886234035715461">
        <ele>93.067246999999995</ele>
        <time>2026-09-16T14:16:16Z</time>
      </trkpt>
      <trkpt lat="45.918529015034437" lon="10.886223977431655">
        <ele>93.110271999999995</ele>
        <time>2026-09-16T14:16:16Z</time>
      </trkpt>
      <trkpt lat="45.918562039732933" lon="10.886220037937164">
        <ele>93.174679999999995</ele>
        <time>2026-09-16T14:16:17Z</time>
      </trkpt>
      <trkpt lat="45.918590035289526" lon="10.886218026280403">
        <ele>93.229202000000001</ele>
        <time>2026-09-16T14:16:18Z</time>
      </trkpt>
      <trkpt lat="45.918625993654132" lon="10.886214002966881">
        <ele>93.299425999999997</ele>
        <time>2026-09-16T14:16:18Z</time>
      </trkpt>
      <trkpt lat="45.918646026402712" lon="10.886217020452023">
        <ele>93.338533999999996</ele>
        <time>2026-09-16T14:16:19Z</time>
      </trkpt>
      <trkpt lat="45.918673016130924" lon="10.886220959946513">
        <ele>93.391323</ele>
        <time>2026-09-16T14:16:19Z</time>
      </trkpt>
      <trkpt lat="45.918838223442435" lon="10.885929269716144">
        <ele>91.1796875</ele>
      </trkpt>
      <trkpt lat="45.919053805992007" lon="10.88592566549778">
        <ele>91.62109375</ele>
      </trkpt>
      <trkpt lat="45.919083394110203" lon="10.886136721819639">
        <ele>91.26953125</ele>
      </trkpt>
      <trkpt lat="45.919115748256445" lon="10.886422879993916">
        <ele>90.72265625</ele>
      </trkpt>
      <trkpt lat="45.919115748256445" lon="10.886869970709085">
        <ele>91.69140625</ele>
      </trkpt>
      <trkpt lat="45.919115748256445" lon="10.886905761435628">
        <ele>91.6796875</ele>
      </trkpt>
      <trkpt lat="45.919185820966959" lon="10.88730993680656">
        <ele>90.95703125</ele>
      </trkpt>
      <trkpt lat="45.9192855656147" lon="10.887567512691021">
        <ele>91.2265625</ele>
      </trkpt>
      <trkpt lat="45.919304424896836" lon="10.887603219598532">
        <ele>91.3203125</ele>
      </trkpt>
      <trkpt lat="45.919398721307516" lon="10.887796422466636">
        <ele>91.6796875</ele>
      </trkpt>
      <trkpt lat="45.919662835076451" lon="10.888007478788495">
        <ele>92.38671875</ele>
      </trkpt>
      <trkpt lat="45.919800968840718" lon="10.888028014451265">
        <ele>97.333138000000005</ele>
        <time>2026-09-16T14:17:24Z</time>
      </trkpt>
      <trkpt lat="45.919827958568931" lon="10.888067996129394">
        <ele>97.354647</ele>
        <time>2026-09-16T14:17:25Z</time>
      </trkpt>
      <trkpt lat="45.919851008802652" lon="10.888106971979141">
        <ele>97.374379000000005</ele>
        <time>2026-09-16T14:17:26Z</time>
      </trkpt>
      <trkpt lat="45.919873975217342" lon="10.888138990849257">
        <ele>97.392135999999994</ele>
        <time>2026-09-16T14:17:26Z</time>
      </trkpt>
      <trkpt lat="45.919899959117174" lon="10.888166986405849">
        <ele>97.410158999999993</ele>
        <time>2026-09-16T14:17:27Z</time>
      </trkpt>
      <trkpt lat="45.919931977987289" lon="10.888191964477301">
        <ele>97.430363</ele>
        <time>2026-09-16T14:17:28Z</time>
      </trkpt>
      <trkpt lat="45.919971959665418" lon="10.888294978067279">
        <ele>97.475887999999998</ele>
        <time>2026-09-16T14:17:30Z</time>
      </trkpt>
      <trkpt lat="45.920042032375932" lon="10.888396985828876">
        <ele>97.531182999999999</ele>
        <time>2026-09-16T14:17:36Z</time>
      </trkpt>
      <trkpt lat="45.920069022104144" lon="10.888433028012514">
        <ele>97.551613000000003</ele>
        <time>2026-09-16T14:17:39Z</time>
      </trkpt>
      <trkpt lat="45.920442016795278" lon="10.888786995783448">
        <ele>95.841435000000004</ele>
        <time>2026-09-16T14:18:10Z</time>
      </trkpt>
      <trkpt lat="45.920659024268389" lon="10.889047002419829">
        <ele>94.020039999999995</ele>
        <time>2026-09-16T14:18:20Z</time>
      </trkpt>
      <trkpt lat="45.920756757259369" lon="10.889237774536014">
        <ele>92.424390000000002</ele>
        <time>2026-09-16T14:18:29Z</time>
      </trkpt>
      <trkpt lat="45.920742005109787" lon="10.889571961015463">
        <ele>92.308396000000002</ele>
        <time>2026-09-16T14:18:29Z</time>
      </trkpt>
      <trkpt lat="45.920753991231322" lon="10.889613032341003">
        <ele>92.185444000000004</ele>
        <time>2026-09-16T14:18:30Z</time>
      </trkpt>
      <trkpt lat="45.920773018151522" lon="10.88965100236237">
        <ele>92.056089</ele>
        <time>2026-09-16T14:18:30Z</time>
      </trkpt>
      <trkpt lat="45.92079296708107" lon="10.889677992090583">
        <ele>91.947068999999999</ele>
        <time>2026-09-16T14:18:31Z</time>
      </trkpt>
      <trkpt lat="45.920821968466043" lon="10.88969400152564">
        <ele>91.823642000000007</ele>
        <time>2026-09-16T14:18:32Z</time>
      </trkpt>
      <trkpt lat="45.920858010649681" lon="10.889703975990415">
        <ele>91.677950999999993</ele>
        <time>2026-09-16T14:18:33Z</time>
      </trkpt>
      <trkpt lat="45.920895980671048" lon="10.889718979597092">
        <ele>91.521370000000005</ele>
        <time>2026-09-16T14:18:33Z</time>
      </trkpt>
      <trkpt lat="45.920934034511447" lon="10.889739012345672">
        <ele>91.360575999999995</ele>
        <time>2026-09-16T14:18:34Z</time>
      </trkpt>
      <trkpt lat="45.920979967340827" lon="10.889775976538658">
        <ele>91.151128</ele>
        <time>2026-09-16T14:18:35Z</time>
      </trkpt>
      <trkpt lat="45.921024978160858" lon="10.88980196043849">
        <ele>90.958419000000006</ele>
        <time>2026-09-16T14:18:36Z</time>
      </trkpt>
      <trkpt lat="45.921067977324128" lon="10.889824004843831">
        <ele>90.777061000000003</ele>
        <time>2026-09-16T14:18:37Z</time>
      </trkpt>
      <trkpt lat="45.921112988144159" lon="10.889857029542327">
        <ele>90.576331999999994</ele>
        <time>2026-09-16T14:18:38Z</time>
      </trkpt>
      <trkpt lat="45.921159004792571" lon="10.88988795876503">
        <ele>90.394408999999996</ele>
        <time>2026-09-16T14:18:40Z</time>
      </trkpt>
      <trkpt lat="45.921208960935473" lon="10.889924000948668">
        <ele>90.287774999999996</ele>
        <time>2026-09-16T14:18:41Z</time>
      </trkpt>
      <trkpt lat="45.92126696370542" lon="10.889967000111938">
        <ele>90.163335000000004</ele>
        <time>2026-09-16T14:18:42Z</time>
      </trkpt>
      <trkpt lat="45.921266041696072" lon="10.889969011768699">
        <ele>90.160067999999995</ele>
        <time>2026-09-16T14:18:42Z</time>
      </trkpt>
      <trkpt lat="45.921619003638625" lon="10.890246033668518">
        <ele>89.393186</ele>
        <time>2026-09-16T14:18:47Z</time>
      </trkpt>
      <trkpt lat="45.921901976689696" lon="10.890517020598054">
        <ele>88.744771999999998</ele>
        <time>2026-09-16T14:18:52Z</time>
      </trkpt>
      <trkpt lat="45.922025023028255" lon="10.890635959804058">
        <ele>88.462056000000004</ele>
        <time>2026-09-16T14:18:55Z</time>
      </trkpt>
      <trkpt lat="45.922213029116392" lon="10.890839975327253">
        <ele>88.012900000000002</ele>
        <time>2026-09-16T14:18:58Z</time>
      </trkpt>
      <trkpt lat="45.92257303185761" lon="10.891400976106524">
        <ele>87.000473</ele>
        <time>2026-09-16T14:19:07Z</time>
      </trkpt>
      <trkpt lat="45.922727007418871" lon="10.891589988023043">
        <ele>86.997698999999997</ele>
        <time>2026-09-16T14:19:10Z</time>
      </trkpt>
      <trkpt lat="45.922928005456924" lon="10.891724014654756">
        <ele>87.014493000000002</ele>
        <time>2026-09-16T14:19:14Z</time>
      </trkpt>
      <trkpt lat="45.923504009842873" lon="10.89199198409915">
        <ele>87.060382000000004</ele>
        <time>2026-09-16T14:19:26Z</time>
      </trkpt>
      <trkpt lat="45.92349898070097" lon="10.892021991312504">
        <ele>87.062008000000006</ele>
        <time>2026-09-16T14:19:26Z</time>
      </trkpt>
      <trkpt lat="45.923351040109992" lon="10.892781978473067">
        <ele>87.103621000000004</ele>
        <time>2026-09-16T14:19:36Z</time>
      </trkpt>
      <trkpt lat="45.923356991261244" lon="10.892836963757873">
        <ele>87.106555999999998</ele>
        <time>2026-09-16T14:19:37Z</time>
      </trkpt>
      <trkpt lat="45.923392027616501" lon="10.892869988456368">
        <ele>87.109729000000002</ele>
        <time>2026-09-16T14:19:37Z</time>
      </trkpt>
      <trkpt lat="45.923475008457899" lon="10.89285003952682">
        <ele>87.116107999999997</ele>
        <time>2026-09-16T14:19:39Z</time>
      </trkpt>
      <trkpt lat="45.923553965985775" lon="10.892832018435001">
        <ele>87.119587999999993</ele>
        <time>2026-09-16T14:19:40Z</time>
      </trkpt>
      <trkpt lat="45.924334991723299" lon="10.8928959723562">
        <ele>87.124086000000005</ele>
        <time>2026-09-16T14:19:53Z</time>
      </trkpt>
      <trkpt lat="45.924635985866189" lon="10.892992028966546">
        <ele>87.125859000000005</ele>
        <time>2026-09-16T14:19:58Z</time>
      </trkpt>
      <trkpt lat="45.925052985548973" lon="10.893227979540825">
        <ele>87.128435999999994</ele>
        <time>2026-09-16T14:20:06Z</time>
      </trkpt>
      <trkpt lat="45.925418017432094" lon="10.893536014482379">
        <ele>87.193758000000003</ele>
        <time>2026-09-16T14:20:14Z</time>
      </trkpt>
      <trkpt lat="45.92560401186347" lon="10.89364598505199">
        <ele>87.258094999999997</ele>
        <time>2026-09-16T14:20:18Z</time>
      </trkpt>
      <trkpt lat="45.925925960764289" lon="10.893776994198561">
        <ele>87.365144999999998</ele>
        <time>2026-09-16T14:20:24Z</time>
      </trkpt>
      <trkpt lat="45.926697012037039" lon="10.893858969211578">
        <ele>87.612454999999997</ele>
        <time>2026-09-16T14:20:39Z</time>
      </trkpt>
      <trkpt lat="45.926909996196628" lon="10.893786968663335">
        <ele>87.682450000000003</ele>
        <time>2026-09-16T14:20:43Z</time>
      </trkpt>
      <trkpt lat="45.927582979202271" lon="10.893426965922117">
        <ele>87.856037000000001</ele>
        <time>2026-09-16T14:20:56Z</time>
      </trkpt>
      <trkpt lat="45.928490990772843" lon="10.893598962575197">
        <ele>88.069609999999997</ele>
        <time>2026-09-16T14:21:12Z</time>
      </trkpt>
      <trkpt lat="45.929242009297013" lon="10.893342979252338">
        <ele>88.285669999999996</ele>
        <time>2026-09-16T14:21:26Z</time>
      </trkpt>
      <trkpt lat="45.930368034169078" lon="10.893604997545481">
        <ele>88.628388000000001</ele>
        <time>2026-09-16T14:21:47Z</time>
      </trkpt>
      <trkpt lat="45.930752009153366" lon="10.893727960065007">
        <ele>88.887484999999998</ele>
        <time>2026-09-16T14:21:55Z</time>
      </trkpt>
      <trkpt lat="45.930901039391756" lon="10.893854023888707">
        <ele>89.029043999999999</ele>
        <time>2026-09-16T14:21:58Z</time>
      </trkpt>
      <trkpt lat="45.931447958573699" lon="10.894214026629925">
        <ele>89.521688999999995</ele>
        <time>2026-09-16T14:22:11Z</time>
      </trkpt>
      <trkpt lat="45.932557974010706" lon="10.894537987187505">
        <ele>90.423185000000004</ele>
        <time>2026-09-16T14:22:35Z</time>
      </trkpt>
      <trkpt lat="45.932930968701839" lon="10.894587021321058">
        <ele>90.704257999999996</ele>
        <time>2026-09-16T14:22:43Z</time>
      </trkpt>
      <trkpt lat="45.933427009731531" lon="10.89469900354743">
        <ele>91.081029000000001</ele>
        <time>2026-09-16T14:22:53Z</time>
      </trkpt>
      <trkpt lat="45.933992033824325" lon="10.894876029342413">
        <ele>91.524427000000003</ele>
        <time>2026-09-16T14:23:04Z</time>
      </trkpt>
      <trkpt lat="45.934359999373555" lon="10.895140981301665">
        <ele>91.940134999999998</ele>
        <time>2026-09-16T14:23:13Z</time>
      </trkpt>
      <trkpt lat="45.93447801657021" lon="10.895183980464935">
        <ele>92.063089000000005</ele>
        <time>2026-09-16T14:23:16Z</time>
      </trkpt>
      <trkpt lat="45.934986965730786" lon="10.895167971029878">
        <ele>92.577326999999997</ele>
        <time>2026-09-16T14:23:27Z</time>
      </trkpt>
      <trkpt lat="45.935133984312415" lon="10.895211976021528">
        <ele>92.728987000000004</ele>
        <time>2026-09-16T14:23:31Z</time>
      </trkpt>
      <trkpt lat="45.935647040605545" lon="10.895685972645879">
        <ele>93.322114999999997</ele>
        <time>2026-09-16T14:23:44Z</time>
      </trkpt>
      <trkpt lat="45.93604501336813" lon="10.895968023687601">
        <ele>93.518536999999995</ele>
        <time>2026-09-16T14:23:53Z</time>
      </trkpt>
      <trkpt lat="45.936639038845897" lon="10.896575963124633">
        <ele>93.841316000000006</ele>
        <time>2026-09-16T14:24:07Z</time>
      </trkpt>
      <trkpt lat="45.93666703440249" lon="10.896643018350005">
        <ele>93.865381999999997</ele>
        <time>2026-09-16T14:24:08Z</time>
      </trkpt>
      <trkpt lat="45.936671979725361" lon="10.897044008597732">
        <ele>93.988857999999993</ele>
        <time>2026-09-16T14:24:13Z</time>
      </trkpt>
      <trkpt lat="45.936729982495308" lon="10.897350031882524">
        <ele>94.086502999999993</ele>
        <time>2026-09-16T14:24:16Z</time>
      </trkpt>
      <trkpt lat="45.936805000528693" lon="10.897585982456803">
        <ele>94.175443999999999</ele>
        <time>2026-09-16T14:24:20Z</time>
      </trkpt>
      <trkpt lat="45.936985965818167" lon="10.89800700545311">
        <ele>94.348794999999996</ele>
        <time>2026-09-16T14:24:26Z</time>
      </trkpt>
      <trkpt lat="45.937295006588101" lon="10.898520983755589">
        <ele>94.586753999999999</ele>
        <time>2026-09-16T14:24:36Z</time>
      </trkpt>
      <trkpt lat="45.93761301599443" lon="10.898982994258404">
        <ele>94.814415999999994</ele>
        <time>2026-09-16T14:24:45Z</time>
      </trkpt>
      <trkpt lat="45.93800101429224" lon="10.899430001154542">
        <ele>95.007930999999999</ele>
        <time>2026-09-16T14:24:55Z</time>
      </trkpt>
      <trkpt lat="45.938996030017734" lon="10.900204991921782">
        <ele>95.022829999999999</ele>
        <time>2026-09-16T14:25:15Z</time>
      </trkpt>
      <trkpt lat="45.939802033826709" lon="10.900473967194557">
        <ele>95.170378999999997</ele>
        <time>2026-09-16T14:25:28Z</time>
      </trkpt>
      <trkpt lat="45.940054999664426" lon="10.900487964972854">
        <ele>95.298925999999994</ele>
        <time>2026-09-16T14:25:32Z</time>
      </trkpt>
      <trkpt lat="45.940315006300807" lon="10.900462986901402">
        <ele>95.431227000000007</ele>
        <time>2026-09-16T14:25:37Z</time>
      </trkpt>
      <trkpt lat="45.941182030364871" lon="10.90019996277988">
        <ele>95.881105000000005</ele>
        <time>2026-09-16T14:25:56Z</time>
      </trkpt>
      <trkpt lat="45.941836992278695" lon="10.900191999971867">
        <ele>96.476151999999999</ele>
        <time>2026-09-16T14:26:11Z</time>
      </trkpt>
      <trkpt lat="45.941974958404899" lon="10.900158975273371">
        <ele>96.616129000000001</ele>
        <time>2026-09-16T14:26:14Z</time>
      </trkpt>
      <trkpt lat="45.942373014986515" lon="10.900202980265021">
        <ele>97.015539000000004</ele>
        <time>2026-09-16T14:26:23Z</time>
      </trkpt>
      <trkpt lat="45.942607959732413" lon="10.900443037971854">
        <ele>97.303940999999995</ele>
        <time>2026-09-16T14:26:29Z</time>
      </trkpt>
      <trkpt lat="45.943734990432858" lon="10.901808030903339">
        <ele>98.408178000000007</ele>
        <time>2026-09-16T14:26:58Z</time>
      </trkpt>
      <trkpt lat="45.944263972342014" lon="10.90237095952034">
        <ele>98.831275000000005</ele>
        <time>2026-09-16T14:27:11Z</time>
      </trkpt>
      <trkpt lat="45.944477962329984" lon="10.902503980323672">
        <ele>98.979910000000004</ele>
        <time>2026-09-16T14:27:16Z</time>
      </trkpt>
      <trkpt lat="45.944759007543325" lon="10.902610011398792">
        <ele>99.163839999999993</ele>
        <time>2026-09-16T14:27:22Z</time>
      </trkpt>
      <trkpt lat="45.944761019200087" lon="10.902611017227173">
        <ele>99.165180000000007</ele>
        <time>2026-09-16T14:27:22Z</time>
      </trkpt>
      <trkpt lat="45.945590995252132" lon="10.90292701497674">
        <ele>99.708785000000006</ele>
        <time>2026-09-16T14:27:56Z</time>
      </trkpt>
      <trkpt lat="45.945839015766978" lon="10.902954004704952">
        <ele>99.866252000000003</ele>
        <time>2026-09-16T14:28:01Z</time>
      </trkpt>
      <trkpt lat="45.946056023240089" lon="10.902925003319979">
        <ele>100.004234</ele>
        <time>2026-09-16T14:28:05Z</time>
      </trkpt>
      <trkpt lat="45.946725988760591" lon="10.902726016938686">
        <ele>100.783267</ele>
        <time>2026-09-16T14:28:19Z</time>
      </trkpt>
      <trkpt lat="45.947285983711481" lon="10.902401972562075">
        <ele>101.49651</ele>
        <time>2026-09-16T14:28:33Z</time>
      </trkpt>
      <trkpt lat="45.947837010025978" lon="10.901927975937724">
        <ele>102.317919</ele>
        <time>2026-09-16T14:28:49Z</time>
      </trkpt>
      <trkpt lat="45.948222996667027" lon="10.902413036674261">
        <ele>103.33789299999999</ele>
        <time>2026-09-16T14:29:01Z</time>
      </trkpt>
      <trkpt lat="45.948866978287697" lon="10.902021015062928">
        <ele>104.729479</ele>
        <time>2026-09-16T14:29:18Z</time>
      </trkpt>
      <trkpt lat="45.949126984924078" lon="10.901873996481299">
        <ele>105.285411</ele>
        <time>2026-09-16T14:29:26Z</time>
      </trkpt>
      <trkpt lat="45.949208959937096" lon="10.901822028681636">
        <ele>105.463746</ele>
        <time>2026-09-16T14:29:29Z</time>
      </trkpt>
      <trkpt lat="45.949573991820216" lon="10.901608960703015">
        <ele>106.082966</ele>
        <time>2026-09-16T14:29:41Z</time>
      </trkpt>
      <trkpt lat="45.9500100184232" lon="10.901394970715046">
        <ele>106.70082600000001</ele>
        <time>2026-09-16T14:29:55Z</time>
      </trkpt>
      <trkpt lat="45.950043965131044" lon="10.901379967108369">
        <ele>106.74852199999999</ele>
        <time>2026-09-16T14:29:56Z</time>
      </trkpt>
      <trkpt lat="45.950072966516018" lon="10.901365969330072">
        <ele>106.78954899999999</ele>
        <time>2026-09-16T14:29:57Z</time>
      </trkpt>
      <trkpt lat="45.950163993984461" lon="10.901327999308705">
        <ele>106.916634</ele>
        <time>2026-09-16T14:29:59Z</time>
      </trkpt>
      <trkpt lat="45.950445961207151" lon="10.901218028739095">
        <ele>107.308505</ele>
        <time>2026-09-16T14:30:06Z</time>
      </trkpt>
      <trkpt lat="45.95054998062551" lon="10.901186009868979">
        <ele>107.451142</ele>
        <time>2026-09-16T14:30:09Z</time>
      </trkpt>
      <trkpt lat="45.950547968968749" lon="10.901134964078665">
        <ele>107.498774</ele>
        <time>2026-09-16T14:30:09Z</time>
      </trkpt>
      <trkpt lat="45.950536988675594" lon="10.900820977985859">
        <ele>107.791945</ele>
        <time>2026-09-16T14:30:13Z</time>
      </trkpt>
      <trkpt lat="45.950531959533691" lon="10.900675971060991">
        <ele>107.92732100000001</ele>
        <time>2026-09-16T14:30:15Z</time>
      </trkpt>
      <trkpt lat="45.950595997273922" lon="10.90045896358788">
        <ele>108.147122</ele>
        <time>2026-09-16T14:30:17Z</time>
      </trkpt>
      <trkpt lat="45.950704040005803" lon="10.900279004126787">
        <ele>108.410358</ele>
        <time>2026-09-16T14:30:20Z</time>
      </trkpt>
      <trkpt lat="45.950908977538347" lon="10.900060990825295">
        <ele>108.818676</ele>
        <time>2026-09-16T14:30:23Z</time>
      </trkpt>
      <trkpt lat="45.950921969488263" lon="10.899938028305769">
        <ele>108.95721399999999</ele>
        <time>2026-09-16T14:30:24Z</time>
      </trkpt>
      <trkpt lat="45.95091400668025" lon="10.89989704079926">
        <ele>109.004633</ele>
        <time>2026-09-16T14:30:25Z</time>
      </trkpt>
      <trkpt lat="45.950857009738684" lon="10.899707023054361">
        <ele>109.23506</ele>
        <time>2026-09-16T14:30:27Z</time>
      </trkpt>
      <trkpt lat="45.950823985040188" lon="10.899596968665719">
        <ele>109.368465</ele>
        <time>2026-09-16T14:30:28Z</time>
      </trkpt>
      <trkpt lat="45.950511004775763" lon="10.898578986525536">
        <ele>110.60794300000001</ele>
        <time>2026-09-16T14:30:53Z</time>
      </trkpt>
      <trkpt lat="45.950466999784112" lon="10.898547973483801">
        <ele>110.686413</ele>
        <time>2026-09-16T14:30:55Z</time>
      </trkpt>
      <trkpt lat="45.950149996206164" lon="10.898282015696168">
        <ele>111.103668</ele>
        <time>2026-09-16T14:31:11Z</time>
      </trkpt>
      <trkpt lat="45.950046982616186" lon="10.898181013762951">
        <ele>111.160628</ele>
        <time>2026-09-16T14:31:16Z</time>
      </trkpt>
      <trkpt lat="45.950028961524367" lon="10.898122005164623">
        <ele>111.18109699999999</ele>
        <time>2026-09-16T14:31:17Z</time>
      </trkpt>
      <trkpt lat="45.950014963746071" lon="10.898016979917884">
        <ele>111.215063</ele>
        <time>2026-09-16T14:31:20Z</time>
      </trkpt>
      <trkpt lat="45.950030973181129" lon="10.897796032950282">
        <ele>111.285652</ele>
        <time>2026-09-16T14:31:25Z</time>
      </trkpt>
      <trkpt lat="45.950061986222863" lon="10.897713974118233">
        <ele>111.315305</ele>
        <time>2026-09-16T14:31:26Z</time>
      </trkpt>
      <trkpt lat="45.950135998427868" lon="10.897624958306551">
        <ele>111.359381</ele>
        <time>2026-09-16T14:31:29Z</time>
      </trkpt>
      <trkpt lat="45.950814010575414" lon="10.897281970828772">
        <ele>111.687781</ele>
        <time>2026-09-16T14:31:44Z</time>
      </trkpt>
      <trkpt lat="45.951174013316631" lon="10.89714802801609">
        <ele>111.856404</ele>
        <time>2026-09-16T14:31:48Z</time>
      </trkpt>
      <trkpt lat="45.951461009681225" lon="10.897149033844471">
        <ele>111.327625</ele>
        <time>2026-09-16T14:31:51Z</time>
      </trkpt>
      <trkpt lat="45.952038019895554" lon="10.897316001355648">
        <ele>110.243234</ele>
        <time>2026-09-16T14:31:59Z</time>
      </trkpt>
      <trkpt lat="45.952529031783342" lon="10.897636022418737">
        <ele>109.25006500000001</ele>
        <time>2026-09-16T14:32:07Z</time>
      </trkpt>
      <trkpt lat="45.952878976240754" lon="10.897606015205383">
        <ele>108.604071</ele>
        <time>2026-09-16T14:32:14Z</time>
      </trkpt>
      <trkpt lat="45.953110987320542" lon="10.897672986611724">
        <ele>108.78812499999999</ele>
        <time>2026-09-16T14:32:20Z</time>
      </trkpt>
      <trkpt lat="45.953289018943906" lon="10.897573996335268">
        <ele>109.017149</ele>
        <time>2026-09-16T14:32:25Z</time>
      </trkpt>
      <trkpt lat="45.953510971739888" lon="10.897426977753639">
        <ele>109.31043699999999</ele>
        <time>2026-09-16T14:32:31Z</time>
      </trkpt>
      <trkpt lat="45.953759998083115" lon="10.897326981648803">
        <ele>109.620681</ele>
        <time>2026-09-16T14:32:38Z</time>
      </trkpt>
      <trkpt lat="45.953985974192619" lon="10.897424966096878">
        <ele>109.90395100000001</ele>
        <time>2026-09-16T14:32:44Z</time>
      </trkpt>
      <trkpt lat="45.95437103882432" lon="10.89781497605145">
        <ele>110.469052</ele>
        <time>2026-09-16T14:32:55Z</time>
      </trkpt>
      <trkpt lat="45.954812010750175" lon="10.898153018206358">
        <ele>111.389911</ele>
        <time>2026-09-16T14:33:06Z</time>
      </trkpt>
      <trkpt lat="45.954960035160184" lon="10.898277992382646">
        <ele>111.776287</ele>
        <time>2026-09-16T14:33:10Z</time>
      </trkpt>
      <trkpt lat="45.95521098934114" lon="10.89850396849215">
        <ele>112.442927</ele>
        <time>2026-09-16T14:33:19Z</time>
      </trkpt>
      <trkpt lat="45.955510977655649" lon="10.898527018725872">
        <ele>113.119257</ele>
        <time>2026-09-16T14:33:28Z</time>
      </trkpt>
      <trkpt lat="45.956293009221554" lon="10.898508997634053">
        <ele>114.91082299999999</ele>
        <time>2026-09-16T14:33:55Z</time>
      </trkpt>
      <trkpt lat="45.956770023331046" lon="10.898530036211014">
        <ele>116.24280400000001</ele>
        <time>2026-09-16T14:34:12Z</time>
      </trkpt>
      <trkpt lat="45.956966998055577" lon="10.898664984852076">
        <ele>116.851861</ele>
        <time>2026-09-16T14:34:20Z</time>
      </trkpt>
      <trkpt lat="45.957199009135365" lon="10.898837987333536">
        <ele>117.581236</ele>
        <time>2026-09-16T14:34:28Z</time>
      </trkpt>
      <trkpt lat="45.957521963864565" lon="10.899278037250042">
        <ele>118.822869</ele>
        <time>2026-09-16T14:34:43Z</time>
      </trkpt>
      <trkpt lat="45.957695972174406" lon="10.899567967280746">
        <ele>119.56616699999999</ele>
        <time>2026-09-16T14:34:51Z</time>
      </trkpt>
      <trkpt lat="45.95811196602881" lon="10.899843983352184">
        <ele>119.392675</ele>
        <time>2026-09-16T14:35:03Z</time>
      </trkpt>
      <trkpt lat="45.958281029015779" lon="10.899901986122131">
        <ele>119.221566</ele>
        <time>2026-09-16T14:35:08Z</time>
      </trkpt>
      <trkpt lat="45.958377001807094" lon="10.900003993883729">
        <ele>119.104028</ele>
        <time>2026-09-16T14:35:10Z</time>
      </trkpt>
      <trkpt lat="45.959001034498215" lon="10.900387968868017">
        <ele>118.43561800000001</ele>
        <time>2026-09-16T14:35:22Z</time>
      </trkpt>
      <trkpt lat="45.95946597866714" lon="10.900769010186195">
        <ele>117.759816</ele>
        <time>2026-09-16T14:35:29Z</time>
      </trkpt>
      <trkpt lat="45.959841990843415" lon="10.901369992643595">
        <ele>116.305825</ele>
        <time>2026-09-16T14:35:37Z</time>
      </trkpt>
      <trkpt lat="45.95995900221169" lon="10.901933005079627">
        <ele>115.24913100000001</ele>
        <time>2026-09-16T14:35:43Z</time>
      </trkpt>
      <trkpt lat="45.960239041596651" lon="10.902663990855217">
        <ele>113.748262</ele>
        <time>2026-09-16T14:35:53Z</time>
      </trkpt>
      <trkpt lat="45.960512962192297" lon="10.902980994433165">
        <ele>113.770488</ele>
        <time>2026-09-16T14:36:00Z</time>
      </trkpt>
      <trkpt lat="45.960659980773926" lon="10.903071016073227">
        <ele>114.114385</ele>
        <time>2026-09-16T14:36:04Z</time>
      </trkpt>
      <trkpt lat="45.960765006020665" lon="10.903219962492585">
        <ele>114.431871</ele>
        <time>2026-09-16T14:36:07Z</time>
      </trkpt>
      <trkpt lat="45.96090598963201" lon="10.903467983007431">
        <ele>114.91128399999999</ele>
        <time>2026-09-16T14:36:14Z</time>
      </trkpt>
      <trkpt lat="45.961072035133839" lon="10.903718015179038">
        <ele>115.428613</ele>
        <time>2026-09-16T14:36:21Z</time>
      </trkpt>
      <trkpt lat="45.961514012888074" lon="10.904248002916574">
        <ele>116.66724499999999</ele>
        <time>2026-09-16T14:36:40Z</time>
      </trkpt>
      <trkpt lat="45.961697995662689" lon="10.90434598736465">
        <ele>117.089596</ele>
        <time>2026-09-16T14:36:48Z</time>
      </trkpt>
      <trkpt lat="45.962254973128438" lon="10.904829036444426">
        <ele>119.035436</ele>
        <time>2026-09-16T14:37:14Z</time>
      </trkpt>
      <trkpt lat="45.962392017245293" lon="10.904899025335908">
        <ele>119.482843</ele>
        <time>2026-09-16T14:37:20Z</time>
      </trkpt>
      <trkpt lat="45.962538029998541" lon="10.90488201007247">
        <ele>119.93361299999999</ele>
        <time>2026-09-16T14:37:26Z</time>
      </trkpt>
      <trkpt lat="45.962565019726753" lon="10.904866000637412">
        <ele>120.023476</ele>
        <time>2026-09-16T14:37:27Z</time>
      </trkpt>
      <trkpt lat="45.962712960317731" lon="10.904782013967633">
        <ele>120.513097</ele>
        <time>2026-09-16T14:37:33Z</time>
      </trkpt>
      <trkpt lat="45.962846986949444" lon="10.904809003695846">
        <ele>120.92949400000001</ele>
        <time>2026-09-16T14:37:38Z</time>
      </trkpt>
      <trkpt lat="45.962960980832577" lon="10.904901036992669">
        <ele>121.331749</ele>
        <time>2026-09-16T14:37:42Z</time>
      </trkpt>
      <trkpt lat="45.963121997192502" lon="10.905088959261775">
        <ele>121.969885</ele>
        <time>2026-09-16T14:37:49Z</time>
      </trkpt>
      <trkpt lat="45.963318971917033" lon="10.905166994780302">
        <ele>122.598676</ele>
        <time>2026-09-16T14:37:54Z</time>
      </trkpt>
      <trkpt lat="45.963556012138724" lon="10.905391965061426">
        <ele>122.21124399999999</ele>
        <time>2026-09-16T14:38:00Z</time>
      </trkpt>
      <trkpt lat="45.963586019352078" lon="10.9054209664464">
        <ele>122.12718</ele>
        <time>2026-09-16T14:38:00Z</time>
      </trkpt>
      <trkpt lat="45.963748041540384" lon="10.905600003898144">
        <ele>121.652089</ele>
        <time>2026-09-16T14:38:04Z</time>
      </trkpt>
      <trkpt lat="45.96384602598846" lon="10.905841989442706">
        <ele>121.19929399999999</ele>
        <time>2026-09-16T14:38:07Z</time>
      </trkpt>
      <trkpt lat="45.963906962424517" lon="10.90610601939261">
        <ele>120.749522</ele>
        <time>2026-09-16T14:38:10Z</time>
      </trkpt>
      <trkpt lat="45.963838985189795" lon="10.906256977468729">
        <ele>120.458645</ele>
        <time>2026-09-16T14:38:11Z</time>
      </trkpt>
      <trkpt lat="45.963596999645233" lon="10.906646987423301">
        <ele>119.613454</ele>
        <time>2026-09-16T14:38:17Z</time>
      </trkpt>
      <trkpt lat="45.963604962453246" lon="10.906772967427969">
        <ele>119.4089</ele>
        <time>2026-09-16T14:38:18Z</time>
      </trkpt>
      <trkpt lat="45.963613009080291" lon="10.906782019883394">
        <ele>119.38527999999999</ele>
        <time>2026-09-16T14:38:18Z</time>
      </trkpt>
      <trkpt lat="45.964000001549721" lon="10.907386019825935">
        <ele>118.66897400000001</ele>
        <time>2026-09-16T14:38:26Z</time>
      </trkpt>
      <trkpt lat="45.964051969349384" lon="10.907531026750803">
        <ele>118.719373</ele>
        <time>2026-09-16T14:38:28Z</time>
      </trkpt>
      <trkpt lat="45.964176021516323" lon="10.907573020085692">
        <ele>118.775982</ele>
        <time>2026-09-16T14:38:30Z</time>
      </trkpt>
      <trkpt lat="45.964379031211138" lon="10.908018015325069">
        <ele>118.94039600000001</ele>
        <time>2026-09-16T14:38:35Z</time>
      </trkpt>
      <trkpt lat="45.964739033952355" lon="10.908838016912341">
        <ele>119.239975</ele>
        <time>2026-09-16T14:38:52Z</time>
      </trkpt>
      <trkpt lat="45.964787984266877" lon="10.908831981942058">
        <ele>119.26182799999999</ele>
        <time>2026-09-16T14:38:54Z</time>
      </trkpt>
      <trkpt lat="45.965149998664856" lon="10.908957039937377">
        <ele>119.991863</ele>
        <time>2026-09-16T14:39:07Z</time>
      </trkpt>
      <trkpt lat="45.965274972841144" lon="10.908909011632204">
        <ele>120.617422</ele>
        <time>2026-09-16T14:39:12Z</time>
      </trkpt>
      <trkpt lat="45.965387038886547" lon="10.908708013594151">
        <ele>121.483232</ele>
        <time>2026-09-16T14:39:22Z</time>
      </trkpt>
      <trkpt lat="45.965461973100901" lon="10.908654034137726">
        <ele>121.888751</ele>
        <time>2026-09-16T14:39:27Z</time>
      </trkpt>
      <trkpt lat="45.965597005560994" lon="10.908551020547748">
        <ele>122.62761399999999</ele>
        <time>2026-09-16T14:39:37Z</time>
      </trkpt>
      <trkpt lat="45.965636987239122" lon="10.908467033877969">
        <ele>122.969825</ele>
        <time>2026-09-16T14:39:41Z</time>
      </trkpt>
      <trkpt lat="45.965727008879185" lon="10.908429985865951">
        <ele>123.42241199999999</ele>
        <time>2026-09-16T14:39:47Z</time>
      </trkpt>
      <trkpt lat="45.966394040733576" lon="10.908781019970775">
        <ele>126.856464</ele>
        <time>2026-09-16T14:40:29Z</time>
      </trkpt>
      <trkpt lat="45.966605013236403" lon="10.908807003870606">
        <ele>127.880425</ele>
        <time>2026-09-16T14:40:41Z</time>
      </trkpt>
      <trkpt lat="45.966905001550913" lon="10.909020993858576">
        <ele>129.137405</ele>
        <time>2026-09-16T14:40:56Z</time>
      </trkpt>
      <trkpt lat="45.967043973505497" lon="10.909070027992129">
        <ele>129.65447900000001</ele>
        <time>2026-09-16T14:41:03Z</time>
      </trkpt>
      <trkpt lat="45.967389978468418" lon="10.909385019913316">
        <ele>131.13387499999999</ele>
        <time>2026-09-16T14:41:21Z</time>
      </trkpt>
      <trkpt lat="45.967506989836693" lon="10.909528015181422">
        <ele>131.68855400000001</ele>
        <time>2026-09-16T14:41:28Z</time>
      </trkpt>
      <trkpt lat="45.967744030058384" lon="10.909930011257529">
        <ele>133.01235500000001</ele>
        <time>2026-09-16T14:41:46Z</time>
      </trkpt>
      <trkpt lat="45.96786699257791" lon="10.910205021500587">
        <ele>133.83360099999999</ele>
        <time>2026-09-16T14:41:58Z</time>
      </trkpt>
      <trkpt lat="45.968384994193912" lon="10.910823019221425">
        <ele>137.74834200000001</ele>
        <time>2026-09-16T14:42:35Z</time>
      </trkpt>
      <trkpt lat="45.968795036897063" lon="10.911126025021076">
        <ele>140.867391</ele>
        <time>2026-09-16T14:43:05Z</time>
      </trkpt>
      <trkpt lat="45.968925040215254" lon="10.911320988088846">
        <ele>142.13823300000001</ele>
        <time>2026-09-16T14:43:18Z</time>
      </trkpt>
      <trkpt lat="45.969012966379523" lon="10.911536989733577">
        <ele>143.31581600000001</ele>
        <time>2026-09-16T14:43:31Z</time>
      </trkpt>
      <trkpt lat="45.969036016613245" lon="10.911701023578644">
        <ele>144.10270700000001</ele>
        <time>2026-09-16T14:43:40Z</time>
      </trkpt>
      <trkpt lat="45.96911103464663" lon="10.911828009411693">
        <ele>144.88652400000001</ele>
        <time>2026-09-16T14:43:48Z</time>
      </trkpt>
      <trkpt lat="45.96932896412909" lon="10.911977961659431">
        <ele>146.52173300000001</ele>
        <time>2026-09-16T14:44:06Z</time>
      </trkpt>
      <trkpt lat="45.969423009082675" lon="10.912086004391313">
        <ele>147.150057</ele>
        <time>2026-09-16T14:44:14Z</time>
      </trkpt>
      <trkpt lat="45.969549994915724" lon="10.912121962755919">
        <ele>147.75439700000001</ele>
        <time>2026-09-16T14:44:22Z</time>
      </trkpt>
      <trkpt lat="45.969947967678308" lon="10.912009980529547">
        <ele>149.64779899999999</ele>
        <time>2026-09-16T14:44:47Z</time>
      </trkpt>
      <trkpt lat="45.970020974054933" lon="10.91203797608614">
        <ele>150.00052700000001</ele>
        <time>2026-09-16T14:44:51Z</time>
      </trkpt>
      <trkpt lat="45.970091968774796" lon="10.912147024646401">
        <ele>150.485285</ele>
        <time>2026-09-16T14:44:57Z</time>
      </trkpt>
      <trkpt lat="45.970238987356424" lon="10.912265041843057">
        <ele>151.27119300000001</ele>
        <time>2026-09-16T14:45:07Z</time>
      </trkpt>
      <trkpt lat="45.970503017306328" lon="10.912614986300468">
        <ele>152.94724199999999</ele>
        <time>2026-09-16T14:45:24Z</time>
      </trkpt>
      <trkpt lat="45.970696974545717" lon="10.913195013999939">
        <ele>155.03592800000001</ele>
        <time>2026-09-16T14:45:44Z</time>
      </trkpt>
      <trkpt lat="45.970823038369417" lon="10.913421995937824">
        <ele>155.85645199999999</ele>
        <time>2026-09-16T14:45:52Z</time>
      </trkpt>
      <trkpt lat="45.9708740003407" lon="10.913615031167865">
        <ele>156.42951400000001</ele>
        <time>2026-09-16T14:45:58Z</time>
      </trkpt>
      <trkpt lat="45.97098003141582" lon="10.91373598203063">
        <ele>156.96983499999999</ele>
        <time>2026-09-16T14:46:04Z</time>
      </trkpt>
      <trkpt lat="45.971221011132002" lon="10.913918036967516">
        <ele>158.056715</ele>
        <time>2026-09-16T14:46:16Z</time>
      </trkpt>
      <trkpt lat="45.971737001091242" lon="10.914185000583529">
        <ele>160.24642900000001</ele>
        <time>2026-09-16T14:46:44Z</time>
      </trkpt>
      <trkpt lat="45.971782011911273" lon="10.914225988090038">
        <ele>160.45912300000001</ele>
        <time>2026-09-16T14:46:48Z</time>
      </trkpt>
      <trkpt lat="45.971907991915941" lon="10.914446013048291">
        <ele>161.250302</ele>
        <time>2026-09-16T14:46:59Z</time>
      </trkpt>
      <trkpt lat="45.972085017710924" lon="10.914649022743106">
        <ele>162.15417600000001</ele>
        <time>2026-09-16T14:47:14Z</time>
      </trkpt>
      <trkpt lat="45.972387017682195" lon="10.914852032437921">
        <ele>164.270455</ele>
        <time>2026-09-16T14:47:36Z</time>
      </trkpt>
      <trkpt lat="45.972557002678514" lon="10.915008019655943">
        <ele>165.61670100000001</ele>
        <time>2026-09-16T14:47:48Z</time>
      </trkpt>
      <trkpt lat="45.972789013758302" lon="10.915155038237572">
        <ele>167.309258</ele>
        <time>2026-09-16T14:48:03Z</time>
      </trkpt>
      <trkpt lat="45.973092019557953" lon="10.915236007422209">
        <ele>169.36694299999999</ele>
        <time>2026-09-16T14:48:24Z</time>
      </trkpt>
      <trkpt lat="45.9731500223279" lon="10.915266014635563">
        <ele>169.778458</ele>
        <time>2026-09-16T14:48:28Z</time>
      </trkpt>
      <trkpt lat="45.973541038110852" lon="10.915704974904656">
        <ele>173.08982</ele>
        <time>2026-09-16T14:49:00Z</time>
      </trkpt>
      <trkpt lat="45.973654026165605" lon="10.915762977674603">
        <ele>173.890863</ele>
        <time>2026-09-16T14:49:08Z</time>
      </trkpt>
      <trkpt lat="45.973776988685131" lon="10.915713021531701">
        <ele>174.942352</ele>
        <time>2026-09-16T14:49:16Z</time>
      </trkpt>
      <trkpt lat="45.97388100810349" lon="10.915650995448232">
        <ele>176.04994500000001</ele>
        <time>2026-09-16T14:49:23Z</time>
      </trkpt>
      <trkpt lat="45.973894000053406" lon="10.915685025975108">
        <ele>176.31529499999999</ele>
        <time>2026-09-16T14:49:25Z</time>
      </trkpt>
      <trkpt lat="45.973964994773269" lon="10.915820980444551">
        <ele>177.47839500000001</ele>
        <time>2026-09-16T14:49:32Z</time>
      </trkpt>
      <trkpt lat="45.974143026396632" lon="10.916112000122666">
        <ele>180.129153</ele>
        <time>2026-09-16T14:49:49Z</time>
      </trkpt>
      <trkpt lat="45.974260037764907" lon="10.916224988177419">
        <ele>181.515579</ele>
        <time>2026-09-16T14:49:59Z</time>
      </trkpt>
      <trkpt lat="45.974371014162898" lon="10.916623966768384">
        <ele>184.454342</ele>
        <time>2026-09-16T14:50:22Z</time>
      </trkpt>
      <trkpt lat="45.974442008882761" lon="10.916735026985407">
        <ele>185.48587900000001</ele>
        <time>2026-09-16T14:50:31Z</time>
      </trkpt>
      <trkpt lat="45.97452700138092" lon="10.91680996119976">
        <ele>186.466903</ele>
        <time>2026-09-16T14:50:40Z</time>
      </trkpt>
      <trkpt lat="45.974700003862381" lon="10.916818007826805">
        <ele>188.16990999999999</ele>
        <time>2026-09-16T14:50:53Z</time>
      </trkpt>
      <trkpt lat="45.975210964679718" lon="10.916925966739655">
        <ele>193.49145300000001</ele>
        <time>2026-09-16T14:51:39Z</time>
      </trkpt>
      <trkpt lat="45.975466025993228" lon="10.916717005893588">
        <ele>196.942542</ele>
        <time>2026-09-16T14:52:07Z</time>
      </trkpt>
      <trkpt lat="45.975766014307737" lon="10.916755981743336">
        <ele>200.48484199999999</ele>
        <time>2026-09-16T14:52:37Z</time>
      </trkpt>
      <trkpt lat="45.976141020655632" lon="10.917020011693239">
        <ele>205.394263</ele>
        <time>2026-09-16T14:53:17Z</time>
      </trkpt>
      <trkpt lat="45.976272029802203" lon="10.917167030274868">
        <ele>207.34785099999999</ele>
        <time>2026-09-16T14:53:31Z</time>
      </trkpt>
      <trkpt lat="45.976882986724377" lon="10.917392000555992">
        <ele>213.298959</ele>
        <time>2026-09-16T14:54:18Z</time>
      </trkpt>
      <trkpt lat="45.976912993937731" lon="10.917579000815749">
        <ele>213.421944</ele>
        <time>2026-09-16T14:54:25Z</time>
      </trkpt>
      <trkpt lat="45.976952975615859" lon="10.917660975828767">
        <ele>213.48614499999999</ele>
        <time>2026-09-16T14:54:29Z</time>
      </trkpt>
      <trkpt lat="45.977165959775448" lon="10.917873959988356">
        <ele>213.725326</ele>
        <time>2026-09-16T14:54:42Z</time>
      </trkpt>
      <trkpt lat="45.97744700498879" lon="10.9180529974401">
        <ele>214.00869399999999</ele>
        <time>2026-09-16T14:54:53Z</time>
      </trkpt>
      <trkpt lat="45.977697037160397" lon="10.918060038238764">
        <ele>214.23926599999999</ele>
        <time>2026-09-16T14:55:00Z</time>
      </trkpt>
      <trkpt lat="45.977888982743025" lon="10.918100019916892">
        <ele>214.41815800000001</ele>
        <time>2026-09-16T14:55:06Z</time>
      </trkpt>
      <trkpt lat="45.978301959112287" lon="10.91805400326848">
        <ele>214.800129</ele>
        <time>2026-09-16T14:55:16Z</time>
      </trkpt>
      <trkpt lat="45.978666990995407" lon="10.918273022398353">
        <ele>213.38929300000001</ele>
        <time>2026-09-16T14:55:25Z</time>
      </trkpt>
      <trkpt lat="45.979608027264476" lon="10.918388022109866">
        <ele>209.60274200000001</ele>
        <time>2026-09-16T14:55:48Z</time>
      </trkpt>
      <trkpt lat="45.980449989438057" lon="10.918721035122871">
        <ele>207.35709600000001</ele>
        <time>2026-09-16T14:56:12Z</time>
      </trkpt>
      <trkpt lat="45.980856008827686" lon="10.918736960738897">
        <ele>207.07417699999999</ele>
        <time>2026-09-16T14:56:23Z</time>
      </trkpt>
      <trkpt lat="45.981007972732186" lon="10.918742995709181">
        <ele>206.96825699999999</ele>
        <time>2026-09-16T14:56:27Z</time>
      </trkpt>
      <trkpt lat="45.981448022648692" lon="10.918915998190641">
        <ele>206.65052600000001</ele>
        <time>2026-09-16T14:56:41Z</time>
      </trkpt>
      <trkpt lat="45.98155103623867" lon="10.919017000123858">
        <ele>206.563705</ele>
        <time>2026-09-16T14:56:45Z</time>
      </trkpt>
      <trkpt lat="45.981757985427976" lon="10.919115990400314">
        <ele>206.41175799999999</ele>
        <time>2026-09-16T14:56:53Z</time>
      </trkpt>
      <trkpt lat="45.981919001787901" lon="10.919152032583952">
        <ele>207.00541100000001</ele>
        <time>2026-09-16T14:57:00Z</time>
      </trkpt>
      <trkpt lat="45.981997037306428" lon="10.919005014002323">
        <ele>207.82129499999999</ele>
        <time>2026-09-16T14:57:06Z</time>
      </trkpt>
      <trkpt lat="45.98223801702261" lon="10.918938964605331">
        <ele>209.37865199999999</ele>
        <time>2026-09-16T14:57:18Z</time>
      </trkpt>
      <trkpt lat="45.982494000345469" lon="10.918791024014354">
        <ele>211.130008</ele>
        <time>2026-09-16T14:57:34Z</time>
      </trkpt>
      <trkpt lat="45.982821984216571" lon="10.918754981830716">
        <ele>213.218245</ele>
        <time>2026-09-16T14:57:55Z</time>
      </trkpt>
      <trkpt lat="45.982965985313058" lon="10.918706031516194">
        <ele>214.15758299999999</ele>
        <time>2026-09-16T14:58:06Z</time>
      </trkpt>
      <trkpt lat="45.983199002221227" lon="10.918677030131221">
        <ele>215.64222100000001</ele>
        <time>2026-09-16T14:58:24Z</time>
      </trkpt>
      <trkpt lat="45.983583983033895" lon="10.918788006529212">
        <ele>218.297203</ele>
        <time>2026-09-16T14:58:55Z</time>
      </trkpt>
      <trkpt lat="45.984462993219495" lon="10.918702008202672">
        <ele>226.49540500000001</ele>
        <time>2026-09-16T15:00:03Z</time>
      </trkpt>
      <trkpt lat="45.984635995700955" lon="10.918761016801">
        <ele>228.149798</ele>
        <time>2026-09-16T15:00:16Z</time>
      </trkpt>
      <trkpt lat="45.984705984592438" lon="10.91886998154223">
        <ele>229.109475</ele>
        <time>2026-09-16T15:00:24Z</time>
      </trkpt>
      <trkpt lat="45.984692992642522" lon="10.919239036738873">
        <ele>231.49840599999999</ele>
        <time>2026-09-16T15:00:43Z</time>
      </trkpt>
      <trkpt lat="45.984761975705624" lon="10.919331992045045">
        <ele>232.37807900000001</ele>
        <time>2026-09-16T15:00:50Z</time>
      </trkpt>
      <trkpt lat="45.984901031479239" lon="10.919420002028346">
        <ele>233.79112900000001</ele>
        <time>2026-09-16T15:01:02Z</time>
      </trkpt>
      <trkpt lat="45.984979989007115" lon="10.919527038931847">
        <ele>234.73452</ele>
        <time>2026-09-16T15:01:10Z</time>
      </trkpt>
      <trkpt lat="45.985077973455191" lon="10.919897016137838">
        <ele>236.685182</ele>
        <time>2026-09-16T15:01:30Z</time>
      </trkpt>
      <trkpt lat="45.985173024237156" lon="10.919987037777901">
        <ele>237.49153899999999</ele>
        <time>2026-09-16T15:01:39Z</time>
      </trkpt>
      <trkpt lat="45.985438982024789" lon="10.920018972828984">
        <ele>239.38399200000001</ele>
        <time>2026-09-16T15:01:58Z</time>
      </trkpt>
      <trkpt lat="45.985521962866187" lon="10.920106982812285">
        <ele>240.11488499999999</ele>
        <time>2026-09-16T15:02:05Z</time>
      </trkpt>
      <trkpt lat="45.985679039731622" lon="10.920388028025627">
        <ele>241.89116999999999</ele>
        <time>2026-09-16T15:02:22Z</time>
      </trkpt>
      <trkpt lat="45.986096961423755" lon="10.920799998566508">
        <ele>245.48306700000001</ele>
        <time>2026-09-16T15:02:54Z</time>
      </trkpt>
      <trkpt lat="45.98617197945714" lon="10.921353958547115">
        <ele>247.886258</ele>
        <time>2026-09-16T15:03:15Z</time>
      </trkpt>
      <trkpt lat="45.98623501136899" lon="10.921843964606524">
        <ele>249.40422799999999</ele>
        <time>2026-09-16T15:03:31Z</time>
      </trkpt>
      <trkpt lat="45.986296031624079" lon="10.922038005664945">
        <ele>250.05288200000001</ele>
        <time>2026-09-16T15:03:39Z</time>
      </trkpt>
      <trkpt lat="45.986313968896866" lon="10.922191981226206">
        <ele>250.52858499999999</ele>
        <time>2026-09-16T15:03:44Z</time>
      </trkpt>
      <trkpt lat="45.986318998038769" lon="10.922533962875605">
        <ele>251.57060999999999</ele>
        <time>2026-09-16T15:03:56Z</time>
      </trkpt>
      <trkpt lat="45.986268036067486" lon="10.922803021967411">
        <ele>252.41999000000001</ele>
        <time>2026-09-16T15:04:06Z</time>
      </trkpt>
      <trkpt lat="45.986380018293858" lon="10.923023968935013">
        <ele>253.25323800000001</ele>
        <time>2026-09-16T15:04:17Z</time>
      </trkpt>
      <trkpt lat="45.986627032980323" lon="10.923244999721646">
        <ele>254.52830700000001</ele>
        <time>2026-09-16T15:04:33Z</time>
      </trkpt>
      <trkpt lat="45.986719988286495" lon="10.92325204052031">
        <ele>254.93658199999999</ele>
        <time>2026-09-16T15:04:38Z</time>
      </trkpt>
      <trkpt lat="45.986901037395" lon="10.923170987516642">
        <ele>255.800318</ele>
        <time>2026-09-16T15:04:49Z</time>
      </trkpt>
      <trkpt lat="45.987147968262434" lon="10.923197977244854">
        <ele>256.94486499999999</ele>
        <time>2026-09-16T15:05:04Z</time>
      </trkpt>
      <trkpt lat="45.987372016534209" lon="10.923453038558364">
        <ele>258.26448299999998</ele>
        <time>2026-09-16T15:05:20Z</time>
      </trkpt>
      <trkpt lat="45.987516017630696" lon="10.923687983304262">
        <ele>259.27040099999999</ele>
        <time>2026-09-16T15:05:33Z</time>
      </trkpt>
      <trkpt lat="45.987636968493462" lon="10.923956036567688">
        <ele>260.29647399999999</ele>
        <time>2026-09-16T15:05:45Z</time>
      </trkpt>
      <trkpt lat="45.987773006781936" lon="10.924123004078865">
        <ele>261.12249200000002</ele>
        <time>2026-09-16T15:05:55Z</time>
      </trkpt>
      <trkpt lat="45.987908039242029" lon="10.924184024333954">
        <ele>261.776276</ele>
        <time>2026-09-16T15:06:02Z</time>
      </trkpt>
      <trkpt lat="45.988075006753206" lon="10.92419701628387">
        <ele>262.54902499999997</ele>
        <time>2026-09-16T15:06:10Z</time>
      </trkpt>
      <trkpt lat="45.988196963444352" lon="10.924163991585374">
        <ele>263.12259299999999</ele>
        <time>2026-09-16T15:06:16Z</time>
      </trkpt>
      <trkpt lat="45.988773973658681" lon="10.923257991671562">
        <ele>265.85961300000002</ele>
        <time>2026-09-16T15:06:58Z</time>
      </trkpt>
      <trkpt lat="45.989004978910089" lon="10.92312497086823">
        <ele>266.62296099999998</ele>
        <time>2026-09-16T15:07:10Z</time>
      </trkpt>
      <trkpt lat="45.98919901996851" lon="10.923183979466558">
        <ele>267.23132500000003</ele>
        <time>2026-09-16T15:07:19Z</time>
      </trkpt>
      <trkpt lat="45.989356013014913" lon="10.923050958663225">
        <ele>267.79026900000002</ele>
        <time>2026-09-16T15:07:27Z</time>
      </trkpt>
      <trkpt lat="45.989429019391537" lon="10.922916010022163">
        <ele>268.15493800000002</ele>
        <time>2026-09-16T15:07:32Z</time>
      </trkpt>
      <trkpt lat="45.989559022709727" lon="10.922828000038862">
        <ele>268.595709</ele>
        <time>2026-09-16T15:07:39Z</time>
      </trkpt>
      <trkpt lat="45.989619959145784" lon="10.922788018360734">
        <ele>268.80137500000001</ele>
        <time>2026-09-16T15:07:41Z</time>
      </trkpt>
      <trkpt lat="45.989658012986183" lon="10.922765973955393">
        <ele>268.92704400000002</ele>
        <time>2026-09-16T15:07:43Z</time>
      </trkpt>
      <trkpt lat="45.989790027961135" lon="10.922734960913658">
        <ele>269.210083</ele>
        <time>2026-09-16T15:07:50Z</time>
      </trkpt>
      <trkpt lat="45.990110971033573" lon="10.922829005867243">
        <ele>269.84734500000002</ele>
        <time>2026-09-16T15:08:05Z</time>
      </trkpt>
      <trkpt lat="45.990240974351764" lon="10.922835962846875">
        <ele>270.10042099999998</ele>
        <time>2026-09-16T15:08:12Z</time>
      </trkpt>
      <trkpt lat="45.990441972389817" lon="10.922776032239199">
        <ele>270.49976400000003</ele>
        <time>2026-09-16T15:08:22Z</time>
      </trkpt>
      <trkpt lat="45.990585973486304" lon="10.922607975080609">
        <ele>270.86036999999999</ele>
        <time>2026-09-16T15:08:31Z</time>
      </trkpt>
      <trkpt lat="45.990757970139384" lon="10.92219902202487">
        <ele>271.50655499999999</ele>
        <time>2026-09-16T15:08:45Z</time>
      </trkpt>
      <trkpt lat="45.990872969850898" lon="10.922056026756763">
        <ele>271.80220100000003</ele>
        <time>2026-09-16T15:08:51Z</time>
      </trkpt>
      <trkpt lat="45.991116967052221" lon="10.922011015936732">
        <ele>272.280755</ele>
        <time>2026-09-16T15:09:01Z</time>
      </trkpt>
      <trkpt lat="45.991307990625501" lon="10.92189802788198">
        <ele>272.43098500000002</ele>
        <time>2026-09-16T15:09:08Z</time>
      </trkpt>
      <trkpt lat="45.991466995328665" lon="10.921871038153768">
        <ele>272.33855499999999</ele>
        <time>2026-09-16T15:09:13Z</time>
      </trkpt>
      <trkpt lat="45.991541007533669" lon="10.921911019831896">
        <ele>272.29291999999998</ele>
        <time>2026-09-16T15:09:15Z</time>
      </trkpt>
      <trkpt lat="45.991950966417789" lon="10.92241401784122">
        <ele>271.98190199999999</ele>
        <time>2026-09-16T15:09:30Z</time>
      </trkpt>
      <trkpt lat="45.992169985547662" lon="10.922547960653901">
        <ele>271.84451899999999</ele>
        <time>2026-09-16T15:09:36Z</time>
      </trkpt>
      <trkpt lat="45.992794018238783" lon="10.923056993633509">
        <ele>271.59597200000002</ele>
        <time>2026-09-16T15:10:01Z</time>
      </trkpt>
      <trkpt lat="45.993083026260138" lon="10.923143997788429">
        <ele>272.857395</ele>
        <time>2026-09-16T15:10:18Z</time>
      </trkpt>
      <trkpt lat="45.993255022913218" lon="10.92316503636539">
        <ele>273.594877</ele>
        <time>2026-09-16T15:10:29Z</time>
      </trkpt>
      <trkpt lat="45.993422996252775" lon="10.923143997788429">
        <ele>274.31533200000001</ele>
        <time>2026-09-16T15:10:40Z</time>
      </trkpt>
      <trkpt lat="45.993511006236076" lon="10.923083983361721">
        <ele>274.73134499999998</ele>
        <time>2026-09-16T15:10:47Z</time>
      </trkpt>
      <trkpt lat="45.993897998705506" lon="10.922575034201145">
        <ele>276.97103600000003</ele>
        <time>2026-09-16T15:11:23Z</time>
      </trkpt>
      <trkpt lat="45.994026996195316" lon="10.922476965934038">
        <ele>277.59421900000001</ele>
        <time>2026-09-16T15:11:31Z</time>
      </trkpt>
      <trkpt lat="45.994426980614662" lon="10.9224150236696">
        <ele>278.89628299999998</ele>
        <time>2026-09-16T15:11:51Z</time>
      </trkpt>
      <trkpt lat="45.994755970314145" lon="10.922278985381126">
        <ele>276.94363800000002</ele>
        <time>2026-09-16T15:12:01Z</time>
      </trkpt>
      <trkpt lat="45.994884967803955" lon="10.922327013686299">
        <ele>276.18356599999998</ele>
        <time>2026-09-16T15:12:04Z</time>
      </trkpt>
      <trkpt lat="45.99549600854516" lon="10.922876028344035">
        <ele>272.07478099999997</ele>
        <time>2026-09-16T15:12:21Z</time>
      </trkpt>
      <trkpt lat="45.995807982981205" lon="10.922903018072248">
        <ele>270.29175800000002</ele>
        <time>2026-09-16T15:12:28Z</time>
      </trkpt>
      <trkpt lat="45.995901022106409" lon="10.92290704138577">
        <ele>269.76100200000002</ele>
        <time>2026-09-16T15:12:30Z</time>
      </trkpt>
      <trkpt lat="45.996059020981193" lon="10.922905029729009">
        <ele>268.865724</ele>
        <time>2026-09-16T15:12:34Z</time>
      </trkpt>
      <trkpt lat="45.996148958802223" lon="10.922938976436853">
        <ele>268.55668800000001</ele>
        <time>2026-09-16T15:12:36Z</time>
      </trkpt>
      <trkpt lat="45.996404020115733" lon="10.923224966973066">
        <ele>267.48303700000002</ele>
        <time>2026-09-16T15:12:44Z</time>
      </trkpt>
      <trkpt lat="45.996640976518393" lon="10.923298979178071">
        <ele>266.677593</ele>
        <time>2026-09-16T15:12:51Z</time>
      </trkpt>
      <trkpt lat="45.996939959004521" lon="10.923332003876567">
        <ele>265.68162100000001</ele>
        <time>2026-09-16T15:13:00Z</time>
      </trkpt>
      <trkpt lat="45.997226033359766" lon="10.92316503636539">
        <ele>264.656565</ele>
        <time>2026-09-16T15:13:09Z</time>
      </trkpt>
      <trkpt lat="45.997598022222519" lon="10.922657009214163">
        <ele>262.95355000000001</ele>
        <time>2026-09-16T15:13:25Z</time>
      </trkpt>
      <trkpt lat="45.99762199446559" lon="10.922705037519336">
        <ele>262.78186499999998</ele>
        <time>2026-09-16T15:13:27Z</time>
      </trkpt>
      <trkpt lat="45.998056009411812" lon="10.922585008665919">
        <ele>260.69340399999999</ele>
        <time>2026-09-16T15:13:41Z</time>
      </trkpt>
      <trkpt lat="45.998191041871905" lon="10.92260998673737">
        <ele>260.05017199999998</ele>
        <time>2026-09-16T15:13:45Z</time>
      </trkpt>
      <trkpt lat="45.998308975249529" lon="10.922547960653901">
        <ele>259.45655099999999</ele>
        <time>2026-09-16T15:13:49Z</time>
      </trkpt>
      <trkpt lat="45.998516008257866" lon="10.922378981485963">
        <ele>258.33194500000002</ele>
        <time>2026-09-16T15:13:55Z</time>
      </trkpt>
      <trkpt lat="45.998686999082565" lon="10.922357020899653">
        <ele>257.520624</ele>
        <time>2026-09-16T15:13:59Z</time>
      </trkpt>
      <trkpt lat="45.998880034312606" lon="10.922189969569445">
        <ele>256.45646799999997</ele>
        <time>2026-09-16T15:14:05Z</time>
      </trkpt>
      <trkpt lat="45.999010959640145" lon="10.922146970406175">
        <ele>255.821506</ele>
        <time>2026-09-16T15:14:08Z</time>
      </trkpt>
      <trkpt lat="45.999114979058504" lon="10.922175971791148">
        <ele>255.32089400000001</ele>
        <time>2026-09-16T15:14:10Z</time>
      </trkpt>
      <trkpt lat="45.99942896515131" lon="10.922424998134375">
        <ele>253.392582</ele>
        <time>2026-09-16T15:14:19Z</time>
      </trkpt>
      <trkpt lat="45.999660976231098" lon="10.92275901697576">
        <ele>251.372728</ele>
        <time>2026-09-16T15:14:26Z</time>
      </trkpt>
      <trkpt lat="46.000147964805365" lon="10.923376008868217">
        <ele>247.37903399999999</ele>
        <time>2026-09-16T15:14:41Z</time>
      </trkpt>
      <trkpt lat="46.000251984223723" lon="10.923910019919276">
        <ele>245.007429</ele>
        <time>2026-09-16T15:14:52Z</time>
      </trkpt>
      <trkpt lat="46.000327002257109" lon="10.923976991325617">
        <ele>244.46405300000001</ele>
        <time>2026-09-16T15:14:54Z</time>
      </trkpt>
      <trkpt lat="46.00091096945107" lon="10.92426298186183">
        <ele>244.46386899999999</ele>
        <time>2026-09-16T15:15:17Z</time>
      </trkpt>
      <trkpt lat="46.001067962497473" lon="10.924228029325604">
        <ele>244.881271</ele>
        <time>2026-09-16T15:15:25Z</time>
      </trkpt>
      <trkpt lat="46.001215986907482" lon="10.924308998510242">
        <ele>245.29726299999999</ele>
        <time>2026-09-16T15:15:33Z</time>
      </trkpt>
      <trkpt lat="46.001432994380593" lon="10.924495998769999">
        <ele>245.961727</ele>
        <time>2026-09-16T15:15:48Z</time>
      </trkpt>
      <trkpt lat="46.001991983503103" lon="10.925059011206031">
        <ele>247.754121</ele>
        <time>2026-09-16T15:16:26Z</time>
      </trkpt>
      <trkpt lat="46.002356009557843" lon="10.92559402808547">
        <ele>248.34404799999999</ele>
        <time>2026-09-16T15:16:46Z</time>
      </trkpt>
      <trkpt lat="46.002503028139472" lon="10.925676003098488">
        <ele>248.45677499999999</ele>
        <time>2026-09-16T15:16:51Z</time>
      </trkpt>
      <trkpt lat="46.002684999257326" lon="10.925872977823019">
        <ele>248.619596</ele>
        <time>2026-09-16T15:16:58Z</time>
      </trkpt>
      <trkpt lat="46.002945005893707" lon="10.92681803740561">
        <ele>249.124448</ele>
        <time>2026-09-16T15:17:21Z</time>
      </trkpt>
      <trkpt lat="46.003665011376143" lon="10.928629031404853">
        <ele>251.99386999999999</ele>
        <time>2026-09-16T15:18:18Z</time>
      </trkpt>
      <trkpt lat="46.003802977502346" lon="10.928914016112685">
        <ele>252.551604</ele>
        <time>2026-09-16T15:18:30Z</time>
      </trkpt>
      <trkpt lat="46.00402400828898" lon="10.92963402159512">
        <ele>254.04711900000001</ele>
        <time>2026-09-16T15:19:00Z</time>
      </trkpt>
      <trkpt lat="46.004232969135046" lon="10.930132996290922">
        <ele>255.66327699999999</ele>
        <time>2026-09-16T15:19:23Z</time>
      </trkpt>
      <trkpt lat="46.004441007971764" lon="10.930428961291909">
        <ele>256.83110299999998</ele>
        <time>2026-09-16T15:19:39Z</time>
      </trkpt>
      <trkpt lat="46.004723981022835" lon="10.930595006793737">
        <ele>258.05132400000002</ele>
        <time>2026-09-16T15:19:56Z</time>
      </trkpt>
      <trkpt lat="46.004847027361393" lon="10.930699026212096">
        <ele>258.62090599999999</ele>
        <time>2026-09-16T15:20:04Z</time>
      </trkpt>
      <trkpt lat="46.00494802929461" lon="10.930799022316933">
        <ele>259.11036799999999</ele>
        <time>2026-09-16T15:20:11Z</time>
      </trkpt>
      <trkpt lat="46.005097981542349" lon="10.93109498731792">
        <ele>260.12660299999999</ele>
        <time>2026-09-16T15:20:23Z</time>
      </trkpt>
      <trkpt lat="46.005157995969057" lon="10.931168999522924">
        <ele>260.44207599999999</ele>
        <time>2026-09-16T15:20:27Z</time>
      </trkpt>
      <trkpt lat="46.005706004798412" lon="10.931572001427412">
        <ele>259.82158800000002</ele>
        <time>2026-09-16T15:20:51Z</time>
      </trkpt>
      <trkpt lat="46.006144965067506" lon="10.931915994733572">
        <ele>259.05113</ele>
        <time>2026-09-16T15:21:05Z</time>
      </trkpt>
      <trkpt lat="46.006183018907905" lon="10.931983971968293">
        <ele>258.95768399999997</ele>
        <time>2026-09-16T15:21:07Z</time>
      </trkpt>
      <trkpt lat="46.006233980879188" lon="10.93206100165844">
        <ele>258.84376500000002</ele>
        <time>2026-09-16T15:21:09Z</time>
      </trkpt>
      <trkpt lat="46.006363984197378" lon="10.93221103772521">
        <ele>258.58695499999999</ele>
        <time>2026-09-16T15:21:13Z</time>
      </trkpt>
      <trkpt lat="46.006622985005379" lon="10.932402983307838">
        <ele>258.13789100000002</ele>
        <time>2026-09-16T15:21:21Z</time>
      </trkpt>
      <trkpt lat="46.006805961951613" lon="10.932538015767932">
        <ele>257.81145299999997</ele>
        <time>2026-09-16T15:21:27Z</time>
      </trkpt>
      <trkpt lat="46.007218016311526" lon="10.932820988819003">
        <ele>257.02962100000002</ele>
        <time>2026-09-16T15:21:39Z</time>
      </trkpt>
      <trkpt lat="46.007305020466447" lon="10.932844039052725">
        <ele>256.87812400000001</ele>
        <time>2026-09-16T15:21:41Z</time>
      </trkpt>
      <trkpt lat="46.007536025717854" lon="10.93277002684772">
        <ele>256.47281299999997</ele>
        <time>2026-09-16T15:21:48Z</time>
      </trkpt>
      <trkpt lat="46.007734006270766" lon="10.93281302601099">
        <ele>256.12986000000001</ele>
        <time>2026-09-16T15:21:54Z</time>
      </trkpt>
      <trkpt lat="46.007823022082448" lon="10.932873962447047">
        <ele>255.961038</ele>
        <time>2026-09-16T15:21:57Z</time>
      </trkpt>
      <trkpt lat="46.007881024852395" lon="10.932936994358897">
        <ele>255.836602</ele>
        <time>2026-09-16T15:21:59Z</time>
      </trkpt>
      <trkpt lat="46.007986972108483" lon="10.933172022923827">
        <ele>255.50327300000001</ele>
        <time>2026-09-16T15:22:06Z</time>
      </trkpt>
      <trkpt lat="46.008088979870081" lon="10.933248968794942">
        <ele>255.30601999999999</ele>
        <time>2026-09-16T15:22:10Z</time>
      </trkpt>
      <trkpt lat="46.008266005665064" lon="10.933298002928495">
        <ele>254.99731700000001</ele>
        <time>2026-09-16T15:22:17Z</time>
      </trkpt>
      <trkpt lat="46.008396008983254" lon="10.933337984606624">
        <ele>254.83443</ele>
        <time>2026-09-16T15:22:21Z</time>
      </trkpt>
      <trkpt lat="46.008554007858038" lon="10.933442004024982">
        <ele>254.88126800000001</ele>
        <time>2026-09-16T15:22:25Z</time>
      </trkpt>
      <trkpt lat="46.008890960365534" lon="10.933874007314444">
        <ele>255.002917</ele>
        <time>2026-09-16T15:22:37Z</time>
      </trkpt>
      <trkpt lat="46.009234031662345" lon="10.934142982587218">
        <ele>255.10821999999999</ele>
        <time>2026-09-16T15:22:46Z</time>
      </trkpt>
      <trkpt lat="46.009319024160504" lon="10.934288995340466">
        <ele>255.14389199999999</ele>
        <time>2026-09-16T15:22:49Z</time>
      </trkpt>
      <trkpt lat="46.009174017235637" lon="10.934822000563145">
        <ele>255.25108</ele>
        <time>2026-09-16T15:23:02Z</time>
      </trkpt>
      <trkpt lat="46.009262027218938" lon="10.935054011642933">
        <ele>255.300579</ele>
        <time>2026-09-16T15:23:07Z</time>
      </trkpt>
      <trkpt lat="46.009405022487044" lon="10.935289040207863">
        <ele>255.096566</ele>
        <time>2026-09-16T15:23:14Z</time>
      </trkpt>
      <trkpt lat="46.009528990834951" lon="10.935355005785823">
        <ele>254.93946600000001</ele>
        <time>2026-09-16T15:23:18Z</time>
      </trkpt>
      <trkpt lat="46.009755972772837" lon="10.935509987175465">
        <ele>254.640916</ele>
        <time>2026-09-16T15:23:25Z</time>
      </trkpt>
      <trkpt lat="46.009903997182846" lon="10.935725988820195">
        <ele>254.39049</ele>
        <time>2026-09-16T15:23:31Z</time>
      </trkpt>
      <trkpt lat="46.00995596498251" lon="10.935941990464926">
        <ele>254.20181099999999</ele>
        <time>2026-09-16T15:23:36Z</time>
      </trkpt>
      <trkpt lat="46.0100859683007" lon="10.936107030138373">
        <ele>253.99587299999999</ele>
        <time>2026-09-16T15:23:41Z</time>
      </trkpt>
      <trkpt lat="46.010224018245935" lon="10.93618699349463">
        <ele>253.81908999999999</ele>
        <time>2026-09-16T15:23:46Z</time>
      </trkpt>
      <trkpt lat="46.010700026527047" lon="10.936295036226511">
        <ele>253.24646200000001</ele>
        <time>2026-09-16T15:24:01Z</time>
      </trkpt>
      <trkpt lat="46.010926002636552" lon="10.936607010662556">
        <ele>252.94931500000001</ele>
        <time>2026-09-16T15:24:12Z</time>
      </trkpt>
      <trkpt lat="46.011068997904658" lon="10.936685968190432">
        <ele>252.812949</ele>
        <time>2026-09-16T15:24:17Z</time>
      </trkpt>
      <trkpt lat="46.011199001222849" lon="10.936685968190432">
        <ele>252.69720699999999</ele>
        <time>2026-09-16T15:24:21Z</time>
      </trkpt>
      <trkpt lat="46.011526985093951" lon="10.936527969315648">
        <ele>252.38927100000001</ele>
        <time>2026-09-16T15:24:32Z</time>
      </trkpt>
      <trkpt lat="46.011597979813814" lon="10.936525035649538">
        <ele>252.32603</ele>
        <time>2026-09-16T15:24:35Z</time>
      </trkpt>
      <trkpt lat="46.011742986738682" lon="10.936582032591105">
        <ele>252.19220799999999</ele>
        <time>2026-09-16T15:24:39Z</time>
      </trkpt>
      <trkpt lat="46.011800989508629" lon="10.93663802370429">
        <ele>252.13003399999999</ele>
        <time>2026-09-16T15:24:41Z</time>
      </trkpt>
      <trkpt lat="46.011859998106956" lon="10.936751011759043">
        <ele>252.042619</ele>
        <time>2026-09-16T15:24:45Z</time>
      </trkpt>
      <trkpt lat="46.012063007801771" lon="10.937303965911269">
        <ele>251.65585100000001</ele>
        <time>2026-09-16T15:24:59Z</time>
      </trkpt>
      <trkpt lat="46.012170966714621" lon="10.937472023069859">
        <ele>251.476281</ele>
        <time>2026-09-16T15:25:03Z</time>
      </trkpt>
      <trkpt lat="46.012399038299918" lon="10.937647959217429">
        <ele>251.09358499999999</ele>
        <time>2026-09-16T15:25:10Z</time>
      </trkpt>
      <trkpt lat="46.012712018564343" lon="10.93777502886951">
        <ele>250.612527</ele>
        <time>2026-09-16T15:25:19Z</time>
      </trkpt>
      <trkpt lat="46.012851996347308" lon="10.938168978318572">
        <ele>250.15783400000001</ele>
        <time>2026-09-16T15:25:23Z</time>
      </trkpt>
      <trkpt lat="46.012835986912251" lon="10.938262017443776">
        <ele>250.05940000000001</ele>
        <time>2026-09-16T15:25:24Z</time>
      </trkpt>
      <trkpt lat="46.013241000473499" lon="10.938905999064445">
        <ele>249.16681800000001</ele>
        <time>2026-09-16T15:25:33Z</time>
      </trkpt>
      <trkpt lat="46.013492038473487" lon="10.93925996683538">
        <ele>248.95614800000001</ele>
        <time>2026-09-16T15:25:39Z</time>
      </trkpt>
      <trkpt lat="46.013635033741593" lon="10.939407991245389">
        <ele>249.00070299999999</ele>
        <time>2026-09-16T15:25:43Z</time>
      </trkpt>
      <trkpt lat="46.014198968186975" lon="10.939910989254713">
        <ele>249.16854900000001</ele>
        <time>2026-09-16T15:25:59Z</time>
      </trkpt>
      <trkpt lat="46.014413964003325" lon="10.939991036430001">
        <ele>249.22473099999999</ele>
        <time>2026-09-16T15:26:03Z</time>
      </trkpt>
      <trkpt lat="46.014677993953228" lon="10.940040992572904">
        <ele>249.29209900000001</ele>
        <time>2026-09-16T15:26:08Z</time>
      </trkpt>
      <trkpt lat="46.014748988673091" lon="10.940117016434669">
        <ele>249.314482</ele>
        <time>2026-09-16T15:26:09Z</time>
      </trkpt>
      <trkpt lat="46.014792993664742" lon="10.940172001719475">
        <ele>249.32922300000001</ele>
        <time>2026-09-16T15:26:10Z</time>
      </trkpt>
      <trkpt lat="46.015143021941185" lon="10.940576009452343">
        <ele>248.89652100000001</ele>
        <time>2026-09-16T15:26:17Z</time>
      </trkpt>
      <trkpt lat="46.015316024422646" lon="10.940872980281711">
        <ele>248.47927100000001</ele>
        <time>2026-09-16T15:26:21Z</time>
      </trkpt>
      <trkpt lat="46.0157569963485" lon="10.941232983022928">
        <ele>247.69355200000001</ele>
        <time>2026-09-16T15:26:27Z</time>
      </trkpt>
      <trkpt lat="46.015980038791895" lon="10.941415959969163">
        <ele>247.295728</ele>
        <time>2026-09-16T15:26:31Z</time>
      </trkpt>
      <trkpt lat="46.016122028231621" lon="10.941662974655628">
        <ele>246.95058700000001</ele>
        <time>2026-09-16T15:26:34Z</time>
      </trkpt>
      <trkpt lat="46.016180031001568" lon="10.941814016550779">
        <ele>246.76485099999999</ele>
        <time>2026-09-16T15:26:36Z</time>
      </trkpt>
      <trkpt lat="46.016252031549811" lon="10.942188017070293">
        <ele>246.33996099999999</ele>
        <time>2026-09-16T15:26:40Z</time>
      </trkpt>
      <trkpt lat="46.016662996262312" lon="10.94269897788763">
        <ele>245.47231600000001</ele>
        <time>2026-09-16T15:26:47Z</time>
      </trkpt>
      <trkpt lat="46.01691797375679" lon="10.942987985908985">
        <ele>244.95379800000001</ele>
        <time>2026-09-16T15:26:52Z</time>
      </trkpt>
      <trkpt lat="46.016967007890344" lon="10.943043977022171">
        <ele>244.85383999999999</ele>
        <time>2026-09-16T15:26:53Z</time>
      </trkpt>
      <trkpt lat="46.01700296625495" lon="10.943312030285597">
        <ele>244.55094600000001</ele>
        <time>2026-09-16T15:26:55Z</time>
      </trkpt>
      <trkpt lat="46.017013024538755" lon="10.943444967269897">
        <ele>244.402502</ele>
        <time>2026-09-16T15:26:57Z</time>
      </trkpt>
      <trkpt lat="46.017015036195517" lon="10.943469023332">
        <ele>244.37567999999999</ele>
        <time>2026-09-16T15:26:57Z</time>
      </trkpt>
      <trkpt lat="46.017019981518388" lon="10.943601038306952">
        <ele>244.22899100000001</ele>
        <time>2026-09-16T15:26:58Z</time>
      </trkpt>
      <trkpt lat="46.017057029530406" lon="10.943596009165049">
        <ele>244.16961000000001</ele>
        <time>2026-09-16T15:26:59Z</time>
      </trkpt>
      <trkpt lat="46.017866972833872" lon="10.943751996383071">
        <ele>243.452608</ele>
        <time>2026-09-16T15:27:12Z</time>
      </trkpt>
      <trkpt lat="46.018385980278254" lon="10.943998005241156">
        <ele>243.19117499999999</ele>
        <time>2026-09-16T15:27:22Z</time>
      </trkpt>
      <trkpt lat="46.018663002178073" lon="10.94420000910759">
        <ele>243.04261299999999</ele>
        <time>2026-09-16T15:27:29Z</time>
      </trkpt>
      <trkpt lat="46.018924014642835" lon="10.944436965510249">
        <ele>242.89497700000001</ele>
        <time>2026-09-16T15:27:35Z</time>
      </trkpt>
      <trkpt lat="46.019114032387733" lon="10.944663025438786">
        <ele>242.922932</ele>
        <time>2026-09-16T15:27:41Z</time>
      </trkpt>
      <trkpt lat="46.019679978489876" lon="10.945473974570632">
        <ele>243.37742</ele>
        <time>2026-09-16T15:28:00Z</time>
      </trkpt>
      <trkpt lat="46.020067976787686" lon="10.945974960923195">
        <ele>243.674057</ele>
        <time>2026-09-16T15:28:12Z</time>
      </trkpt>
      <trkpt lat="46.020050961524248" lon="10.945991976186633">
        <ele>243.68583799999999</ele>
        <time>2026-09-16T15:28:13Z</time>
      </trkpt>
      <trkpt lat="46.019686013460159" lon="10.946578038856387">
        <ele>243.85051300000001</ele>
        <time>2026-09-16T15:28:22Z</time>
      </trkpt>
      <trkpt lat="46.019671009853482" lon="10.946601005271077">
        <ele>243.84887699999999</ele>
        <time>2026-09-16T15:28:23Z</time>
      </trkpt>
      <trkpt lat="46.020399983972311" lon="10.947613036260009">
        <ele>243.77327399999999</ele>
        <time>2026-09-16T15:28:39Z</time>
      </trkpt>
      <trkpt lat="46.021087970584631" lon="10.948358019813895">
        <ele>243.83229700000001</ele>
        <time>2026-09-16T15:28:54Z</time>
      </trkpt>
      <trkpt lat="46.021178998053074" lon="10.948483999818563">
        <ele>243.870892</ele>
        <time>2026-09-16T15:28:57Z</time>
      </trkpt>
      <trkpt lat="46.021185033023357" lon="10.948544014245272">
        <ele>243.88376099999999</ele>
        <time>2026-09-16T15:28:57Z</time>
      </trkpt>
      <trkpt lat="46.021116971969604" lon="10.948826987296343">
        <ele>243.94733600000001</ele>
        <time>2026-09-16T15:29:02Z</time>
      </trkpt>
      <trkpt lat="46.021143961697817" lon="10.949110966175795">
        <ele>244.00819000000001</ele>
        <time>2026-09-16T15:29:06Z</time>
      </trkpt>
      <trkpt lat="46.021575964987278" lon="10.949165029451251">
        <ele>244.140761</ele>
        <time>2026-09-16T15:29:15Z</time>
      </trkpt>
      <trkpt lat="46.02190101519227" lon="10.949166035279632">
        <ele>244.24012200000001</ele>
        <time>2026-09-16T15:29:21Z</time>
      </trkpt>
      <trkpt lat="46.021983996033669" lon="10.949151031672955">
        <ele>244.26569699999999</ele>
        <time>2026-09-16T15:29:23Z</time>
      </trkpt>
      <trkpt lat="46.02215901017189" lon="10.949256978929043">
        <ele>244.31106199999999</ele>
        <time>2026-09-16T15:29:26Z</time>
      </trkpt>
      <trkpt lat="46.024510972201824" lon="10.950670000165701">
        <ele>244.841217</ele>
        <time>2026-09-16T15:30:12Z</time>
      </trkpt>
      <trkpt lat="46.025026040151715" lon="10.950917014852166">
        <ele>244.95174700000001</ele>
        <time>2026-09-16T15:30:22Z</time>
      </trkpt>
      <trkpt lat="46.025534989312291" lon="10.951117007061839">
        <ele>245.03905</ele>
        <time>2026-09-16T15:30:31Z</time>
      </trkpt>
      <trkpt lat="46.026060031726956" lon="10.951152965426445">
        <ele>245.077586</ele>
        <time>2026-09-16T15:30:40Z</time>
      </trkpt>
      <trkpt lat="46.026835022494197" lon="10.951050035655499">
        <ele>245.13465099999999</ele>
        <time>2026-09-16T15:30:53Z</time>
      </trkpt>
      <trkpt lat="46.027592997997999" lon="10.950829004868865">
        <ele>245.23306099999999</ele>
        <time>2026-09-16T15:31:07Z</time>
      </trkpt>
      <trkpt lat="46.028912980109453" lon="10.949837006628513">
        <ele>245.49625399999999</ele>
        <time>2026-09-16T15:31:34Z</time>
      </trkpt>
      <trkpt lat="46.030203038826585" lon="10.948916003108025">
        <ele>245.864836</ele>
        <time>2026-09-16T15:32:00Z</time>
      </trkpt>
      <trkpt lat="46.031765006482601" lon="10.94770397990942">
        <ele>246.904437</ele>
        <time>2026-09-16T15:32:35Z</time>
      </trkpt>
      <trkpt lat="46.03219298645854" lon="10.947396028786898">
        <ele>247.255518</ele>
        <time>2026-09-16T15:32:45Z</time>
      </trkpt>
      <trkpt lat="46.032592970877886" lon="10.947201987728477">
        <ele>247.614105</ele>
        <time>2026-09-16T15:32:54Z</time>
      </trkpt>
      <trkpt lat="46.032723980024457" lon="10.947236018255353">
        <ele>247.72719499999999</ele>
        <time>2026-09-16T15:32:57Z</time>
      </trkpt>
      <trkpt lat="46.032929001376033" lon="10.947192013263702">
        <ele>247.90328500000001</ele>
        <time>2026-09-16T15:33:02Z</time>
      </trkpt>
      <trkpt lat="46.033084988594055" lon="10.947227971628308">
        <ele>248.03751299999999</ele>
        <time>2026-09-16T15:33:06Z</time>
      </trkpt>
      <trkpt lat="46.03318003937602" lon="10.947195030748844">
        <ele>248.12053800000001</ele>
        <time>2026-09-16T15:33:08Z</time>
      </trkpt>
      <trkpt lat="46.033296966925263" lon="10.947069972753525">
        <ele>248.24430000000001</ele>
        <time>2026-09-16T15:33:11Z</time>
      </trkpt>
      <trkpt lat="46.033814968541265" lon="10.946783982217312">
        <ele>248.592106</ele>
        <time>2026-09-16T15:33:23Z</time>
      </trkpt>
      <trkpt lat="46.03406198322773" lon="10.946578960865736">
        <ele>248.57999699999999</ele>
        <time>2026-09-16T15:33:29Z</time>
      </trkpt>
      <trkpt lat="46.03419098071754" lon="10.9464340377599">
        <ele>248.57304600000001</ele>
        <time>2026-09-16T15:33:32Z</time>
      </trkpt>
      <trkpt lat="46.034733960404992" lon="10.946191968396306">
        <ele>248.548901</ele>
        <time>2026-09-16T15:33:42Z</time>
      </trkpt>
      <trkpt lat="46.035181973129511" lon="10.946055008098483">
        <ele>248.529447</ele>
        <time>2026-09-16T15:33:49Z</time>
      </trkpt>
      <trkpt lat="46.036071963608265" lon="10.946017960086465">
        <ele>248.184282</ele>
        <time>2026-09-16T15:34:02Z</time>
      </trkpt>
      <trkpt lat="46.036603040993214" lon="10.946032963693142">
        <ele>247.930271</ele>
        <time>2026-09-16T15:34:11Z</time>
      </trkpt>
      <trkpt lat="46.037094974890351" lon="10.946071017533541">
        <ele>247.694624</ele>
        <time>2026-09-16T15:34:19Z</time>
      </trkpt>
      <trkpt lat="46.037641977891326" lon="10.946163972839713">
        <ele>247.699793</ele>
        <time>2026-09-16T15:34:29Z</time>
      </trkpt>
      <trkpt lat="46.038073981180787" lon="10.946324989199638">
        <ele>247.735445</ele>
        <time>2026-09-16T15:34:37Z</time>
      </trkpt>
      <trkpt lat="46.038355026394129" lon="10.94650000333786">
        <ele>247.75990400000001</ele>
        <time>2026-09-16T15:34:42Z</time>
      </trkpt>
      <trkpt lat="46.038791975006461" lon="10.946841984987259">
        <ele>247.79963900000001</ele>
        <time>2026-09-16T15:34:51Z</time>
      </trkpt>
      <trkpt lat="46.039315005764365" lon="10.947351017966866">
        <ele>247.988223</ele>
        <time>2026-09-16T15:35:02Z</time>
      </trkpt>
      <trkpt lat="46.03979897685349" lon="10.947899026796222">
        <ele>248.188356</ele>
        <time>2026-09-16T15:35:13Z</time>
      </trkpt>
      <trkpt lat="46.040966995060444" lon="10.949388993903995">
        <ele>249.03366500000001</ele>
        <time>2026-09-16T15:35:45Z</time>
      </trkpt>
      <trkpt lat="46.041636038571596" lon="10.94987103715539">
        <ele>249.545748</ele>
        <time>2026-09-16T15:36:00Z</time>
      </trkpt>
      <trkpt lat="46.041896967217326" lon="10.94991696998477">
        <ele>249.732133</ele>
        <time>2026-09-16T15:36:05Z</time>
      </trkpt>
      <trkpt lat="46.044028988108039" lon="10.950006991624832">
        <ele>251.321485</ele>
        <time>2026-09-16T15:36:49Z</time>
      </trkpt>
      <trkpt lat="46.044523017480969" lon="10.949890986084938">
        <ele>251.72633999999999</ele>
        <time>2026-09-16T15:36:59Z</time>
      </trkpt>
      <trkpt lat="46.044738013297319" lon="10.949811022728682">
        <ele>251.90595400000001</ele>
        <time>2026-09-16T15:37:03Z</time>
      </trkpt>
      <trkpt lat="46.045054011046886" lon="10.949641037732363">
        <ele>252.17879500000001</ele>
        <time>2026-09-16T15:37:10Z</time>
      </trkpt>
      <trkpt lat="46.045375959947705" lon="10.94935898669064">
        <ele>252.40749700000001</ele>
        <time>2026-09-16T15:37:19Z</time>
      </trkpt>
      <trkpt lat="46.045979959890246" lon="10.948505038395524">
        <ele>252.577358</ele>
        <time>2026-09-16T15:37:36Z</time>
      </trkpt>
      <trkpt lat="46.04607299901545" lon="10.948404958471656">
        <ele>252.60065</ele>
        <time>2026-09-16T15:37:39Z</time>
      </trkpt>
      <trkpt lat="46.046120021492243" lon="10.948387021198869">
        <ele>252.610412</ele>
        <time>2026-09-16T15:37:39Z</time>
      </trkpt>
      <trkpt lat="46.046180035918951" lon="10.948424991220236">
        <ele>252.62356700000001</ele>
        <time>2026-09-16T15:37:41Z</time>
      </trkpt>
      <trkpt lat="46.046443982049823" lon="10.948782982304692">
        <ele>252.696336</ele>
        <time>2026-09-16T15:37:47Z</time>
      </trkpt>
      <trkpt lat="46.046462003141642" lon="10.948795974254608">
        <ele>252.700377</ele>
        <time>2026-09-16T15:37:47Z</time>
      </trkpt>
      <trkpt lat="46.046488992869854" lon="10.948774013668299">
        <ele>252.706603</ele>
        <time>2026-09-16T15:37:48Z</time>
      </trkpt>
      <trkpt lat="46.046613967046142" lon="10.949081964790821">
        <ele>252.65676199999999</ele>
        <time>2026-09-16T15:37:51Z</time>
      </trkpt>
      <trkpt lat="46.046732990071177" lon="10.949452025815845">
        <ele>252.27544399999999</ele>
        <time>2026-09-16T15:37:55Z</time>
      </trkpt>
      <trkpt lat="46.04684698395431" lon="10.950190974399447">
        <ele>251.56756200000001</ele>
        <time>2026-09-16T15:38:02Z</time>
      </trkpt>
      <trkpt lat="46.046967012807727" lon="10.951036959886551">
        <ele>250.76013900000001</ele>
        <time>2026-09-16T15:38:11Z</time>
      </trkpt>
      <trkpt lat="46.046991990879178" lon="10.951170986518264">
        <ele>250.630392</ele>
        <time>2026-09-16T15:38:12Z</time>
      </trkpt>
      <trkpt lat="46.047015963122249" lon="10.951299984008074">
        <ele>250.50550899999999</ele>
        <time>2026-09-16T15:38:14Z</time>
      </trkpt>
      <trkpt lat="46.047078995034099" lon="10.951631991192698">
        <ele>250.158805</ele>
        <time>2026-09-16T15:38:22Z</time>
      </trkpt>
      <trkpt lat="46.047095004469156" lon="10.95174003392458">
        <ele>250.09737999999999</ele>
        <time>2026-09-16T15:38:23Z</time>
      </trkpt>
      <trkpt lat="46.047129034996033" lon="10.95193600282073">
        <ele>249.985006</ele>
        <time>2026-09-16T15:38:25Z</time>
      </trkpt>
      <trkpt lat="46.047136997804046" lon="10.951980007812381">
        <ele>249.95970600000001</ele>
        <time>2026-09-16T15:38:25Z</time>
      </trkpt>
      <trkpt lat="46.047149989753962" lon="10.952231967821717">
        <ele>249.81915000000001</ele>
        <time>2026-09-16T15:38:28Z</time>
      </trkpt>
      <trkpt lat="46.047090981155634" lon="10.952234985306859">
        <ele>249.771838</ele>
        <time>2026-09-16T15:38:29Z</time>
      </trkpt>
      <trkpt lat="46.047062985599041" lon="10.952316960319877">
        <ele>249.72100599999999</ele>
        <time>2026-09-16T15:38:30Z</time>
      </trkpt>
      <trkpt lat="46.047100033611059" lon="10.952388038858771">
        <ele>249.67162099999999</ele>
        <time>2026-09-16T15:38:31Z</time>
      </trkpt>
      <trkpt lat="46.047135405242443" lon="10.952376052737236">
        <ele>250.375</ele>
      </trkpt>
      <trkpt lat="46.04717580601573" lon="10.952311679720879">
        <ele>250.59375</ele>
      </trkpt>
      <trkpt lat="46.047162311151624" lon="10.952225849032402">
        <ele>250.734375</ele>
      </trkpt>
      <trkpt lat="46.046965587884188" lon="10.950966719537973">
        <ele>251.7578125</ele>
      </trkpt>
      <trkpt lat="46.046774229034781" lon="10.949561074376106">
        <ele>254.99609375</ele>
      </trkpt>
      <trkpt lat="46.046669874340296" lon="10.949191180989146">
        <ele>255.73828125</ele>
      </trkpt>
      <trkpt lat="46.046287240460515" lon="10.948286270722747">
        <ele>254.87109375</ele>
      </trkpt>
      <trkpt lat="46.046079704537988" lon="10.947470711544156">
        <ele>254.96484375</ele>
      </trkpt>
      <trkpt lat="46.0461066942662" lon="10.946796890348196">
        <ele>260.98828125</ele>
      </trkpt>
      <trkpt lat="46.046112980693579" lon="10.946726985275745">
        <ele>268.610097</ele>
        <time>2026-08-09T13:26:10Z</time>
      </trkpt>
      <trkpt lat="46.046233009546995" lon="10.946232033893466">
        <ele>270.98748399999999</ele>
        <time>2026-08-09T13:26:27Z</time>
      </trkpt>
      <trkpt lat="46.046382961794734" lon="10.945736998692155">
        <ele>273.436488</ele>
        <time>2026-08-09T13:26:46Z</time>
      </trkpt>
      <trkpt lat="46.046584965661168" lon="10.945085976272821">
        <ele>276.97409699999997</ele>
        <time>2026-08-09T13:27:08Z</time>
      </trkpt>
      <trkpt lat="46.046649003401399" lon="10.944809038192034">
        <ele>278.63055400000002</ele>
        <time>2026-08-09T13:27:18Z</time>
      </trkpt>
      <trkpt lat="46.04660801589489" lon="10.944679034873843">
        <ele>279.44073600000002</ele>
        <time>2026-08-09T13:27:22Z</time>
      </trkpt>
      <trkpt lat="46.046548001468182" lon="10.944620026275516">
        <ele>280.03456999999997</ele>
        <time>2026-08-09T13:27:26Z</time>
      </trkpt>
      <trkpt lat="46.046410035341978" lon="10.94465397298336">
        <ele>281.17906199999999</ele>
        <time>2026-08-09T13:27:32Z</time>
      </trkpt>
      <trkpt lat="46.045759012922645" lon="10.945501970127225">
        <ele>288.35343799999998</ele>
        <time>2026-08-09T13:28:22Z</time>
      </trkpt>
      <trkpt lat="46.045729005709291" lon="10.945541029796004">
        <ele>288.68375700000001</ele>
        <time>2026-08-09T13:28:25Z</time>
      </trkpt>
      <trkpt lat="46.045517027378082" lon="10.945921987295151">
        <ele>291.75885</ele>
        <time>2026-08-09T13:28:46Z</time>
      </trkpt>
      <trkpt lat="46.045476961880922" lon="10.946013014763594">
        <ele>292.51401299999998</ele>
        <time>2026-08-09T13:28:51Z</time>
      </trkpt>
      <trkpt lat="46.045366991311312" lon="10.946184005588293">
        <ele>294.148574</ele>
        <time>2026-08-09T13:29:01Z</time>
      </trkpt>
      <trkpt lat="46.045272024348378" lon="10.946208983659744">
        <ele>295.12403</ele>
        <time>2026-08-09T13:29:07Z</time>
      </trkpt>
      <trkpt lat="46.045204969123006" lon="10.946175958961248">
        <ele>295.83924100000002</ele>
        <time>2026-08-09T13:29:11Z</time>
      </trkpt>
      <trkpt lat="46.045166999101639" lon="10.946103036403656">
        <ele>296.47897599999999</ele>
        <time>2026-08-09T13:29:16Z</time>
      </trkpt>
      <trkpt lat="46.045162975788116" lon="10.945948977023363">
        <ele>297.55941100000001</ele>
        <time>2026-08-09T13:29:23Z</time>
      </trkpt>
      <trkpt lat="46.045237993821502" lon="10.945479003712535">
        <ele>300.940496</ele>
        <time>2026-08-09T13:29:46Z</time>
      </trkpt>
      <trkpt lat="46.045295996591449" lon="10.945237018167973">
        <ele>302.73543100000001</ele>
        <time>2026-08-09T13:29:58Z</time>
      </trkpt>
      <trkpt lat="46.04540403932333" lon="10.944938035681844">
        <ele>305.098547</ele>
        <time>2026-08-09T13:30:14Z</time>
      </trkpt>
      <trkpt lat="46.045782985165715" lon="10.94411401078105">
        <ele>311.68096200000002</ele>
        <time>2026-08-09T13:30:52Z</time>
      </trkpt>
      <trkpt lat="46.045803017914295" lon="10.944067994132638">
        <ele>312.02571899999998</ele>
        <time>2026-08-09T13:30:53Z</time>
      </trkpt>
      <trkpt lat="46.046195039525628" lon="10.943217985332012">
        <ele>318.50753500000002</ele>
        <time>2026-08-09T13:31:30Z</time>
      </trkpt>
      <trkpt lat="46.046319007873535" lon="10.94301899895072">
        <ele>320.20609100000001</ele>
        <time>2026-08-09T13:31:43Z</time>
      </trkpt>
      <trkpt lat="46.046469965949655" lon="10.942843984812498">
        <ele>321.97943400000003</ele>
        <time>2026-08-09T13:31:56Z</time>
      </trkpt>
      <trkpt lat="46.046722009778023" lon="10.94265497289598">
        <ele>324.57918899999999</ele>
        <time>2026-08-09T13:32:15Z</time>
      </trkpt>
      <trkpt lat="46.046765008941293" lon="10.942591018974781">
        <ele>325.00588699999997</ele>
        <time>2026-08-09T13:32:19Z</time>
      </trkpt>
      <trkpt lat="46.046773977577686" lon="10.942450035363436">
        <ele>325.55337700000001</ele>
        <time>2026-08-09T13:32:25Z</time>
      </trkpt>
      <trkpt lat="46.046730978414416" lon="10.942335035651922">
        <ele>326.05845399999998</ele>
        <time>2026-08-09T13:32:31Z</time>
      </trkpt>
      <trkpt lat="46.046676998957992" lon="10.942273009568453">
        <ele>326.44311900000002</ele>
        <time>2026-08-09T13:32:35Z</time>
      </trkpt>
      <trkpt lat="46.046611033380032" lon="10.942244008183479">
        <ele>326.82751500000001</ele>
        <time>2026-08-09T13:32:39Z</time>
      </trkpt>
      <trkpt lat="46.046481030061841" lon="10.942299999296665">
        <ele>327.58340700000002</ele>
        <time>2026-08-09T13:32:47Z</time>
      </trkpt>
      <trkpt lat="46.046254970133305" lon="10.942513989284635">
        <ele>329.08999599999999</ele>
        <time>2026-08-09T13:33:03Z</time>
      </trkpt>
      <trkpt lat="46.045564971864223" lon="10.943295015022159">
        <ele>333.97825899999998</ele>
        <time>2026-08-09T13:33:36Z</time>
      </trkpt>
      <trkpt lat="46.0454470384866" lon="10.943452008068562">
        <ele>334.82601499999998</ele>
        <time>2026-08-09T13:33:38Z</time>
      </trkpt>
      <trkpt lat="46.045231958851218" lon="10.943851992487907">
        <ele>335.33336300000002</ele>
        <time>2026-08-09T13:33:42Z</time>
      </trkpt>
      <trkpt lat="46.044753016903996" lon="10.945020010694861">
        <ele>336.69385299999999</ele>
        <time>2026-08-09T13:33:56Z</time>
      </trkpt>
      <trkpt lat="46.044629970565438" lon="10.945164011791348">
        <ele>337.19592299999999</ele>
        <time>2026-08-09T13:34:04Z</time>
      </trkpt>
      <trkpt lat="46.044600969180465" lon="10.945162000134587">
        <ele>337.23787099999998</ele>
        <time>2026-08-09T13:34:04Z</time>
      </trkpt>
      <trkpt lat="46.044574985280633" lon="10.945154959335923">
        <ele>337.27608700000002</ele>
        <time>2026-08-09T13:34:05Z</time>
      </trkpt>
      <trkpt lat="46.044547995552421" lon="10.945143979042768">
        <ele>337.31662599999999</ele>
        <time>2026-08-09T13:34:06Z</time>
      </trkpt>
      <trkpt lat="46.044523017480969" lon="10.945125035941601">
        <ele>337.35746399999999</ele>
        <time>2026-08-09T13:34:06Z</time>
      </trkpt>
      <trkpt lat="46.044499967247248" lon="10.945097040385008">
        <ele>337.40096999999997</ele>
        <time>2026-08-09T13:34:07Z</time>
      </trkpt>
      <trkpt lat="46.04448102414608" lon="10.94505999237299">
        <ele>337.67725899999999</ele>
        <time>2026-08-09T13:34:07Z</time>
      </trkpt>
      <trkpt lat="46.044468032196164" lon="10.945020010694861">
        <ele>337.98377399999998</ele>
        <time>2026-08-09T13:34:08Z</time>
      </trkpt>
      <trkpt lat="46.04448102414608" lon="10.944668976590037">
        <ele>340.91363799999999</ele>
        <time>2026-08-09T13:34:14Z</time>
      </trkpt>
      <trkpt lat="46.045678965747356" lon="10.942405024543405">
        <ele>359.75728900000001</ele>
        <time>2026-08-09T13:36:29Z</time>
      </trkpt>
      <trkpt lat="46.045894967392087" lon="10.942120961844921">
        <ele>362.17536799999999</ele>
        <time>2026-08-09T13:36:46Z</time>
      </trkpt>
      <trkpt lat="46.046109041199088" lon="10.9419010207057">
        <ele>364.349245</ele>
        <time>2026-08-09T13:37:01Z</time>
      </trkpt>
      <trkpt lat="46.047291979193687" lon="10.940956966951489">
        <ele>367.62555200000003</ele>
        <time>2026-08-09T13:37:59Z</time>
      </trkpt>
      <trkpt lat="46.047363979741931" lon="10.940874991938472">
        <ele>367.24528500000002</ele>
        <time>2026-08-09T13:38:00Z</time>
      </trkpt>
      <trkpt lat="46.047389963641763" lon="10.940798968076706">
        <ele>367.001621</ele>
        <time>2026-08-09T13:38:00Z</time>
      </trkpt>
      <trkpt lat="46.047389963641763" lon="10.940669970586896">
        <ele>366.63065</ele>
        <time>2026-08-09T13:38:01Z</time>
      </trkpt>
      <trkpt lat="46.047522984445095" lon="10.940651027485728">
        <ele>366.07688200000001</ele>
        <time>2026-08-09T13:38:03Z</time>
      </trkpt>
      <trkpt lat="46.047734040766954" lon="10.941228037700057">
        <ele>364.20136100000002</ele>
        <time>2026-08-09T13:38:08Z</time>
      </trkpt>
      <trkpt lat="46.04779003188014" lon="10.941323004662991">
        <ele>363.84293100000002</ele>
        <time>2026-08-09T13:38:08Z</time>
      </trkpt>
      <trkpt lat="46.047914000228047" lon="10.94140799716115">
        <ele>363.27397200000001</ele>
        <time>2026-08-09T13:38:10Z</time>
      </trkpt>
      <trkpt lat="46.04826302267611" lon="10.941525008529425">
        <ele>361.83449400000001</ele>
        <time>2026-08-09T13:38:13Z</time>
      </trkpt>
      <trkpt lat="46.049012029543519" lon="10.941205993294716">
        <ele>358.74130600000001</ele>
        <time>2026-08-09T13:38:22Z</time>
      </trkpt>
      <trkpt lat="46.049430035054684" lon="10.941082024946809">
        <ele>357.051153</ele>
        <time>2026-08-09T13:38:30Z</time>
      </trkpt>
      <trkpt lat="46.04987402446568" lon="10.940880021080375">
        <ele>357.93897099999998</ele>
        <time>2026-08-09T13:38:47Z</time>
      </trkpt>
      <trkpt lat="46.050544995814562" lon="10.940282978117466">
        <ele>372.52352100000002</ele>
        <time>2026-08-09T13:39:56Z</time>
      </trkpt>
      <trkpt lat="46.050673993304372" lon="10.93975399620831">
        <ele>379.720259</ele>
        <time>2026-08-09T13:40:43Z</time>
      </trkpt>
      <trkpt lat="46.050656978040934" lon="10.939669003710151">
        <ele>380.85564399999998</ele>
        <time>2026-08-09T13:40:51Z</time>
      </trkpt>
      <trkpt lat="46.050581037998199" lon="10.93955802731216">
        <ele>382.85696999999999</ele>
        <time>2026-08-09T13:41:04Z</time>
      </trkpt>
      <trkpt lat="46.050382973626256" lon="10.939371027052402">
        <ele>387.235275</ele>
        <time>2026-08-09T13:41:32Z</time>
      </trkpt>
      <trkpt lat="46.050337962806225" lon="10.939347976818681">
        <ele>388.11830700000002</ele>
        <time>2026-08-09T13:41:38Z</time>
      </trkpt>
      <trkpt lat="46.050103018060327" lon="10.939355017617345">
        <ele>392.08900499999999</ele>
        <time>2026-08-09T13:42:06Z</time>
      </trkpt>
      <trkpt lat="46.049958011135459" lon="10.939334984868765">
        <ele>394.49427700000001</ele>
        <time>2026-08-09T13:42:24Z</time>
      </trkpt>
      <trkpt lat="46.049857009202242" lon="10.939229037612677">
        <ele>396.557569</ele>
        <time>2026-08-09T13:42:39Z</time>
      </trkpt>
      <trkpt lat="46.049793977290392" lon="10.93908897601068">
        <ele>398.46974999999998</ele>
        <time>2026-08-09T13:42:53Z</time>
      </trkpt>
      <trkpt lat="46.049773022532463" lon="10.938898036256433">
        <ele>400.68596200000002</ele>
        <time>2026-08-09T13:43:09Z</time>
      </trkpt>
      <trkpt lat="46.049835970625281" lon="10.938726961612701">
        <ele>402.90467000000001</ele>
        <time>2026-08-09T13:43:23Z</time>
      </trkpt>
      <trkpt lat="46.049955999478698" lon="10.938558988273144">
        <ele>405.667506</ele>
        <time>2026-08-09T13:43:38Z</time>
      </trkpt>
      <trkpt lat="46.050029005855322" lon="10.938288001343608">
        <ele>408.99895800000002</ele>
        <time>2026-08-09T13:43:53Z</time>
      </trkpt>
      <trkpt lat="46.05067097581923" lon="10.937076983973384">
        <ele>420.20894700000002</ele>
        <time>2026-08-09T13:44:46Z</time>
      </trkpt>
      <trkpt lat="46.050728978589177" lon="10.936941029503942">
        <ele>420.57337000000001</ele>
        <time>2026-08-09T13:44:50Z</time>
      </trkpt>
      <trkpt lat="46.050935005769134" lon="10.93663701787591">
        <ele>421.54335700000001</ele>
        <time>2026-08-09T13:44:59Z</time>
      </trkpt>
      <trkpt lat="46.051341025158763" lon="10.935782985761762">
        <ele>423.90659099999999</ele>
        <time>2026-08-09T13:45:17Z</time>
      </trkpt>
      <trkpt lat="46.051734974607825" lon="10.935217039659619">
        <ele>424.516662</ele>
        <time>2026-08-09T13:45:26Z</time>
      </trkpt>
      <trkpt lat="46.05247400701046" lon="10.933595979586244">
        <ele>424.31498099999999</ele>
        <time>2026-08-09T13:45:46Z</time>
      </trkpt>
      <trkpt lat="46.05251801200211" lon="10.933377966284752">
        <ele>424.54443400000002</ele>
        <time>2026-08-09T13:45:49Z</time>
      </trkpt>
      <trkpt lat="46.052597975358367" lon="10.93251395970583">
        <ele>427.02001899999999</ele>
        <time>2026-08-09T13:46:09Z</time>
      </trkpt>
      <trkpt lat="46.052707023918629" lon="10.931851034983993">
        <ele>428.95511299999998</ele>
        <time>2026-08-09T13:46:30Z</time>
      </trkpt>
      <trkpt lat="46.052788998931646" lon="10.931569989770651">
        <ele>429.82085799999999</ele>
        <time>2026-08-09T13:46:40Z</time>
      </trkpt>
      <trkpt lat="46.053069960325956" lon="10.930999014526606">
        <ele>431.59139199999998</ele>
        <time>2026-08-09T13:47:01Z</time>
      </trkpt>
      <trkpt lat="46.053079012781382" lon="10.930805979296565">
        <ele>431.33272699999998</ele>
        <time>2026-08-09T13:47:06Z</time>
      </trkpt>
      <trkpt lat="46.053008018061519" lon="10.930604981258512">
        <ele>431.03113300000001</ele>
        <time>2026-08-09T13:47:10Z</time>
      </trkpt>
      <trkpt lat="46.053001983091235" lon="10.930483024567366">
        <ele>430.86758300000002</ele>
        <time>2026-08-09T13:47:12Z</time>
      </trkpt>
      <trkpt lat="46.05303299613297" lon="10.930222012102604">
        <ele>430.51349499999998</ele>
        <time>2026-08-09T13:47:16Z</time>
      </trkpt>
      <trkpt lat="46.053150007501245" lon="10.929938033223152">
        <ele>430.07185199999998</ele>
        <time>2026-08-09T13:47:19Z</time>
      </trkpt>
      <trkpt lat="46.05331202968955" lon="10.929693030193448">
        <ele>429.61933599999998</ele>
        <time>2026-08-09T13:47:23Z</time>
      </trkpt>
      <trkpt lat="46.053630961105227" lon="10.929586999118328">
        <ele>428.98854</ele>
        <time>2026-08-09T13:47:26Z</time>
      </trkpt>
      <trkpt lat="46.053687036037445" lon="10.929536037147045">
        <ele>428.86089199999998</ele>
        <time>2026-08-09T13:47:27Z</time>
      </trkpt>
      <trkpt lat="46.053877975791693" lon="10.929091963917017">
        <ele>428.02605199999999</ele>
        <time>2026-08-09T13:47:31Z</time>
      </trkpt>
      <trkpt lat="46.053943019360304" lon="10.929005965590477">
        <ele>427.15241700000001</ele>
        <time>2026-08-09T13:47:32Z</time>
      </trkpt>
      <trkpt lat="46.054520029574633" lon="10.92847497202456">
        <ele>420.374394</ele>
        <time>2026-08-09T13:47:39Z</time>
      </trkpt>
      <trkpt lat="46.054593035951257" lon="10.928456028923392">
        <ele>419.63998299999997</ele>
        <time>2026-08-09T13:47:40Z</time>
      </trkpt>
      <trkpt lat="46.055199969559908" lon="10.928476983681321">
        <ele>413.62881499999997</ele>
        <time>2026-08-09T13:47:46Z</time>
      </trkpt>
      <trkpt lat="46.056282995268703" lon="10.928272968158126">
        <ele>404.88063899999997</ele>
        <time>2026-08-09T13:47:58Z</time>
      </trkpt>
      <trkpt lat="46.056379973888397" lon="10.928217982873321">
        <ele>404.13006300000001</ele>
        <time>2026-08-09T13:47:59Z</time>
      </trkpt>
      <trkpt lat="46.056780964136124" lon="10.927825039252639">
        <ele>400.638148</ele>
        <time>2026-08-09T13:48:04Z</time>
      </trkpt>
      <trkpt lat="46.057165022939444" lon="10.927705010399222">
        <ele>397.80887100000001</ele>
        <time>2026-08-09T13:48:09Z</time>
      </trkpt>
      <trkpt lat="46.057299971580505" lon="10.927575007081032">
        <ele>398.56516499999998</ele>
        <time>2026-08-09T13:48:15Z</time>
      </trkpt>
      <trkpt lat="46.057369122281671" lon="10.92748356051743">
        <ele>410.36635799999999</ele>
        <time>2026-08-09T13:48:40Z</time>
      </trkpt>
      <trkpt lat="46.05753080919385" lon="10.927333272993565">
        <ele>410.79561000000001</ele>
        <time>2026-08-09T13:48:41Z</time>
      </trkpt>
      <trkpt lat="46.057652095332742" lon="10.92720452696085">
        <ele>411.304463</ele>
        <time>2026-08-09T13:48:42Z</time>
      </trkpt>
      <trkpt lat="46.057684449478984" lon="10.927107967436314">
        <ele>411.818669</ele>
        <time>2026-08-09T13:48:43Z</time>
      </trkpt>
      <trkpt lat="46.057808417826891" lon="10.926850391551852">
        <ele>412.293654</ele>
        <time>2026-08-09T13:48:44Z</time>
      </trkpt>
      <trkpt lat="46.057902714237571" lon="10.926693063229322">
        <ele>412.78990800000003</ele>
        <time>2026-08-09T13:48:46Z</time>
      </trkpt>
      <trkpt lat="46.058029364794493" lon="10.926592899486423">
        <ele>413.26378799999998</ele>
        <time>2026-08-09T13:48:47Z</time>
      </trkpt>
      <trkpt lat="46.058301609009504" lon="10.92654637992382">
        <ele>413.780126</ele>
        <time>2026-08-09T13:48:48Z</time>
      </trkpt>
      <trkpt lat="46.058493973687291" lon="10.926551995798945">
        <ele>414.24508800000001</ele>
        <time>2026-08-09T13:48:49Z</time>
      </trkpt>
      <trkpt lat="46.058665970340371" lon="10.926591977477074">
        <ele>415.98220199999997</ele>
        <time>2026-08-09T13:49:09Z</time>
      </trkpt>
      <trkpt lat="46.05874702334404" lon="10.926506984978914">
        <ele>416.85566599999999</ele>
        <time>2026-08-09T13:49:20Z</time>
      </trkpt>
      <trkpt lat="46.059056986123323" lon="10.926038017496467">
        <ele>420.77372400000002</ele>
        <time>2026-08-09T13:49:56Z</time>
      </trkpt>
      <trkpt lat="46.059150025248528" lon="10.925935003906488">
        <ele>421.79618399999998</ele>
        <time>2026-08-09T13:50:02Z</time>
      </trkpt>
      <trkpt lat="46.059363009408116" lon="10.925561003386974">
        <ele>424.72290500000003</ele>
        <time>2026-08-09T13:50:21Z</time>
      </trkpt>
      <trkpt lat="46.059647994115949" lon="10.925188008695841">
        <ele>428.07894499999998</ele>
        <time>2026-08-09T13:50:37Z</time>
      </trkpt>
      <trkpt lat="46.060180999338627" lon="10.924764974042773">
        <ele>432.27584200000001</ele>
        <time>2026-08-09T13:50:47Z</time>
      </trkpt>
      <trkpt lat="46.060898993164301" lon="10.923999035730958">
        <ele>435.629841</ele>
        <time>2026-08-09T13:51:06Z</time>
      </trkpt>
      <trkpt lat="46.061022961512208" lon="10.923697035759687">
        <ele>436.54403600000001</ele>
        <time>2026-08-09T13:51:17Z</time>
      </trkpt>
      <trkpt lat="46.061357986181974" lon="10.923477010801435">
        <ele>437.92621800000001</ele>
        <time>2026-08-09T13:51:38Z</time>
      </trkpt>
      <trkpt lat="46.061435015872121" lon="10.923365028575063">
        <ele>438.34738299999998</ele>
        <time>2026-08-09T13:51:45Z</time>
      </trkpt>
      <trkpt lat="46.061521014198661" lon="10.923080965876579">
        <ele>439.21229799999998</ele>
        <time>2026-08-09T13:51:59Z</time>
      </trkpt>
      <trkpt lat="46.061716983094811" lon="10.922160968184471">
        <ele>441.89855699999998</ele>
        <time>2026-08-09T13:52:32Z</time>
      </trkpt>
      <trkpt lat="46.061768028885126" lon="10.922038005664945">
        <ele>442.29850599999997</ele>
        <time>2026-08-09T13:52:36Z</time>
      </trkpt>
      <trkpt lat="46.062103975564241" lon="10.921756038442254">
        <ele>443.86260700000003</ele>
        <time>2026-08-09T13:52:46Z</time>
      </trkpt>
      <trkpt lat="46.062359036877751" lon="10.921469964087009">
        <ele>445.16240499999998</ele>
        <time>2026-08-09T13:52:51Z</time>
      </trkpt>
      <trkpt lat="46.062788525596261" lon="10.92066865414381">
        <ele>442.1328125</ele>
      </trkpt>
      <trkpt lat="46.063307030126452" lon="10.91897601261735">
        <ele>441.99355100000002</ele>
        <time>2026-08-09T13:53:41Z</time>
      </trkpt>
      <trkpt lat="46.063464023172855" lon="10.918383998796344">
        <ele>442.534764</ele>
        <time>2026-08-09T13:53:49Z</time>
      </trkpt>
      <trkpt lat="46.063447007909417" lon="10.918231029063463">
        <ele>442.66708399999999</ele>
        <time>2026-08-09T13:53:51Z</time>
      </trkpt>
      <trkpt lat="46.063372995704412" lon="10.918083004653454">
        <ele>442.82286599999998</ele>
        <time>2026-08-09T13:53:53Z</time>
      </trkpt>
      <trkpt lat="46.063096979632974" lon="10.917788967490196">
        <ele>443.24526100000003</ele>
        <time>2026-08-09T13:54:00Z</time>
      </trkpt>
      <trkpt lat="46.060843002051115" lon="10.915569020435214">
        <ele>454.323263</ele>
        <time>2026-08-09T13:56:01Z</time>
      </trkpt>
      <trkpt lat="46.060701012611389" lon="10.915412027388811">
        <ele>454.48398100000003</ele>
        <time>2026-08-09T13:56:03Z</time>
      </trkpt>
      <trkpt lat="46.060590958222747" lon="10.915226032957435">
        <ele>454.63626199999999</ele>
        <time>2026-08-09T13:56:06Z</time>
      </trkpt>
      <trkpt lat="46.060557011514902" lon="10.91513198800385">
        <ele>454.702314</ele>
        <time>2026-08-09T13:56:07Z</time>
      </trkpt>
      <trkpt lat="46.060562040656805" lon="10.914905006065965">
        <ele>454.84383200000002</ele>
        <time>2026-08-09T13:56:09Z</time>
      </trkpt>
      <trkpt lat="46.06096001341939" lon="10.914422040805221">
        <ele>455.31106999999997</ele>
        <time>2026-08-09T13:56:18Z</time>
      </trkpt>
      <trkpt lat="46.061012987047434" lon="10.914301006123424">
        <ele>455.40023100000002</ele>
        <time>2026-08-09T13:56:19Z</time>
      </trkpt>
      <trkpt lat="46.060949033126235" lon="10.914144013077021">
        <ele>454.64765599999998</ele>
        <time>2026-08-09T13:56:20Z</time>
      </trkpt>
      <trkpt lat="46.060538990423083" lon="10.913647972047329">
        <ele>451.22937400000001</ele>
        <time>2026-08-09T13:56:27Z</time>
      </trkpt>
      <trkpt lat="46.060472019016743" lon="10.913513023406267">
        <ele>450.49393600000002</ele>
        <time>2026-08-09T13:56:28Z</time>
      </trkpt>
      <trkpt lat="46.060412004590034" lon="10.913267014548182">
        <ele>449.33853800000003</ele>
        <time>2026-08-09T13:56:30Z</time>
      </trkpt>
      <trkpt lat="46.060419967398047" lon="10.913096023723483">
        <ele>448.57911799999999</ele>
        <time>2026-08-09T13:56:31Z</time>
      </trkpt>
      <trkpt lat="46.060602022334933" lon="10.912442989647388">
        <ele>445.461005</ele>
        <time>2026-08-09T13:56:36Z</time>
      </trkpt>
      <trkpt lat="46.060575032606721" lon="10.912294965237379">
        <ele>444.78293400000001</ele>
        <time>2026-08-09T13:56:38Z</time>
      </trkpt>
      <trkpt lat="46.060372022911906" lon="10.912021966651082">
        <ele>443.55580700000002</ele>
        <time>2026-08-09T13:56:40Z</time>
      </trkpt>
      <trkpt lat="46.059741033241153" lon="10.911419978365302">
        <ele>441.61751400000003</ele>
        <time>2026-08-09T13:56:49Z</time>
      </trkpt>
      <trkpt lat="46.059572976082563" lon="10.911195008084178">
        <ele>441.03007100000002</ele>
        <time>2026-08-09T13:56:52Z</time>
      </trkpt>
      <trkpt lat="46.059215990826488" lon="10.910939024761319">
        <ele>440.008715</ele>
        <time>2026-08-09T13:57:04Z</time>
      </trkpt>
      <trkpt lat="46.057991981506348" lon="10.909854993224144">
        <ele>442.37335400000001</ele>
        <time>2026-08-09T13:58:03Z</time>
      </trkpt>
      <trkpt lat="46.057850997895002" lon="10.909531032666564">
        <ele>443.06981100000002</ele>
        <time>2026-08-09T13:58:08Z</time>
      </trkpt>
      <trkpt lat="46.057565007358789" lon="10.908728968352079">
        <ele>443.73039599999998</ele>
        <time>2026-08-09T13:58:17Z</time>
      </trkpt>
      <trkpt lat="46.057083969935775" lon="10.908141983672976">
        <ele>442.98739599999999</ele>
        <time>2026-08-09T13:58:24Z</time>
      </trkpt>
      <trkpt lat="46.05649103410542" lon="10.907508982345462">
        <ele>442.117481</ele>
        <time>2026-08-09T13:58:35Z</time>
      </trkpt>
      <trkpt lat="46.056463960558176" lon="10.907566985115409">
        <ele>442.06035000000003</ele>
        <time>2026-08-09T13:58:37Z</time>
      </trkpt>
      <trkpt lat="46.055312035605311" lon="10.906282039359212">
        <ele>445.38668699999999</ele>
        <time>2026-08-09T13:59:25Z</time>
      </trkpt>
      <trkpt lat="46.055126963183284" lon="10.90606402605772">
        <ele>446.00920600000001</ele>
        <time>2026-08-09T13:59:31Z</time>
      </trkpt>
      <trkpt lat="46.054294975474477" lon="10.904853008687496">
        <ele>447.80413299999998</ele>
        <time>2026-08-09T14:00:00Z</time>
      </trkpt>
      <trkpt lat="46.054082997143269" lon="10.904587972909212">
        <ele>448.15776199999999</ele>
        <time>2026-08-09T14:00:05Z</time>
      </trkpt>
      <trkpt lat="46.052617002278566" lon="10.902966996654868">
        <ele>449.98659500000002</ele>
        <time>2026-08-09T14:00:45Z</time>
      </trkpt>
      <trkpt lat="46.052208971232176" lon="10.902549996972084">
        <ele>450.42253699999998</ele>
        <time>2026-08-09T14:00:55Z</time>
      </trkpt>
      <trkpt lat="46.052019959315658" lon="10.902403984218836">
        <ele>450.701888</ele>
        <time>2026-08-09T14:01:00Z</time>
      </trkpt>
      <trkpt lat="46.051850980147719" lon="10.902332989498973">
        <ele>450.93595299999998</ele>
        <time>2026-08-09T14:01:03Z</time>
      </trkpt>
      <trkpt lat="46.051530037075281" lon="10.902292001992464">
        <ele>451.36443800000001</ele>
        <time>2026-08-09T14:01:08Z</time>
      </trkpt>
      <trkpt lat="46.051030978560448" lon="10.902161998674273">
        <ele>452.038681</ele>
        <time>2026-08-09T14:01:20Z</time>
      </trkpt>
      <trkpt lat="46.050839032977819" lon="10.902017997577786">
        <ele>452.32648399999999</ele>
        <time>2026-08-09T14:01:26Z</time>
      </trkpt>
      <trkpt lat="46.050471989437938" lon="10.901570990681648">
        <ele>453.07809300000002</ele>
        <time>2026-08-09T14:01:40Z</time>
      </trkpt>
      <trkpt lat="46.050061024725437" lon="10.901148961856961">
        <ele>454.28766999999999</ele>
        <time>2026-08-09T14:01:52Z</time>
      </trkpt>
      <trkpt lat="46.048438958823681" lon="10.899761002510786">
        <ele>457.73252000000002</ele>
        <time>2026-08-09T14:02:47Z</time>
      </trkpt>
      <trkpt lat="46.047873012721539" lon="10.899356994777918">
        <ele>458.27230900000001</ele>
        <time>2026-08-09T14:03:02Z</time>
      </trkpt>
      <trkpt lat="46.047887010499835" lon="10.899323970079422">
        <ele>458.29524900000001</ele>
        <time>2026-08-09T14:03:02Z</time>
      </trkpt>
      <trkpt lat="46.046794010326266" lon="10.898083029314876">
        <ele>456.45123799999999</ele>
        <time>2026-08-09T14:03:21Z</time>
      </trkpt>
      <trkpt lat="46.046684039756656" lon="10.897872978821397">
        <ele>456.023976</ele>
        <time>2026-08-09T14:03:23Z</time>
      </trkpt>
      <trkpt lat="46.046500978991389" lon="10.897376015782356">
        <ele>455.110299</ele>
        <time>2026-08-09T14:03:28Z</time>
      </trkpt>
      <trkpt lat="46.046097977086902" lon="10.896712001413107">
        <ele>454.50754499999999</ele>
        <time>2026-08-09T14:03:36Z</time>
      </trkpt>
      <trkpt lat="46.045544017106295" lon="10.896081011742353">
        <ele>454.59793999999999</ele>
        <time>2026-08-09T14:03:54Z</time>
      </trkpt>
      <trkpt lat="46.04540697298944" lon="10.895909015089273">
        <ele>454.62119999999999</ele>
        <time>2026-08-09T14:04:01Z</time>
      </trkpt>
      <trkpt lat="46.045297002419829" lon="10.895711034536362">
        <ele>454.643731</ele>
        <time>2026-08-09T14:04:07Z</time>
      </trkpt>
      <trkpt lat="46.045201029628515" lon="10.895381039008498">
        <ele>454.675521</ele>
        <time>2026-08-09T14:04:14Z</time>
      </trkpt>
      <trkpt lat="46.045174961909652" lon="10.89489103294909">
        <ele>452.34267899999998</ele>
        <time>2026-08-09T14:04:19Z</time>
      </trkpt>
      <trkpt lat="46.045208992436528" lon="10.894579980522394">
        <ele>449.65141299999999</ele>
        <time>2026-08-09T14:04:21Z</time>
      </trkpt>
      <trkpt lat="46.045299014076591" lon="10.894294995814562">
        <ele>446.97488199999998</ele>
        <time>2026-08-09T14:04:24Z</time>
      </trkpt>
      <trkpt lat="46.045400016009808" lon="10.894127022475004">
        <ele>445.07498399999997</ele>
        <time>2026-08-09T14:04:25Z</time>
      </trkpt>
      <trkpt lat="46.045475034043193" lon="10.893999030813575">
        <ele>443.64307000000002</ele>
        <time>2026-08-09T14:04:26Z</time>
      </trkpt>
      <trkpt lat="46.045452989637852" lon="10.893926024436951">
        <ele>442.96277099999998</ele>
        <time>2026-08-09T14:04:27Z</time>
      </trkpt>
      <trkpt lat="46.045517027378082" lon="10.893846983090043">
        <ele>441.92484000000002</ele>
        <time>2026-08-09T14:04:28Z</time>
      </trkpt>
      <trkpt lat="46.045613000169396" lon="10.89379602111876">
        <ele>440.66471899999999</ele>
        <time>2026-08-09T14:04:29Z</time>
      </trkpt>
      <trkpt lat="46.045807041227818" lon="10.893764002248645">
        <ele>438.25986899999998</ele>
        <time>2026-08-09T14:04:31Z</time>
      </trkpt>
      <trkpt lat="46.045925980433822" lon="10.893778000026941">
        <ele>436.789424</ele>
        <time>2026-08-09T14:04:32Z</time>
      </trkpt>
      <trkpt lat="46.046186992898583" lon="10.893778000026941">
        <ele>433.57503100000002</ele>
        <time>2026-08-09T14:04:34Z</time>
      </trkpt>
      <trkpt lat="46.04633099399507" lon="10.893780011683702">
        <ele>432.610007</ele>
        <time>2026-08-09T14:04:36Z</time>
      </trkpt>
      <trkpt lat="46.046902975067496" lon="10.893788980320096">
        <ele>433.244438</ele>
        <time>2026-08-09T14:04:42Z</time>
      </trkpt>
      <trkpt lat="46.046987967565656" lon="10.893783029168844">
        <ele>433.33882199999999</ele>
        <time>2026-08-09T14:04:43Z</time>
      </trkpt>
      <trkpt lat="46.047023003920913" lon="10.893745981156826">
        <ele>433.38696800000002</ele>
        <time>2026-08-09T14:04:43Z</time>
      </trkpt>
      <trkpt lat="46.047055022791028" lon="10.892328014597297">
        <ele>434.479086</ele>
        <time>2026-08-09T14:05:46Z</time>
      </trkpt>
      <trkpt lat="46.046758973971009" lon="10.891120014712214">
        <ele>441.605164</ele>
        <time>2026-08-09T14:07:00Z</time>
      </trkpt>
      <trkpt lat="46.046657972037792" lon="10.890923039987683">
        <ele>443.04219399999999</ele>
        <time>2026-08-09T14:07:09Z</time>
      </trkpt>
      <trkpt lat="46.046367958188057" lon="10.890605030581355">
        <ele>446.12301100000002</ele>
        <time>2026-08-09T14:07:24Z</time>
      </trkpt>
      <trkpt lat="46.046281037852168" lon="10.890533030033112">
        <ele>446.97117100000003</ele>
        <time>2026-08-09T14:07:27Z</time>
      </trkpt>
      <trkpt lat="46.045907959342003" lon="10.890460023656487">
        <ele>449.92378300000001</ele>
        <time>2026-08-09T14:07:37Z</time>
      </trkpt>
      <trkpt lat="46.045763958245516" lon="10.890356004238129">
        <ele>450.523618</ele>
        <time>2026-08-09T14:07:40Z</time>
      </trkpt>
      <trkpt lat="46.045588022097945" lon="10.890148971229792">
        <ele>451.369665</ele>
        <time>2026-08-09T14:07:45Z</time>
      </trkpt>
      <trkpt lat="46.045505963265896" lon="10.88997202925384">
        <ele>451.91969699999999</ele>
        <time>2026-08-09T14:07:48Z</time>
      </trkpt>
      <trkpt lat="46.045472016558051" lon="10.889630969613791">
        <ele>452.81011699999999</ele>
        <time>2026-08-09T14:07:55Z</time>
      </trkpt>
      <trkpt lat="46.045487020164728" lon="10.888625979423523">
        <ele>455.40831100000003</ele>
        <time>2026-08-09T14:08:24Z</time>
      </trkpt>
      <trkpt lat="46.045488025993109" lon="10.888584991917014">
        <ele>455.51434699999999</ele>
        <time>2026-08-09T14:08:26Z</time>
      </trkpt>
      <trkpt lat="46.045471010729671" lon="10.887580001726747">
        <ele>458.21187900000001</ele>
        <time>2026-08-09T14:08:53Z</time>
      </trkpt>
      <trkpt lat="46.045488025993109" lon="10.888584991917014">
        <ele>460.96437200000003</ele>
        <time>2026-08-09T14:09:16Z</time>
      </trkpt>
      <trkpt lat="46.045487020164728" lon="10.888625979423523">
        <ele>461.07669900000002</ele>
        <time>2026-08-09T14:09:17Z</time>
      </trkpt>
      <trkpt lat="46.045488025993109" lon="10.888584991917014">
        <ele>461.18902600000001</ele>
        <time>2026-08-09T14:09:18Z</time>
      </trkpt>
      <trkpt lat="46.045471010729671" lon="10.887580001726747">
        <ele>464.19856800000002</ele>
        <time>2026-08-09T14:09:37Z</time>
      </trkpt>
      <trkpt lat="46.045468999072909" lon="10.887481011450291">
        <ele>464.64167099999997</ele>
        <time>2026-08-09T14:09:40Z</time>
      </trkpt>
      <trkpt lat="46.044969018548727" lon="10.885701030492783">
        <ele>473.232662</ele>
        <time>2026-08-09T14:10:43Z</time>
      </trkpt>
      <trkpt lat="46.045104973018169" lon="10.885875038802624">
        <ele>474.40503699999999</ele>
        <time>2026-08-09T14:10:53Z</time>
      </trkpt>
      <trkpt lat="46.045346958562732" lon="10.886345012113452">
        <ele>479.09634299999999</ele>
        <time>2026-08-09T14:11:16Z</time>
      </trkpt>
      <trkpt lat="46.045552985742688" lon="10.886868964880705">
        <ele>484.740385</ele>
        <time>2026-08-09T14:11:45Z</time>
      </trkpt>
      <trkpt lat="46.04572799988091" lon="10.887152021750808">
        <ele>488.29263800000001</ele>
        <time>2026-08-09T14:12:06Z</time>
      </trkpt>
      <trkpt lat="46.045905025675893" lon="10.887681003659964">
        <ele>493.79647699999998</ele>
        <time>2026-08-09T14:12:42Z</time>
      </trkpt>
      <trkpt lat="46.046209959313273" lon="10.888195987790823">
        <ele>500.24169499999999</ele>
        <time>2026-08-09T14:13:31Z</time>
      </trkpt>
      <trkpt lat="46.046514976769686" lon="10.888498993590474">
        <ele>505.93685599999998</ele>
        <time>2026-08-09T14:14:12Z</time>
      </trkpt>
      <trkpt lat="46.046683033928275" lon="10.888614999130368">
        <ele>508.80069500000002</ele>
        <time>2026-08-09T14:14:33Z</time>
      </trkpt>
      <trkpt lat="46.046756962314248" lon="10.888613993301988">
        <ele>509.938311</ele>
        <time>2026-08-09T14:14:41Z</time>
      </trkpt>
      <trkpt lat="46.046848995611072" lon="10.888498993590474">
        <ele>511.81066299999998</ele>
        <time>2026-08-09T14:14:54Z</time>
      </trkpt>
      <trkpt lat="46.046885959804058" lon="10.888233035802841">
        <ele>514.70520799999997</ele>
        <time>2026-08-09T14:15:14Z</time>
      </trkpt>
      <trkpt lat="46.046901969239116" lon="10.888170003890991">
        <ele>515.42097899999999</ele>
        <time>2026-08-09T14:15:19Z</time>
      </trkpt>
      <trkpt lat="46.046853018924594" lon="10.888070007786155">
        <ele>516.72703799999999</ele>
        <time>2026-08-09T14:15:26Z</time>
      </trkpt>
      <trkpt lat="46.046885959804058" lon="10.888035977259278">
        <ele>517.35069299999998</ele>
        <time>2026-08-09T14:15:31Z</time>
      </trkpt>
      <trkpt lat="46.046894006431103" lon="10.887994989752769">
        <ele>517.80510400000003</ele>
        <time>2026-08-09T14:15:34Z</time>
      </trkpt>
      <trkpt lat="46.046982016414404" lon="10.887593999505043">
        <ele>522.292373</ele>
        <time>2026-08-09T14:15:58Z</time>
      </trkpt>
      <trkpt lat="46.047111013904214" lon="10.887396018952131">
        <ele>525.18986600000005</ele>
        <time>2026-08-09T14:16:10Z</time>
      </trkpt>
      <trkpt lat="46.047204975038767" lon="10.887314965948462">
        <ele>526.87360200000001</ele>
        <time>2026-08-09T14:16:17Z</time>
      </trkpt>
      <trkpt lat="46.047089975327253" lon="10.887009026482701">
        <ele>527.88941899999998</ele>
        <time>2026-08-09T14:16:27Z</time>
      </trkpt>
      <trkpt lat="46.046997020021081" lon="10.886579034850001">
        <ele>529.01334799999995</ele>
        <time>2026-08-09T14:16:40Z</time>
      </trkpt>
      <trkpt lat="46.046982016414404" lon="10.886330008506775">
        <ele>529.63704900000005</ele>
        <time>2026-08-09T14:16:46Z</time>
      </trkpt>
      <trkpt lat="46.046967012807727" lon="10.886238981038332">
        <ele>529.87045000000001</ele>
        <time>2026-08-09T14:16:48Z</time>
      </trkpt>
      <trkpt lat="46.046930970624089" lon="10.884848004207015">
        <ele>533.34402399999999</ele>
        <time>2026-08-09T14:17:09Z</time>
      </trkpt>
      <trkpt lat="46.046721003949642" lon="10.88305402547121">
        <ele>537.43450600000006</ele>
        <time>2026-08-09T14:17:42Z</time>
      </trkpt>
      <trkpt lat="46.046686973422766" lon="10.882710032165051">
        <ele>538.21201199999996</ele>
        <time>2026-08-09T14:17:50Z</time>
      </trkpt>
      <trkpt lat="46.046727038919926" lon="10.882021961733699">
        <ele>540.562366</ele>
        <time>2026-08-09T14:18:11Z</time>
      </trkpt>
      <trkpt lat="46.046762997284532" lon="10.881815012544394">
        <ele>541.94412299999999</ele>
        <time>2026-08-09T14:18:18Z</time>
      </trkpt>
      <trkpt lat="46.046848995611072" lon="10.881445035338402">
        <ele>544.47063100000003</ele>
        <time>2026-08-09T14:18:33Z</time>
      </trkpt>
      <trkpt lat="46.047101961448789" lon="10.880573987960815">
        <ele>550.58428200000003</ele>
        <time>2026-08-09T14:19:15Z</time>
      </trkpt>
      <trkpt lat="46.047162981703877" lon="10.8802829682827">
        <ele>552.552547</ele>
        <time>2026-08-09T14:19:30Z</time>
      </trkpt>
      <trkpt lat="46.047264989465475" lon="10.879725990816951">
        <ele>556.33277599999997</ele>
        <time>2026-08-09T14:20:00Z</time>
      </trkpt>
      <trkpt lat="46.047417037189007" lon="10.879158033058047">
        <ele>561.43030299999998</ele>
        <time>2026-08-09T14:20:31Z</time>
      </trkpt>
      <trkpt lat="46.047478979453444" lon="10.878351023420691">
        <ele>568.22910999999999</ele>
        <time>2026-08-09T14:21:14Z</time>
      </trkpt>
      <trkpt lat="46.047587022185326" lon="10.87774601764977">
        <ele>573.46004100000005</ele>
        <time>2026-08-09T14:21:47Z</time>
      </trkpt>
      <trkpt lat="46.047825990244746" lon="10.877265986055136">
        <ele>578.30156199999999</ele>
        <time>2026-08-09T14:22:17Z</time>
      </trkpt>
      <trkpt lat="46.047830013558269" lon="10.877137994393706">
        <ele>579.18507399999999</ele>
        <time>2026-08-09T14:22:24Z</time>
      </trkpt>
      <trkpt lat="46.047782991081476" lon="10.876971026882529">
        <ele>580.42768599999999</ele>
        <time>2026-08-09T14:22:33Z</time>
      </trkpt>
      <trkpt lat="46.047668997198343" lon="10.876574981957674">
        <ele>583.38386000000003</ele>
        <time>2026-08-09T14:22:53Z</time>
      </trkpt>
      <trkpt lat="46.047691041603684" lon="10.87643601000309">
        <ele>584.36693600000001</ele>
        <time>2026-08-09T14:22:59Z</time>
      </trkpt>
      <trkpt lat="46.04774703271687" lon="10.876330984756351">
        <ele>585.280034</ele>
        <time>2026-08-09T14:23:05Z</time>
      </trkpt>
      <trkpt lat="46.047976026311517" lon="10.875746011734009">
        <ele>589.91123100000004</ele>
        <time>2026-08-09T14:23:35Z</time>
      </trkpt>
      <trkpt lat="46.048074010759592" lon="10.875229015946388">
        <ele>593.60673299999996</ele>
        <time>2026-08-09T14:23:56Z</time>
      </trkpt>
      <trkpt lat="46.048122961074114" lon="10.874533988535404">
        <ele>597.31268899999998</ele>
        <time>2026-08-09T14:24:21Z</time>
      </trkpt>
      <trkpt lat="46.048140982165933" lon="10.874509010463953">
        <ele>597.46047299999998</ele>
        <time>2026-08-09T14:24:22Z</time>
      </trkpt>
      <trkpt lat="46.04817601852119" lon="10.874515967443585">
        <ele>597.66934400000002</ele>
        <time>2026-08-09T14:24:24Z</time>
      </trkpt>
      <trkpt lat="46.04819898493588" lon="10.874356040731072">
        <ele>598.33968900000002</ele>
        <time>2026-08-09T14:24:29Z</time>
      </trkpt>
      <trkpt lat="46.04822002351284" lon="10.874260989949107">
        <ele>598.74872500000004</ele>
        <time>2026-08-09T14:24:33Z</time>
      </trkpt>
      <trkpt lat="46.048227986320853" lon="10.874231988564134">
        <ele>598.87675300000001</ele>
        <time>2026-08-09T14:24:34Z</time>
      </trkpt>
      <trkpt lat="46.048266040161252" lon="10.873961001634598">
        <ele>600.01101600000004</ele>
        <time>2026-08-09T14:24:42Z</time>
      </trkpt>
      <trkpt lat="46.048261011019349" lon="10.873794034123421">
        <ele>600.69678499999998</ele>
        <time>2026-08-09T14:24:47Z</time>
      </trkpt>
      <trkpt lat="46.048175012692809" lon="10.873454986140132">
        <ele>602.17755399999999</ele>
        <time>2026-08-09T14:24:57Z</time>
      </trkpt>
      <trkpt lat="46.048138970509171" lon="10.873317020013928">
        <ele>602.78238199999998</ele>
        <time>2026-08-09T14:25:01Z</time>
      </trkpt>
      <trkpt lat="46.048124972730875" lon="10.873263962566853">
        <ele>603.01503500000001</ele>
        <time>2026-08-09T14:25:03Z</time>
      </trkpt>
      <trkpt lat="46.048066969960928" lon="10.87293203920126">
        <ele>604.41958099999999</ele>
        <time>2026-08-09T14:25:12Z</time>
      </trkpt>
      <trkpt lat="46.048061018809676" lon="10.87289297953248">
        <ele>604.58346600000004</ele>
        <time>2026-08-09T14:25:13Z</time>
      </trkpt>
      <trkpt lat="46.048028999939561" lon="10.872678989544511">
        <ele>605.48156700000004</ele>
        <time>2026-08-09T14:25:19Z</time>
      </trkpt>
      <trkpt lat="46.047987006604671" lon="10.872346982359886">
        <ele>606.92551600000002</ele>
        <time>2026-08-09T14:25:27Z</time>
      </trkpt>
      <trkpt lat="46.048013996332884" lon="10.871563022956252">
        <ele>610.49173399999995</ele>
        <time>2026-08-09T14:25:48Z</time>
      </trkpt>
      <trkpt lat="46.048010978847742" lon="10.871370993554592">
        <ele>611.36424099999999</ele>
        <time>2026-08-09T14:25:54Z</time>
      </trkpt>
      <trkpt lat="46.048037968575954" lon="10.871317014098167">
        <ele>611.66660300000001</ele>
        <time>2026-08-09T14:25:56Z</time>
      </trkpt>
      <trkpt lat="46.048039980232716" lon="10.871115010231733">
        <ele>612.58441400000004</ele>
        <time>2026-08-09T14:26:03Z</time>
      </trkpt>
      <trkpt lat="46.048006033524871" lon="10.870757019147277">
        <ele>614.22601999999995</ele>
        <time>2026-08-09T14:26:15Z</time>
      </trkpt>
      <trkpt lat="46.047947024926543" lon="10.870482008904219">
        <ele>615.53371800000002</ele>
        <time>2026-08-09T14:26:26Z</time>
      </trkpt>
      <trkpt lat="46.047853985801339" lon="10.870181014761329">
        <ele>617.03058999999996</ele>
        <time>2026-08-09T14:26:39Z</time>
      </trkpt>
      <trkpt lat="46.047801012173295" lon="10.870010023936629">
        <ele>617.88141700000006</ele>
        <time>2026-08-09T14:26:46Z</time>
      </trkpt>
      <trkpt lat="46.047543017193675" lon="10.869490010663867">
        <ele>620.46329000000003</ele>
        <time>2026-08-09T14:27:11Z</time>
      </trkpt>
      <trkpt lat="46.047391975298524" lon="10.869093965739012">
        <ele>622.27105700000004</ele>
        <time>2026-08-09T14:27:33Z</time>
      </trkpt>
      <trkpt lat="46.047294996678829" lon="10.86868098936975">
        <ele>624.01552400000003</ele>
        <time>2026-08-09T14:27:53Z</time>
      </trkpt>
      <trkpt lat="46.047282004728913" lon="10.868419976904988">
        <ele>625.06247699999994</ele>
        <time>2026-08-09T14:28:03Z</time>
      </trkpt>
      <trkpt lat="46.047299019992352" lon="10.868009012192488">
        <ele>626.70981500000005</ele>
        <time>2026-08-09T14:28:18Z</time>
      </trkpt>
      <trkpt lat="46.047342019155622" lon="10.867583965882659">
        <ele>628.42822100000001</ele>
        <time>2026-08-09T14:28:30Z</time>
      </trkpt>
      <trkpt lat="46.047428017482162" lon="10.867338040843606">
        <ele>628.13099999999997</ele>
        <time>2026-08-09T14:28:36Z</time>
      </trkpt>
      <trkpt lat="46.047820961102843" lon="10.866609988734126">
        <ele>627.02093100000002</ele>
        <time>2026-08-09T14:28:54Z</time>
      </trkpt>
      <trkpt lat="46.047966973856091" lon="10.866181002929807">
        <ele>626.44585099999995</ele>
        <time>2026-08-09T14:29:03Z</time>
      </trkpt>
      <trkpt lat="46.04813695885241" lon="10.86588797159493">
        <ele>625.98620200000005</ele>
        <time>2026-08-09T14:29:09Z</time>
      </trkpt>
      <trkpt lat="46.048248019069433" lon="10.865757968276739">
        <ele>625.73813900000005</ele>
        <time>2026-08-09T14:29:13Z</time>
      </trkpt>
      <trkpt lat="46.04832798242569" lon="10.865618996322155">
        <ele>625.52080100000001</ele>
        <time>2026-08-09T14:29:15Z</time>
      </trkpt>
      <trkpt lat="46.048381961882114" lon="10.865410035476089">
        <ele>625.19291299999998</ele>
        <time>2026-08-09T14:29:17Z</time>
      </trkpt>
      <trkpt lat="46.048381039872766" lon="10.865109041333199">
        <ele>624.57128</ele>
        <time>2026-08-09T14:29:19Z</time>
      </trkpt>
      <trkpt lat="46.048226980492473" lon="10.864238999783993">
        <ele>622.717038</ele>
        <time>2026-08-09T14:29:27Z</time>
      </trkpt>
      <trkpt lat="46.04824298992753" lon="10.863960972055793">
        <ele>622.14094</ele>
        <time>2026-08-09T14:29:30Z</time>
      </trkpt>
      <trkpt lat="46.048369975760579" lon="10.8633319940418">
        <ele>620.78807500000005</ele>
        <time>2026-08-09T14:29:35Z</time>
      </trkpt>
      <trkpt lat="46.048568040132523" lon="10.86236204020679">
        <ele>619.19027500000004</ele>
        <time>2026-08-09T14:29:45Z</time>
      </trkpt>
      <trkpt lat="46.048681028187275" lon="10.861685033887625">
        <ele>618.30159100000003</ele>
        <time>2026-08-09T14:29:51Z</time>
      </trkpt>
      <trkpt lat="46.048784041777253" lon="10.861301980912685">
        <ele>617.77736000000004</ele>
        <time>2026-08-09T14:29:55Z</time>
      </trkpt>
      <trkpt lat="46.04892997071147" lon="10.86086000315845">
        <ele>617.15261199999998</ele>
        <time>2026-08-09T14:30:00Z</time>
      </trkpt>
      <trkpt lat="46.048927959054708" lon="10.860759001225233">
        <ele>617.02365499999996</ele>
        <time>2026-08-09T14:30:01Z</time>
      </trkpt>
      <trkpt lat="46.049039019271731" lon="10.860360022634268">
        <ele>616.83852999999999</ele>
        <time>2026-08-09T14:30:05Z</time>
      </trkpt>
      <trkpt lat="46.049089981243014" lon="10.859952997416258">
        <ele>617.26580100000001</ele>
        <time>2026-08-09T14:30:10Z</time>
      </trkpt>
      <trkpt lat="46.049204980954528" lon="10.85913903079927">
        <ele>618.12399100000005</ele>
        <time>2026-08-09T14:30:23Z</time>
      </trkpt>
      <trkpt lat="46.049363985657692" lon="10.858590016141534">
        <ele>618.738563</ele>
        <time>2026-08-09T14:30:34Z</time>
      </trkpt>
      <trkpt lat="46.049473034217954" lon="10.858245017006993">
        <ele>619.13017400000001</ele>
        <time>2026-08-09T14:30:42Z</time>
      </trkpt>
      <trkpt lat="46.049525002017617" lon="10.857879985123873">
        <ele>620.101584</ele>
        <time>2026-08-09T14:30:50Z</time>
      </trkpt>
      <trkpt lat="46.049603959545493" lon="10.857311021536589">
        <ele>622.87312999999995</ele>
        <time>2026-08-09T14:31:05Z</time>
      </trkpt>
      <trkpt lat="46.049661040306091" lon="10.857049003243446">
        <ele>624.18455300000005</ele>
        <time>2026-08-09T14:31:13Z</time>
      </trkpt>
      <trkpt lat="46.049713008105755" lon="10.856916988268495">
        <ele>624.90950199999997</ele>
        <time>2026-08-09T14:31:18Z</time>
      </trkpt>
      <trkpt lat="46.049741003662348" lon="10.856940960511565">
        <ele>625.13371299999994</ele>
        <time>2026-08-09T14:31:20Z</time>
      </trkpt>
      <trkpt lat="46.050049960613251" lon="10.856429999694228">
        <ele>628.37081599999999</ele>
        <time>2026-08-09T14:31:45Z</time>
      </trkpt>
      <trkpt lat="46.050355983898044" lon="10.855881990864873">
        <ele>631.73016800000005</ele>
        <time>2026-08-09T14:32:13Z</time>
      </trkpt>
      <trkpt lat="46.050389008596539" lon="10.855822982266545">
        <ele>632.26976500000001</ele>
        <time>2026-08-09T14:32:16Z</time>
      </trkpt>
      <trkpt lat="46.050621019676328" lon="10.855378992855549">
        <ele>636.23152300000004</ele>
        <time>2026-08-09T14:32:43Z</time>
      </trkpt>
      <trkpt lat="46.050686985254288" lon="10.855245972052217">
        <ele>637.39702199999999</ele>
        <time>2026-08-09T14:32:51Z</time>
      </trkpt>
      <trkpt lat="46.050742976367474" lon="10.855103982612491">
        <ele>638.56125799999995</ele>
        <time>2026-08-09T14:32:59Z</time>
      </trkpt>
      <trkpt lat="46.05094900354743" lon="10.854740962386131">
        <ele>641.90378499999997</ele>
        <time>2026-08-09T14:33:21Z</time>
      </trkpt>
      <trkpt lat="46.051004994660616" lon="10.854697041213512">
        <ele>642.55892700000004</ele>
        <time>2026-08-09T14:33:25Z</time>
      </trkpt>
      <trkpt lat="46.051047993823886" lon="10.854665022343397">
        <ele>643.05601300000001</ele>
        <time>2026-08-09T14:33:28Z</time>
      </trkpt>
      <trkpt lat="46.051245974376798" lon="10.854440974071622">
        <ele>645.64163900000005</ele>
        <time>2026-08-09T14:33:45Z</time>
      </trkpt>
      <trkpt lat="46.051407996565104" lon="10.85430501960218">
        <ele>647.56737799999996</ele>
        <time>2026-08-09T14:33:56Z</time>
      </trkpt>
      <trkpt lat="46.051410008221865" lon="10.854240981861949">
        <ele>648.02405099999999</ele>
        <time>2026-08-09T14:33:59Z</time>
      </trkpt>
      <trkpt lat="46.051370026543736" lon="10.853923978284001">
        <ele>650.22670500000004</ele>
        <time>2026-08-09T14:34:12Z</time>
      </trkpt>
      <trkpt lat="46.051287967711687" lon="10.853656008839607">
        <ele>650.61227599999995</ele>
        <time>2026-08-09T14:34:25Z</time>
      </trkpt>
      <trkpt lat="46.051308000460267" lon="10.853589959442616">
        <ele>650.70708200000001</ele>
        <time>2026-08-09T14:34:28Z</time>
      </trkpt>
      <trkpt lat="46.051347982138395" lon="10.853573027998209">
        <ele>650.78618800000004</ele>
        <time>2026-08-09T14:34:30Z</time>
      </trkpt>
      <trkpt lat="46.051600025966763" lon="10.853687021881342">
        <ele>651.28719899999999</ele>
        <time>2026-08-09T14:34:44Z</time>
      </trkpt>
      <trkpt lat="46.051757019013166" lon="10.853807972744107">
        <ele>651.62492699999996</ele>
        <time>2026-08-09T14:34:51Z</time>
      </trkpt>
      <trkpt lat="46.051817033439875" lon="10.853848038241267">
        <ele>651.75032899999997</ele>
        <time>2026-08-09T14:34:53Z</time>
      </trkpt>
      <trkpt lat="46.051945025101304" lon="10.853939987719059">
        <ele>652.02165600000001</ele>
        <time>2026-08-09T14:34:57Z</time>
      </trkpt>
      <trkpt lat="46.051989030092955" lon="10.853912997990847">
        <ele>652.11237100000005</ele>
        <time>2026-08-09T14:34:59Z</time>
      </trkpt>
      <trkpt lat="46.052134959027171" lon="10.854056999087334">
        <ele>652.44797500000004</ele>
        <time>2026-08-09T14:35:04Z</time>
      </trkpt>
      <trkpt lat="46.052234033122659" lon="10.853992961347103">
        <ele>652.65379700000005</ele>
        <time>2026-08-09T14:35:07Z</time>
      </trkpt>
      <trkpt lat="46.052407035604119" lon="10.853816019371152">
        <ele>653.05626099999995</ele>
        <time>2026-08-09T14:35:11Z</time>
      </trkpt>
      <trkpt lat="46.053280010819435" lon="10.852726036682725">
        <ele>647.12247300000001</ele>
        <time>2026-08-09T14:35:28Z</time>
      </trkpt>
      <trkpt lat="46.053360980004072" lon="10.852567031979561">
        <ele>646.08807400000001</ele>
        <time>2026-08-09T14:35:30Z</time>
      </trkpt>
      <trkpt lat="46.053442033007741" lon="10.852304007858038">
        <ele>644.57908699999996</ele>
        <time>2026-08-09T14:35:33Z</time>
      </trkpt>
      <trkpt lat="46.053535994142294" lon="10.851805033162236">
        <ele>641.86746500000004</ele>
        <time>2026-08-09T14:35:39Z</time>
      </trkpt>
      <trkpt lat="46.053650993853807" lon="10.851605040952563">
        <ele>640.50535500000001</ele>
        <time>2026-08-09T14:35:42Z</time>
      </trkpt>
      <trkpt lat="46.054736031219363" lon="10.851034987717867">
        <ele>639.250045</ele>
        <time>2026-08-09T14:36:02Z</time>
      </trkpt>
      <trkpt lat="46.054782969877124" lon="10.851001041010022">
        <ele>639.21269500000005</ele>
        <time>2026-08-09T14:36:03Z</time>
      </trkpt>
      <trkpt lat="46.054808031767607" lon="10.850943038240075">
        <ele>639.17904399999998</ele>
        <time>2026-08-09T14:36:05Z</time>
      </trkpt>
      <trkpt lat="46.054850025102496" lon="10.850913031026721">
        <ele>639.14575100000002</ele>
        <time>2026-08-09T14:36:07Z</time>
      </trkpt>
      <trkpt lat="46.054737959057093" lon="10.850456971675158">
        <ele>638.90734499999996</ele>
        <time>2026-08-09T14:36:21Z</time>
      </trkpt>
      <trkpt lat="46.054744999855757" lon="10.85016100667417">
        <ele>638.76137200000005</ele>
        <time>2026-08-09T14:36:31Z</time>
      </trkpt>
      <trkpt lat="46.054776012897491" lon="10.849970988929272">
        <ele>639.07089900000005</ele>
        <time>2026-08-09T14:36:37Z</time>
      </trkpt>
      <trkpt lat="46.05483703315258" lon="10.849823970347643">
        <ele>639.40156000000002</ele>
        <time>2026-08-09T14:36:42Z</time>
      </trkpt>
      <trkpt lat="46.054929988458753" lon="10.849749036133289">
        <ele>639.69803999999999</ele>
        <time>2026-08-09T14:36:47Z</time>
      </trkpt>
      <trkpt lat="46.055021015927196" lon="10.849721962586045">
        <ele>639.95650599999999</ele>
        <time>2026-08-09T14:36:50Z</time>
      </trkpt>
      <trkpt lat="46.055236011743546" lon="10.84973000921309">
        <ele>640.55481999999995</ele>
        <time>2026-08-09T14:36:59Z</time>
      </trkpt>
      <trkpt lat="46.05533198453486" lon="10.849689021706581">
        <ele>640.83336799999995</ele>
        <time>2026-08-09T14:37:03Z</time>
      </trkpt>
      <trkpt lat="46.055411025881767" lon="10.849620038643479">
        <ele>641.09035900000003</ele>
        <time>2026-08-09T14:37:06Z</time>
      </trkpt>
      <trkpt lat="46.055506998673081" lon="10.849424991756678">
        <ele>641.55192599999998</ele>
        <time>2026-08-09T14:37:12Z</time>
      </trkpt>
      <trkpt lat="46.055534994229674" lon="10.849295994266868">
        <ele>641.81286399999999</ele>
        <time>2026-08-09T14:37:16Z</time>
      </trkpt>
      <trkpt lat="46.055537005886436" lon="10.849151993170381">
        <ele>642.09091899999999</ele>
        <time>2026-08-09T14:37:20Z</time>
      </trkpt>
      <trkpt lat="46.055538011714816" lon="10.849070018157363">
        <ele>642.24924899999996</ele>
        <time>2026-08-09T14:37:22Z</time>
      </trkpt>
      <trkpt lat="46.05548101477325" lon="10.848884023725986">
        <ele>642.64178500000003</ele>
        <time>2026-08-09T14:37:28Z</time>
      </trkpt>
      <trkpt lat="46.055432986468077" lon="10.848800037056208">
        <ele>642.85185300000001</ele>
        <time>2026-08-09T14:37:30Z</time>
      </trkpt>
      <trkpt lat="46.055459976196289" lon="10.848760977387428">
        <ele>642.95820500000002</ele>
        <time>2026-08-09T14:37:33Z</time>
      </trkpt>
      <trkpt lat="46.055364003404975" lon="10.848637009039521">
        <ele>643.31685600000003</ele>
        <time>2026-08-09T14:37:42Z</time>
      </trkpt>
      <trkpt lat="46.055068960413337" lon="10.848412038758397">
        <ele>642.70860600000003</ele>
        <time>2026-08-09T14:38:05Z</time>
      </trkpt>
      <trkpt lat="46.054942980408669" lon="10.848314976319671">
        <ele>641.869732</ele>
        <time>2026-08-09T14:38:15Z</time>
      </trkpt>
      <trkpt lat="46.054910039529204" lon="10.848272982984781">
        <ele>641.61118499999998</ele>
        <time>2026-08-09T14:38:18Z</time>
      </trkpt>
      <trkpt lat="46.05487902648747" lon="10.848222021013498">
        <ele>641.33490099999995</ele>
        <time>2026-08-09T14:38:21Z</time>
      </trkpt>
      <trkpt lat="46.05483703315258" lon="10.848135016858578">
        <ele>640.90301399999998</ele>
        <time>2026-08-09T14:38:26Z</time>
      </trkpt>
      <trkpt lat="46.05479696765542" lon="10.847976012155414">
        <ele>640.21380199999999</ele>
        <time>2026-08-09T14:38:34Z</time>
      </trkpt>
      <trkpt lat="46.054795039817691" lon="10.847776019945741">
        <ele>639.398685</ele>
        <time>2026-08-09T14:38:44Z</time>
      </trkpt>
      <trkpt lat="46.054813982918859" lon="10.847674012184143">
        <ele>638.96830499999999</ele>
        <time>2026-08-09T14:38:49Z</time>
      </trkpt>
      <trkpt lat="46.054821023717523" lon="10.847634030506015">
        <ele>638.80019600000003</ele>
        <time>2026-08-09T14:38:51Z</time>
      </trkpt>
      <trkpt lat="46.054904004558921" lon="10.847397996112704">
        <ele>637.72200599999996</ele>
        <time>2026-08-09T14:39:04Z</time>
      </trkpt>
      <trkpt lat="46.05488196015358" lon="10.847383998334408">
        <ele>637.58078</ele>
        <time>2026-08-09T14:39:06Z</time>
      </trkpt>
      <trkpt lat="46.054916996508837" lon="10.84717595949769">
        <ele>636.70858599999997</ele>
        <time>2026-08-09T14:39:07Z</time>
      </trkpt>
      <trkpt lat="46.054919008165598" lon="10.846475986763835">
        <ele>633.85595499999999</ele>
        <time>2026-08-09T14:39:13Z</time>
      </trkpt>
      <trkpt lat="46.055057980120182" lon="10.845987992361188">
        <ele>631.75463000000002</ele>
        <time>2026-08-09T14:39:18Z</time>
      </trkpt>
      <trkpt lat="46.055115982890129" lon="10.845702001824975">
        <ele>630.57997499999999</ele>
        <time>2026-08-09T14:39:20Z</time>
      </trkpt>
      <trkpt lat="46.055111959576607" lon="10.845165979117155">
        <ele>628.46677999999997</ele>
        <time>2026-08-09T14:39:25Z</time>
      </trkpt>
      <trkpt lat="46.054992014542222" lon="10.844184039160609">
        <ele>624.53587500000003</ele>
        <time>2026-08-09T14:39:32Z</time>
      </trkpt>
      <trkpt lat="46.054932000115514" lon="10.843782965093851">
        <ele>622.87872400000003</ele>
        <time>2026-08-09T14:39:36Z</time>
      </trkpt>
      <trkpt lat="46.054782969877124" lon="10.843286002054811">
        <ele>619.13085100000001</ele>
        <time>2026-08-09T14:39:40Z</time>
      </trkpt>
      <trkpt lat="46.05479403398931" lon="10.843121968209743">
        <ele>617.99024799999995</ele>
        <time>2026-08-09T14:39:41Z</time>
      </trkpt>
      <trkpt lat="46.055088993161917" lon="10.842183027416468">
        <ele>610.85483299999999</ele>
        <time>2026-08-09T14:39:49Z</time>
      </trkpt>
      <trkpt lat="46.055121012032032" lon="10.841840039938688">
        <ele>608.459022</ele>
        <time>2026-08-09T14:39:51Z</time>
      </trkpt>
      <trkpt lat="46.055114977061749" lon="10.841773990541697">
        <ele>607.99822700000004</ele>
        <time>2026-08-09T14:39:52Z</time>
      </trkpt>
      <trkpt lat="46.05496795848012" lon="10.841449024155736">
        <ele>605.31269299999997</ele>
        <time>2026-08-09T14:39:54Z</time>
      </trkpt>
      <trkpt lat="46.054961001500487" lon="10.841280966997147">
        <ele>604.16859099999999</ele>
        <time>2026-08-09T14:39:56Z</time>
      </trkpt>
      <trkpt lat="46.055070972070098" lon="10.84070798009634">
        <ele>600.15094399999998</ele>
        <time>2026-08-09T14:40:00Z</time>
      </trkpt>
      <trkpt lat="46.055065020918846" lon="10.840589962899685">
        <ele>599.35138700000005</ele>
        <time>2026-08-09T14:40:00Z</time>
      </trkpt>
      <trkpt lat="46.054940968751907" lon="10.840109009295702">
        <ele>595.88384799999994</ele>
        <time>2026-08-09T14:40:04Z</time>
      </trkpt>
      <trkpt lat="46.054900987073779" lon="10.839869035407901">
        <ele>594.21585600000003</ele>
        <time>2026-08-09T14:40:06Z</time>
      </trkpt>
      <trkpt lat="46.054900987073779" lon="10.83961296826601">
        <ele>592.48585600000001</ele>
        <time>2026-08-09T14:40:07Z</time>
      </trkpt>
      <trkpt lat="46.054926970973611" lon="10.839491011574864">
        <ele>591.62340200000006</ele>
        <time>2026-08-09T14:40:08Z</time>
      </trkpt>
      <trkpt lat="46.055016992613673" lon="10.839277021586895">
        <ele>589.93239500000004</ele>
        <time>2026-08-09T14:40:11Z</time>
      </trkpt>
      <trkpt lat="46.055046999827027" lon="10.838902015239">
        <ele>587.68667600000003</ele>
        <time>2026-08-09T14:40:23Z</time>
      </trkpt>
      <trkpt lat="46.055126963183284" lon="10.83849398419261">
        <ele>591.40447500000005</ele>
        <time>2026-08-09T14:40:40Z</time>
      </trkpt>
      <trkpt lat="46.055212039500475" lon="10.83825602196157">
        <ele>593.75164299999994</ele>
        <time>2026-08-09T14:40:53Z</time>
      </trkpt>
      <trkpt lat="46.055356040596962" lon="10.837984029203653">
        <ele>596.75160800000003</ele>
        <time>2026-08-09T14:41:13Z</time>
      </trkpt>
      <trkpt lat="46.055570030584931" lon="10.837668031454086">
        <ele>600.62335499999995</ele>
        <time>2026-08-09T14:41:43Z</time>
      </trkpt>
      <trkpt lat="46.05589197948575" lon="10.837181964889169">
        <ele>606.51544699999999</ele>
        <time>2026-08-09T14:42:33Z</time>
      </trkpt>
      <trkpt lat="46.056064981967211" lon="10.836650971323252">
        <ele>610.98453400000005</ele>
        <time>2026-08-09T14:43:06Z</time>
      </trkpt>
      <trkpt lat="46.056334041059017" lon="10.836059963330626">
        <ele>614.23169399999995</ele>
        <time>2026-08-09T14:43:27Z</time>
      </trkpt>
      <trkpt lat="46.056497991085052" lon="10.835603987798095">
        <ele>616.591318</ele>
        <time>2026-08-09T14:43:43Z</time>
      </trkpt>
      <trkpt lat="46.056606033816934" lon="10.835223030298948">
        <ele>618.48213199999998</ele>
        <time>2026-08-09T14:43:56Z</time>
      </trkpt>
      <trkpt lat="46.05664199218154" lon="10.834966041147709">
        <ele>619.68666900000005</ele>
        <time>2026-08-09T14:44:04Z</time>
      </trkpt>
      <trkpt lat="46.056667976081371" lon="10.833945041522384">
        <ele>620.30368499999997</ele>
        <time>2026-08-09T14:44:27Z</time>
      </trkpt>
      <trkpt lat="46.056656995788217" lon="10.833675982430577">
        <ele>619.27919699999995</ele>
        <time>2026-08-09T14:44:30Z</time>
      </trkpt>
      <trkpt lat="46.056612990796566" lon="10.832621036097407">
        <ele>615.26094000000001</ele>
        <time>2026-08-09T14:44:38Z</time>
      </trkpt>
      <trkpt lat="46.05653403326869" lon="10.832172017544508">
        <ele>613.499864</ele>
        <time>2026-08-09T14:44:41Z</time>
      </trkpt>
      <trkpt lat="46.056464966386557" lon="10.832004966214299">
        <ele>612.76092500000004</ele>
        <time>2026-08-09T14:44:43Z</time>
      </trkpt>
      <trkpt lat="46.056303028017282" lon="10.831888960674405">
        <ele>611.95531300000005</ele>
        <time>2026-08-09T14:44:44Z</time>
      </trkpt>
      <trkpt lat="46.056060958653688" lon="10.831819977611303">
        <ele>611.08058100000005</ele>
        <time>2026-08-09T14:44:47Z</time>
      </trkpt>
      <trkpt lat="46.055902959778905" lon="10.831739008426666">
        <ele>610.48593800000003</ele>
        <time>2026-08-09T14:44:49Z</time>
      </trkpt>
      <trkpt lat="46.055834982544184" lon="10.831653010100126">
        <ele>610.16512699999998</ele>
        <time>2026-08-09T14:44:50Z</time>
      </trkpt>
      <trkpt lat="46.055813021957874" lon="10.831543039530516">
        <ele>609.88343599999996</ele>
        <time>2026-08-09T14:44:51Z</time>
      </trkpt>
      <trkpt lat="46.05584504082799" lon="10.831364002078772">
        <ele>609.42859599999997</ele>
        <time>2026-08-09T14:44:52Z</time>
      </trkpt>
      <trkpt lat="46.055892985314131" lon="10.831303987652063">
        <ele>609.20328300000006</ele>
        <time>2026-08-09T14:44:53Z</time>
      </trkpt>
      <trkpt lat="46.056050984188914" lon="10.831208014860749">
        <ele>608.59527300000002</ele>
        <time>2026-08-09T14:44:55Z</time>
      </trkpt>
      <trkpt lat="46.056210994720459" lon="10.831024032086134">
        <ele>607.86941999999999</ele>
        <time>2026-08-09T14:44:59Z</time>
      </trkpt>
      <trkpt lat="46.056280983611941" lon="10.830920012667775">
        <ele>607.51291300000003</ele>
        <time>2026-08-09T14:45:01Z</time>
      </trkpt>
      <trkpt lat="46.056420961394906" lon="10.830362029373646">
        <ele>606.05288800000005</ele>
        <time>2026-08-09T14:45:11Z</time>
      </trkpt>
      <trkpt lat="46.05646999552846" lon="10.829542027786374">
        <ele>607.14114800000004</ele>
        <time>2026-08-09T14:45:31Z</time>
      </trkpt>
      <trkpt lat="46.056500002741814" lon="10.829431973397732">
        <ele>607.32937000000004</ele>
        <time>2026-08-09T14:45:33Z</time>
      </trkpt>
      <trkpt lat="46.056658001616597" lon="10.829112958163023">
        <ele>607.95351600000004</ele>
        <time>2026-08-09T14:45:37Z</time>
      </trkpt>
      <trkpt lat="46.056716004386544" lon="10.82888999953866">
        <ele>608.33277499999997</ele>
        <time>2026-08-09T14:45:39Z</time>
      </trkpt>
      <trkpt lat="46.056696977466345" lon="10.828716997057199">
        <ele>608.61171200000001</ele>
        <time>2026-08-09T14:45:41Z</time>
      </trkpt>
      <trkpt lat="46.056517018005252" lon="10.828251969069242">
        <ele>609.45966099999998</ele>
        <time>2026-08-09T14:45:51Z</time>
      </trkpt>
      <trkpt lat="46.056508971378207" lon="10.827874029055238">
        <ele>610.09408800000006</ele>
        <time>2026-08-09T14:46:00Z</time>
      </trkpt>
      <trkpt lat="46.056593041867018" lon="10.827691974118352">
        <ele>611.12542900000005</ele>
        <time>2026-08-09T14:46:07Z</time>
      </trkpt>
      <trkpt lat="46.05677199549973" lon="10.827469015493989">
        <ele>612.73429099999998</ele>
        <time>2026-08-09T14:46:19Z</time>
      </trkpt>
      <trkpt lat="46.056926976889372" lon="10.827144971117377">
        <ele>614.59111900000005</ele>
        <time>2026-08-09T14:46:34Z</time>
      </trkpt>
      <trkpt lat="46.056967964395881" lon="10.827001975849271">
        <ele>615.32117000000005</ele>
        <time>2026-08-09T14:46:41Z</time>
      </trkpt>
      <trkpt lat="46.056994032114744" lon="10.826581958681345">
        <ele>617.31075799999996</ele>
        <time>2026-08-09T14:46:59Z</time>
      </trkpt>
      <trkpt lat="46.056978022679687" lon="10.826368974521756">
        <ele>618.32164299999999</ele>
        <time>2026-08-09T14:47:08Z</time>
      </trkpt>
      <trkpt lat="46.056914990767837" lon="10.826059011742473">
        <ele>619.845775</ele>
        <time>2026-08-09T14:47:21Z</time>
      </trkpt>
      <trkpt lat="46.056699994951487" lon="10.825379993766546">
        <ele>621.50947399999995</ele>
        <time>2026-08-09T14:47:43Z</time>
      </trkpt>
      <trkpt lat="46.056455997750163" lon="10.824832990765572">
        <ele>619.35832500000004</ele>
        <time>2026-08-09T14:47:52Z</time>
      </trkpt>
      <trkpt lat="46.056214012205601" lon="10.823953980579972">
        <ele>616.22997999999995</ele>
        <time>2026-08-09T14:47:59Z</time>
      </trkpt>
      <trkpt lat="46.055779997259378" lon="10.822780011221766">
        <ele>608.59781599999997</ele>
        <time>2026-08-09T14:48:09Z</time>
      </trkpt>
      <trkpt lat="46.055701039731503" lon="10.822211969643831">
        <ele>603.37188800000001</ele>
        <time>2026-08-09T14:48:13Z</time>
      </trkpt>
      <trkpt lat="46.055662985891104" lon="10.821450976654887">
        <ele>596.48901599999999</ele>
        <time>2026-08-09T14:48:18Z</time>
      </trkpt>
      <trkpt lat="46.0556960105896" lon="10.821269005537033">
        <ele>594.79204200000004</ele>
        <time>2026-08-09T14:48:19Z</time>
      </trkpt>
      <trkpt lat="46.055745966732502" lon="10.821145959198475">
        <ele>593.50608099999999</ele>
        <time>2026-08-09T14:48:20Z</time>
      </trkpt>
      <trkpt lat="46.0559740383178" lon="10.820819986984134">
        <ele>589.99427700000001</ele>
        <time>2026-08-09T14:48:24Z</time>
      </trkpt>
      <trkpt lat="46.056080991402268" lon="10.8206179831177">
        <ele>589.24070700000004</ele>
        <time>2026-08-09T14:48:26Z</time>
      </trkpt>
      <trkpt lat="46.056123990565538" lon="10.820426037535071">
        <ele>588.64243899999997</ele>
        <time>2026-08-09T14:48:27Z</time>
      </trkpt>
      <trkpt lat="46.05614997446537" lon="10.820046002045274">
        <ele>587.510133</ele>
        <time>2026-08-09T14:48:30Z</time>
      </trkpt>
      <trkpt lat="46.056045033037663" lon="10.819693962112069">
        <ele>586.37397199999998</ele>
        <time>2026-08-09T14:48:34Z</time>
      </trkpt>
      <trkpt lat="46.056043021380901" lon="10.819564964622259">
        <ele>585.99134300000003</ele>
        <time>2026-08-09T14:48:35Z</time>
      </trkpt>
      <trkpt lat="46.056079985573888" lon="10.819435967132449">
        <ele>585.57742199999996</ele>
        <time>2026-08-09T14:48:36Z</time>
      </trkpt>
      <trkpt lat="46.05619003996253" lon="10.819309987127781">
        <ele>584.97696399999995</ele>
        <time>2026-08-09T14:48:38Z</time>
      </trkpt>
      <trkpt lat="46.056294981390238" lon="10.819306969642639">
        <ele>584.52819399999998</ele>
        <time>2026-08-09T14:48:40Z</time>
      </trkpt>
      <trkpt lat="46.056726984679699" lon="10.819580974057317">
        <ele>582.71553400000005</ele>
        <time>2026-08-09T14:48:46Z</time>
      </trkpt>
      <trkpt lat="46.056880038231611" lon="10.819596983492374">
        <ele>583.157241</ele>
        <time>2026-08-09T14:48:49Z</time>
      </trkpt>
      <trkpt lat="46.056980034336448" lon="10.819532023742795">
        <ele>583.473117</ele>
        <time>2026-08-09T14:48:51Z</time>
      </trkpt>
      <trkpt lat="46.057288991287351" lon="10.819146037101746">
        <ele>584.65061200000002</ele>
        <time>2026-08-09T14:48:59Z</time>
      </trkpt>
      <trkpt lat="46.057472974061966" lon="10.819055009633303">
        <ele>585.21075399999995</ele>
        <time>2026-08-09T14:49:04Z</time>
      </trkpt>
      <trkpt lat="46.05760901235044" lon="10.819089962169528">
        <ele>585.60854800000004</ele>
        <time>2026-08-09T14:49:07Z</time>
      </trkpt>
      <trkpt lat="46.057926015928388" lon="10.819318033754826">
        <ele>586.62869000000001</ele>
        <time>2026-08-09T14:49:18Z</time>
      </trkpt>
      <trkpt lat="46.058250982314348" lon="10.819327002391219">
        <ele>587.56466599999999</ele>
        <time>2026-08-09T14:49:32Z</time>
      </trkpt>
      <trkpt lat="46.058454997837543" lon="10.819277968257666">
        <ele>588.82988399999999</ele>
        <time>2026-08-09T14:49:44Z</time>
      </trkpt>
      <trkpt lat="46.058523980900645" lon="10.819296995177865">
        <ele>589.42159600000002</ele>
        <time>2026-08-09T14:49:48Z</time>
      </trkpt>
      <trkpt lat="46.058560023084283" lon="10.81934804096818">
        <ele>589.84681399999999</ele>
        <time>2026-08-09T14:49:51Z</time>
      </trkpt>
      <trkpt lat="46.058678962290287" lon="10.819706032052636">
        <ele>592.16701</ele>
        <time>2026-08-09T14:50:10Z</time>
      </trkpt>
      <trkpt lat="46.058856993913651" lon="10.81984500400722">
        <ele>593.87230599999998</ele>
        <time>2026-08-09T14:50:25Z</time>
      </trkpt>
      <trkpt lat="46.059012981131673" lon="10.820025969296694">
        <ele>595.55927099999997</ele>
        <time>2026-08-09T14:50:41Z</time>
      </trkpt>
      <trkpt lat="46.059595020487905" lon="10.820590993389487">
        <ele>601.47010299999999</ele>
        <time>2026-08-09T14:51:24Z</time>
      </trkpt>
      <trkpt lat="46.059877993538976" lon="10.820737006142735">
        <ele>602.95807100000002</ele>
        <time>2026-08-09T14:51:33Z</time>
      </trkpt>
      <trkpt lat="46.060216035693884" lon="10.820770030841231">
        <ele>602.94582700000001</ele>
        <time>2026-08-09T14:51:39Z</time>
      </trkpt>
      <trkpt lat="46.060476964339614" lon="10.820671962574124">
        <ele>602.93607899999995</ele>
        <time>2026-08-09T14:51:42Z</time>
      </trkpt>
      <trkpt lat="46.060622977092862" lon="10.820584036409855">
        <ele>602.93035899999995</ele>
        <time>2026-08-09T14:51:44Z</time>
      </trkpt>
      <trkpt lat="46.060838978737593" lon="10.820400975644588">
        <ele>602.92130299999997</ele>
        <time>2026-08-09T14:51:47Z</time>
      </trkpt>
      <trkpt lat="46.060993038117886" lon="10.820226967334747">
        <ele>602.91423099999997</ele>
        <time>2026-08-09T14:51:50Z</time>
      </trkpt>
      <trkpt lat="46.061081970110536" lon="10.820206012576818">
        <ele>602.91097200000002</ele>
        <time>2026-08-09T14:51:51Z</time>
      </trkpt>
      <trkpt lat="46.061310963705182" lon="10.820242976769805">
        <ele>602.90264300000001</ele>
        <time>2026-08-09T14:51:55Z</time>
      </trkpt>
      <trkpt lat="46.061624027788639" lon="10.820176005363464">
        <ele>603.74013200000002</ele>
        <time>2026-08-09T14:52:01Z</time>
      </trkpt>
      <trkpt lat="46.062045972794294" lon="10.820206012576818">
        <ele>605.77673600000003</ele>
        <time>2026-08-09T14:52:15Z</time>
      </trkpt>
      <trkpt lat="46.062150998041034" lon="10.820176005363464">
        <ele>606.29270899999995</ele>
        <time>2026-08-09T14:52:19Z</time>
      </trkpt>
      <trkpt lat="46.062419973313808" lon="10.819975007325411">
        <ele>607.75326299999995</ele>
        <time>2026-08-09T14:52:33Z</time>
      </trkpt>
      <trkpt lat="46.062877038493752" lon="10.81956697627902">
        <ele>610.34452299999998</ele>
        <time>2026-08-09T14:53:03Z</time>
      </trkpt>
      <trkpt lat="46.063334019854665" lon="10.819338988512754">
        <ele>611.40976899999998</ele>
        <time>2026-08-09T14:53:25Z</time>
      </trkpt>
      <trkpt lat="46.063443990424275" lon="10.819175960496068">
        <ele>611.30162099999995</ele>
        <time>2026-08-09T14:53:30Z</time>
      </trkpt>
      <trkpt lat="46.063452959060669" lon="10.819055009633303">
        <ele>611.24374</ele>
        <time>2026-08-09T14:53:33Z</time>
      </trkpt>
      <trkpt lat="46.063443990424275" lon="10.819005975499749">
        <ele>611.21963200000005</ele>
        <time>2026-08-09T14:53:34Z</time>
      </trkpt>
      <trkpt lat="46.063333014026284" lon="10.818819981068373">
        <ele>611.10294499999998</ele>
        <time>2026-08-09T14:53:37Z</time>
      </trkpt>
      <trkpt lat="46.063228994607925" lon="10.818743035197258">
        <ele>611.02279899999996</ele>
        <time>2026-08-09T14:53:40Z</time>
      </trkpt>
      <trkpt lat="46.06300100684166" lon="10.818717973306775">
        <ele>610.86605799999995</ele>
        <time>2026-08-09T14:53:43Z</time>
      </trkpt>
      <trkpt lat="46.062867986038327" lon="10.818744041025639">
        <ele>610.77405499999998</ele>
        <time>2026-08-09T14:53:45Z</time>
      </trkpt>
      <trkpt lat="46.062446041032672" lon="10.818990971893072">
        <ele>610.46183699999995</ele>
        <time>2026-08-09T14:53:51Z</time>
      </trkpt>
      <trkpt lat="46.062330035492778" lon="10.81892198882997">
        <ele>610.37581499999999</ele>
        <time>2026-08-09T14:53:52Z</time>
      </trkpt>
      <trkpt lat="46.061837011948228" lon="10.81838202662766">
        <ele>605.73021600000004</ele>
        <time>2026-08-09T14:53:59Z</time>
      </trkpt>
      <trkpt lat="46.061599971726537" lon="10.818295022472739">
        <ele>603.71536500000002</ele>
        <time>2026-08-09T14:54:01Z</time>
      </trkpt>
      <trkpt lat="46.06126100756228" lon="10.818224027752876">
        <ele>600.89320199999997</ele>
        <time>2026-08-09T14:54:05Z</time>
      </trkpt>
      <trkpt lat="46.061077024787664" lon="10.818225033581257">
        <ele>599.37732200000005</ele>
        <time>2026-08-09T14:54:07Z</time>
      </trkpt>
      <trkpt lat="46.060588024556637" lon="10.818372974172235">
        <ele>595.36483299999998</ele>
        <time>2026-08-09T14:54:13Z</time>
      </trkpt>
      <trkpt lat="46.060365987941623" lon="10.818327041342854">
        <ele>594.26874999999995</ele>
        <time>2026-08-09T14:54:15Z</time>
      </trkpt>
      <trkpt lat="46.060284012928605" lon="10.818283958360553">
        <ele>593.84230600000001</ele>
        <time>2026-08-09T14:54:16Z</time>
      </trkpt>
      <trkpt lat="46.060154009610415" lon="10.818054964765906">
        <ele>592.83896800000002</ele>
        <time>2026-08-09T14:54:19Z</time>
      </trkpt>
      <trkpt lat="46.060088966041803" lon="10.817834017798305">
        <ele>592.02498300000002</ele>
        <time>2026-08-09T14:54:21Z</time>
      </trkpt>
      <trkpt lat="46.060027023777366" lon="10.817504022270441">
        <ele>590.86561200000006</ele>
        <time>2026-08-09T14:54:24Z</time>
      </trkpt>
      <trkpt lat="46.059962986037135" lon="10.817367983981967">
        <ele>590.30836099999999</ele>
        <time>2026-08-09T14:54:26Z</time>
      </trkpt>
      <trkpt lat="46.059593008831143" lon="10.816816035658121">
        <ele>587.70572600000003</ele>
        <time>2026-08-09T14:54:32Z</time>
      </trkpt>
      <trkpt lat="46.059413971379399" lon="10.816400963813066">
        <ele>585.062726</ele>
        <time>2026-08-09T14:54:36Z</time>
      </trkpt>
      <trkpt lat="46.05932998470962" lon="10.816213041543961">
        <ele>583.20133799999996</ele>
        <time>2026-08-09T14:54:38Z</time>
      </trkpt>
      <trkpt lat="46.05917701497674" lon="10.815988993272185">
        <ele>580.584834</ele>
        <time>2026-08-09T14:54:40Z</time>
      </trkpt>
      <trkpt lat="46.058951038867235" lon="10.815970972180367">
        <ele>577.86947299999997</ele>
        <time>2026-08-09T14:54:45Z</time>
      </trkpt>
      <trkpt lat="46.058873003348708" lon="10.815868964418769">
        <ele>576.60591199999999</ele>
        <time>2026-08-09T14:54:47Z</time>
      </trkpt>
      <trkpt lat="46.058746017515659" lon="10.815364960581064">
        <ele>572.14222400000006</ele>
        <time>2026-08-09T14:54:54Z</time>
      </trkpt>
      <trkpt lat="46.058620037510991" lon="10.815188018605113">
        <ele>570.03131499999995</ele>
        <time>2026-08-09T14:54:58Z</time>
      </trkpt>
      <trkpt lat="46.058496991172433" lon="10.814930023625493">
        <ele>567.42550600000004</ele>
        <time>2026-08-09T14:55:02Z</time>
      </trkpt>
      <trkpt lat="46.058240002021194" lon="10.814716033637524">
        <ele>564.16938200000004</ele>
        <time>2026-08-09T14:55:08Z</time>
      </trkpt>
      <trkpt lat="46.058079991489649" lon="10.814532972872257">
        <ele>562.30025899999998</ele>
        <time>2026-08-09T14:55:13Z</time>
      </trkpt>
      <trkpt lat="46.057954011484981" lon="10.814222004264593">
        <ele>560.01359200000002</ele>
        <time>2026-08-09T14:55:18Z</time>
      </trkpt>
      <trkpt lat="46.057893997058272" lon="10.813820008188486">
        <ele>557.40265699999998</ele>
        <time>2026-08-09T14:55:24Z</time>
      </trkpt>
      <trkpt lat="46.057987036183476" lon="10.812719967216253">
        <ele>550.36639300000002</ele>
        <time>2026-08-09T14:55:41Z</time>
      </trkpt>
      <trkpt lat="46.058024000376463" lon="10.812537996098399">
        <ele>549.16218600000002</ele>
        <time>2026-08-09T14:55:44Z</time>
      </trkpt>
      <trkpt lat="46.057993993163109" lon="10.812231972813606">
        <ele>547.98776799999996</ele>
        <time>2026-08-09T14:55:49Z</time>
      </trkpt>
      <trkpt lat="46.058064987882972" lon="10.81131499260664">
        <ele>545.22508800000003</ele>
        <time>2026-08-09T14:56:04Z</time>
      </trkpt>
      <trkpt lat="46.058265985921025" lon="10.807269969955087">
        <ele>537.17423599999995</ele>
        <time>2026-08-09T14:57:20Z</time>
      </trkpt>
      <trkpt lat="46.058475030586123" lon="10.806089965626597">
        <ele>536.72256900000002</ele>
        <time>2026-08-09T14:57:47Z</time>
      </trkpt>
      <trkpt lat="46.058475030586123" lon="10.805757036432624">
        <ele>536.59906699999999</ele>
        <time>2026-08-09T14:57:55Z</time>
      </trkpt>
      <trkpt lat="46.058522975072265" lon="10.805307012051344">
        <ele>536.43021199999998</ele>
        <time>2026-08-09T14:58:05Z</time>
      </trkpt>
      <trkpt lat="46.05851199477911" lon="10.803912011906505">
        <ele>534.25312299999996</ele>
        <time>2026-08-09T14:58:33Z</time>
      </trkpt>
      <trkpt lat="46.058608973398805" lon="10.803331984207034">
        <ele>532.85042999999996</ele>
        <time>2026-08-09T14:58:44Z</time>
      </trkpt>
      <trkpt lat="46.058535967022181" lon="10.802670987322927">
        <ele>531.27678300000002</ele>
        <time>2026-08-09T14:58:55Z</time>
      </trkpt>
      <trkpt lat="46.058545019477606" lon="10.803264006972313">
        <ele>529.45721500000002</ele>
        <time>2026-08-09T14:59:00Z</time>
      </trkpt>
      <trkpt lat="46.058530015870929" lon="10.803343970328569">
        <ele>528.92756599999996</ele>
        <time>2026-08-09T14:59:01Z</time>
      </trkpt>
      <trkpt lat="46.058461032807827" lon="10.803376995027065">
        <ele>528.25795300000004</ele>
        <time>2026-08-09T14:59:01Z</time>
      </trkpt>
      <trkpt lat="46.058402024209499" lon="10.80332200974226">
        <ele>527.61074399999995</ele>
        <time>2026-08-09T14:59:02Z</time>
      </trkpt>
      <trkpt lat="46.058386014774442" lon="10.802610972896218">
        <ele>523.06404899999995</ele>
        <time>2026-08-09T14:59:07Z</time>
      </trkpt>
      <trkpt lat="46.058351984247565" lon="10.802189027890563">
        <ele>520.348747</ele>
        <time>2026-08-09T14:59:11Z</time>
      </trkpt>
      <trkpt lat="46.058327006176114" lon="10.802094982936978">
        <ele>519.70533699999999</ele>
        <time>2026-08-09T14:59:11Z</time>
      </trkpt>
      <trkpt lat="46.058242013677955" lon="10.801918962970376">
        <ele>518.33482200000003</ele>
        <time>2026-08-09T14:59:13Z</time>
      </trkpt>
      <trkpt lat="46.057861978188157" lon="10.801337007433176">
        <ele>513.22913300000005</ele>
        <time>2026-08-09T14:59:19Z</time>
      </trkpt>
      <trkpt lat="46.057785032317042" lon="10.801169034093618">
        <ele>511.94948199999999</ele>
        <time>2026-08-09T14:59:20Z</time>
      </trkpt>
      <trkpt lat="46.057682018727064" lon="10.800682967528701">
        <ele>508.71972399999999</ele>
        <time>2026-08-09T14:59:24Z</time>
      </trkpt>
      <trkpt lat="46.057432992383838" lon="10.80011903308332">
        <ele>504.47107099999999</ele>
        <time>2026-08-09T14:59:29Z</time>
      </trkpt>
      <trkpt lat="46.057335007935762" lon="10.79982197843492">
        <ele>502.38085599999999</ele>
        <time>2026-08-09T14:59:31Z</time>
      </trkpt>
      <trkpt lat="46.057134009897709" lon="10.799002982676029">
        <ele>496.96836100000002</ele>
        <time>2026-08-09T14:59:38Z</time>
      </trkpt>
      <trkpt lat="46.056843996047974" lon="10.798269985243678">
        <ele>494.14775400000002</ele>
        <time>2026-08-09T14:59:44Z</time>
      </trkpt>
      <trkpt lat="46.05666202493012" lon="10.798076028004289">
        <ele>493.05722200000002</ele>
        <time>2026-08-09T14:59:47Z</time>
      </trkpt>
      <trkpt lat="46.056595975533128" lon="10.79793001525104">
        <ele>492.47473200000002</ele>
        <time>2026-08-09T14:59:49Z</time>
      </trkpt>
      <trkpt lat="46.056541996076703" lon="10.797731028869748">
        <ele>491.76043800000002</ele>
        <time>2026-08-09T14:59:50Z</time>
      </trkpt>
      <trkpt lat="46.056518023833632" lon="10.797466998919845">
        <ele>490.870363</ele>
        <time>2026-08-09T14:59:53Z</time>
      </trkpt>
      <trkpt lat="46.056516012176871" lon="10.796998031437397">
        <ele>489.30250000000001</ele>
        <time>2026-08-09T14:59:57Z</time>
      </trkpt>
      <trkpt lat="46.056482987478375" lon="10.796889988705516">
        <ele>488.90801399999998</ele>
        <time>2026-08-09T14:59:57Z</time>
      </trkpt>
      <trkpt lat="46.056348960846663" lon="10.796553958207369">
        <ele>487.92131499999999</ele>
        <time>2026-08-09T15:00:01Z</time>
      </trkpt>
      <trkpt lat="46.056301016360521" lon="10.796250030398369">
        <ele>487.27538099999998</ele>
        <time>2026-08-09T15:00:03Z</time>
      </trkpt>
      <trkpt lat="46.056261034682393" lon="10.795906037092209">
        <ele>486.55273399999999</ele>
        <time>2026-08-09T15:00:06Z</time>
      </trkpt>
      <trkpt lat="46.05608300305903" lon="10.795297008007765">
        <ele>485.18363699999998</ele>
        <time>2026-08-09T15:00:12Z</time>
      </trkpt>
      <trkpt lat="46.056064981967211" lon="10.7948980294168">
        <ele>484.35522800000001</ele>
        <time>2026-08-09T15:00:16Z</time>
      </trkpt>
      <trkpt lat="46.05604100972414" lon="10.794395031407475">
        <ele>483.310631</ele>
        <time>2026-08-09T15:00:20Z</time>
      </trkpt>
      <trkpt lat="46.055946964770555" lon="10.793983982875943">
        <ele>482.65164600000003</ele>
        <time>2026-08-09T15:00:25Z</time>
      </trkpt>
      <trkpt lat="46.055627027526498" lon="10.793147971853614">
        <ele>481.40718500000003</ele>
        <time>2026-08-09T15:00:34Z</time>
      </trkpt>
      <trkpt lat="46.055241040885448" lon="10.792358983308077">
        <ele>480.14888300000001</ele>
        <time>2026-08-09T15:00:43Z</time>
      </trkpt>
      <trkpt lat="46.054943986237049" lon="10.791680971160531">
        <ele>479.32977399999999</ele>
        <time>2026-08-09T15:00:51Z</time>
      </trkpt>
      <trkpt lat="46.054732007905841" lon="10.790845965966582">
        <ele>478.62827399999998</ele>
        <time>2026-08-09T15:00:59Z</time>
      </trkpt>
      <trkpt lat="46.054704012349248" lon="10.790346991270781">
        <ele>478.23328900000001</ele>
        <time>2026-08-09T15:01:04Z</time>
      </trkpt>
      <trkpt lat="46.054738964885473" lon="10.789545010775328">
        <ele>477.64675499999998</ele>
        <time>2026-08-09T15:01:14Z</time>
      </trkpt>
      <trkpt lat="46.054724967107177" lon="10.789229013025761">
        <ele>477.76579600000002</ele>
        <time>2026-08-09T15:01:19Z</time>
      </trkpt>
      <trkpt lat="46.05457803234458" lon="10.788854006677866">
        <ele>477.92771299999998</ele>
        <time>2026-08-09T15:01:25Z</time>
      </trkpt>
      <trkpt lat="46.054262034595013" lon="10.788285965099931">
        <ele>478.20139899999998</ele>
        <time>2026-08-09T15:01:36Z</time>
      </trkpt>
      <trkpt lat="46.05417201295495" lon="10.788025036454201">
        <ele>478.310968</ele>
        <time>2026-08-09T15:01:41Z</time>
      </trkpt>
      <trkpt lat="46.054139994084835" lon="10.787751032039523">
        <ele>478.41542700000002</ele>
        <time>2026-08-09T15:01:44Z</time>
      </trkpt>
      <trkpt lat="46.054168995469809" lon="10.787119958549738">
        <ele>478.616356</ele>
        <time>2026-08-09T15:01:52Z</time>
      </trkpt>
      <trkpt lat="46.053396016359329" lon="10.787064973264933">
        <ele>478.70965999999999</ele>
        <time>2026-08-09T15:02:04Z</time>
      </trkpt>
      <trkpt lat="46.053288979455829" lon="10.786953996866941">
        <ele>478.72555499999999</ele>
        <time>2026-08-09T15:02:07Z</time>
      </trkpt>
      <trkpt lat="46.053237011656165" lon="10.786725003272295">
        <ele>478.74571400000002</ele>
        <time>2026-08-09T15:02:09Z</time>
      </trkpt>
      <trkpt lat="46.05311899445951" lon="10.78654202632606">
        <ele>478.766614</ele>
        <time>2026-08-09T15:02:12Z</time>
      </trkpt>
      <trkpt lat="46.05269000865519" lon="10.785707021132112">
        <ele>479.13959299999999</ele>
        <time>2026-08-09T15:02:26Z</time>
      </trkpt>
      <trkpt lat="46.052095983177423" lon="10.784354014322162">
        <ele>480.51446099999998</ele>
        <time>2026-08-09T15:02:52Z</time>
      </trkpt>
      <trkpt lat="46.051886016502976" lon="10.783925028517842">
        <ele>480.96529399999997</ele>
        <time>2026-08-09T15:03:01Z</time>
      </trkpt>
      <trkpt lat="46.051598014310002" lon="10.783382970839739">
        <ele>481.11075399999999</ele>
        <time>2026-08-09T15:03:13Z</time>
      </trkpt>
      <trkpt lat="46.051383018493652" lon="10.783128999173641">
        <ele>481.15345100000002</ele>
        <time>2026-08-09T15:03:19Z</time>
      </trkpt>
      <trkpt lat="46.051085041835904" lon="10.782644022256136">
        <ele>481.222489</ele>
        <time>2026-08-09T15:03:27Z</time>
      </trkpt>
      <trkpt lat="46.051026033237576" lon="10.782680986449122">
        <ele>481.23237</ele>
        <time>2026-08-09T15:03:28Z</time>
      </trkpt>
      <trkpt lat="46.050791004672647" lon="10.782968988642097">
        <ele>481.27974699999999</ele>
        <time>2026-08-09T15:03:34Z</time>
      </trkpt>
      <trkpt lat="46.050439970567822" lon="10.783311976119876">
        <ele>481.28172999999998</ele>
        <time>2026-08-09T15:03:41Z</time>
      </trkpt>
      <trkpt lat="46.050177030265331" lon="10.783524960279465">
        <ele>481.184348</ele>
        <time>2026-08-09T15:03:46Z</time>
      </trkpt>
      <trkpt lat="46.049997992813587" lon="10.783602995797992">
        <ele>481.123985</ele>
        <time>2026-08-09T15:03:49Z</time>
      </trkpt>
      <trkpt lat="46.049828007817268" lon="10.78349101357162">
        <ele>481.063648</ele>
        <time>2026-08-09T15:03:52Z</time>
      </trkpt>
      <trkpt lat="46.049706973135471" lon="10.783265959471464">
        <ele>480.99988200000001</ele>
        <time>2026-08-09T15:03:55Z</time>
      </trkpt>
      <trkpt lat="46.049623992294073" lon="10.783036965876818">
        <ele>480.94200699999999</ele>
        <time>2026-08-09T15:03:59Z</time>
      </trkpt>
      <trkpt lat="46.049445038661361" lon="10.782318972051144">
        <ele>480.771097</ele>
        <time>2026-08-09T15:04:11Z</time>
      </trkpt>
      <trkpt lat="46.049388963729143" lon="10.781995011493564">
        <ele>481.00199800000001</ele>
        <time>2026-08-09T15:04:18Z</time>
      </trkpt>
      <trkpt lat="46.049284022301435" lon="10.780687015503645">
        <ele>482.59930700000001</ele>
        <time>2026-08-09T15:04:45Z</time>
      </trkpt>
      <trkpt lat="46.04929399676621" lon="10.780191980302334">
        <ele>483.20004499999999</ele>
        <time>2026-08-09T15:04:55Z</time>
      </trkpt>
      <trkpt lat="46.049264995381236" lon="10.779600972309709">
        <ele>483.90380399999998</ele>
        <time>2026-08-09T15:05:06Z</time>
      </trkpt>
      <trkpt lat="46.049131974577904" lon="10.77816498465836">
        <ele>484.812816</ele>
        <time>2026-08-09T15:05:30Z</time>
      </trkpt>
      <trkpt lat="46.049057962372899" lon="10.776690021157265">
        <ele>485.91530899999998</ele>
        <time>2026-08-09T15:05:53Z</time>
      </trkpt>
      <trkpt lat="46.049054022878408" lon="10.776334963738918">
        <ele>486.30950899999999</ele>
        <time>2026-08-09T15:05:59Z</time>
      </trkpt>
      <trkpt lat="46.049128035083413" lon="10.775340031832457">
        <ele>487.42055499999998</ele>
        <time>2026-08-09T15:06:18Z</time>
      </trkpt>
      <trkpt lat="46.049152007326484" lon="10.774736031889915">
        <ele>488.09225800000002</ele>
        <time>2026-08-09T15:06:31Z</time>
      </trkpt>
      <trkpt lat="46.049146978184581" lon="10.774133959785104">
        <ele>488.61301200000003</ele>
        <time>2026-08-09T15:06:42Z</time>
      </trkpt>
      <trkpt lat="46.04918603785336" lon="10.774116022512317">
        <ele>488.65234199999998</ele>
        <time>2026-08-09T15:06:43Z</time>
      </trkpt>
      <trkpt lat="46.049204980954528" lon="10.774153992533684">
        <ele>488.683559</ele>
        <time>2026-08-09T15:06:44Z</time>
      </trkpt>
      <trkpt lat="46.049242028966546" lon="10.774374017491937">
        <ele>488.83444300000002</ele>
        <time>2026-08-09T15:06:48Z</time>
      </trkpt>
      <trkpt lat="46.049289973452687" lon="10.774357002228498">
        <ele>488.88191399999999</ele>
        <time>2026-08-09T15:06:50Z</time>
      </trkpt>
      <trkpt lat="46.04927496984601" lon="10.774130020290613">
        <ele>489.033905</ele>
        <time>2026-08-09T15:06:54Z</time>
      </trkpt>
      <trkpt lat="46.049292990937829" lon="10.773817040026188">
        <ele>489.24324899999999</ele>
        <time>2026-08-09T15:06:59Z</time>
      </trkpt>
      <trkpt lat="46.04925099760294" lon="10.773299960419536">
        <ele>489.59020700000002</ele>
        <time>2026-08-09T15:07:07Z</time>
      </trkpt>
      <trkpt lat="46.049259966239333" lon="10.773025033995509">
        <ele>489.77371099999999</ele>
        <time>2026-08-09T15:07:10Z</time>
      </trkpt>
      <trkpt lat="46.048999959602952" lon="10.772165972739458">
        <ele>489.82721800000002</ele>
        <time>2026-08-09T15:07:20Z</time>
      </trkpt>
      <trkpt lat="46.048833997920156" lon="10.771894985809922">
        <ele>489.57633399999997</ele>
        <time>2026-08-09T15:07:24Z</time>
      </trkpt>
      <trkpt lat="46.048780018463731" lon="10.771865984424949">
        <ele>489.51870000000002</ele>
        <time>2026-08-09T15:07:25Z</time>
      </trkpt>
      <trkpt lat="46.048445999622345" lon="10.771980984136462">
        <ele>489.17526700000002</ele>
        <time>2026-08-09T15:07:29Z</time>
      </trkpt>
      <trkpt lat="46.048390008509159" lon="10.771947037428617">
        <ele>489.11449299999998</ele>
        <time>2026-08-09T15:07:30Z</time>
      </trkpt>
      <trkpt lat="46.04815598577261" lon="10.771522996947169">
        <ele>488.73848800000002</ele>
        <time>2026-08-09T15:07:36Z</time>
      </trkpt>
      <trkpt lat="46.048021959140897" lon="10.771341025829315">
        <ele>488.55432000000002</ele>
        <time>2026-08-09T15:07:38Z</time>
      </trkpt>
      <trkpt lat="46.047157030552626" lon="10.77064398676157">
        <ele>488.59380800000002</ele>
        <time>2026-08-09T15:07:55Z</time>
      </trkpt>
      <trkpt lat="46.046810019761324" lon="10.77025699429214">
        <ele>488.75274999999999</ele>
        <time>2026-08-09T15:08:04Z</time>
      </trkpt>
      <trkpt lat="46.046301992610097" lon="10.769574036821723">
        <ele>489.05878899999999</ele>
        <time>2026-08-09T15:08:19Z</time>
      </trkpt>
      <trkpt lat="46.046224040910602" lon="10.769552998244762">
        <ele>489.13464599999998</ele>
        <time>2026-08-09T15:08:20Z</time>
      </trkpt>
      <trkpt lat="46.0461360309273" lon="10.769398016855121">
        <ele>489.267516</ele>
        <time>2026-08-09T15:08:23Z</time>
      </trkpt>
      <trkpt lat="46.046086996793747" lon="10.769229037687182">
        <ele>489.38904200000002</ele>
        <time>2026-08-09T15:08:26Z</time>
      </trkpt>
      <trkpt lat="46.04600896127522" lon="10.768855959177017">
        <ele>489.64752499999997</ele>
        <time>2026-08-09T15:08:31Z</time>
      </trkpt>
      <trkpt lat="46.0458770301193" lon="10.768392020836473">
        <ele>489.98025699999999</ele>
        <time>2026-08-09T15:08:38Z</time>
      </trkpt>
      <trkpt lat="46.045807963237166" lon="10.767926992848516">
        <ele>490.29576800000001</ele>
        <time>2026-08-09T15:08:45Z</time>
      </trkpt>
      <trkpt lat="46.045603025704622" lon="10.767103973776102">
        <ele>490.92913199999998</ele>
        <time>2026-08-09T15:09:00Z</time>
      </trkpt>
      <trkpt lat="46.045577963814139" lon="10.76679996214807">
        <ele>491.19057199999997</ele>
        <time>2026-08-09T15:09:05Z</time>
      </trkpt>
      <trkpt lat="46.045495988801122" lon="10.766482036560774">
        <ele>491.48029000000002</ele>
        <time>2026-08-09T15:09:11Z</time>
      </trkpt>
      <trkpt lat="46.045474028214812" lon="10.766281960532069">
        <ele>491.65322700000002</ele>
        <time>2026-08-09T15:09:14Z</time>
      </trkpt>
      <trkpt lat="46.045633032917976" lon="10.765752978622913">
        <ele>492.14554800000002</ele>
        <time>2026-08-09T15:09:24Z</time>
      </trkpt>
      <trkpt lat="46.045647030696273" lon="10.765576958656311">
        <ele>492.29684099999997</ele>
        <time>2026-08-09T15:09:26Z</time>
      </trkpt>
      <trkpt lat="46.045359028503299" lon="10.764268040657043">
        <ele>493.41610100000003</ele>
        <time>2026-08-09T15:09:45Z</time>
      </trkpt>
      <trkpt lat="46.045286022126675" lon="10.763837965205312">
        <ele>493.758421</ele>
        <time>2026-08-09T15:09:52Z</time>
      </trkpt>
      <trkpt lat="46.045286022126675" lon="10.763612994924188">
        <ele>493.932413</ele>
        <time>2026-08-09T15:09:55Z</time>
      </trkpt>
      <trkpt lat="46.045207986608148" lon="10.763392969965935">
        <ele>494.123448</ele>
        <time>2026-08-09T15:09:59Z</time>
      </trkpt>
      <trkpt lat="46.045183008536696" lon="10.763332033529878">
        <ele>494.17822799999999</ele>
        <time>2026-08-09T15:10:00Z</time>
      </trkpt>
      <trkpt lat="46.045075971633196" lon="10.763148972764611">
        <ele>494.36326200000002</ele>
        <time>2026-08-09T15:10:04Z</time>
      </trkpt>
      <trkpt lat="46.044953009113669" lon="10.762775978073478">
        <ele>494.68259999999998</ele>
        <time>2026-08-09T15:10:11Z</time>
      </trkpt>
      <trkpt lat="46.044863993301988" lon="10.762364007532597">
        <ele>495.05845299999999</ele>
        <time>2026-08-09T15:10:18Z</time>
      </trkpt>
      <trkpt lat="46.043958999216557" lon="10.756116975098848">
        <ele>501.84986800000001</ele>
        <time>2026-08-09T15:12:05Z</time>
      </trkpt>
      <trkpt lat="46.042734989896417" lon="10.750201027840376">
        <ele>508.15885900000001</ele>
        <time>2026-08-09T15:13:46Z</time>
      </trkpt>
      <trkpt lat="46.04269701987505" lon="10.750094996765256">
        <ele>508.28488299999998</ele>
        <time>2026-08-09T15:13:48Z</time>
      </trkpt>
      <trkpt lat="46.042432989925146" lon="10.74838399887085">
        <ele>509.75843300000003</ele>
        <time>2026-08-09T15:14:19Z</time>
      </trkpt>
      <trkpt lat="46.042357971891761" lon="10.748180989176035">
        <ele>509.94739299999998</ele>
        <time>2026-08-09T15:14:22Z</time>
      </trkpt>
      <trkpt lat="46.042106011882424" lon="10.747685031965375">
        <ele>510.45246300000002</ele>
        <time>2026-08-09T15:14:30Z</time>
      </trkpt>
      <trkpt lat="46.041865032166243" lon="10.747339027002454">
        <ele>510.52677599999998</ele>
        <time>2026-08-09T15:14:36Z</time>
      </trkpt>
      <trkpt lat="46.041713990271091" lon="10.747213969007134">
        <ele>510.50034699999998</ele>
        <time>2026-08-09T15:14:38Z</time>
      </trkpt>
      <trkpt lat="46.041521960869431" lon="10.747122019529343">
        <ele>510.46964100000002</ele>
        <time>2026-08-09T15:14:42Z</time>
      </trkpt>
      <trkpt lat="46.041061040014029" lon="10.746983969584107">
        <ele>510.398189</ele>
        <time>2026-08-09T15:14:49Z</time>
      </trkpt>
      <trkpt lat="46.040890971198678" lon="10.746890008449554">
        <ele>510.37055600000002</ele>
        <time>2026-08-09T15:14:52Z</time>
      </trkpt>
      <trkpt lat="46.040709000080824" lon="10.746737038716674">
        <ele>510.33857799999998</ele>
        <time>2026-08-09T15:14:56Z</time>
      </trkpt>
      <trkpt lat="46.040395013988018" lon="10.746403019875288">
        <ele>510.32784900000001</ele>
        <time>2026-08-09T15:15:03Z</time>
      </trkpt>
      <trkpt lat="46.040025036782026" lon="10.745911002159119">
        <ele>510.56549000000001</ele>
        <time>2026-08-09T15:15:13Z</time>
      </trkpt>
      <trkpt lat="46.039840970188379" lon="10.745340026915073">
        <ele>510.771728</ele>
        <time>2026-08-09T15:15:21Z</time>
      </trkpt>
      <trkpt lat="46.039751032367349" lon="10.744862006977201">
        <ele>510.93398400000001</ele>
        <time>2026-08-09T15:15:28Z</time>
      </trkpt>
      <trkpt lat="46.039726976305246" lon="10.744235962629318">
        <ele>511.13938000000002</ele>
        <time>2026-08-09T15:15:37Z</time>
      </trkpt>
      <trkpt lat="46.039741979911923" lon="10.743961036205292">
        <ele>511.26843700000001</ele>
        <time>2026-08-09T15:15:40Z</time>
      </trkpt>
      <trkpt lat="46.03969001211226" lon="10.743179004639387">
        <ele>511.63676400000003</ele>
        <time>2026-08-09T15:15:50Z</time>
      </trkpt>
      <trkpt lat="46.03969001211226" lon="10.742685981094837">
        <ele>511.86791199999999</ele>
        <time>2026-08-09T15:15:56Z</time>
      </trkpt>
      <trkpt lat="46.039810962975025" lon="10.741730025038123">
        <ele>512.323532</ele>
        <time>2026-08-09T15:16:10Z</time>
      </trkpt>
      <trkpt lat="46.039929986000061" lon="10.7414670009166">
        <ele>512.76235899999995</ele>
        <time>2026-08-09T15:16:15Z</time>
      </trkpt>
      <trkpt lat="46.04016400873661" lon="10.741090988740325">
        <ele>513.59521800000005</ele>
        <time>2026-08-09T15:16:25Z</time>
      </trkpt>
      <trkpt lat="46.04091502726078" lon="10.74118503369391">
        <ele>515.38626499999998</ele>
        <time>2026-08-09T15:16:48Z</time>
      </trkpt>
      <trkpt lat="46.041307970881462" lon="10.740922009572387">
        <ele>516.41583400000002</ele>
        <time>2026-08-09T15:17:00Z</time>
      </trkpt>
      <trkpt lat="46.041368991136551" lon="10.740826958790421">
        <ele>516.62929399999996</ele>
        <time>2026-08-09T15:17:02Z</time>
      </trkpt>
      <trkpt lat="46.041228007525206" lon="10.739718033000827">
        <ele>518.54797900000005</ele>
        <time>2026-08-09T15:17:25Z</time>
      </trkpt>
      <trkpt lat="46.041135974228382" lon="10.738137038424611">
        <ele>521.21746900000005</ele>
        <time>2026-08-09T15:17:55Z</time>
      </trkpt>
      <trkpt lat="46.041049975901842" lon="10.737648960202932">
        <ele>521.949883</ele>
        <time>2026-08-09T15:18:05Z</time>
      </trkpt>
      <trkpt lat="46.041061040014029" lon="10.737393982708454">
        <ele>522.32154600000001</ele>
        <time>2026-08-09T15:18:10Z</time>
      </trkpt>
      <trkpt lat="46.040970012545586" lon="10.736920991912484">
        <ele>523.03555900000003</ele>
        <time>2026-08-09T15:18:19Z</time>
      </trkpt>
      <trkpt lat="46.040959032252431" lon="10.736269969493151">
        <ele>523.98284999999998</ele>
        <time>2026-08-09T15:18:31Z</time>
      </trkpt>
      <trkpt lat="46.04091796092689" lon="10.735994959250093">
        <ele>524.39201600000001</ele>
        <time>2026-08-09T15:18:36Z</time>
      </trkpt>
      <trkpt lat="46.040675975382328" lon="10.735068004578352">
        <ele>525.65523900000005</ele>
        <time>2026-08-09T15:18:54Z</time>
      </trkpt>
      <trkpt lat="46.040805978700519" lon="10.734429974108934">
        <ele>526.45505800000001</ele>
        <time>2026-08-09T15:19:05Z</time>
      </trkpt>
      <trkpt lat="46.040820982307196" lon="10.733909038826823">
        <ele>527.08229700000004</ele>
        <time>2026-08-09T15:19:14Z</time>
      </trkpt>
      <trkpt lat="46.04082902893424" lon="10.733647020533681">
        <ele>527.39775599999996</ele>
        <time>2026-08-09T15:19:19Z</time>
      </trkpt>
      <trkpt lat="46.040675975382328" lon="10.732489982619882">
        <ele>528.69114999999999</ele>
        <time>2026-08-09T15:19:38Z</time>
      </trkpt>
      <trkpt lat="46.040718974545598" lon="10.732221007347107">
        <ele>528.97718299999997</ele>
        <time>2026-08-09T15:19:42Z</time>
      </trkpt>
      <trkpt lat="46.040772031992674" lon="10.732062002643943">
        <ele>529.15994999999998</ele>
        <time>2026-08-09T15:19:45Z</time>
      </trkpt>
      <trkpt lat="46.040822993963957" lon="10.731951026245952">
        <ele>529.29788099999996</ele>
        <time>2026-08-09T15:19:47Z</time>
      </trkpt>
      <trkpt lat="46.041081994771957" lon="10.731547018513083">
        <ele>529.86772599999995</ele>
        <time>2026-08-09T15:20:00Z</time>
      </trkpt>
      <trkpt lat="46.041292967274785" lon="10.731218028813601">
        <ele>530.33186499999999</ele>
        <time>2026-08-09T15:20:10Z</time>
      </trkpt>
      <trkpt lat="46.041564960032701" lon="10.730793988332152">
        <ele>531.14191400000004</ele>
        <time>2026-08-09T15:20:24Z</time>
      </trkpt>
      <trkpt lat="46.041722958907485" lon="10.730546973645687">
        <ele>531.71966699999996</ele>
        <time>2026-08-09T15:20:32Z</time>
      </trkpt>
      <trkpt lat="46.041799988597631" lon="10.730367014184594">
        <ele>532.08335399999999</ele>
        <time>2026-08-09T15:20:38Z</time>
      </trkpt>
      <trkpt lat="46.041936026886106" lon="10.730300964787602">
        <ele>532.43897100000004</ele>
        <time>2026-08-09T15:20:41Z</time>
      </trkpt>
      <trkpt lat="46.042040968313813" lon="10.730242040008307">
        <ele>532.718253</ele>
        <time>2026-08-09T15:20:45Z</time>
      </trkpt>
      <trkpt lat="46.042027976363897" lon="10.730197029188275">
        <ele>532.80209200000002</ele>
        <time>2026-08-09T15:20:46Z</time>
      </trkpt>
      <trkpt lat="46.042042979970574" lon="10.730155035853386">
        <ele>532.88333699999998</ele>
        <time>2026-08-09T15:20:46Z</time>
      </trkpt>
      <trkpt lat="46.042364006862044" lon="10.729986978694797">
        <ele>533.72964200000001</ele>
        <time>2026-08-09T15:20:56Z</time>
      </trkpt>
      <trkpt lat="46.042509013786912" lon="10.729941967874765">
        <ele>534.09719700000005</ele>
        <time>2026-08-09T15:21:01Z</time>
      </trkpt>
      <trkpt lat="46.042631976306438" lon="10.729964012280107">
        <ele>534.40433299999995</ele>
        <time>2026-08-09T15:21:05Z</time>
      </trkpt>
      <trkpt lat="46.042945040389895" lon="10.730178002268076">
        <ele>535.30896399999995</ele>
        <time>2026-08-09T15:21:15Z</time>
      </trkpt>
      <trkpt lat="46.043507969006896" lon="10.730131985619664">
        <ele>537.03396199999997</ele>
        <time>2026-08-09T15:21:33Z</time>
      </trkpt>
      <trkpt lat="46.043735034763813" lon="10.730154030025005">
        <ele>537.72992899999997</ele>
        <time>2026-08-09T15:21:41Z</time>
      </trkpt>
      <trkpt lat="46.044014990329742" lon="10.729852030053735">
        <ele>538.799891</ele>
        <time>2026-08-09T15:21:52Z</time>
      </trkpt>
      <trkpt lat="46.044523017480969" lon="10.729592023417354">
        <ele>540.44902000000002</ele>
        <time>2026-08-09T15:22:08Z</time>
      </trkpt>
      <trkpt lat="46.045132968574762" lon="10.729091037064791">
        <ele>541.72430499999996</ele>
        <time>2026-08-09T15:22:28Z</time>
      </trkpt>
      <trkpt lat="46.045299014076591" lon="10.728899007663131">
        <ele>542.09537599999999</ele>
        <time>2026-08-09T15:22:33Z</time>
      </trkpt>
      <trkpt lat="46.045466987416148" lon="10.728609999641776">
        <ele>542.55147099999999</ele>
        <time>2026-08-09T15:22:39Z</time>
      </trkpt>
      <trkpt lat="46.046081967651844" lon="10.727104023098946">
        <ele>544.10640899999999</ele>
        <time>2026-08-09T15:23:06Z</time>
      </trkpt>
      <trkpt lat="46.046126978471875" lon="10.726994974538684">
        <ele>544.17066</ele>
        <time>2026-08-09T15:23:08Z</time>
      </trkpt>
      <trkpt lat="46.046323031187057" lon="10.72616801597178">
        <ele>544.613381</ele>
        <time>2026-08-09T15:23:20Z</time>
      </trkpt>
      <trkpt lat="46.046487987041473" lon="10.725764008238912">
        <ele>544.85085700000002</ele>
        <time>2026-08-09T15:23:27Z</time>
      </trkpt>
      <trkpt lat="46.046839021146297" lon="10.725118014961481">
        <ele>544.97234300000002</ele>
        <time>2026-08-09T15:23:37Z</time>
      </trkpt>
      <trkpt lat="46.047127023339272" lon="10.724422987550497">
        <ele>544.89995799999997</ele>
        <time>2026-08-09T15:23:46Z</time>
      </trkpt>
      <trkpt lat="46.04734000749886" lon="10.723753022029996">
        <ele>544.83405800000003</ele>
        <time>2026-08-09T15:23:54Z</time>
      </trkpt>
      <trkpt lat="46.047613006085157" lon="10.723129995167255">
        <ele>544.96408499999995</ele>
        <time>2026-08-09T15:24:02Z</time>
      </trkpt>
      <trkpt lat="46.047734040766954" lon="10.722689023241401">
        <ele>545.423314</ele>
        <time>2026-08-09T15:24:09Z</time>
      </trkpt>
      <trkpt lat="46.047759018838406" lon="10.722468998283148">
        <ele>545.63920099999996</ele>
        <time>2026-08-09T15:24:12Z</time>
      </trkpt>
      <trkpt lat="46.047868989408016" lon="10.722391968593001">
        <ele>545.80983700000002</ele>
        <time>2026-08-09T15:24:15Z</time>
      </trkpt>
      <trkpt lat="46.048082979395986" lon="10.722090974450111">
        <ele>546.22711700000002</ele>
        <time>2026-08-09T15:24:22Z</time>
      </trkpt>
      <trkpt lat="46.048120027408004" lon="10.721883019432425">
        <ele>546.43505600000003</ele>
        <time>2026-08-09T15:24:26Z</time>
      </trkpt>
      <trkpt lat="46.048184987157583" lon="10.721799032762647">
        <ele>546.55688499999997</ele>
        <time>2026-08-09T15:24:28Z</time>
      </trkpt>
      <trkpt lat="46.048335023224354" lon="10.72167900390923">
        <ele>546.79627600000003</ele>
        <time>2026-08-09T15:24:33Z</time>
      </trkpt>
      <trkpt lat="46.048467960208654" lon="10.721632987260818">
        <ele>546.98712</ele>
        <time>2026-08-09T15:24:36Z</time>
      </trkpt>
      <trkpt lat="46.04895000346005" lon="10.721354959532619">
        <ele>548.07381099999998</ele>
        <time>2026-08-09T15:24:52Z</time>
      </trkpt>
      <trkpt lat="46.049007000401616" lon="10.721220010891557">
        <ele>548.35972100000004</ele>
        <time>2026-08-09T15:24:55Z</time>
      </trkpt>
      <trkpt lat="46.049106996506453" lon="10.721049020066857">
        <ele>548.76430700000003</ele>
        <time>2026-08-09T15:25:00Z</time>
      </trkpt>
      <trkpt lat="46.049602031707764" lon="10.720429010689259">
        <ele>550.47418000000005</ele>
        <time>2026-08-09T15:25:19Z</time>
      </trkpt>
      <trkpt lat="46.04991601780057" lon="10.720243016257882">
        <ele>551.35924499999999</ele>
        <time>2026-08-09T15:25:29Z</time>
      </trkpt>
      <trkpt lat="46.050037974491715" lon="10.720144025981426">
        <ele>551.72426599999994</ele>
        <time>2026-08-09T15:25:33Z</time>
      </trkpt>
      <trkpt lat="46.050274008885026" lon="10.719844959676266">
        <ele>552.34062200000005</ele>
        <time>2026-08-09T15:25:41Z</time>
      </trkpt>
      <trkpt lat="46.050426978617907" lon="10.719705987721682">
        <ele>552.64135599999997</ele>
        <time>2026-08-09T15:25:46Z</time>
      </trkpt>
      <trkpt lat="46.050896029919386" lon="10.719655025750399">
        <ele>553.42336699999998</ele>
        <time>2026-08-09T15:25:58Z</time>
      </trkpt>
      <trkpt lat="46.051122006028891" lon="10.719600962474942">
        <ele>553.80426299999999</ele>
        <time>2026-08-09T15:26:03Z</time>
      </trkpt>
      <trkpt lat="46.051197024062276" lon="10.719534996896982">
        <ele>553.95038</ele>
        <time>2026-08-09T15:26:05Z</time>
      </trkpt>
      <trkpt lat="46.051271958276629" lon="10.719409016892314">
        <ele>554.14192600000001</ele>
        <time>2026-08-09T15:26:08Z</time>
      </trkpt>
      <trkpt lat="46.051531964913011" lon="10.71880099363625">
        <ele>554.96599800000001</ele>
        <time>2026-08-09T15:26:19Z</time>
      </trkpt>
      <trkpt lat="46.051584016531706" lon="10.718739973381162">
        <ele>555.17851599999995</ele>
        <time>2026-08-09T15:26:21Z</time>
      </trkpt>
      <trkpt lat="46.051729023456573" lon="10.718729998916388">
        <ele>555.65530799999999</ele>
        <time>2026-08-09T15:26:24Z</time>
      </trkpt>
      <trkpt lat="46.052108975127339" lon="10.718909036368132">
        <ele>556.96840299999997</ele>
        <time>2026-08-09T15:26:33Z</time>
      </trkpt>
      <trkpt lat="46.052392031997442" lon="10.718995034694672">
        <ele>557.91835100000003</ele>
        <time>2026-08-09T15:26:41Z</time>
      </trkpt>
      <trkpt lat="46.0525409784168" lon="10.719024036079645">
        <ele>558.41218000000003</ele>
        <time>2026-08-09T15:26:46Z</time>
      </trkpt>
      <trkpt lat="46.052682967856526" lon="10.718986988067627">
        <ele>558.88613699999996</ele>
        <time>2026-08-09T15:26:51Z</time>
      </trkpt>
      <trkpt lat="46.052831998094916" lon="10.718961004167795">
        <ele>559.379097</ele>
        <time>2026-08-09T15:26:59Z</time>
      </trkpt>
      <trkpt lat="46.052890000864863" lon="10.718926973640919">
        <ele>559.58475599999997</ele>
        <time>2026-08-09T15:27:02Z</time>
      </trkpt>
      <trkpt lat="46.053035007789731" lon="10.718394974246621">
        <ele>560.89519800000005</ele>
        <time>2026-08-09T15:27:18Z</time>
      </trkpt>
      <trkpt lat="46.053065015003085" lon="10.718180984258652">
        <ele>562.01788999999997</ele>
        <time>2026-08-09T15:27:24Z</time>
      </trkpt>
      <trkpt lat="46.05307599529624" lon="10.71791997179389">
        <ele>563.36251800000002</ele>
        <time>2026-08-09T15:27:33Z</time>
      </trkpt>
      <trkpt lat="46.053050011396408" lon="10.717097036540508">
        <ele>567.59906000000001</ele>
        <time>2026-08-09T15:28:03Z</time>
      </trkpt>
      <trkpt lat="46.053063003346324" lon="10.716927973553538">
        <ele>568.47344099999998</ele>
        <time>2026-08-09T15:28:10Z</time>
      </trkpt>
      <trkpt lat="46.053127041086555" lon="10.716879023239017">
        <ele>569.01045499999998</ele>
        <time>2026-08-09T15:28:14Z</time>
      </trkpt>
      <trkpt lat="46.053492994979024" lon="10.717167025431991">
        <ele>572.10047999999995</ele>
        <time>2026-08-09T15:28:38Z</time>
      </trkpt>
      <trkpt lat="46.053757024928927" lon="10.717167025431991">
        <ele>574.05667300000005</ele>
        <time>2026-08-09T15:28:52Z</time>
      </trkpt>
      <trkpt lat="46.053834976628423" lon="10.717067029327154">
        <ele>574.60613799999999</ele>
        <time>2026-08-09T15:28:58Z</time>
      </trkpt>
      <trkpt lat="46.054056007415056" lon="10.716899977996945">
        <ele>575.78799500000002</ele>
        <time>2026-08-09T15:29:09Z</time>
      </trkpt>
      <trkpt lat="46.054679034277797" lon="10.716945994645357">
        <ele>578.74242600000002</ele>
        <time>2026-08-09T15:29:33Z</time>
      </trkpt>
      <trkpt lat="46.055130986496806" lon="10.717099970206618">
        <ele>580.94214399999998</ele>
        <time>2026-08-09T15:29:47Z</time>
      </trkpt>
      <trkpt lat="46.055768011137843" lon="10.717598022893071">
        <ele>585.08569</ele>
        <time>2026-08-09T15:30:09Z</time>
      </trkpt>
      <trkpt lat="46.055992981418967" lon="10.717605985701084">
        <ele>586.61201600000004</ele>
        <time>2026-08-09T15:30:19Z</time>
      </trkpt>
      <trkpt lat="46.056147962808609" lon="10.717498026788235">
        <ele>587.77959599999997</ele>
        <time>2026-08-09T15:30:28Z</time>
      </trkpt>
      <trkpt lat="46.056498996913433" lon="10.71712302044034">
        <ele>590.74278900000002</ele>
        <time>2026-08-09T15:30:51Z</time>
      </trkpt>
      <trkpt lat="46.056565968319774" lon="10.717097958549857">
        <ele>591.21214199999997</ele>
        <time>2026-08-09T15:30:55Z</time>
      </trkpt>
      <trkpt lat="46.05670896358788" lon="10.716799981892109">
        <ele>592.91719599999999</ele>
        <time>2026-08-09T15:31:10Z</time>
      </trkpt>
      <trkpt lat="46.056805020198226" lon="10.716565037146211">
        <ele>594.20051799999999</ele>
        <time>2026-08-09T15:31:21Z</time>
      </trkpt>
      <trkpt lat="46.056889006868005" lon="10.716469986364245">
        <ele>594.92466100000001</ele>
        <time>2026-08-09T15:31:28Z</time>
      </trkpt>
      <trkpt lat="46.057156976312399" lon="10.716142002493143">
        <ele>595.80508799999996</ele>
        <time>2026-08-09T15:31:47Z</time>
      </trkpt>
      <trkpt lat="46.057453025132418" lon="10.715795997530222">
        <ele>596.75903000000005</ele>
        <time>2026-08-09T15:32:04Z</time>
      </trkpt>
      <trkpt lat="46.057860972359776" lon="10.715177999809384">
        <ele>598.24055599999997</ele>
        <time>2026-08-09T15:32:18Z</time>
      </trkpt>
      <trkpt lat="46.058142017573118" lon="10.715156039223075">
        <ele>598.94490399999995</ele>
        <time>2026-08-09T15:32:22Z</time>
      </trkpt>
      <trkpt lat="46.058193985372782" lon="10.715099964290857">
        <ele>599.10738200000003</ele>
        <time>2026-08-09T15:32:23Z</time>
      </trkpt>
      <trkpt lat="46.058221980929375" lon="10.714978007599711">
        <ele>599.33056199999999</ele>
        <time>2026-08-09T15:32:24Z</time>
      </trkpt>
      <trkpt lat="46.058174036443233" lon="10.71471699513495">
        <ele>598.23537899999997</ele>
        <time>2026-08-09T15:32:26Z</time>
      </trkpt>
      <trkpt lat="46.058248970657587" lon="10.714638959616423">
        <ele>597.49471100000005</ele>
        <time>2026-08-09T15:32:27Z</time>
      </trkpt>
      <trkpt lat="46.058499002829194" lon="10.714691011235118">
        <ele>595.47197600000004</ele>
        <time>2026-08-09T15:32:30Z</time>
      </trkpt>
      <trkpt lat="46.058555999770761" lon="10.714672990143299">
        <ele>595.00469099999998</ele>
        <time>2026-08-09T15:32:31Z</time>
      </trkpt>
      <trkpt lat="46.058664964511991" lon="10.714607024565339">
        <ele>594.05790300000001</ele>
        <time>2026-08-09T15:32:34Z</time>
      </trkpt>
      <trkpt lat="46.058854982256889" lon="10.714518008753657">
        <ele>592.45803100000001</ele>
        <time>2026-08-09T15:32:36Z</time>
      </trkpt>
      <trkpt lat="46.05920098721981" lon="10.714229000732303">
        <ele>589.25551800000005</ele>
        <time>2026-08-09T15:32:40Z</time>
      </trkpt>
      <trkpt lat="46.059258989989758" lon="10.714241992682219">
        <ele>588.78547200000003</ele>
        <time>2026-08-09T15:32:41Z</time>
      </trkpt>
      <trkpt lat="46.059363009408116" lon="10.714413989335299">
        <ele>587.51775499999997</ele>
        <time>2026-08-09T15:32:42Z</time>
      </trkpt>
      <trkpt lat="46.059468034654856" lon="10.714971972629428">
        <ele>584.62402999999995</ele>
        <time>2026-08-09T15:32:47Z</time>
      </trkpt>
      <trkpt lat="46.059542968869209" lon="10.71517095901072">
        <ele>583.92425500000002</ele>
        <time>2026-08-09T15:32:48Z</time>
      </trkpt>
      <trkpt lat="46.059839017689228" lon="10.715452004224062">
        <ele>582.345822</ele>
        <time>2026-08-09T15:32:52Z</time>
      </trkpt>
      <trkpt lat="46.060643009841442" lon="10.715999007225037">
        <ele>578.38655200000005</ele>
        <time>2026-08-09T15:33:03Z</time>
      </trkpt>
      <trkpt lat="46.061092028394341" lon="10.715816030278802">
        <ele>577.16083600000002</ele>
        <time>2026-08-09T15:33:14Z</time>
      </trkpt>
      <trkpt lat="46.061568036675453" lon="10.71534002199769">
        <ele>577.69813299999998</ele>
        <time>2026-08-09T15:33:27Z</time>
      </trkpt>
      <trkpt lat="46.06162897311151" lon="10.715306997299194">
        <ele>577.758557</ele>
        <time>2026-08-09T15:33:28Z</time>
      </trkpt>
      <trkpt lat="46.061679013073444" lon="10.715359970927238">
        <ele>577.81611799999996</ele>
        <time>2026-08-09T15:33:30Z</time>
      </trkpt>
      <trkpt lat="46.061803987249732" lon="10.715644033625722">
        <ele>578.03253600000005</ele>
        <time>2026-08-09T15:33:39Z</time>
      </trkpt>
      <trkpt lat="46.062082014977932" lon="10.716164968907833">
        <ele>578.45546200000001</ele>
        <time>2026-08-09T15:33:48Z</time>
      </trkpt>
      <trkpt lat="46.061868024989963" lon="10.716317016631365">
        <ele>578.67671600000006</ele>
        <time>2026-08-09T15:33:53Z</time>
      </trkpt>
      <trkpt lat="46.061559990048409" lon="10.716648017987609">
        <ele>579.89377899999999</ele>
        <time>2026-08-09T15:34:04Z</time>
      </trkpt>
      <trkpt lat="46.061032013967633" lon="10.717174988240004">
        <ele>581.94990900000005</ele>
        <time>2026-08-09T15:34:25Z</time>
      </trkpt>
      <trkpt lat="46.060936041176319" lon="10.717290993779898">
        <ele>582.35097499999995</ele>
        <time>2026-08-09T15:34:29Z</time>
      </trkpt>
      <trkpt lat="46.061254972591996" lon="10.717388978227973">
        <ele>583.39515700000004</ele>
        <time>2026-08-09T15:34:43Z</time>
      </trkpt>
      <trkpt lat="46.062168013304472" lon="10.717951990664005">
        <ele>584.88482299999998</ele>
        <time>2026-08-09T15:35:17Z</time>
      </trkpt>
      <trkpt lat="46.062780981883407" lon="10.718201017007232">
        <ele>585.30967299999998</ele>
        <time>2026-08-09T15:35:29Z</time>
      </trkpt>
      <trkpt lat="46.063576005399227" lon="10.718334037810564">
        <ele>585.74643800000001</ele>
        <time>2026-08-09T15:35:42Z</time>
      </trkpt>
      <trkpt lat="46.063926033675671" lon="10.718429004773498">
        <ele>585.87069699999995</ele>
        <time>2026-08-09T15:35:49Z</time>
      </trkpt>
      <trkpt lat="46.064503965899348" lon="10.718604018911719">
        <ele>586.07675700000004</ele>
        <time>2026-08-09T15:36:03Z</time>
      </trkpt>
      <trkpt lat="46.065550027415156" lon="10.718819014728069">
        <ele>586.61290699999995</ele>
        <time>2026-08-09T15:36:31Z</time>
      </trkpt>
      <trkpt lat="46.066013965755701" lon="10.719063011929393">
        <ele>586.94748400000003</ele>
        <time>2026-08-09T15:36:42Z</time>
      </trkpt>
      <trkpt lat="46.066789962351322" lon="10.719096036627889">
        <ele>587.47336800000005</ele>
        <time>2026-08-09T15:36:57Z</time>
      </trkpt>
      <trkpt lat="46.067304024472833" lon="10.719005009159446">
        <ele>588.50491399999999</ele>
        <time>2026-08-09T15:37:09Z</time>
      </trkpt>
      <trkpt lat="46.067675007507205" lon="10.718790013343096">
        <ele>589.32082400000002</ele>
        <time>2026-08-09T15:37:20Z</time>
      </trkpt>
      <trkpt lat="46.067939037457108" lon="10.718860002234578">
        <ele>589.86854500000004</ele>
        <time>2026-08-09T15:37:28Z</time>
      </trkpt>
      <trkpt lat="46.068476988002658" lon="10.719248000532389">
        <ele>591.09606499999995</ele>
        <time>2026-08-09T15:37:49Z</time>
      </trkpt>
      <trkpt lat="46.06861000880599" lon="10.719265015795827">
        <ele>591.40829099999996</ele>
        <time>2026-08-09T15:37:54Z</time>
      </trkpt>
      <trkpt lat="46.068788962438703" lon="10.719216987490654">
        <ele>591.84931800000004</ele>
        <time>2026-08-09T15:38:01Z</time>
      </trkpt>
      <trkpt lat="46.069088028743863" lon="10.719225034117699">
        <ele>592.57370300000002</ele>
        <time>2026-08-09T15:38:12Z</time>
      </trkpt>
      <trkpt lat="46.069975001737475" lon="10.719657959416509">
        <ele>594.84213999999997</ele>
        <time>2026-08-09T15:38:40Z</time>
      </trkpt>
      <trkpt lat="46.070115985348821" lon="10.719727026298642">
        <ele>595.20282799999995</ele>
        <time>2026-08-09T15:38:44Z</time>
      </trkpt>
      <trkpt lat="46.070433994755149" lon="10.719988960772753">
        <ele>595.73753599999998</ele>
        <time>2026-08-09T15:38:52Z</time>
      </trkpt>
      <trkpt lat="46.070701964199543" lon="10.720313005149364">
        <ele>596.06745699999999</ele>
        <time>2026-08-09T15:39:00Z</time>
      </trkpt>
      <trkpt lat="46.071447031572461" lon="10.720853973180056">
        <ele>596.85428300000001</ele>
        <time>2026-08-09T15:39:18Z</time>
      </trkpt>
      <trkpt lat="46.071736961603165" lon="10.721165025606751">
        <ele>597.19521199999997</ele>
        <time>2026-08-09T15:39:27Z</time>
      </trkpt>
      <trkpt lat="46.072065029293299" lon="10.721821999177337">
        <ele>599.66515600000002</ele>
        <time>2026-08-09T15:39:44Z</time>
      </trkpt>
      <trkpt lat="46.072153961285949" lon="10.722036994993687">
        <ele>600.44542999999999</ele>
        <time>2026-08-09T15:39:50Z</time>
      </trkpt>
      <trkpt lat="46.072186985984445" lon="10.722080999985337">
        <ele>600.64737300000002</ele>
        <time>2026-08-09T15:39:52Z</time>
      </trkpt>
      <trkpt lat="46.072227973490953" lon="10.722083011642098">
        <ele>600.83166300000005</ele>
        <time>2026-08-09T15:39:53Z</time>
      </trkpt>
      <trkpt lat="46.072377003729343" lon="10.722563965246081">
        <ele>602.47336700000005</ele>
        <time>2026-08-09T15:40:12Z</time>
      </trkpt>
      <trkpt lat="46.072848988696933" lon="10.723487986251712">
        <ele>606.11984199999995</ele>
        <time>2026-08-09T15:41:05Z</time>
      </trkpt>
      <trkpt lat="46.07288796454668" lon="10.723574990406632">
        <ele>606.47254699999996</ele>
        <time>2026-08-09T15:41:09Z</time>
      </trkpt>
      <trkpt lat="46.073060967028141" lon="10.724099026992917">
        <ele>608.44854499999997</ele>
        <time>2026-08-09T15:41:33Z</time>
      </trkpt>
      <trkpt lat="46.073433961719275" lon="10.724641000851989">
        <ele>611.04810899999995</ele>
        <time>2026-08-09T15:42:02Z</time>
      </trkpt>
      <trkpt lat="46.07365901581943" lon="10.724810985848308">
        <ele>612.29497600000002</ele>
        <time>2026-08-09T15:42:16Z</time>
      </trkpt>
      <trkpt lat="46.074092024937272" lon="10.725046014413238">
        <ele>614.10226</ele>
        <time>2026-08-09T15:42:36Z</time>
      </trkpt>
      <trkpt lat="46.074255974963307" lon="10.725218011066318">
        <ele>614.06853000000001</ele>
        <time>2026-08-09T15:42:44Z</time>
      </trkpt>
      <trkpt lat="46.075138002634048" lon="10.72573802433908">
        <ele>613.91004799999996</ele>
        <time>2026-08-09T15:43:12Z</time>
      </trkpt>
      <trkpt lat="46.075432039797306" lon="10.725860986858606">
        <ele>613.85913400000004</ele>
        <time>2026-08-09T15:43:21Z</time>
      </trkpt>
      <trkpt lat="46.075878040865064" lon="10.725962994620204">
        <ele>613.81540800000005</ele>
        <time>2026-08-09T15:43:34Z</time>
      </trkpt>
      <trkpt lat="46.076050959527493" lon="10.725902980193496">
        <ele>613.81289600000002</ele>
        <time>2026-08-09T15:43:39Z</time>
      </trkpt>
      <trkpt lat="46.076368968933821" lon="10.726065002381802">
        <ele>613.80813499999999</ele>
        <time>2026-08-09T15:43:49Z</time>
      </trkpt>
      <trkpt lat="46.076922006905079" lon="10.726322997361422">
        <ele>613.79992900000002</ele>
        <time>2026-08-09T15:44:09Z</time>
      </trkpt>
      <trkpt lat="46.077527012676001" lon="10.726368008181453">
        <ele>613.94700599999999</ele>
        <time>2026-08-09T15:44:32Z</time>
      </trkpt>
      <trkpt lat="46.077947029843926" lon="10.72657898068428">
        <ele>614.57128799999998</ele>
        <time>2026-08-09T15:44:46Z</time>
      </trkpt>
      <trkpt lat="46.078005032613873" lon="10.726579986512661">
        <ele>614.65270199999998</ele>
        <time>2026-08-09T15:44:47Z</time>
      </trkpt>
      <trkpt lat="46.078140987083316" lon="10.72653497569263">
        <ele>614.84855500000003</ele>
        <time>2026-08-09T15:44:52Z</time>
      </trkpt>
      <trkpt lat="46.078521022573113" lon="10.726536987349391">
        <ele>615.38192600000002</ele>
        <time>2026-08-09T15:45:05Z</time>
      </trkpt>
      <trkpt lat="46.078705005347729" lon="10.726712001487613">
        <ele>615.691329</ele>
        <time>2026-08-09T15:45:15Z</time>
      </trkpt>
      <trkpt lat="46.078868033364415" lon="10.72679003700614">
        <ele>615.93239000000005</ele>
        <time>2026-08-09T15:45:22Z</time>
      </trkpt>
      <trkpt lat="46.079151006415486" lon="10.727041997015476">
        <ele>616.55600800000002</ele>
        <time>2026-08-09T15:45:38Z</time>
      </trkpt>
      <trkpt lat="46.07941503636539" lon="10.727189015597105">
        <ele>617.71455500000002</ele>
        <time>2026-08-09T15:45:53Z</time>
      </trkpt>
      <trkpt lat="46.079861959442496" lon="10.727582965046167">
        <ele>619.85936300000003</ele>
        <time>2026-08-09T15:46:25Z</time>
      </trkpt>
      <trkpt lat="46.080290023237467" lon="10.72784598916769">
        <ele>621.76398500000005</ele>
        <time>2026-08-09T15:46:51Z</time>
      </trkpt>
      <trkpt lat="46.080581964924932" lon="10.727985966950655">
        <ele>623.02371500000004</ele>
        <time>2026-08-09T15:47:07Z</time>
      </trkpt>
      <trkpt lat="46.081282021477818" lon="10.728143965825438">
        <ele>624.28076299999998</ele>
        <time>2026-08-09T15:47:36Z</time>
      </trkpt>
      <trkpt lat="46.081487964838743" lon="10.728218983858824">
        <ele>624.51343099999997</ele>
        <time>2026-08-09T15:47:44Z</time>
      </trkpt>
      <trkpt lat="46.081833969801664" lon="10.728462981060147">
        <ele>624.93522800000005</ele>
        <time>2026-08-09T15:47:58Z</time>
      </trkpt>
      <trkpt lat="46.081943018361926" lon="10.728514026850462">
        <ele>625.06072099999994</ele>
        <time>2026-08-09T15:48:02Z</time>
      </trkpt>
      <trkpt lat="46.081976965069771" lon="10.72853003628552">
        <ele>625.09988599999997</ele>
        <time>2026-08-09T15:48:03Z</time>
      </trkpt>
      <trkpt lat="46.082853963598609" lon="10.729163037613034">
        <ele>625.42278099999999</ele>
        <time>2026-08-09T15:48:39Z</time>
      </trkpt>
      <trkpt lat="46.083171973004937" lon="10.729244006797671">
        <ele>625.26917900000001</ele>
        <time>2026-08-09T15:48:44Z</time>
      </trkpt>
      <trkpt lat="46.083346987143159" lon="10.729389013722539">
        <ele>625.17317100000002</ele>
        <time>2026-08-09T15:48:47Z</time>
      </trkpt>
      <trkpt lat="46.083786031231284" lon="10.729508958756924">
        <ele>624.96063700000002</ele>
        <time>2026-08-09T15:48:55Z</time>
      </trkpt>
      <trkpt lat="46.084067998453975" lon="10.729879019781947">
        <ele>624.84820999999999</ele>
        <time>2026-08-09T15:49:02Z</time>
      </trkpt>
      <trkpt lat="46.084500001743436" lon="10.730227958410978">
        <ele>625.66514800000004</ele>
        <time>2026-08-09T15:49:13Z</time>
      </trkpt>
      <trkpt lat="46.085446989163756" lon="10.731204031035304">
        <ele>627.58554400000003</ele>
        <time>2026-08-09T15:49:49Z</time>
      </trkpt>
      <trkpt lat="46.086310995742679" lon="10.731873996555805">
        <ele>627.58302800000001</ele>
        <time>2026-08-09T15:50:08Z</time>
      </trkpt>
      <trkpt lat="46.087182965129614" lon="10.732091004028916">
        <ele>627.401884</ele>
        <time>2026-08-09T15:50:21Z</time>
      </trkpt>
      <trkpt lat="46.087869023904204" lon="10.732191000133753">
        <ele>627.35491999999999</ele>
        <time>2026-08-09T15:50:31Z</time>
      </trkpt>
      <trkpt lat="46.087948987260461" lon="10.732213966548443">
        <ele>627.35004400000003</ele>
        <time>2026-08-09T15:50:32Z</time>
      </trkpt>
      <trkpt lat="46.088184015825391" lon="10.732332989573479">
        <ele>627.33515499999999</ele>
        <time>2026-08-09T15:50:36Z</time>
      </trkpt>
      <trkpt lat="46.088436981663108" lon="10.732545973733068">
        <ele>627.31764199999998</ele>
        <time>2026-08-09T15:50:42Z</time>
      </trkpt>
      <trkpt lat="46.088672010228038" lon="10.73261696845293">
        <ele>627.30328899999995</ele>
        <time>2026-08-09T15:50:47Z</time>
      </trkpt>
      <trkpt lat="46.089040981605649" lon="10.732609005644917">
        <ele>627.44000000000005</ele>
        <time>2026-08-09T15:50:55Z</time>
      </trkpt>
      <trkpt lat="46.089186994358897" lon="10.732567012310028">
        <ele>627.71260800000005</ele>
        <time>2026-08-09T15:50:58Z</time>
      </trkpt>
      <trkpt lat="46.089397966861725" lon="10.732591990381479">
        <ele>628.10027000000002</ele>
        <time>2026-08-09T15:51:03Z</time>
      </trkpt>
      <trkpt lat="46.08951598405838" lon="10.732639012858272">
        <ele>628.324432</ele>
        <time>2026-08-09T15:51:06Z</time>
      </trkpt>
      <trkpt lat="46.089900964871049" lon="10.733063975349069">
        <ele>629.21228099999996</ele>
        <time>2026-08-09T15:51:18Z</time>
      </trkpt>
      <trkpt lat="46.090176980942488" lon="10.733233038336039">
        <ele>629.76134300000001</ele>
        <time>2026-08-09T15:51:26Z</time>
      </trkpt>
      <trkpt lat="46.090647038072348" lon="10.733393970876932">
        <ele>630.70732799999996</ele>
        <time>2026-08-09T15:51:40Z</time>
      </trkpt>
      <trkpt lat="46.091225976124406" lon="10.733677027747035">
        <ele>632.86568299999999</ele>
        <time>2026-08-09T15:51:59Z</time>
      </trkpt>
      <trkpt lat="46.091564018279314" lon="10.734064020216465">
        <ele>634.38940100000002</ele>
        <time>2026-08-09T15:52:13Z</time>
      </trkpt>
      <trkpt lat="46.091806003823876" lon="10.734527036547661">
        <ele>635.808896</ele>
        <time>2026-08-09T15:52:27Z</time>
      </trkpt>
      <trkpt lat="46.092943008989096" lon="10.73583897203207">
        <ele>640.35437400000001</ele>
        <time>2026-08-09T15:53:20Z</time>
      </trkpt>
      <trkpt lat="46.093451036140323" lon="10.736492006108165">
        <ele>642.28630499999997</ele>
        <time>2026-08-09T15:53:39Z</time>
      </trkpt>
      <trkpt lat="46.093845991417766" lon="10.73706298135221">
        <ele>640.864642</ele>
        <time>2026-08-09T15:53:46Z</time>
      </trkpt>
      <trkpt lat="46.094008013606071" lon="10.736598959192634">
        <ele>639.948938</ele>
        <time>2026-08-09T15:53:51Z</time>
      </trkpt>
      <trkpt lat="46.094175986945629" lon="10.735994959250093">
        <ele>638.80182200000002</ele>
        <time>2026-08-09T15:53:56Z</time>
      </trkpt>
      <trkpt lat="46.094271037727594" lon="10.735896974802017">
        <ele>638.50492099999997</ele>
        <time>2026-08-09T15:53:57Z</time>
      </trkpt>
      <trkpt lat="46.094432976096869" lon="10.735896974802017">
        <ele>638.09314400000005</ele>
        <time>2026-08-09T15:53:59Z</time>
      </trkpt>
      <trkpt lat="46.09454101882875" lon="10.735996970906854">
        <ele>637.76705100000004</ele>
        <time>2026-08-09T15:54:01Z</time>
      </trkpt>
      <trkpt lat="46.095465961843729" lon="10.735970987007022">
        <ele>639.44329600000003</ele>
        <time>2026-08-09T15:54:17Z</time>
      </trkpt>
      <trkpt lat="46.096127964556217" lon="10.736582027748227">
        <ele>640.867347</ele>
        <time>2026-08-09T15:54:48Z</time>
      </trkpt>
      <trkpt lat="46.096294010058045" lon="10.736685963347554">
        <ele>641.22994000000006</ele>
        <time>2026-08-09T15:54:56Z</time>
      </trkpt>
      <trkpt lat="46.096501965075731" lon="10.736871035769582">
        <ele>641.76330499999995</ele>
        <time>2026-08-09T15:55:06Z</time>
      </trkpt>
      <trkpt lat="46.096573965623975" lon="10.736953010782599">
        <ele>641.96354299999996</ele>
        <time>2026-08-09T15:55:10Z</time>
      </trkpt>
      <trkpt lat="46.096573965623975" lon="10.737050995230675">
        <ele>642.11186199999997</ele>
        <time>2026-08-09T15:55:12Z</time>
      </trkpt>
      <trkpt lat="46.096951989457011" lon="10.737481992691755">
        <ele>643.16357700000003</ele>
        <time>2026-08-09T15:55:27Z</time>
      </trkpt>
      <trkpt lat="46.097193975001574" lon="10.737694976851344">
        <ele>643.78235099999995</ele>
        <time>2026-08-09T15:55:34Z</time>
      </trkpt>
      <trkpt lat="46.097694039344788" lon="10.73804902844131">
        <ele>644.94273699999997</ele>
        <time>2026-08-09T15:55:42Z</time>
      </trkpt>
      <trkpt lat="46.097894031554461" lon="10.738108959048986">
        <ele>644.86025400000005</ele>
        <time>2026-08-09T15:55:45Z</time>
      </trkpt>
      <trkpt lat="46.098166024312377" lon="10.738125974312425">
        <ele>644.75032599999997</ele>
        <time>2026-08-09T15:55:49Z</time>
      </trkpt>
      <trkpt lat="46.099191969260573" lon="10.737849958240986">
        <ele>644.32891099999995</ele>
        <time>2026-08-09T15:56:05Z</time>
      </trkpt>
      <trkpt lat="46.099675018340349" lon="10.737817017361522">
        <ele>644.59969899999999</ele>
        <time>2026-08-09T15:56:16Z</time>
      </trkpt>
      <trkpt lat="46.099893031641841" lon="10.737831015139818">
        <ele>644.96054800000002</ele>
        <time>2026-08-09T15:56:21Z</time>
      </trkpt>
      <trkpt lat="46.100216992199421" lon="10.737902009859681">
        <ele>645.502475</ele>
        <time>2026-08-09T15:56:30Z</time>
      </trkpt>
      <trkpt lat="46.100646983832121" lon="10.738123962655663">
        <ele>646.25772600000005</ele>
        <time>2026-08-09T15:56:42Z</time>
      </trkpt>
      <trkpt lat="46.102134017273784" lon="10.739094000309706">
        <ele>649.23042299999997</ele>
        <time>2026-08-09T15:57:23Z</time>
      </trkpt>
      <trkpt lat="46.102181039750576" lon="10.739123001694679">
        <ele>649.32813599999997</ele>
        <time>2026-08-09T15:57:24Z</time>
      </trkpt>
      <trkpt lat="46.102268965914845" lon="10.738784037530422">
        <ele>649.80787599999996</ele>
        <time>2026-08-09T15:57:30Z</time>
      </trkpt>
      <trkpt lat="46.102282041683793" lon="10.738736009225249">
        <ele>649.87617299999999</ele>
        <time>2026-08-09T15:57:31Z</time>
      </trkpt>
      <trkpt lat="46.102296961471438" lon="10.738688986748457">
        <ele>649.94474500000001</ele>
        <time>2026-08-09T15:57:32Z</time>
      </trkpt>
      <trkpt lat="46.10255696810782" lon="10.738816978409886">
        <ele>650.46986900000002</ele>
        <time>2026-08-09T15:57:40Z</time>
      </trkpt>
      <trkpt lat="46.102989977225661" lon="10.738944970071316">
        <ele>651.82752900000003</ele>
        <time>2026-08-09T15:57:56Z</time>
      </trkpt>
      <trkpt lat="46.103040017187595" lon="10.73895301669836">
        <ele>651.996487</ele>
        <time>2026-08-09T15:57:58Z</time>
      </trkpt>
      <trkpt lat="46.103483000770211" lon="10.739043038338423">
        <ele>653.499011</ele>
        <time>2026-08-09T15:58:14Z</time>
      </trkpt>
      <trkpt lat="46.104549011215568" lon="10.739385019987822">
        <ele>656.80904699999996</ele>
        <time>2026-08-09T15:58:52Z</time>
      </trkpt>
      <trkpt lat="46.104910019785166" lon="10.739935962483287">
        <ele>657.28184899999997</ele>
        <time>2026-08-09T15:59:13Z</time>
      </trkpt>
      <trkpt lat="46.105195004492998" lon="10.740459999069571">
        <ele>657.69721000000004</ele>
        <time>2026-08-09T15:59:28Z</time>
      </trkpt>
      <trkpt lat="46.105351997539401" lon="10.740955034270883">
        <ele>658.036698</ele>
        <time>2026-08-09T15:59:39Z</time>
      </trkpt>
      <trkpt lat="46.105445036664605" lon="10.741534978151321">
        <ele>658.51652999999999</ele>
        <time>2026-08-09T15:59:51Z</time>
      </trkpt>
      <trkpt lat="46.105445036664605" lon="10.741790039464831">
        <ele>658.829926</ele>
        <time>2026-08-09T15:59:57Z</time>
      </trkpt>
      <trkpt lat="46.105382004752755" lon="10.742201004177332">
        <ele>659.34724400000005</ele>
        <time>2026-08-09T16:00:07Z</time>
      </trkpt>
      <trkpt lat="46.105376975610852" lon="10.742682041600347">
        <ele>659.93846199999996</ele>
        <time>2026-08-09T16:00:20Z</time>
      </trkpt>
      <trkpt lat="46.105464985594153" lon="10.743050007149577">
        <ele>660.41687999999999</ele>
        <time>2026-08-09T16:00:31Z</time>
      </trkpt>
      <trkpt lat="46.105636982247233" lon="10.743411015719175">
        <ele>660.95520899999997</ele>
        <time>2026-08-09T16:00:45Z</time>
      </trkpt>
      <trkpt lat="46.105896988883615" lon="10.743502965196967">
        <ele>661.42975300000001</ele>
        <time>2026-08-09T16:00:58Z</time>
      </trkpt>
      <trkpt lat="46.107011027634144" lon="10.744366971775889">
        <ele>665.63953000000004</ele>
        <time>2026-08-09T16:02:00Z</time>
      </trkpt>
      <trkpt lat="46.107065007090569" lon="10.744479959830642">
        <ele>665.95992200000001</ele>
        <time>2026-08-09T16:02:04Z</time>
      </trkpt>
      <trkpt lat="46.107074981555343" lon="10.744684981182218">
        <ele>666.43967799999996</ele>
        <time>2026-08-09T16:02:10Z</time>
      </trkpt>
      <trkpt lat="46.106979008764029" lon="10.745130982249975">
        <ele>667.52988900000003</ele>
        <time>2026-08-09T16:02:24Z</time>
      </trkpt>
      <trkpt lat="46.107242032885551" lon="10.74567798525095">
        <ele>669.60762199999999</ele>
        <time>2026-08-09T16:02:36Z</time>
      </trkpt>
      <trkpt lat="46.107922978699207" lon="10.746806021779776">
        <ele>674.28446899999994</ele>
        <time>2026-08-09T16:03:17Z</time>
      </trkpt>
      <trkpt lat="46.108595039695501" lon="10.746651962399483">
        <ele>677.41826800000001</ele>
        <time>2026-08-09T16:03:49Z</time>
      </trkpt>
      <trkpt lat="46.108707021921873" lon="10.74653796851635">
        <ele>678.06014800000003</ele>
        <time>2026-08-09T16:03:55Z</time>
      </trkpt>
      <trkpt lat="46.1088299844414" lon="10.746345017105341">
        <ele>678.91120000000001</ele>
        <time>2026-08-09T16:04:03Z</time>
      </trkpt>
      <trkpt lat="46.108926963061094" lon="10.746825970709324">
        <ele>680.53742399999999</ele>
        <time>2026-08-09T16:04:17Z</time>
      </trkpt>
      <trkpt lat="46.109100971370935" lon="10.747198965400457">
        <ele>681.99691199999995</ele>
        <time>2026-08-09T16:04:29Z</time>
      </trkpt>
      <trkpt lat="46.109234998002648" lon="10.747381020337343">
        <ele>682.85876900000005</ele>
        <time>2026-08-09T16:04:36Z</time>
      </trkpt>
      <trkpt lat="46.109386961907148" lon="10.747419996187091">
        <ele>683.58169099999998</ele>
        <time>2026-08-09T16:04:40Z</time>
      </trkpt>
      <trkpt lat="46.109504979103804" lon="10.747520998120308">
        <ele>684.09975799999995</ele>
        <time>2026-08-09T16:04:44Z</time>
      </trkpt>
      <trkpt lat="46.109705977141857" lon="10.747856022790074">
        <ele>684.33957599999997</ele>
        <time>2026-08-09T16:04:50Z</time>
      </trkpt>
      <trkpt lat="46.109934970736504" lon="10.748109994456172">
        <ele>684.56512699999996</ele>
        <time>2026-08-09T16:04:57Z</time>
      </trkpt>
      <trkpt lat="46.110305031761527" lon="10.748389028012753">
        <ele>684.89111100000002</ele>
        <time>2026-08-09T16:05:05Z</time>
      </trkpt>
      <trkpt lat="46.110981032252312" lon="10.749212969094515">
        <ele>685.54479700000002</ele>
        <time>2026-08-09T16:05:20Z</time>
      </trkpt>
      <trkpt lat="46.111083040013909" lon="10.749282035976648">
        <ele>685.60084500000005</ele>
        <time>2026-08-09T16:05:22Z</time>
      </trkpt>
      <trkpt lat="46.111265011131763" lon="10.749485967680812">
        <ele>685.71551299999999</ele>
        <time>2026-08-09T16:05:25Z</time>
      </trkpt>
      <trkpt lat="46.111978981643915" lon="10.749766007065773">
        <ele>686.08362099999999</ele>
        <time>2026-08-09T16:05:39Z</time>
      </trkpt>
      <trkpt lat="46.112296991050243" lon="10.749942027032375">
        <ele>686.25307099999998</ele>
        <time>2026-08-09T16:05:47Z</time>
      </trkpt>
      <trkpt lat="46.112445015460253" lon="10.74993004091084">
        <ele>686.32681700000001</ele>
        <time>2026-08-09T16:05:50Z</time>
      </trkpt>
      <trkpt lat="46.112501006573439" lon="10.749979997053742">
        <ele>686.35958200000005</ele>
        <time>2026-08-09T16:05:51Z</time>
      </trkpt>
      <trkpt lat="46.113111041486263" lon="10.751249017193913">
        <ele>688.94314799999995</ele>
        <time>2026-08-09T16:06:18Z</time>
      </trkpt>
      <trkpt lat="46.113326959311962" lon="10.75175603851676">
        <ele>689.96080700000005</ele>
        <time>2026-08-09T16:06:31Z</time>
      </trkpt>
      <trkpt lat="46.113618984818459" lon="10.752198016270995">
        <ele>691.150171</ele>
        <time>2026-08-09T16:06:46Z</time>
      </trkpt>
      <trkpt lat="46.113889971747994" lon="10.752377975732088">
        <ele>692.43733699999996</ele>
        <time>2026-08-09T16:06:57Z</time>
      </trkpt>
      <trkpt lat="46.114012012258172" lon="10.752366995438933">
        <ele>692.96471099999997</ele>
        <time>2026-08-09T16:07:01Z</time>
      </trkpt>
      <trkpt lat="46.114432029426098" lon="10.752545027062297">
        <ele>694.85330799999997</ele>
        <time>2026-08-09T16:07:18Z</time>
      </trkpt>
      <trkpt lat="46.114670997485518" lon="10.752565981820226">
        <ele>695.88634100000002</ele>
        <time>2026-08-09T16:07:27Z</time>
      </trkpt>
      <trkpt lat="46.114862021058798" lon="10.752675030380487">
        <ele>696.772514</ele>
        <time>2026-08-09T16:07:35Z</time>
      </trkpt>
      <trkpt lat="46.115375999361277" lon="10.752769997343421">
        <ele>698.95510899999999</ele>
        <time>2026-08-09T16:07:53Z</time>
      </trkpt>
      <trkpt lat="46.115724015980959" lon="10.752880973741412">
        <ele>700.30607799999996</ele>
        <time>2026-08-09T16:08:05Z</time>
      </trkpt>
      <trkpt lat="46.116050994023681" lon="10.753121031448245">
        <ele>701.69678599999997</ele>
        <time>2026-08-09T16:08:19Z</time>
      </trkpt>
      <trkpt lat="46.116115031763911" lon="10.753103010356426">
        <ele>701.94394899999998</ele>
        <time>2026-08-09T16:08:21Z</time>
      </trkpt>
      <trkpt lat="46.116184014827013" lon="10.752967977896333">
        <ele>702.38467300000002</ele>
        <time>2026-08-09T16:08:25Z</time>
      </trkpt>
      <trkpt lat="46.116216033697128" lon="10.752958003431559">
        <ele>702.50878299999999</ele>
        <time>2026-08-09T16:08:26Z</time>
      </trkpt>
      <trkpt lat="46.116284010931849" lon="10.752981975674629">
        <ele>702.77414199999998</ele>
        <time>2026-08-09T16:08:29Z</time>
      </trkpt>
      <trkpt lat="46.116489032283425" lon="10.752998990938067">
        <ele>703.55248700000004</ele>
        <time>2026-08-09T16:08:36Z</time>
      </trkpt>
      <trkpt lat="46.116614006459713" lon="10.753065962344408">
        <ele>704.057953</ele>
        <time>2026-08-09T16:08:41Z</time>
      </trkpt>
      <trkpt lat="46.116671003401279" lon="10.7531320117414">
        <ele>704.33500300000003</ele>
        <time>2026-08-09T16:08:43Z</time>
      </trkpt>
      <trkpt lat="46.116838976740837" lon="10.753295961767435">
        <ele>705.10391300000003</ele>
        <time>2026-08-09T16:08:50Z</time>
      </trkpt>
      <trkpt lat="46.117339041084051" lon="10.753295961767435">
        <ele>705.83901600000002</ele>
        <time>2026-08-09T16:09:05Z</time>
      </trkpt>
      <trkpt lat="46.117580020800233" lon="10.753274001181126">
        <ele>706.09495200000003</ele>
        <time>2026-08-09T16:09:11Z</time>
      </trkpt>
      <trkpt lat="46.117778001353145" lon="10.753342984244227">
        <ele>706.31083799999999</ele>
        <time>2026-08-09T16:09:15Z</time>
      </trkpt>
      <trkpt lat="46.118017975240946" lon="10.753432000055909">
        <ele>706.57347200000004</ele>
        <time>2026-08-09T16:09:20Z</time>
      </trkpt>
      <trkpt lat="46.118818027898669" lon="10.75349603779614">
        <ele>707.20902899999999</ele>
        <time>2026-08-09T16:09:33Z</time>
      </trkpt>
      <trkpt lat="46.119459997862577" lon="10.753457983955741">
        <ele>706.75021800000002</ele>
        <time>2026-08-09T16:09:43Z</time>
      </trkpt>
      <trkpt lat="46.120224008336663" lon="10.753472987562418">
        <ele>706.20462799999996</ele>
        <time>2026-08-09T16:09:54Z</time>
      </trkpt>
      <trkpt lat="46.120680989697576" lon="10.753481034189463">
        <ele>705.82246299999997</ele>
        <time>2026-08-09T16:10:02Z</time>
      </trkpt>
      <trkpt lat="46.120714014396071" lon="10.753481034189463">
        <ele>705.78896499999996</ele>
        <time>2026-08-09T16:10:02Z</time>
      </trkpt>
      <trkpt lat="46.121045015752316" lon="10.753458989784122">
        <ele>705.45262000000002</ele>
        <time>2026-08-09T16:10:07Z</time>
      </trkpt>
      <trkpt lat="46.12144198268652" lon="10.753298979252577">
        <ele>705.03420800000004</ele>
        <time>2026-08-09T16:10:13Z</time>
      </trkpt>
      <trkpt lat="46.121638035401702" lon="10.753580024465919">
        <ele>704.75372600000003</ele>
        <time>2026-08-09T16:10:17Z</time>
      </trkpt>
      <trkpt lat="46.121665025129914" lon="10.753616988658905">
        <ele>704.71592599999997</ele>
        <time>2026-08-09T16:10:18Z</time>
      </trkpt>
      <trkpt lat="46.122113037854433" lon="10.754123004153371">
        <ele>704.17233299999998</ele>
        <time>2026-08-09T16:10:26Z</time>
      </trkpt>
      <trkpt lat="46.122166011482477" lon="10.754212019965053">
        <ele>704.14998000000003</ele>
        <time>2026-08-09T16:10:27Z</time>
      </trkpt>
      <trkpt lat="46.122210016474128" lon="10.754406983032823">
        <ele>704.11091299999998</ele>
        <time>2026-08-09T16:10:30Z</time>
      </trkpt>
      <trkpt lat="46.122142961248755" lon="10.754802022129297">
        <ele>704.03344400000003</ele>
        <time>2026-08-09T16:10:34Z</time>
      </trkpt>
      <trkpt lat="46.12215000204742" lon="10.754919033497572">
        <ele>704.01107200000001</ele>
        <time>2026-08-09T16:10:35Z</time>
      </trkpt>
      <trkpt lat="46.122177997604012" lon="10.754977958276868">
        <ele>703.99744999999996</ele>
        <time>2026-08-09T16:10:36Z</time>
      </trkpt>
      <trkpt lat="46.122878976166248" lon="10.75532304123044">
        <ele>703.79388100000006</ele>
        <time>2026-08-09T16:10:48Z</time>
      </trkpt>
      <trkpt lat="46.124180015176535" lon="10.756069030612707">
        <ele>704.21292600000004</ele>
        <time>2026-08-09T16:11:16Z</time>
      </trkpt>
      <trkpt lat="46.124574970453978" lon="10.756328031420708">
        <ele>704.43421699999999</ele>
        <time>2026-08-09T16:11:24Z</time>
      </trkpt>
      <trkpt lat="46.125004962086678" lon="10.756660960614681">
        <ele>704.75924999999995</ele>
        <time>2026-08-09T16:11:33Z</time>
      </trkpt>
      <trkpt lat="46.12522398121655" lon="10.756903029978275">
        <ele>705.04240700000003</ele>
        <time>2026-08-09T16:11:38Z</time>
      </trkpt>
      <trkpt lat="46.125776013359427" lon="10.757624041289091">
        <ele>705.80672100000004</ele>
        <time>2026-08-09T16:11:55Z</time>
      </trkpt>
      <trkpt lat="46.126279011368752" lon="10.758467009291053">
        <ele>706.64881200000002</ele>
        <time>2026-08-09T16:12:13Z</time>
      </trkpt>
      <trkpt lat="46.126442961394787" lon="10.758716035634279">
        <ele>706.97933999999998</ele>
        <time>2026-08-09T16:12:19Z</time>
      </trkpt>
      <trkpt lat="46.126788966357708" lon="10.75914703309536">
        <ele>707.61396400000001</ele>
        <time>2026-08-09T16:12:31Z</time>
      </trkpt>
      <trkpt lat="46.127409981563687" lon="10.75979202054441">
        <ele>708.67628000000002</ele>
        <time>2026-08-09T16:12:48Z</time>
      </trkpt>
      <trkpt lat="46.127697983756661" lon="10.759983966127038">
        <ele>709.11290499999996</ele>
        <time>2026-08-09T16:12:55Z</time>
      </trkpt>
      <trkpt lat="46.12853298895061" lon="10.760338017717004">
        <ele>710.29314499999998</ele>
        <time>2026-08-09T16:13:13Z</time>
      </trkpt>
      <trkpt lat="46.129646021872759" lon="10.760525017976761">
        <ele>712.19644400000004</ele>
        <time>2026-08-09T16:13:41Z</time>
      </trkpt>
      <trkpt lat="46.129744006320834" lon="10.760518983006477">
        <ele>712.45038399999999</ele>
        <time>2026-08-09T16:13:44Z</time>
      </trkpt>
      <trkpt lat="46.129778036847711" lon="10.760485958307981">
        <ele>712.556467</ele>
        <time>2026-08-09T16:13:45Z</time>
      </trkpt>
      <trkpt lat="46.129793040454388" lon="10.760083962231874">
        <ele>713.27876900000001</ele>
        <time>2026-08-09T16:13:53Z</time>
      </trkpt>
      <trkpt lat="46.129836039617658" lon="10.760021014139056">
        <ele>713.43741699999998</ele>
        <time>2026-08-09T16:13:55Z</time>
      </trkpt>
      <trkpt lat="46.129961013793945" lon="10.760027971118689">
        <ele>713.76127199999996</ele>
        <time>2026-08-09T16:13:59Z</time>
      </trkpt>
      <trkpt lat="46.130496030673385" lon="10.760069964453578">
        <ele>715.14837799999998</ele>
        <time>2026-08-09T16:14:17Z</time>
      </trkpt>
      <trkpt lat="46.130828959867358" lon="10.75994499027729">
        <ele>716.03917300000001</ele>
        <time>2026-08-09T16:14:27Z</time>
      </trkpt>
      <trkpt lat="46.1311100050807" lon="10.759823033586144">
        <ele>716.19894499999998</ele>
        <time>2026-08-09T16:14:34Z</time>
      </trkpt>
      <trkpt lat="46.131338998675346" lon="10.759803000837564">
        <ele>716.31891900000005</ele>
        <time>2026-08-09T16:14:40Z</time>
      </trkpt>
      <trkpt lat="46.131318965926766" lon="10.759884975850582">
        <ele>716.35042299999998</ele>
        <time>2026-08-09T16:14:41Z</time>
      </trkpt>
      <trkpt lat="46.131300022825599" lon="10.760000981390476">
        <ele>716.39362000000006</ele>
        <time>2026-08-09T16:14:43Z</time>
      </trkpt>
      <trkpt lat="46.131108999252319" lon="10.761151984333992">
        <ele>716.822541</ele>
        <time>2026-08-09T16:14:56Z</time>
      </trkpt>
      <trkpt lat="46.131103970110416" lon="10.761262038722634">
        <ele>716.86249199999997</ele>
        <time>2026-08-09T16:14:57Z</time>
      </trkpt>
      <trkpt lat="46.131172031164169" lon="10.761346025392413">
        <ele>716.90930200000003</ele>
        <time>2026-08-09T16:14:59Z</time>
      </trkpt>
      <trkpt lat="46.131925983354449" lon="10.761872995644808">
        <ele>717.30366000000004</ele>
        <time>2026-08-09T16:15:12Z</time>
      </trkpt>
      <trkpt lat="46.132381036877632" lon="10.76215404085815">
        <ele>717.53099099999997</ele>
        <time>2026-08-09T16:15:22Z</time>
      </trkpt>
      <trkpt lat="46.132845981046557" lon="10.762367025017738">
        <ele>717.75508100000002</ele>
        <time>2026-08-09T16:15:33Z</time>
      </trkpt>
      <trkpt lat="46.133353002369404" lon="10.76250096783042">
        <ele>718.41509099999996</ele>
        <time>2026-08-09T16:15:45Z</time>
      </trkpt>
      <trkpt lat="46.134567959234118" lon="10.762575985863805">
        <ele>720.30204600000002</ele>
        <time>2026-08-09T16:16:16Z</time>
      </trkpt>
      <trkpt lat="46.13493399694562" lon="10.762631976976991">
        <ele>720.76857099999995</ele>
        <time>2026-08-09T16:16:24Z</time>
      </trkpt>
      <trkpt lat="46.135205989703536" lon="10.762709006667137">
        <ele>721.03114800000003</ele>
        <time>2026-08-09T16:16:30Z</time>
      </trkpt>
      <trkpt lat="46.135476976633072" lon="10.762903969734907">
        <ele>721.31800999999996</ele>
        <time>2026-08-09T16:16:37Z</time>
      </trkpt>
      <trkpt lat="46.135852988809347" lon="10.763253998011351">
        <ele>721.74186599999996</ele>
        <time>2026-08-09T16:16:46Z</time>
      </trkpt>
      <trkpt lat="46.136549022048712" lon="10.76402697712183">
        <ele>722.632836</ele>
        <time>2026-08-09T16:17:04Z</time>
      </trkpt>
      <trkpt lat="46.137095019221306" lon="10.764555037021637">
        <ele>723.39390500000002</ele>
        <time>2026-08-09T16:17:18Z</time>
      </trkpt>
      <trkpt lat="46.137581001967192" lon="10.764869023114443">
        <ele>724.01049799999998</ele>
        <time>2026-08-09T16:17:30Z</time>
      </trkpt>
      <trkpt lat="46.138181984424591" lon="10.765088964253664">
        <ele>724.79282999999998</ele>
        <time>2026-08-09T16:17:45Z</time>
      </trkpt>
      <trkpt lat="46.138859996572137" lon="10.765198012813926">
        <ele>725.733566</ele>
        <time>2026-08-09T16:18:01Z</time>
      </trkpt>
      <trkpt lat="46.139175994321704" lon="10.765217961743474">
        <ele>726.16974400000004</ele>
        <time>2026-08-09T16:18:09Z</time>
      </trkpt>
      <trkpt lat="46.140813985839486" lon="10.76535802334547">
        <ele>728.28439800000001</ele>
        <time>2026-08-09T16:18:46Z</time>
      </trkpt>
      <trkpt lat="46.143877990543842" lon="10.765507975593209">
        <ele>732.53679199999999</ele>
        <time>2026-08-09T16:19:57Z</time>
      </trkpt>
      <trkpt lat="46.144269006326795" lon="10.76544402167201">
        <ele>733.15888700000005</ele>
        <time>2026-08-09T16:20:07Z</time>
      </trkpt>
      <trkpt lat="46.144591961055994" lon="10.765340002253652">
        <ele>733.68206999999995</ele>
        <time>2026-08-09T16:20:15Z</time>
      </trkpt>
      <trkpt lat="46.146145965903997" lon="10.764697026461363">
        <ele>736.334746</ele>
        <time>2026-08-09T16:20:55Z</time>
      </trkpt>
      <trkpt lat="46.146975019946694" lon="10.764191010966897">
        <ele>737.875135</ele>
        <time>2026-08-09T16:21:17Z</time>
      </trkpt>
      <trkpt lat="46.147066969424486" lon="10.764161003753543">
        <ele>738.04810699999996</ele>
        <time>2026-08-09T16:21:19Z</time>
      </trkpt>
      <trkpt lat="46.147168977186084" lon="10.764173995703459">
        <ele>738.23589300000003</ele>
        <time>2026-08-09T16:21:21Z</time>
      </trkpt>
      <trkpt lat="46.147342985495925" lon="10.764274997636676">
        <ele>738.57982900000002</ele>
        <time>2026-08-09T16:21:26Z</time>
      </trkpt>
      <trkpt lat="46.147450022399426" lon="10.764270974323153">
        <ele>738.77612199999999</ele>
        <time>2026-08-09T16:21:29Z</time>
      </trkpt>
      <trkpt lat="46.148675959557295" lon="10.763796977698803">
        <ele>741.13131799999996</ele>
        <time>2026-08-09T16:22:02Z</time>
      </trkpt>
      <trkpt lat="46.148995980620384" lon="10.763592962175608">
        <ele>741.81965400000001</ele>
        <time>2026-08-09T16:22:11Z</time>
      </trkpt>
      <trkpt lat="46.149254981428385" lon="10.763357011601329">
        <ele>742.42233199999998</ele>
        <time>2026-08-09T16:22:19Z</time>
      </trkpt>
      <trkpt lat="46.149424966424704" lon="10.763156013563275">
        <ele>742.85473300000001</ele>
        <time>2026-08-09T16:22:25Z</time>
      </trkpt>
      <trkpt lat="46.14960802718997" lon="10.762830041348934">
        <ele>743.42670199999998</ele>
        <time>2026-08-09T16:22:32Z</time>
      </trkpt>
      <trkpt lat="46.150295007973909" lon="10.761359017342329">
        <ele>746.24825999999996</ele>
        <time>2026-08-09T16:23:03Z</time>
      </trkpt>
      <trkpt lat="46.151823028922081" lon="10.7583540212363">
        <ele>754.69113600000003</ele>
        <time>2026-08-09T16:24:23Z</time>
      </trkpt>
      <trkpt lat="46.152546973899007" lon="10.757425976917148">
        <ele>761.09615599999995</ele>
        <time>2026-08-09T16:25:09Z</time>
      </trkpt>
      <trkpt lat="46.153264967724681" lon="10.756870005279779">
        <ele>767.13562400000001</ele>
        <time>2026-08-09T16:25:56Z</time>
      </trkpt>
      <trkpt lat="46.153655983507633" lon="10.756583008915186">
        <ele>769.87358099999994</ele>
        <time>2026-08-09T16:26:19Z</time>
      </trkpt>
      <trkpt lat="46.153852958232164" lon="10.756531963124871">
        <ele>770.87020600000005</ele>
        <time>2026-08-09T16:26:29Z</time>
      </trkpt>
      <trkpt lat="46.15532398223877" lon="10.755618000403047">
        <ele>778.14198599999997</ele>
        <time>2026-08-09T16:27:26Z</time>
      </trkpt>
      <trkpt lat="46.155935022979975" lon="10.75528297573328">
        <ele>779.25007000000005</ele>
        <time>2026-08-09T16:27:46Z</time>
      </trkpt>
      <trkpt lat="46.157176969572902" lon="10.75450798496604">
        <ele>779.72744499999999</ele>
        <time>2026-08-09T16:28:17Z</time>
      </trkpt>
      <trkpt lat="46.158151030540466" lon="10.754110012203455">
        <ele>777.08618799999999</ele>
        <time>2026-08-09T16:28:32Z</time>
      </trkpt>
      <trkpt lat="46.158835999667645" lon="10.75392602942884">
        <ele>775.14967799999999</ele>
        <time>2026-08-09T16:28:42Z</time>
      </trkpt>
      <trkpt lat="46.159647032618523" lon="10.753640960901976">
        <ele>772.674218</ele>
        <time>2026-08-09T16:28:54Z</time>
      </trkpt>
      <trkpt lat="46.160509027540684" lon="10.753287998959422">
        <ele>770.65686700000003</ele>
        <time>2026-08-09T16:29:09Z</time>
      </trkpt>
      <trkpt lat="46.160686975345016" lon="10.753196971490979">
        <ele>770.55386699999997</ele>
        <time>2026-08-09T16:29:13Z</time>
      </trkpt>
      <trkpt lat="46.160920998081565" lon="10.752949034795165">
        <ele>770.39552800000001</ele>
        <time>2026-08-09T16:29:18Z</time>
      </trkpt>
      <trkpt lat="46.161068016663194" lon="10.753581030294299">
        <ele>770.14364899999998</ele>
        <time>2026-08-09T16:29:26Z</time>
      </trkpt>
      <trkpt lat="46.161175975576043" lon="10.754129961133003">
        <ele>769.92802800000004</ele>
        <time>2026-08-09T16:29:33Z</time>
      </trkpt>
      <trkpt lat="46.161182010546327" lon="10.755006037652493">
        <ele>770.68687199999999</ele>
        <time>2026-08-09T16:29:44Z</time>
      </trkpt>
      <trkpt lat="46.161239007487893" lon="10.755472993478179">
        <ele>771.38346300000001</ele>
        <time>2026-08-09T16:29:53Z</time>
      </trkpt>
      <trkpt lat="46.161625999957323" lon="10.75629198923707">
        <ele>772.839877</ele>
        <time>2026-08-09T16:30:14Z</time>
      </trkpt>
      <trkpt lat="46.161810988560319" lon="10.756681999191642">
        <ele>773.53426000000002</ele>
        <time>2026-08-09T16:30:24Z</time>
      </trkpt>
      <trkpt lat="46.162121035158634" lon="10.757203018292785">
        <ele>774.96078499999999</ele>
        <time>2026-08-09T16:30:38Z</time>
      </trkpt>
      <trkpt lat="46.162228994071484" lon="10.757456989958882">
        <ele>775.599828</ele>
        <time>2026-08-09T16:30:45Z</time>
      </trkpt>
      <trkpt lat="46.162353968247771" lon="10.757747003808618">
        <ele>776.33219799999995</ele>
        <time>2026-08-09T16:30:52Z</time>
      </trkpt>
      <trkpt lat="46.162958974018693" lon="10.758352009579539">
        <ele>778.61043800000004</ele>
        <time>2026-08-09T16:31:16Z</time>
      </trkpt>
      <trkpt lat="46.162948999553919" lon="10.758428033441305">
        <ele>778.77630399999998</ele>
        <time>2026-08-09T16:31:17Z</time>
      </trkpt>
      <trkpt lat="46.162972971796989" lon="10.758498022332788">
        <ele>778.94377299999996</ele>
        <time>2026-08-09T16:31:19Z</time>
      </trkpt>
      <trkpt lat="46.163046984001994" lon="10.758529035374522">
        <ele>779.18230100000005</ele>
        <time>2026-08-09T16:31:21Z</time>
      </trkpt>
      <trkpt lat="46.163066010922194" lon="10.758519982919097">
        <ele>779.24307899999997</ele>
        <time>2026-08-09T16:31:22Z</time>
      </trkpt>
      <trkpt lat="46.163158966228366" lon="10.7588030397892">
        <ele>779.89648299999999</ele>
        <time>2026-08-09T16:31:31Z</time>
      </trkpt>
      <trkpt lat="46.163753997534513" lon="10.759582975879312">
        <ele>782.316912</ele>
        <time>2026-08-09T16:32:03Z</time>
      </trkpt>
      <trkpt lat="46.164102014154196" lon="10.75988195836544">
        <ele>783.53653499999996</ele>
        <time>2026-08-09T16:32:18Z</time>
      </trkpt>
      <trkpt lat="46.164238974452019" lon="10.760034006088972">
        <ele>784.05689299999995</ele>
        <time>2026-08-09T16:32:25Z</time>
      </trkpt>
      <trkpt lat="46.165312025696039" lon="10.760599030181766">
        <ele>787.79961900000001</ele>
        <time>2026-08-09T16:33:12Z</time>
      </trkpt>
      <trkpt lat="46.165664987638593" lon="10.760939000174403">
        <ele>789.21216900000002</ele>
        <time>2026-08-09T16:33:29Z</time>
      </trkpt>
      <trkpt lat="46.165883000940084" lon="10.761331021785736">
        <ele>790.37122199999999</ele>
        <time>2026-08-09T16:33:44Z</time>
      </trkpt>
      <trkpt lat="46.16679503582418" lon="10.762196034193039">
        <ele>794.031567</ele>
        <time>2026-08-09T16:34:33Z</time>
      </trkpt>
      <trkpt lat="46.167146991938353" lon="10.762579003348947">
        <ele>795.51087399999994</ele>
        <time>2026-08-09T16:34:51Z</time>
      </trkpt>
      <trkpt lat="46.16714296862483" lon="10.76258503831923">
        <ele>795.53023199999996</ele>
        <time>2026-08-09T16:34:51Z</time>
      </trkpt>
      <trkpt lat="46.167573966085911" lon="10.763022992759943">
        <ele>797.06139199999996</ele>
        <time>2026-08-09T16:35:02Z</time>
      </trkpt>
      <trkpt lat="46.167628029361367" lon="10.763004971668124">
        <ele>797.17988400000002</ele>
        <time>2026-08-09T16:35:03Z</time>
      </trkpt>
      <trkpt lat="46.16750699467957" lon="10.762883014976978">
        <ele>797.49541999999997</ele>
        <time>2026-08-09T16:35:07Z</time>
      </trkpt>
      <trkpt lat="46.167318988591433" lon="10.762525023892522">
        <ele>798.16068399999995</ele>
        <time>2026-08-09T16:35:13Z</time>
      </trkpt>
      <trkpt lat="46.167126037180424" lon="10.762095032259822">
        <ele>798.91942200000005</ele>
        <time>2026-08-09T16:35:21Z</time>
      </trkpt>
      <trkpt lat="46.167169036343694" lon="10.762053038924932">
        <ele>799.03041800000005</ele>
        <time>2026-08-09T16:35:22Z</time>
      </trkpt>
      <trkpt lat="46.16711899638176" lon="10.762098971754313">
        <ele>799.15717700000005</ele>
        <time>2026-08-09T16:35:23Z</time>
      </trkpt>
      <trkpt lat="46.167164007201791" lon="10.762062007561326">
        <ele>799.26789599999995</ele>
        <time>2026-08-09T16:35:25Z</time>
      </trkpt>
      <trkpt lat="46.167471958324313" lon="10.762088997289538">
        <ele>799.92763300000001</ele>
        <time>2026-08-09T16:35:33Z</time>
      </trkpt>
      <trkpt lat="46.16812901571393" lon="10.762623008340597">
        <ele>801.208439</ele>
        <time>2026-08-09T16:35:55Z</time>
      </trkpt>
      <trkpt lat="46.168381981551647" lon="10.762708000838757">
        <ele>801.58863899999994</ele>
        <time>2026-08-09T16:36:02Z</time>
      </trkpt>
      <trkpt lat="46.168679036200047" lon="10.76264999806881">
        <ele>802.02730599999995</ele>
        <time>2026-08-09T16:36:09Z</time>
      </trkpt>
      <trkpt lat="46.168419532477856" lon="10.762867256999016">
        <ele>806.2421875</ele>
      </trkpt>
      <trkpt lat="46.168934851884842" lon="10.763796642422676">
        <ele>807.94921875</ele>
      </trkpt>
      <trkpt lat="46.169671453535557" lon="10.764523940160871">
        <ele>811.92578125</ele>
      </trkpt>
      <trkpt lat="46.169949900358915" lon="10.764571633189917">
        <ele>813.04296875</ele>
      </trkpt>
      <trkpt lat="46.170452982187271" lon="10.764500135555863">
        <ele>814.3984375</ele>
      </trkpt>
      <trkpt lat="46.17089319974184" lon="10.764500135555863">
        <ele>818.58984375</ele>
      </trkpt>
      <trkpt lat="46.171800456941128" lon="10.765835456550121">
        <ele>828.9453125</ele>
      </trkpt>
      <trkpt lat="46.173182129859924" lon="10.766980089247227">
        <ele>847.15234375</ele>
      </trkpt>
      <trkpt lat="46.173487482592463" lon="10.76758811250329">
        <ele>846.6796875</ele>
      </trkpt>
      <trkpt lat="46.174098355695605" lon="10.768291605636477">
        <ele>847.421875</ele>
      </trkpt>
      <trkpt lat="46.174754155799747" lon="10.768756633624434">
        <ele>854.2109375</ele>
      </trkpt>
      <trkpt lat="46.175868026912212" lon="10.768911615014076">
        <ele>858.54296875</ele>
      </trkpt>
      <trkpt lat="46.176317213103175" lon="10.769185787066817">
        <ele>859.2890625</ele>
      </trkpt>
      <trkpt lat="46.176883159205317" lon="10.769245466217399">
        <ele>863.52734375</ele>
      </trkpt>
      <trkpt lat="46.177269397303462" lon="10.769412349909544">
        <ele>868.0859375</ele>
      </trkpt>
      <trkpt lat="46.179039152339101" lon="10.77035422436893">
        <ele>884.03515625</ele>
      </trkpt>
      <trkpt lat="46.179353557527065" lon="10.770735768601298">
        <ele>885.11328125</ele>
      </trkpt>
      <trkpt lat="46.179685899987817" lon="10.771319987252355">
        <ele>889.27734375</ele>
      </trkpt>
      <trkpt lat="46.179784722626209" lon="10.771439261734486">
        <ele>887.83984375</ele>
      </trkpt>
      <trkpt lat="46.179955378174782" lon="10.771379666402936">
        <ele>891.3203125</ele>
      </trkpt>
      <trkpt lat="46.180647136643529" lon="10.771045815199614">
        <ele>901.859375</ele>
      </trkpt>
      <trkpt lat="46.1809076461941" lon="10.771069619804621">
        <ele>904.27734375</ele>
      </trkpt>
      <trkpt lat="46.181329842656851" lon="10.771296182647347">
        <ele>902.21875</ele>
      </trkpt>
      <trkpt lat="46.181410644203424" lon="10.771379666402936">
        <ele>901.84375</ele>
      </trkpt>
      <trkpt lat="46.181926298886538" lon="10.771319987252355">
        <ele>911.546875</ele>
      </trkpt>
      <trkpt lat="46.184597024694085" lon="10.771737322211266">
        <ele>928.35546875</ele>
      </trkpt>
      <trkpt lat="46.184992231428623" lon="10.771773112937808">
        <ele>932.32421875</ele>
      </trkpt>
      <trkpt lat="46.185495313256979" lon="10.771677726879716">
        <ele>935.1875</ele>
      </trkpt>
      <trkpt lat="46.186456549912691" lon="10.771176908165216">
        <ele>944.71875</ele>
      </trkpt>
      <trkpt lat="46.186878746375442" lon="10.771618047729135">
        <ele>943.50390625</ele>
      </trkpt>
      <trkpt lat="46.18795758113265" lon="10.772719513624907">
        <ele>956.61328125</ele>
      </trkpt>
      <trkpt lat="46.188056403771043" lon="10.773029560223222">
        <ele>956.17578125</ele>
      </trkpt>
      <trkpt lat="46.188020529225469" lon="10.773446811363101">
        <ele>958.55859375</ele>
      </trkpt>
      <trkpt lat="46.18788574822247" lon="10.773613778874278">
        <ele>959.00390625</ele>
      </trkpt>
      <trkpt lat="46.187652144581079" lon="10.773840341717005">
        <ele>961.9140625</ele>
      </trkpt>
      <trkpt lat="46.187427593395114" lon="10.773995323106647">
        <ele>960.49609375</ele>
      </trkpt>
      <trkpt lat="46.187310833483934" lon="10.774412574246526">
        <ele>964.15234375</ele>
      </trkpt>
      <trkpt lat="46.187212010845542" lon="10.774877602234483">
        <ele>967.484375</ele>
      </trkpt>
      <trkpt lat="46.186942532658577" lon="10.775032583624125">
        <ele>970.41015625</ele>
      </trkpt>
      <trkpt lat="46.1847775708884" lon="10.775592997670174">
        <ele>985.97265625</ele>
      </trkpt>
      <trkpt lat="46.183537887409329" lon="10.776356002315879">
        <ele>995.359375</ele>
      </trkpt>
      <trkpt lat="46.183322304859757" lon="10.776689853519201">
        <ele>997.09375</ele>
      </trkpt>
      <trkpt lat="46.18337620049715" lon="10.777047593146563">
        <ele>999.73828125</ele>
      </trkpt>
      <trkpt lat="46.183537887409329" lon="10.777166783809662">
        <ele>1003.00390625</ele>
      </trkpt>
      <trkpt lat="46.184247583150864" lon="10.776797141879797">
        <ele>1008.08984375</ele>
      </trkpt>
      <trkpt lat="46.184984184801579" lon="10.776689853519201">
        <ele>1013.6953125</ele>
      </trkpt>
      <trkpt lat="46.18559505790472" lon="10.776558676734567">
        <ele>1018.82421875</ele>
      </trkpt>
      <trkpt lat="46.185657922178507" lon="10.776737546548247">
        <ele>1021.84765625</ele>
      </trkpt>
      <trkpt lat="46.185379475355148" lon="10.777262169867754">
        <ele>1025.75</ele>
      </trkpt>
      <trkpt lat="46.185029111802578" lon="10.777715211734176">
        <ele>1028.6953125</ele>
      </trkpt>
      <trkpt lat="46.184984184801579" lon="10.777941774576902">
        <ele>1028.27734375</ele>
      </trkpt>
      <trkpt lat="46.185136903077364" lon="10.778263723477721">
        <ele>1030.19921875</ele>
      </trkpt>
      <trkpt lat="46.185604026541114" lon="10.77844250947237">
        <ele>1035.6953125</ele>
      </trkpt>
      <trkpt lat="46.185864536091685" lon="10.778776360675693">
        <ele>1039.1875</ele>
      </trkpt>
      <trkpt lat="46.186511283740401" lon="10.781201245263219">
        <ele>1051.7265625</ele>
      </trkpt>
      <trkpt lat="46.186690991744399" lon="10.7813801150769">
        <ele>1055.140625</ele>
      </trkpt>
      <trkpt lat="46.187427593395114" lon="10.780855491757393">
        <ele>1062.765625</ele>
      </trkpt>
      <trkpt lat="46.187750967219472" lon="10.779532073065639">
        <ele>1070.04296875</ele>
      </trkpt>
      <trkpt lat="46.187670165672898" lon="10.779317496344447">
        <ele>1070.20703125</ele>
      </trkpt>
      <trkpt lat="46.187373697757721" lon="10.778959756717086">
        <ele>1070.59765625</ele>
      </trkpt>
      <trkpt lat="46.187427593395114" lon="10.778780970722437">
        <ele>1071.98828125</ele>
      </trkpt>
      <trkpt lat="46.188029497861862" lon="10.777982091531157">
        <ele>1080.81640625</ele>
      </trkpt>
      <trkpt lat="46.188171403482556" lon="10.777649497613311">
        <ele>1079.0703125</ele>
      </trkpt>
      <trkpt lat="46.188284642994404" lon="10.777524271979928">
        <ele>1077.7265625</ele>
      </trkpt>
      <trkpt lat="46.188416657969356" lon="10.777540951967239">
        <ele>1081.0859375</ele>
      </trkpt>
      <trkpt lat="46.188429230824113" lon="10.777824763208628">
        <ele>1088.56640625</ele>
      </trkpt>
      <trkpt lat="46.188290929421782" lon="10.777991646900773">
        <ele>1088.1171875</ele>
      </trkpt>
      <trkpt lat="46.188171403482556" lon="10.778225334361196">
        <ele>1087.86328125</ele>
      </trkpt>
      <trkpt lat="46.188171403482556" lon="10.778392301872373">
        <ele>1089.15234375</ele>
      </trkpt>
      <trkpt lat="46.188221694901586" lon="10.778676029294729">
        <ele>1091.1484375</ele>
      </trkpt>
      <trkpt lat="46.188749922439456" lon="10.779710942879319">
        <ele>1098.47265625</ele>
      </trkpt>
      <trkpt lat="46.189554836601019" lon="10.782370772212744">
        <ele>1112.37109375</ele>
      </trkpt>
      <trkpt lat="46.189605128020048" lon="10.782721303403378">
        <ele>1113.5625</ele>
      </trkpt>
      <trkpt lat="46.189523404464126" lon="10.784348733723164">
        <ele>1123.36328125</ele>
      </trkpt>
      <trkpt lat="46.189667992293835" lon="10.784707646816969">
        <ele>1127.5078125</ele>
      </trkpt>
      <trkpt lat="46.189751978963614" lon="10.784905962646008">
        <ele>1123.7291049999999</ele>
        <time>2026-08-09T17:14:07Z</time>
      </trkpt>
      <trkpt lat="46.189805036410689" lon="10.785034038126469">
        <ele>1124.6802520000001</ele>
        <time>2026-08-09T17:14:13Z</time>
      </trkpt>
      <trkpt lat="46.190080968663096" lon="10.785716995596886">
        <ele>1128.7069240000001</ele>
        <time>2026-08-09T17:14:42Z</time>
      </trkpt>
      <trkpt lat="46.190132014453411" lon="10.785843981429935">
        <ele>1129.366818</ele>
        <time>2026-08-09T17:14:47Z</time>
      </trkpt>
      <trkpt lat="46.19053996168077" lon="10.786875039339066">
        <ele>1134.7043779999999</ele>
        <time>2026-08-09T17:15:24Z</time>
      </trkpt>
      <trkpt lat="46.190778007730842" lon="10.787474010139704">
        <ele>1137.8085160000001</ele>
        <time>2026-08-09T17:15:42Z</time>
      </trkpt>
      <trkpt lat="46.191066009923816" lon="10.788192003965378">
        <ele>1141.220896</ele>
        <time>2026-08-09T17:16:05Z</time>
      </trkpt>
      <trkpt lat="46.191344959661365" lon="10.788887031376362">
        <ele>1144.5118600000001</ele>
        <time>2026-08-09T17:16:29Z</time>
      </trkpt>
      <trkpt lat="46.191449984908104" lon="10.789143014699221">
        <ele>1145.730746</ele>
        <time>2026-08-09T17:16:39Z</time>
      </trkpt>
      <trkpt lat="46.191587029024959" lon="10.789441997185349">
        <ele>1147.199509</ele>
        <time>2026-08-09T17:16:51Z</time>
      </trkpt>
      <trkpt lat="46.191646959632635" lon="10.789573006331921">
        <ele>1147.8429369999999</ele>
        <time>2026-08-09T17:16:56Z</time>
      </trkpt>
      <trkpt lat="46.191831026226282" lon="10.78982999548316">
        <ele>1149.3445059999999</ele>
        <time>2026-08-09T17:17:09Z</time>
      </trkpt>
      <trkpt lat="46.192160015925765" lon="10.790294017642736">
        <ele>1152.0187940000001</ele>
        <time>2026-08-09T17:17:30Z</time>
      </trkpt>
      <trkpt lat="46.192423040047288" lon="10.791048975661397">
        <ele>1155.4217960000001</ele>
        <time>2026-08-09T17:17:57Z</time>
      </trkpt>
      <trkpt lat="46.192351039499044" lon="10.791093986481428">
        <ele>1155.8780810000001</ele>
        <time>2026-08-09T17:18:01Z</time>
      </trkpt>
      <trkpt lat="46.192328995093703" lon="10.79118400812149">
        <ele>1156.2623719999999</ele>
        <time>2026-08-09T17:18:04Z</time>
      </trkpt>
      <trkpt lat="46.192337041720748" lon="10.791263971477747">
        <ele>1156.587816</ele>
        <time>2026-08-09T17:18:07Z</time>
      </trkpt>
      <trkpt lat="46.192512977868319" lon="10.791502017527819">
        <ele>1157.99</ele>
        <time>2026-08-09T17:18:17Z</time>
      </trkpt>
      <trkpt lat="46.192584978416562" lon="10.791725981980562">
        <ele>1158.984359</ele>
        <time>2026-08-09T17:18:23Z</time>
      </trkpt>
      <trkpt lat="46.192714981734753" lon="10.792201990261674">
        <ele>1159.4350910000001</ele>
        <time>2026-08-09T17:18:33Z</time>
      </trkpt>
      <trkpt lat="46.192768039181828" lon="10.792530979961157">
        <ele>1159.69112</ele>
        <time>2026-08-09T17:18:39Z</time>
      </trkpt>
      <trkpt lat="46.192739037796855" lon="10.792991984635592">
        <ele>1160.041976</ele>
        <time>2026-08-09T17:18:46Z</time>
      </trkpt>
      <trkpt lat="46.19268698617816" lon="10.793237993493676">
        <ele>1160.236932</ele>
        <time>2026-08-09T17:18:49Z</time>
      </trkpt>
      <trkpt lat="46.192645998671651" lon="10.793430022895336">
        <ele>1160.389226</ele>
        <time>2026-08-09T17:18:51Z</time>
      </trkpt>
      <trkpt lat="46.192543990910053" lon="10.793720036745071">
        <ele>1160.635779</ele>
        <time>2026-08-09T17:18:54Z</time>
      </trkpt>
      <trkpt lat="46.192480036988854" lon="10.793901002034545">
        <ele>1160.7898299999999</ele>
        <time>2026-08-09T17:18:57Z</time>
      </trkpt>
      <trkpt lat="46.192327989265323" lon="10.794329987838864">
        <ele>1161.1235119999999</ele>
        <time>2026-08-09T17:19:02Z</time>
      </trkpt>
      <trkpt lat="46.192303011193871" lon="10.794521011412144">
        <ele>1161.233268</ele>
        <time>2026-08-09T17:19:04Z</time>
      </trkpt>
      <trkpt lat="46.192312985658646" lon="10.794818988069892">
        <ele>1161.4017249999999</ele>
        <time>2026-08-09T17:19:08Z</time>
      </trkpt>
      <trkpt lat="46.192412981763482" lon="10.795230958610773">
        <ele>1161.648238</ele>
        <time>2026-08-09T17:19:13Z</time>
      </trkpt>
      <trkpt lat="46.192499985918403" lon="10.795589033514261">
        <ele>1161.8624689999999</ele>
        <time>2026-08-09T17:19:17Z</time>
      </trkpt>
      <trkpt lat="46.192552037537098" lon="10.795916011556983">
        <ele>1162.051911</ele>
        <time>2026-08-09T17:19:22Z</time>
      </trkpt>
      <trkpt lat="46.192594030871987" lon="10.796239972114563">
        <ele>1162.2380310000001</ele>
        <time>2026-08-09T17:19:27Z</time>
      </trkpt>
      <trkpt lat="46.192817995324731" lon="10.797319980338216">
        <ele>1164.7741349999999</ele>
        <time>2026-08-09T17:19:51Z</time>
      </trkpt>
      <trkpt lat="46.192931989207864" lon="10.797661039978266">
        <ele>1166.0672320000001</ele>
        <time>2026-08-09T17:20:00Z</time>
      </trkpt>
      <trkpt lat="46.193039026111364" lon="10.797891961410642">
        <ele>1167.0163319999999</ele>
        <time>2026-08-09T17:20:07Z</time>
      </trkpt>
      <trkpt lat="46.193320993334055" lon="10.798433013260365">
        <ele>1169.3288580000001</ele>
        <time>2026-08-09T17:20:30Z</time>
      </trkpt>
      <trkpt lat="46.193642020225525" lon="10.798897035419941">
        <ele>1171.509294</ele>
        <time>2026-08-09T17:20:57Z</time>
      </trkpt>
      <trkpt lat="46.193703962489963" lon="10.798951014876366">
        <ele>1171.758992</ele>
        <time>2026-08-09T17:21:01Z</time>
      </trkpt>
      <trkpt lat="46.193795995786786" lon="10.798951014876366">
        <ele>1172.0763019999999</ele>
        <time>2026-08-09T17:21:06Z</time>
      </trkpt>
      <trkpt lat="46.193877970799804" lon="10.798910027369857">
        <ele>1172.375583</ele>
        <time>2026-08-09T17:21:10Z</time>
      </trkpt>
      <trkpt lat="46.194375017657876" lon="10.798576008528471">
        <ele>1174.266147</ele>
        <time>2026-08-09T17:21:31Z</time>
      </trkpt>
      <trkpt lat="46.194435032084584" lon="10.798550024628639">
        <ele>1174.482197</ele>
        <time>2026-08-09T17:21:33Z</time>
      </trkpt>
      <trkpt lat="46.194507032632828" lon="10.798562010750175">
        <ele>1174.732174</ele>
        <time>2026-08-09T17:21:36Z</time>
      </trkpt>
      <trkpt lat="46.194609962403774" lon="10.798669969663024">
        <ele>1175.171135</ele>
        <time>2026-08-09T17:21:40Z</time>
      </trkpt>
      <trkpt lat="46.194638041779399" lon="10.798750016838312">
        <ele>1175.385158</ele>
        <time>2026-08-09T17:21:42Z</time>
      </trkpt>
      <trkpt lat="46.194634018465877" lon="10.798883959650993">
        <ele>1175.705373</ele>
        <time>2026-08-09T17:21:45Z</time>
      </trkpt>
      <trkpt lat="46.194507032632828" lon="10.79911001957953">
        <ele>1176.400353</ele>
        <time>2026-08-09T17:21:51Z</time>
      </trkpt>
      <trkpt lat="46.194493034854531" lon="10.799246979877353">
        <ele>1176.73098</ele>
        <time>2026-08-09T17:21:53Z</time>
      </trkpt>
      <trkpt lat="46.194704007357359" lon="10.799586027860641">
        <ele>1177.603306</ele>
        <time>2026-08-09T17:22:00Z</time>
      </trkpt>
      <trkpt lat="46.195018999278545" lon="10.799962040036917">
        <ele>1177.769753</ele>
        <time>2026-08-09T17:22:07Z</time>
      </trkpt>
      <trkpt lat="46.195065015926957" lon="10.800063963979483">
        <ele>1177.8040800000001</ele>
        <time>2026-08-09T17:22:08Z</time>
      </trkpt>
      <trkpt lat="46.195068033412099" lon="10.800177035853267">
        <ele>1177.835965</ele>
        <time>2026-08-09T17:22:09Z</time>
      </trkpt>
      <trkpt lat="46.195151014253497" lon="10.800395971164107">
        <ele>1177.9063659999999</ele>
        <time>2026-08-09T17:22:13Z</time>
      </trkpt>
      <trkpt lat="46.195509005337954" lon="10.801203986629844">
        <ele>1178.17687</ele>
        <time>2026-08-09T17:22:27Z</time>
      </trkpt>
      <trkpt lat="46.195745039731264" lon="10.801855009049177">
        <ele>1178.9289389999999</ele>
        <time>2026-08-09T17:22:39Z</time>
      </trkpt>
      <trkpt lat="46.195922987535596" lon="10.802219035103917">
        <ele>1179.9433320000001</ele>
        <time>2026-08-09T17:22:51Z</time>
      </trkpt>
      <trkpt lat="46.196070006117225" lon="10.802981033921242">
        <ele>1181.7438110000001</ele>
        <time>2026-08-09T17:23:11Z</time>
      </trkpt>
      <trkpt lat="46.196142006665468" lon="10.803138026967645">
        <ele>1182.1724690000001</ele>
        <time>2026-08-09T17:23:15Z</time>
      </trkpt>
      <trkpt lat="46.196259018033743" lon="10.803298037499189">
        <ele>1182.7022179999999</ele>
        <time>2026-08-09T17:23:21Z</time>
      </trkpt>
      <trkpt lat="46.196363959461451" lon="10.803288985043764">
        <ele>1183.0480889999999</ele>
        <time>2026-08-09T17:23:24Z</time>
      </trkpt>
      <trkpt lat="46.196421962231398" lon="10.803312035277486">
        <ele>1183.2458610000001</ele>
        <time>2026-08-09T17:23:27Z</time>
      </trkpt>
      <trkpt lat="46.1964460182935" lon="10.803368026390672">
        <ele>1183.3957740000001</ele>
        <time>2026-08-09T17:23:28Z</time>
      </trkpt>
      <trkpt lat="46.196517013013363" lon="10.803696010261774">
        <ele>1184.1779790000001</ele>
        <time>2026-08-09T17:23:38Z</time>
      </trkpt>
      <trkpt lat="46.19653201662004" lon="10.804055007174611">
        <ele>1185.3152480000001</ele>
        <time>2026-08-09T17:23:48Z</time>
      </trkpt>
      <trkpt lat="46.196595970541239" lon="10.804241001605988">
        <ele>1185.9823699999999</ele>
        <time>2026-08-09T17:23:54Z</time>
      </trkpt>
      <trkpt lat="46.196918003261089" lon="10.805012974888086">
        <ele>1188.877187</ele>
        <time>2026-08-09T17:24:17Z</time>
      </trkpt>
      <trkpt lat="46.197050018236041" lon="10.805180026218295">
        <ele>1189.6913179999999</ele>
        <time>2026-08-09T17:24:22Z</time>
      </trkpt>
      <trkpt lat="46.197121012955904" lon="10.805375995114446">
        <ele>1190.401807</ele>
        <time>2026-08-09T17:24:26Z</time>
      </trkpt>
      <trkpt lat="46.197169963270426" lon="10.805640025064349">
        <ele>1191.2796510000001</ele>
        <time>2026-08-09T17:24:34Z</time>
      </trkpt>
      <trkpt lat="46.197172980755568" lon="10.806016037240624">
        <ele>1192.487333</ele>
        <time>2026-08-09T17:24:45Z</time>
      </trkpt>
      <trkpt lat="46.197215979918838" lon="10.806170012801886">
        <ele>1192.8742159999999</ele>
        <time>2026-08-09T17:24:50Z</time>
      </trkpt>
      <trkpt lat="46.197338020429015" lon="10.806387020274997">
        <ele>1193.4821959999999</ele>
        <time>2026-08-09T17:25:00Z</time>
      </trkpt>
      <trkpt lat="46.197382025420666" lon="10.806535966694355">
        <ele>1193.834492</ele>
        <time>2026-08-09T17:25:05Z</time>
      </trkpt>
      <trkpt lat="46.197413960471749" lon="10.806807959452271">
        <ele>1194.4345080000001</ele>
        <time>2026-08-09T17:25:15Z</time>
      </trkpt>
      <trkpt lat="46.19741203263402" lon="10.807132003828883">
        <ele>1195.1391550000001</ele>
        <time>2026-08-09T17:25:25Z</time>
      </trkpt>
      <trkpt lat="46.197557961568236" lon="10.807313974946737">
        <ele>1195.74503</ele>
        <time>2026-08-09T17:25:30Z</time>
      </trkpt>
      <trkpt lat="46.198012009263039" lon="10.807627961039543">
        <ele>1197.3264839999999</ele>
        <time>2026-08-09T17:25:40Z</time>
      </trkpt>
      <trkpt lat="46.198131032288074" lon="10.807842034846544">
        <ele>1197.92346</ele>
        <time>2026-08-09T17:25:44Z</time>
      </trkpt>
      <trkpt lat="46.198136983439326" lon="10.807971032336354">
        <ele>1198.2046319999999</ele>
        <time>2026-08-09T17:25:46Z</time>
      </trkpt>
      <trkpt lat="46.198147041723132" lon="10.808219974860549">
        <ele>1197.7368839999999</ele>
        <time>2026-08-09T17:25:49Z</time>
      </trkpt>
      <trkpt lat="46.198120974004269" lon="10.808420972898602">
        <ele>1197.3320859999999</ele>
        <time>2026-08-09T17:25:51Z</time>
      </trkpt>
      <trkpt lat="46.19805702008307" lon="10.808747028931975">
        <ele>1196.6612640000001</ele>
        <time>2026-08-09T17:25:54Z</time>
      </trkpt>
      <trkpt lat="46.198090966790915" lon="10.80886404030025">
        <ele>1196.4100599999999</ele>
        <time>2026-08-09T17:25:55Z</time>
      </trkpt>
      <trkpt lat="46.198351979255676" lon="10.80929696559906">
        <ele>1195.273398</ele>
        <time>2026-08-09T17:26:00Z</time>
      </trkpt>
      <trkpt lat="46.198377041146159" lon="10.809372989460826">
        <ele>1195.1068190000001</ele>
        <time>2026-08-09T17:26:01Z</time>
      </trkpt>
      <trkpt lat="46.198386009782553" lon="10.80957499332726">
        <ele>1194.706105</ele>
        <time>2026-08-09T17:26:02Z</time>
      </trkpt>
      <trkpt lat="46.198353990912437" lon="10.809890991076827">
        <ele>1194.073879</ele>
        <time>2026-08-09T17:26:05Z</time>
      </trkpt>
      <trkpt lat="46.198448035866022" lon="10.810100035741925">
        <ele>1193.580459</ele>
        <time>2026-08-09T17:26:07Z</time>
      </trkpt>
      <trkpt lat="46.198491035029292" lon="10.810475964099169">
        <ele>1192.495435</ele>
        <time>2026-08-09T17:26:11Z</time>
      </trkpt>
      <trkpt lat="46.198544008657336" lon="10.810663970187306">
        <ele>1191.5578330000001</ele>
        <time>2026-08-09T17:26:12Z</time>
      </trkpt>
      <trkpt lat="46.198562029749155" lon="10.81088500097394">
        <ele>1190.5300299999999</ele>
        <time>2026-08-09T17:26:14Z</time>
      </trkpt>
      <trkpt lat="46.198463961482048" lon="10.811644988134503">
        <ele>1186.959325</ele>
        <time>2026-08-09T17:26:20Z</time>
      </trkpt>
      <trkpt lat="46.198471002280712" lon="10.811912035569549">
        <ele>1185.7252120000001</ele>
        <time>2026-08-09T17:26:22Z</time>
      </trkpt>
      <trkpt lat="46.198541997000575" lon="10.812280001118779">
        <ele>1183.9606859999999</ele>
        <time>2026-08-09T17:26:25Z</time>
      </trkpt>
      <trkpt lat="46.198588013648987" lon="10.812447974458337">
        <ele>1183.1262139999999</ele>
        <time>2026-08-09T17:26:27Z</time>
      </trkpt>
      <trkpt lat="46.198699995875359" lon="10.812705969437957">
        <ele>1181.71958</ele>
        <time>2026-08-09T17:26:29Z</time>
      </trkpt>
      <trkpt lat="46.198770990595222" lon="10.812956001609564">
        <ele>1180.2649120000001</ele>
        <time>2026-08-09T17:26:31Z</time>
      </trkpt>
      <trkpt lat="46.198797980323434" lon="10.813135961070657">
        <ele>1179.121441</ele>
        <time>2026-08-09T17:26:32Z</time>
      </trkpt>
      <trkpt lat="46.198793035000563" lon="10.813273005187511">
        <ele>1178.269695</ele>
        <time>2026-08-09T17:26:33Z</time>
      </trkpt>
      <trkpt lat="46.198757998645306" lon="10.813422035425901">
        <ele>1177.2928079999999</ele>
        <time>2026-08-09T17:26:34Z</time>
      </trkpt>
      <trkpt lat="46.198612991720438" lon="10.813912963494658">
        <ele>1173.978562</ele>
        <time>2026-08-09T17:26:38Z</time>
      </trkpt>
      <trkpt lat="46.198601005598903" lon="10.81406400538981">
        <ele>1173.034917</ele>
        <time>2026-08-09T17:26:39Z</time>
      </trkpt>
      <trkpt lat="46.198620032519102" lon="10.814477987587452">
        <ele>1170.4589450000001</ele>
        <time>2026-08-09T17:26:42Z</time>
      </trkpt>
      <trkpt lat="46.198649033904076" lon="10.814651995897293">
        <ele>1169.3477869999999</ele>
        <time>2026-08-09T17:26:44Z</time>
      </trkpt>
      <trkpt lat="46.198709970340133" lon="10.814807983115315">
        <ele>1168.2353900000001</ele>
        <time>2026-08-09T17:26:45Z</time>
      </trkpt>
      <trkpt lat="46.198857994750142" lon="10.815025996416807">
        <ele>1166.339563</ele>
        <time>2026-08-09T17:26:47Z</time>
      </trkpt>
      <trkpt lat="46.198912980034947" lon="10.815218025818467">
        <ele>1165.049479</ele>
        <time>2026-08-09T17:26:49Z</time>
      </trkpt>
      <trkpt lat="46.1988740041852" lon="10.815298995003104">
        <ele>1164.5118560000001</ele>
        <time>2026-08-09T17:26:49Z</time>
      </trkpt>
      <trkpt lat="46.198800997808576" lon="10.815322967246175">
        <ele>1163.940758</ele>
        <time>2026-08-09T17:26:50Z</time>
      </trkpt>
      <trkpt lat="46.19863897562027" lon="10.815232023596764">
        <ele>1162.6148639999999</ele>
        <time>2026-08-09T17:26:52Z</time>
      </trkpt>
      <trkpt lat="46.198565969243646" lon="10.815250966697931">
        <ele>1162.049039</ele>
        <time>2026-08-09T17:26:53Z</time>
      </trkpt>
      <trkpt lat="46.198479970917106" lon="10.815331013873219">
        <ele>1161.268787</ele>
        <time>2026-08-09T17:26:54Z</time>
      </trkpt>
      <trkpt lat="46.198436971753836" lon="10.81544098444283">
        <ele>1160.601764</ele>
        <time>2026-08-09T17:26:55Z</time>
      </trkpt>
      <trkpt lat="46.198406964540482" lon="10.815687999129295">
        <ele>1159.2776819999999</ele>
        <time>2026-08-09T17:26:57Z</time>
      </trkpt>
      <trkpt lat="46.198415011167526" lon="10.81593400798738">
        <ele>1157.9773740000001</ele>
        <time>2026-08-09T17:26:59Z</time>
      </trkpt>
      <trkpt lat="46.198564963415265" lon="10.816569020971656">
        <ele>1154.4347130000001</ele>
        <time>2026-08-09T17:27:04Z</time>
      </trkpt>
      <trkpt lat="46.19857301004231" lon="10.817037988454103">
        <ele>1151.957656</ele>
        <time>2026-08-09T17:27:07Z</time>
      </trkpt>
      <trkpt lat="46.198540991172194" lon="10.817320961505175">
        <ele>1151.0617629999999</ele>
        <time>2026-08-09T17:27:10Z</time>
      </trkpt>
      <trkpt lat="46.198180988430977" lon="10.818330980837345">
        <ele>1149.853552</ele>
        <time>2026-08-09T17:27:20Z</time>
      </trkpt>
      <trkpt lat="46.19814301840961" lon="10.818574978038669">
        <ele>1149.587565</ele>
        <time>2026-08-09T17:27:22Z</time>
      </trkpt>
      <trkpt lat="46.198175037279725" lon="10.819151988252997">
        <ele>1148.9719459999999</ele>
        <time>2026-08-09T17:27:29Z</time>
      </trkpt>
      <trkpt lat="46.198259023949504" lon="10.819636965170503">
        <ele>1148.4982910000001</ele>
        <time>2026-08-09T17:27:38Z</time>
      </trkpt>
      <trkpt lat="46.198507966473699" lon="10.820610020309687">
        <ele>1152.034778</ele>
        <time>2026-08-09T17:28:02Z</time>
      </trkpt>
      <trkpt lat="46.198525987565517" lon="10.821246961131692">
        <ele>1154.208165</ele>
        <time>2026-08-09T17:28:20Z</time>
      </trkpt>
      <trkpt lat="46.198886996135116" lon="10.821919022127986">
        <ele>1157.10808</ele>
        <time>2026-08-09T17:28:49Z</time>
      </trkpt>
      <trkpt lat="46.199041977524757" lon="10.822210963815451">
        <ele>1158.821649</ele>
        <time>2026-08-09T17:29:01Z</time>
      </trkpt>
      <trkpt lat="46.199240041896701" lon="10.8222930226475">
        <ele>1160.2797949999999</ele>
        <time>2026-08-09T17:29:11Z</time>
      </trkpt>
      <trkpt lat="46.199300978332758" lon="10.822319006547332">
        <ele>1160.7300310000001</ele>
        <time>2026-08-09T17:29:14Z</time>
      </trkpt>
      <trkpt lat="46.199355041608214" lon="10.822400981560349">
        <ele>1161.284627</ele>
        <time>2026-08-09T17:29:18Z</time>
      </trkpt>
      <trkpt lat="46.199474986642599" lon="10.822584964334965">
        <ele>1162.523387</ele>
        <time>2026-08-09T17:29:27Z</time>
      </trkpt>
      <trkpt lat="46.199568025767803" lon="10.822756038978696">
        <ele>1163.5889870000001</ele>
        <time>2026-08-09T17:29:36Z</time>
      </trkpt>
      <trkpt lat="46.199778998270631" lon="10.823012022301555">
        <ele>1165.5395430000001</ele>
        <time>2026-08-09T17:29:51Z</time>
      </trkpt>
      <trkpt lat="46.199786039069295" lon="10.823142025619745">
        <ele>1166.178453</ele>
        <time>2026-08-09T17:29:57Z</time>
      </trkpt>
      <trkpt lat="46.19969098828733" lon="10.823186030611396">
        <ele>1166.884695</ele>
        <time>2026-08-09T17:30:03Z</time>
      </trkpt>
      <trkpt lat="46.199470041319728" lon="10.823139008134604">
        <ele>1168.4660719999999</ele>
        <time>2026-08-09T17:30:15Z</time>
      </trkpt>
      <trkpt lat="46.199300978332758" lon="10.823216959834099">
        <ele>1169.722033</ele>
        <time>2026-08-09T17:30:23Z</time>
      </trkpt>
      <trkpt lat="46.19924196973443" lon="10.823520971462131">
        <ele>1170.8579890000001</ele>
        <time>2026-08-09T17:30:33Z</time>
      </trkpt>
      <trkpt lat="46.199328973889351" lon="10.823759017512202">
        <ele>1171.7335989999999</ele>
        <time>2026-08-09T17:30:40Z</time>
      </trkpt>
      <trkpt lat="46.199472974985838" lon="10.823917016386986">
        <ele>1172.5834729999999</ele>
        <time>2026-08-09T17:30:47Z</time>
      </trkpt>
      <trkpt lat="46.199551010504365" lon="10.823958003893495">
        <ele>1172.9735929999999</ele>
        <time>2026-08-09T17:30:50Z</time>
      </trkpt>
      <trkpt lat="46.200213013216853" lon="10.82437701523304">
        <ele>1176.370555</ele>
        <time>2026-08-09T17:31:17Z</time>
      </trkpt>
      <trkpt lat="46.201098980382085" lon="10.824840031564236">
        <ele>1182.381118</ele>
        <time>2026-08-09T17:31:56Z</time>
      </trkpt>
      <trkpt lat="46.201096968725324" lon="10.82497900351882">
        <ele>1183.144646</ele>
        <time>2026-08-09T17:32:00Z</time>
      </trkpt>
      <trkpt lat="46.201038965955377" lon="10.82510800100863">
        <ele>1183.9894469999999</ele>
        <time>2026-08-09T17:32:07Z</time>
      </trkpt>
      <trkpt lat="46.200778959318995" lon="10.825192993506789">
        <ele>1186.1046160000001</ele>
        <time>2026-08-09T17:32:24Z</time>
      </trkpt>
      <trkpt lat="46.200620038434863" lon="10.825146976858377">
        <ele>1187.391273</ele>
        <time>2026-08-09T17:32:35Z</time>
      </trkpt>
      <trkpt lat="46.200327007099986" lon="10.825244961306453">
        <ele>1189.777617</ele>
        <time>2026-08-09T17:32:57Z</time>
      </trkpt>
      <trkpt lat="46.200061971321702" lon="10.825206991285086">
        <ele>1191.8906360000001</ele>
        <time>2026-08-09T17:33:19Z</time>
      </trkpt>
      <trkpt lat="46.199676990509033" lon="10.824944972991943">
        <ele>1196.6275290000001</ele>
        <time>2026-08-09T17:33:58Z</time>
      </trkpt>
      <trkpt lat="46.199479009956121" lon="10.824942039325833">
        <ele>1199.054842</ele>
        <time>2026-08-09T17:34:16Z</time>
      </trkpt>
      <trkpt lat="46.199355041608214" lon="10.825146976858377">
        <ele>1201.36481</ele>
        <time>2026-08-09T17:34:33Z</time>
      </trkpt>
      <trkpt lat="46.19937096722424" lon="10.825396003201604">
        <ele>1203.4865910000001</ele>
        <time>2026-08-09T17:34:48Z</time>
      </trkpt>
      <trkpt lat="46.199436010792851" lon="10.82573396153748">
        <ele>1206.4630589999999</ele>
        <time>2026-08-09T17:35:10Z</time>
      </trkpt>
      <trkpt lat="46.199552016332746" lon="10.826047025620937">
        <ele>1209.4755070000001</ele>
        <time>2026-08-09T17:35:32Z</time>
      </trkpt>
      <trkpt lat="46.19969098828733" lon="10.826306026428938">
        <ele>1212.256249</ele>
        <time>2026-08-09T17:35:52Z</time>
      </trkpt>
      <trkpt lat="46.19990598410368" lon="10.826491015031934">
        <ele>1215.2666300000001</ele>
        <time>2026-08-09T17:36:13Z</time>
      </trkpt>
      <trkpt lat="46.199973039329052" lon="10.826619006693363">
        <ele>1216.473651</ele>
        <time>2026-08-09T17:36:23Z</time>
      </trkpt>
      <trkpt lat="46.199870025739074" lon="10.826910026371479">
        <ele>1218.9319149999999</ele>
        <time>2026-08-09T17:36:41Z</time>
      </trkpt>
      <trkpt lat="46.199710015207529" lon="10.82715000025928">
        <ele>1221.438169</ele>
        <time>2026-08-09T17:37:00Z</time>
      </trkpt>
      <trkpt lat="46.199602978304029" lon="10.827168021351099">
        <ele>1222.608749</ele>
        <time>2026-08-09T17:37:08Z</time>
      </trkpt>
      <trkpt lat="46.199564002454281" lon="10.827571023255587">
        <ele>1225.6693110000001</ele>
        <time>2026-08-09T17:37:31Z</time>
      </trkpt>
      <trkpt lat="46.19949703104794" lon="10.827736984938383">
        <ele>1227.1146180000001</ele>
        <time>2026-08-09T17:37:41Z</time>
      </trkpt>
      <trkpt lat="46.199408015236259" lon="10.827964972704649">
        <ele>1229.083392</ele>
        <time>2026-08-09T17:37:56Z</time>
      </trkpt>
      <trkpt lat="46.199388988316059" lon="10.828075027093291">
        <ele>1229.936109</ele>
        <time>2026-08-09T17:38:03Z</time>
      </trkpt>
      <trkpt lat="46.199363004416227" lon="10.828464031219482">
        <ele>1232.875511</ele>
        <time>2026-08-09T17:38:26Z</time>
      </trkpt>
      <trkpt lat="46.199268959462643" lon="10.828871978446841">
        <ele>1235.657125</ele>
        <time>2026-08-09T17:38:50Z</time>
      </trkpt>
      <trkpt lat="46.199220009148121" lon="10.829568011686206">
        <ele>1239.5538429999999</ele>
        <time>2026-08-09T17:39:30Z</time>
      </trkpt>
      <trkpt lat="46.199320005252957" lon="10.830579036846757">
        <ele>1245.242313</ele>
        <time>2026-08-09T17:40:20Z</time>
      </trkpt>
      <trkpt lat="46.199525026604533" lon="10.83168301731348">
        <ele>1250.015157</ele>
        <time>2026-08-09T17:41:03Z</time>
      </trkpt>
      <trkpt lat="46.199593003839254" lon="10.832666968926787">
        <ele>1252.3534079999999</ele>
        <time>2026-08-09T17:41:35Z</time>
      </trkpt>
      <trkpt lat="46.199628040194511" lon="10.832798983901739">
        <ele>1252.6876420000001</ele>
        <time>2026-08-09T17:41:39Z</time>
      </trkpt>
      <trkpt lat="46.199709009379148" lon="10.832910966128111">
        <ele>1253.0706580000001</ele>
        <time>2026-08-09T17:41:44Z</time>
      </trkpt>
      <trkpt lat="46.19981998577714" lon="10.833188993856311">
        <ele>1253.829524</ele>
        <time>2026-08-09T17:41:54Z</time>
      </trkpt>
      <trkpt lat="46.199852004647255" lon="10.833378005772829">
        <ele>1254.2895920000001</ele>
        <time>2026-08-09T17:42:00Z</time>
      </trkpt>
      <trkpt lat="46.1998410243541" lon="10.833641029894352">
        <ele>1254.9125899999999</ele>
        <time>2026-08-09T17:42:08Z</time>
      </trkpt>
      <trkpt lat="46.199860973283648" lon="10.833726022392511">
        <ele>1255.17256</ele>
        <time>2026-08-09T17:42:11Z</time>
      </trkpt>
      <trkpt lat="46.199896009638906" lon="10.833769021555781">
        <ele>1255.3826309999999</ele>
        <time>2026-08-09T17:42:14Z</time>
      </trkpt>
      <trkpt lat="46.200145035982132" lon="10.833979994058609">
        <ele>1256.7025369999999</ele>
        <time>2026-08-09T17:42:28Z</time>
      </trkpt>
      <trkpt lat="46.200201027095318" lon="10.834059035405517">
        <ele>1257.0604069999999</ele>
        <time>2026-08-09T17:42:32Z</time>
      </trkpt>
      <trkpt lat="46.200344022363424" lon="10.834476035088301">
        <ele>1258.533201</ele>
        <time>2026-08-09T17:42:50Z</time>
      </trkpt>
      <trkpt lat="46.200344022363424" lon="10.834571002051234">
        <ele>1258.8338510000001</ele>
        <time>2026-08-09T17:42:54Z</time>
      </trkpt>
      <trkpt lat="46.200374029576778" lon="10.834667980670929">
        <ele>1259.170083</ele>
        <time>2026-08-09T17:42:58Z</time>
      </trkpt>
      <trkpt lat="46.200364977121353" lon="10.834857998415828">
        <ele>1259.7727890000001</ele>
        <time>2026-08-09T17:43:06Z</time>
      </trkpt>
      <trkpt lat="46.200385009869933" lon="10.834996970370412">
        <ele>1260.222092</ele>
        <time>2026-08-09T17:43:12Z</time>
      </trkpt>
      <trkpt lat="46.200315020978451" lon="10.835440959781408">
        <ele>1261.6632259999999</ele>
        <time>2026-08-09T17:43:30Z</time>
      </trkpt>
      <trkpt lat="46.200306974351406" lon="10.835710018873215">
        <ele>1262.5153250000001</ele>
        <time>2026-08-09T17:43:41Z</time>
      </trkpt>
      <trkpt lat="46.200128020718694" lon="10.836356012150645">
        <ele>1263.390662</ele>
        <time>2026-08-09T17:44:09Z</time>
      </trkpt>
      <trkpt lat="46.20003598742187" lon="10.836445027962327">
        <ele>1263.4519009999999</ele>
        <time>2026-08-09T17:44:14Z</time>
      </trkpt>
      <trkpt lat="46.199791990220547" lon="10.836596991866827">
        <ele>1263.5988709999999</ele>
        <time>2026-08-09T17:44:27Z</time>
      </trkpt>
      <trkpt lat="46.199723007157445" lon="10.836739987134933">
        <ele>1263.665606</ele>
        <time>2026-08-09T17:44:31Z</time>
      </trkpt>
      <trkpt lat="46.199617981910706" lon="10.837091021239758">
        <ele>1263.8119939999999</ele>
        <time>2026-08-09T17:44:40Z</time>
      </trkpt>
      <trkpt lat="46.199377002194524" lon="10.837556971237063">
        <ele>1264.0346950000001</ele>
        <time>2026-08-09T17:44:51Z</time>
      </trkpt>
      <trkpt lat="46.19934800080955" lon="10.837906999513507">
        <ele>1264.1696440000001</ele>
        <time>2026-08-09T17:44:58Z</time>
      </trkpt>
      <trkpt lat="46.199335008859634" lon="10.83799802698195">
        <ele>1264.1988610000001</ele>
        <time>2026-08-09T17:45:00Z</time>
      </trkpt>
      <trkpt lat="46.199308019131422" lon="10.838175974786282">
        <ele>1264.0756260000001</ele>
        <time>2026-08-09T17:45:03Z</time>
      </trkpt>
      <trkpt lat="46.199524020776153" lon="10.838115038350224">
        <ele>1263.8605849999999</ele>
        <time>2026-08-09T17:45:09Z</time>
      </trkpt>
      <trkpt lat="46.199918976053596" lon="10.838189972564578">
        <ele>1263.4713240000001</ele>
        <time>2026-08-09T17:45:19Z</time>
      </trkpt>
      <trkpt lat="46.20007798075676" lon="10.838307989761233">
        <ele>1263.2966730000001</ele>
        <time>2026-08-09T17:45:24Z</time>
      </trkpt>
      <trkpt lat="46.200419962406158" lon="10.838002972304821">
        <ele>1262.9039829999999</ele>
        <time>2026-08-09T17:45:35Z</time>
      </trkpt>
      <trkpt lat="46.200954979285598" lon="10.837378017604351">
        <ele>1263.376495</ele>
        <time>2026-08-09T17:46:06Z</time>
      </trkpt>
      <trkpt lat="46.201247004792094" lon="10.836790027096868">
        <ele>1265.5078880000001</ele>
        <time>2026-08-09T17:46:34Z</time>
      </trkpt>
      <trkpt lat="46.2015609908849" lon="10.836247969418764">
        <ele>1267.589555</ele>
        <time>2026-08-09T17:47:02Z</time>
      </trkpt>
      <trkpt lat="46.201793001964688" lon="10.835976982489228">
        <ele>1268.8590409999999</ele>
        <time>2026-08-09T17:47:19Z</time>
      </trkpt>
      <trkpt lat="46.202072035521269" lon="10.835707001388073">
        <ele>1270.0751250000001</ele>
        <time>2026-08-09T17:47:36Z</time>
      </trkpt>
      <trkpt lat="46.20289396494627" lon="10.835450012236834">
        <ele>1269.6199999999999</ele>
        <time>2026-08-09T17:48:06Z</time>
      </trkpt>
      <trkpt lat="46.202962026000023" lon="10.835349010303617">
        <ele>1269.5672259999999</ele>
        <time>2026-08-09T17:48:08Z</time>
      </trkpt>
      <trkpt lat="46.203185990452766" lon="10.835204003378749">
        <ele>1269.4343980000001</ele>
        <time>2026-08-09T17:48:15Z</time>
      </trkpt>
      <trkpt lat="46.203219015151262" lon="10.834878031164408">
        <ele>1269.3109999999999</ele>
        <time>2026-08-09T17:48:21Z</time>
      </trkpt>
      <trkpt lat="46.203266959637403" lon="10.834703017026186">
        <ele>1269.240497</ele>
        <time>2026-08-09T17:48:24Z</time>
      </trkpt>
      <trkpt lat="46.203303001821041" lon="10.834589023143053">
        <ele>1269.1935659999999</ele>
        <time>2026-08-09T17:48:27Z</time>
      </trkpt>
      <trkpt lat="46.20334398932755" lon="10.834430018439889">
        <ele>1269.1300160000001</ele>
        <time>2026-08-09T17:48:30Z</time>
      </trkpt>
      <trkpt lat="46.203313982114196" lon="10.833628037944436">
        <ele>1269.788172</ele>
        <time>2026-08-09T17:48:44Z</time>
      </trkpt>
      <trkpt lat="46.203352035954595" lon="10.833409018814564">
        <ele>1269.977024</ele>
        <time>2026-08-09T17:48:49Z</time>
      </trkpt>
      <trkpt lat="46.203444991260767" lon="10.833181031048298">
        <ele>1270.198392</ele>
        <time>2026-08-09T17:48:55Z</time>
      </trkpt>
      <trkpt lat="46.203461000695825" lon="10.833195028826594">
        <ele>1270.2209989999999</ele>
        <time>2026-08-09T17:48:55Z</time>
      </trkpt>
      <trkpt lat="46.203471980988979" lon="10.833167033270001">
        <ele>1270.24793</ele>
        <time>2026-08-09T17:48:55Z</time>
      </trkpt>
      <trkpt lat="46.203486984595656" lon="10.833138031885028">
        <ele>1270.2782130000001</ele>
        <time>2026-08-09T17:48:56Z</time>
      </trkpt>
      <trkpt lat="46.203502994030714" lon="10.833104001358151">
        <ele>1270.3126030000001</ele>
        <time>2026-08-09T17:48:57Z</time>
      </trkpt>
      <trkpt lat="46.203517997637391" lon="10.833072988316417">
        <ele>1270.3442419999999</ele>
        <time>2026-08-09T17:48:57Z</time>
      </trkpt>
      <trkpt lat="46.203533001244068" lon="10.83303501829505">
        <ele>1270.3808329999999</ele>
        <time>2026-08-09T17:48:58Z</time>
      </trkpt>
      <trkpt lat="46.203544987365603" lon="10.832998976111412">
        <ele>1270.414256</ele>
        <time>2026-08-09T17:48:58Z</time>
      </trkpt>
      <trkpt lat="46.203555967658758" lon="10.832962011918426">
        <ele>1270.4479389999999</ele>
        <time>2026-08-09T17:48:59Z</time>
      </trkpt>
      <trkpt lat="46.203570971265435" lon="10.832924963906407">
        <ele>1270.4838070000001</ele>
        <time>2026-08-09T17:49:00Z</time>
      </trkpt>
      <trkpt lat="46.203586980700493" lon="10.832887999713421">
        <ele>1270.5202999999999</ele>
        <time>2026-08-09T17:49:00Z</time>
      </trkpt>
      <trkpt lat="46.20360198430717" lon="10.832850029692054">
        <ele>1270.556891</ele>
        <time>2026-08-09T17:49:01Z</time>
      </trkpt>
      <trkpt lat="46.203621011227369" lon="10.832809964194894">
        <ele>1270.597471</ele>
        <time>2026-08-09T17:49:02Z</time>
      </trkpt>
      <trkpt lat="46.203640038147569" lon="10.83277702331543">
        <ele>1270.633376</ele>
        <time>2026-08-09T17:49:02Z</time>
      </trkpt>
      <trkpt lat="46.203658981248736" lon="10.832747016102076">
        <ele>1270.667391</ele>
        <time>2026-08-09T17:49:03Z</time>
      </trkpt>
      <trkpt lat="46.203673984855413" lon="10.832721032202244">
        <ele>1270.6957030000001</ele>
        <time>2026-08-09T17:49:03Z</time>
      </trkpt>
      <trkpt lat="46.203689994290471" lon="10.832698987796903">
        <ele>1270.722397</ele>
        <time>2026-08-09T17:49:04Z</time>
      </trkpt>
      <trkpt lat="46.20370902121067" lon="10.832683984190226">
        <ele>1270.748564</ele>
        <time>2026-08-09T17:49:04Z</time>
      </trkpt>
      <trkpt lat="46.203724024817348" lon="10.832677027210593">
        <ele>1270.767615</ele>
        <time>2026-08-09T17:49:05Z</time>
      </trkpt>
      <trkpt lat="46.203739028424025" lon="10.832674009725451">
        <ele>1270.785916</ele>
        <time>2026-08-09T17:49:05Z</time>
      </trkpt>
      <trkpt lat="46.20375101454556" lon="10.83267199806869">
        <ele>1270.8005149999999</ele>
        <time>2026-08-09T17:49:05Z</time>
      </trkpt>
      <trkpt lat="46.203766018152237" lon="10.832675015553832">
        <ele>1270.818816</ele>
        <time>2026-08-09T17:49:06Z</time>
      </trkpt>
      <trkpt lat="46.203781021758914" lon="10.832680966705084">
        <ele>1270.8376270000001</ele>
        <time>2026-08-09T17:49:06Z</time>
      </trkpt>
      <trkpt lat="46.203793007880449" lon="10.832689013332129">
        <ele>1270.853599</ele>
        <time>2026-08-09T17:49:06Z</time>
      </trkpt>
      <trkpt lat="46.203803988173604" lon="10.832699993625283">
        <ele>1270.8697669999999</ele>
        <time>2026-08-09T17:49:06Z</time>
      </trkpt>
      <trkpt lat="46.203814968466759" lon="10.832712985575199">
        <ele>1270.8869420000001</ele>
        <time>2026-08-09T17:49:07Z</time>
      </trkpt>
      <trkpt lat="46.203823015093803" lon="10.832726983353496">
        <ele>1270.9021279999999</ele>
        <time>2026-08-09T17:49:07Z</time>
      </trkpt>
      <trkpt lat="46.203833995386958" lon="10.832740981131792">
        <ele>1270.919844</ele>
        <time>2026-08-09T17:49:07Z</time>
      </trkpt>
      <trkpt lat="46.203850004822016" lon="10.832753973081708">
        <ele>1270.942029</ele>
        <time>2026-08-09T17:49:08Z</time>
      </trkpt>
      <trkpt lat="46.203865008428693" lon="10.832767970860004">
        <ele>1270.96361</ele>
        <time>2026-08-09T17:49:08Z</time>
      </trkpt>
      <trkpt lat="46.20388001203537" lon="10.832782974466681">
        <ele>1270.9856569999999</ele>
        <time>2026-08-09T17:49:08Z</time>
      </trkpt>
      <trkpt lat="46.203891998156905" lon="10.832797978073359">
        <ele>1271.0048340000001</ele>
        <time>2026-08-09T17:49:09Z</time>
      </trkpt>
      <trkpt lat="46.203899038955569" lon="10.832814993336797">
        <ele>1271.0213799999999</ele>
        <time>2026-08-09T17:49:09Z</time>
      </trkpt>
      <trkpt lat="46.20390297845006" lon="10.832833014428616">
        <ele>1271.0371929999999</ele>
        <time>2026-08-09T17:49:09Z</time>
      </trkpt>
      <trkpt lat="46.203900966793299" lon="10.832834020256996">
        <ele>1271.039751</ele>
        <time>2026-08-09T17:49:09Z</time>
      </trkpt>
      <trkpt lat="46.204028958454728" lon="10.833697021007538">
        <ele>1275.0749370000001</ele>
        <time>2026-08-09T17:50:14Z</time>
      </trkpt>
      <trkpt lat="46.204217970371246" lon="10.834545018151402">
        <ele>1280.955418</ele>
        <time>2026-08-09T17:51:29Z</time>
      </trkpt>
      <trkpt lat="46.20429097674787" lon="10.83473302423954">
        <ele>1282.3783149999999</ele>
        <time>2026-08-09T17:51:48Z</time>
      </trkpt>
      <trkpt lat="46.20446196757257" lon="10.835047010332346">
        <ele>1285.0156440000001</ele>
        <time>2026-08-09T17:52:22Z</time>
      </trkpt>
      <trkpt lat="46.204580990597606" lon="10.835150023922324">
        <ele>1286.3386390000001</ele>
        <time>2026-08-09T17:52:39Z</time>
      </trkpt>
      <trkpt lat="46.204757010564208" lon="10.835212972015142">
        <ele>1288.067951</ele>
        <time>2026-08-09T17:53:02Z</time>
      </trkpt>
      <trkpt lat="46.204864969477057" lon="10.83514298312366">
        <ele>1289.271011</ele>
        <time>2026-08-09T17:53:17Z</time>
      </trkpt>
      <trkpt lat="46.205067979171872" lon="10.834852969273925">
        <ele>1292.265271</ele>
        <time>2026-08-09T17:53:52Z</time>
      </trkpt>
      <trkpt lat="46.205011988058686" lon="10.834672003984451">
        <ele>1293.704512</ele>
        <time>2026-08-09T17:54:03Z</time>
      </trkpt>
      <trkpt lat="46.205113995820284" lon="10.834418032318354">
        <ele>1295.836276</ele>
        <time>2026-08-09T17:54:20Z</time>
      </trkpt>
      <trkpt lat="46.205525966361165" lon="10.832719020545483">
        <ele>1308.8274260000001</ele>
        <time>2026-08-09T17:55:57Z</time>
      </trkpt>
      <trkpt lat="46.205656975507736" lon="10.83236999809742">
        <ele>1311.568724</ele>
        <time>2026-08-09T17:56:18Z</time>
      </trkpt>
      <trkpt lat="46.20568698272109" lon="10.832032961770892">
        <ele>1313.91473</ele>
        <time>2026-08-09T17:56:36Z</time>
      </trkpt>
      <trkpt lat="46.205863002687693" lon="10.83155401982367">
        <ele>1317.6592230000001</ele>
        <time>2026-08-09T17:57:05Z</time>
      </trkpt>
      <trkpt lat="46.206140024587512" lon="10.831113969907165">
        <ele>1321.766104</ele>
        <time>2026-08-09T17:57:37Z</time>
      </trkpt>
      <trkpt lat="46.206271033734083" lon="10.8308030012995">
        <ele>1324.279861</ele>
        <time>2026-08-09T17:57:57Z</time>
      </trkpt>
      <trkpt lat="46.206401037052274" lon="10.830368986353278">
        <ele>1327.2938240000001</ele>
        <time>2026-08-09T17:58:21Z</time>
      </trkpt>
      <trkpt lat="46.206454010680318" lon="10.830133035778999">
        <ele>1328.8182340000001</ele>
        <time>2026-08-09T17:58:34Z</time>
      </trkpt>
      <trkpt lat="46.206473037600517" lon="10.829916028305888">
        <ele>1330.1621029999999</ele>
        <time>2026-08-09T17:58:45Z</time>
      </trkpt>
      <trkpt lat="46.206407994031906" lon="10.829595001414418">
        <ele>1332.217005</ele>
        <time>2026-08-09T17:59:02Z</time>
      </trkpt>
      <trkpt lat="46.206420985981822" lon="10.828886982053518">
        <ele>1336.5684690000001</ele>
        <time>2026-08-09T17:59:37Z</time>
      </trkpt>
      <trkpt lat="46.206512013450265" lon="10.828603003174067">
        <ele>1338.4913039999999</ele>
        <time>2026-08-09T17:59:52Z</time>
      </trkpt>
      <trkpt lat="46.206636987626553" lon="10.828423965722322">
        <ele>1340.053666</ele>
        <time>2026-08-09T18:00:04Z</time>
      </trkpt>
      <trkpt lat="46.207072008401155" lon="10.828062035143375">
        <ele>1344.3277149999999</ele>
        <time>2026-08-09T18:00:38Z</time>
      </trkpt>
      <trkpt lat="46.207290021702647" lon="10.828056000173092">
        <ele>1346.155681</ele>
        <time>2026-08-09T18:00:53Z</time>
      </trkpt>
      <trkpt lat="46.207605013623834" lon="10.82820201292634">
        <ele>1348.9290570000001</ele>
        <time>2026-08-09T18:01:16Z</time>
      </trkpt>
      <trkpt lat="46.207779021933675" lon="10.828196983784437">
        <ele>1350.388099</ele>
        <time>2026-08-09T18:01:29Z</time>
      </trkpt>
      <trkpt lat="46.207908019423485" lon="10.82794301211834">
        <ele>1352.2160289999999</ele>
        <time>2026-08-09T18:01:44Z</time>
      </trkpt>
      <trkpt lat="46.207979014143348" lon="10.827362984418869">
        <ele>1355.633337</ele>
        <time>2026-08-09T18:02:12Z</time>
      </trkpt>
      <trkpt lat="46.20832996442914" lon="10.827122004702687">
        <ele>1359.6025440000001</ele>
        <time>2026-08-09T18:02:39Z</time>
      </trkpt>
      <trkpt lat="46.208563987165689" lon="10.826907008886337">
        <ele>1362.5682179999999</ele>
        <time>2026-08-09T18:03:00Z</time>
      </trkpt>
      <trkpt lat="46.209205035120249" lon="10.826906003057957">
        <ele>1369.423667</ele>
        <time>2026-08-09T18:03:53Z</time>
      </trkpt>
      <trkpt lat="46.209382982924581" lon="10.826897034421563">
        <ele>1371.328528</ele>
        <time>2026-08-09T18:04:06Z</time>
      </trkpt>
      <trkpt lat="46.210521999746561" lon="10.826996024698019">
        <ele>1384.7927609999999</ele>
        <time>2026-08-09T18:05:36Z</time>
      </trkpt>
      <trkpt lat="46.211188025772572" lon="10.827224012464285">
        <ele>1393.2685320000001</ele>
        <time>2026-08-09T18:06:29Z</time>
      </trkpt>
      <trkpt lat="46.211775010451674" lon="10.827224012464285">
        <ele>1400.3030980000001</ele>
        <time>2026-08-09T18:07:11Z</time>
      </trkpt>
      <trkpt lat="46.212501972913742" lon="10.827158968895674">
        <ele>1408.5440759999999</ele>
        <time>2026-08-09T18:08:01Z</time>
      </trkpt>
      <trkpt lat="46.212964989244938" lon="10.827419981360435">
        <ele>1414.1668770000001</ele>
        <time>2026-08-09T18:08:36Z</time>
      </trkpt>
      <trkpt lat="46.213511992245913" lon="10.827264999970794">
        <ele>1420.3307850000001</ele>
        <time>2026-08-09T18:09:17Z</time>
      </trkpt>
      <trkpt lat="46.214483035728335" lon="10.827110018581152">
        <ele>1430.698472</ele>
        <time>2026-08-09T18:10:25Z</time>
      </trkpt>
      <trkpt lat="46.215480985119939" lon="10.827027959749103">
        <ele>1441.0745010000001</ele>
        <time>2026-08-09T18:11:26Z</time>
      </trkpt>
      <trkpt lat="46.216220017522573" lon="10.826966017484665">
        <ele>1448.4789929999999</ele>
        <time>2026-08-09T18:12:14Z</time>
      </trkpt>
      <trkpt lat="46.216997019946575" lon="10.827075988054276">
        <ele>1456.1353329999999</ele>
        <time>2026-08-09T18:13:07Z</time>
      </trkpt>
      <trkpt lat="46.217908971011639" lon="10.827580997720361">
        <ele>1464.463117</ele>
        <time>2026-08-09T18:14:07Z</time>
      </trkpt>
      <trkpt lat="46.218247013166547" lon="10.827542021870613">
        <ele>1467.354384</ele>
        <time>2026-08-09T18:14:23Z</time>
      </trkpt>
      <trkpt lat="46.21838497929275" lon="10.827568005770445">
        <ele>1468.541054</ele>
        <time>2026-08-09T18:14:30Z</time>
      </trkpt>
      <trkpt lat="46.21857600286603" lon="10.82753598690033">
        <ele>1470.180601</ele>
        <time>2026-08-09T18:14:40Z</time>
      </trkpt>
      <trkpt lat="46.219100039452314" lon="10.827547973021865">
        <ele>1474.8401679999999</ele>
        <time>2026-08-09T18:15:09Z</time>
      </trkpt>
      <trkpt lat="46.219465993344784" lon="10.827626008540392">
        <ele>1478.143055</ele>
        <time>2026-08-09T18:15:31Z</time>
      </trkpt>
      <trkpt lat="46.219914006069303" lon="10.827809991315007">
        <ele>1482.3010420000001</ele>
        <time>2026-08-09T18:16:03Z</time>
      </trkpt>
      <trkpt lat="46.220220029354095" lon="10.828022975474596">
        <ele>1485.333253</ele>
        <time>2026-08-09T18:16:26Z</time>
      </trkpt>
      <trkpt lat="46.220900975167751" lon="10.82835397683084">
        <ele>1489.464686</ele>
        <time>2026-08-09T18:17:06Z</time>
      </trkpt>
      <trkpt lat="46.221195012331009" lon="10.828328998759389">
        <ele>1490.9173929999999</ele>
        <time>2026-08-09T18:17:19Z</time>
      </trkpt>
      <trkpt lat="46.221277993172407" lon="10.828320030122995">
        <ele>1491.3279540000001</ele>
        <time>2026-08-09T18:17:22Z</time>
      </trkpt>
      <trkpt lat="46.221645958721638" lon="10.828212993219495">
        <ele>1493.179535</ele>
        <time>2026-08-09T18:17:34Z</time>
      </trkpt>
      <trkpt lat="46.221703961491585" lon="10.828361017629504">
        <ele>1493.7600199999999</ele>
        <time>2026-08-09T18:17:37Z</time>
      </trkpt>
      <trkpt lat="46.221809992566705" lon="10.828465037047863">
        <ele>1494.391967</ele>
        <time>2026-08-09T18:17:40Z</time>
      </trkpt>
      <trkpt lat="46.223355028778315" lon="10.828745998442173">
        <ele>1496.561064</ele>
        <time>2026-08-09T18:18:14Z</time>
      </trkpt>
      <trkpt lat="46.224090959876776" lon="10.828796960413456">
        <ele>1496.72306</ele>
        <time>2026-08-09T18:18:28Z</time>
      </trkpt>
      <trkpt lat="46.224928982555866" lon="10.828902991488576">
        <ele>1496.072064</ele>
        <time>2026-08-09T18:18:40Z</time>
      </trkpt>
      <trkpt lat="46.225034007802606" lon="10.828893017023802">
        <ele>1495.99063</ele>
        <time>2026-08-09T18:18:41Z</time>
      </trkpt>
      <trkpt lat="46.225016992539167" lon="10.828702999278903">
        <ele>1495.8880569999999</ele>
        <time>2026-08-09T18:18:43Z</time>
      </trkpt>
      <trkpt lat="46.225029984489083" lon="10.828359005972743">
        <ele>1495.703606</ele>
        <time>2026-08-09T18:18:46Z</time>
      </trkpt>
      <trkpt lat="46.225027972832322" lon="10.828169994056225">
        <ele>1495.602404</ele>
        <time>2026-08-09T18:18:48Z</time>
      </trkpt>
      <trkpt lat="46.224991008639336" lon="10.828045019879937">
        <ele>1495.553408</ele>
        <time>2026-08-09T18:18:50Z</time>
      </trkpt>
      <trkpt lat="46.22538797557354" lon="10.827656015753746">
        <ele>1496.259501</ele>
        <time>2026-08-09T18:18:59Z</time>
      </trkpt>
      <trkpt lat="46.22551697306335" lon="10.82755702547729">
        <ele>1496.4745210000001</ele>
        <time>2026-08-09T18:19:02Z</time>
      </trkpt>
      <trkpt lat="46.225571036338806" lon="10.827596001327038">
        <ele>1496.5633909999999</ele>
        <time>2026-08-09T18:19:03Z</time>
      </trkpt>
      <trkpt lat="46.225634990260005" lon="10.827528024092317">
        <ele>1496.680327</ele>
        <time>2026-08-09T18:19:05Z</time>
      </trkpt>
      <trkpt lat="46.225806986913085" lon="10.827632965520024">
        <ele>1496.955201</ele>
        <time>2026-08-09T18:19:10Z</time>
      </trkpt>
      <trkpt lat="46.226163972169161" lon="10.828028004616499">
        <ele>1497.6170729999999</ele>
        <time>2026-08-09T18:19:23Z</time>
      </trkpt>
      <trkpt lat="46.226230021566153" lon="10.828082989901304">
        <ele>1497.729229</ele>
        <time>2026-08-09T18:19:25Z</time>
      </trkpt>
      <trkpt lat="46.226603016257286" lon="10.828219028189778">
        <ele>1498.479652</ele>
        <time>2026-08-09T18:19:37Z</time>
      </trkpt>
      <trkpt lat="46.226923037320375" lon="10.828262027353048">
        <ele>1499.746097</ele>
        <time>2026-08-09T18:19:46Z</time>
      </trkpt>
      <trkpt lat="46.227159993723035" lon="10.828367974609137">
        <ele>1500.723716</ele>
        <time>2026-08-09T18:19:53Z</time>
      </trkpt>
      <trkpt lat="46.227430980652571" lon="10.82848297432065">
        <ele>1501.836699</ele>
        <time>2026-08-09T18:20:01Z</time>
      </trkpt>
      <trkpt lat="46.227590991184115" lon="10.828518010675907">
        <ele>1502.4743820000001</ele>
        <time>2026-08-09T18:20:06Z</time>
      </trkpt>
      <trkpt lat="46.228446029126644" lon="10.828538965433836">
        <ele>1506.2231389999999</ele>
        <time>2026-08-09T18:20:42Z</time>
      </trkpt>
      <trkpt lat="46.228465978056192" lon="10.829065013676882">
        <ele>1508.6132279999999</ele>
        <time>2026-08-09T18:20:59Z</time>
      </trkpt>
      <trkpt lat="46.228445023298264" lon="10.829141037538648">
        <ele>1508.9845319999999</ele>
        <time>2026-08-09T18:21:02Z</time>
      </trkpt>
      <trkpt lat="46.228423984721303" lon="10.829219995066524">
        <ele>1509.36851</ele>
        <time>2026-08-09T18:21:05Z</time>
      </trkpt>
      <trkpt lat="46.228224998340011" lon="10.829223012551665">
        <ele>1510.6737169999999</ele>
        <time>2026-08-09T18:21:14Z</time>
      </trkpt>
      <trkpt lat="46.228179987519979" lon="10.829223012551665">
        <ele>1510.968848</ele>
        <time>2026-08-09T18:21:17Z</time>
      </trkpt>
      <trkpt lat="46.228120978921652" lon="10.82962098531425">
        <ele>1512.815597</ele>
        <time>2026-08-09T18:21:31Z</time>
      </trkpt>
      <trkpt lat="46.228036992251873" lon="10.829721987247467">
        <ele>1513.532181</ele>
        <time>2026-08-09T18:21:37Z</time>
      </trkpt>
      <trkpt lat="46.227783020585775" lon="10.829902030527592">
        <ele>1515.3874490000001</ele>
        <time>2026-08-09T18:21:51Z</time>
      </trkpt>
      <trkpt lat="46.227422012016177" lon="10.830021975561976">
        <ele>1517.849845</ele>
        <time>2026-08-09T18:22:07Z</time>
      </trkpt>
      <trkpt lat="46.227935990318656" lon="10.830205036327243">
        <ele>1521.4750039999999</ele>
        <time>2026-08-09T18:22:29Z</time>
      </trkpt>
      <trkpt lat="46.228016037493944" lon="10.830272007733583">
        <ele>1522.1081670000001</ele>
        <time>2026-08-09T18:22:33Z</time>
      </trkpt>
      <trkpt lat="46.228187028318644" lon="10.830493960529566">
        <ele>1523.682159</ele>
        <time>2026-08-09T18:22:42Z</time>
      </trkpt>
      <trkpt lat="46.228463966399431" lon="10.830617006868124">
        <ele>1525.6665860000001</ele>
        <time>2026-08-09T18:22:55Z</time>
      </trkpt>
      <trkpt lat="46.228626994416118" lon="10.830643996596336">
        <ele>1526.7901440000001</ele>
        <time>2026-08-09T18:23:03Z</time>
      </trkpt>
      <trkpt lat="46.228904016315937" lon="10.83067299798131">
        <ele>1528.6920580000001</ele>
        <time>2026-08-09T18:23:18Z</time>
      </trkpt>
      <trkpt lat="46.229237029328942" lon="10.830705016851425">
        <ele>1532.1378689999999</ele>
        <time>2026-08-09T18:23:38Z</time>
      </trkpt>
      <trkpt lat="46.229556966573" lon="10.830824039876461">
        <ele>1536.0517620000001</ele>
        <time>2026-08-09T18:24:02Z</time>
      </trkpt>
      <trkpt lat="46.229742038995028" lon="10.830939039587975">
        <ele>1538.437152</ele>
        <time>2026-08-09T18:24:17Z</time>
      </trkpt>
      <trkpt lat="46.22994102537632" lon="10.830953037366271">
        <ele>1540.7971439999999</ele>
        <time>2026-08-09T18:24:33Z</time>
      </trkpt>
      <trkpt lat="46.23002802953124" lon="10.831009028479457">
        <ele>1541.925225</ele>
        <time>2026-08-09T18:24:41Z</time>
      </trkpt>
      <trkpt lat="46.230118973180652" lon="10.831164009869099">
        <ele>1543.591066</ele>
        <time>2026-08-09T18:24:52Z</time>
      </trkpt>
      <trkpt lat="46.230168007314205" lon="10.831194017082453">
        <ele>1544.2213939999999</ele>
        <time>2026-08-09T18:24:56Z</time>
      </trkpt>
      <trkpt lat="46.230263980105519" lon="10.831181025132537">
        <ele>1545.363515</ele>
        <time>2026-08-09T18:25:03Z</time>
      </trkpt>
      <trkpt lat="46.230432037264109" lon="10.831218995153904">
        <ele>1547.377729</ele>
        <time>2026-08-09T18:25:16Z</time>
      </trkpt>
      <trkpt lat="46.230971999466419" lon="10.831280015408993">
        <ele>1553.6393029999999</ele>
        <time>2026-08-09T18:25:55Z</time>
      </trkpt>
      <trkpt lat="46.231127986684442" lon="10.831269035115838">
        <ele>1555.3972679999999</ele>
        <time>2026-08-09T18:26:06Z</time>
      </trkpt>
      <trkpt lat="46.231420012190938" lon="10.83118898794055">
        <ele>1558.7424140000001</ele>
        <time>2026-08-09T18:26:24Z</time>
      </trkpt>
      <trkpt lat="46.231557978317142" lon="10.831300970166922">
        <ele>1560.5237380000001</ele>
        <time>2026-08-09T18:26:35Z</time>
      </trkpt>
      <trkpt lat="46.232042033225298" lon="10.831438014283776">
        <ele>1566.0749069999999</ele>
        <time>2026-08-09T18:27:07Z</time>
      </trkpt>
      <trkpt lat="46.232426008209586" lon="10.831715036183596">
        <ele>1570.9052730000001</ele>
        <time>2026-08-09T18:27:36Z</time>
      </trkpt>
      <trkpt lat="46.23258501291275" lon="10.831801034510136">
        <ele>1573.3285060000001</ele>
        <time>2026-08-09T18:27:50Z</time>
      </trkpt>
      <trkpt lat="46.23264703899622" lon="10.831797011196613">
        <ele>1574.2176019999999</ele>
        <time>2026-08-09T18:27:56Z</time>
      </trkpt>
      <trkpt lat="46.23294803313911" lon="10.831856019794941">
        <ele>1578.5691850000001</ele>
        <time>2026-08-09T18:28:21Z</time>
      </trkpt>
      <trkpt lat="46.233098991215229" lon="10.831792987883091">
        <ele>1580.8206970000001</ele>
        <time>2026-08-09T18:28:34Z</time>
      </trkpt>
      <trkpt lat="46.233450025320053" lon="10.831907987594604">
        <ele>1585.976643</ele>
        <time>2026-08-09T18:29:06Z</time>
      </trkpt>
      <trkpt lat="46.233585979789495" lon="10.831988034769893">
        <ele>1588.0800899999999</ele>
        <time>2026-08-09T18:29:19Z</time>
      </trkpt>
      <trkpt lat="46.233901977539062" lon="10.832635033875704">
        <ele>1595.928717</ele>
        <time>2026-08-09T18:30:07Z</time>
      </trkpt>
      <trkpt lat="46.234099036082625" lon="10.832875007763505">
        <ele>1599.4674190000001</ele>
        <time>2026-08-09T18:30:30Z</time>
      </trkpt>
      <trkpt lat="46.234219986945391" lon="10.833111964166164">
        <ele>1602.234189</ele>
        <time>2026-08-09T18:30:49Z</time>
      </trkpt>
      <trkpt lat="46.234293999150395" lon="10.833153035491705">
        <ele>1603.3102960000001</ele>
        <time>2026-08-09T18:30:56Z</time>
      </trkpt>
      <trkpt lat="46.234503965824842" lon="10.833123028278351">
        <ele>1606.175759</ele>
        <time>2026-08-09T18:31:14Z</time>
      </trkpt>
      <trkpt lat="46.234566997736692" lon="10.833191005513072">
        <ele>1607.2433590000001</ele>
        <time>2026-08-09T18:31:21Z</time>
      </trkpt>
      <trkpt lat="46.234625000506639" lon="10.833479007706046">
        <ele>1610.060759</ele>
        <time>2026-08-09T18:31:38Z</time>
      </trkpt>
      <trkpt lat="46.234815018251538" lon="10.833972031250596">
        <ele>1615.3615580000001</ele>
        <time>2026-08-09T18:32:08Z</time>
      </trkpt>
      <trkpt lat="46.23486396856606" lon="10.834353994578123">
        <ele>1619.010704</ele>
        <time>2026-08-09T18:32:28Z</time>
      </trkpt>
      <trkpt lat="46.234916020184755" lon="10.834438987076283">
        <ele>1620.0765269999999</ele>
        <time>2026-08-09T18:32:34Z</time>
      </trkpt>
      <trkpt lat="46.235006963834167" lon="10.834452984854579">
        <ele>1621.2609660000001</ele>
        <time>2026-08-09T18:32:40Z</time>
      </trkpt>
      <trkpt lat="46.23512196354568" lon="10.834528002887964">
        <ele>1622.4508189999999</ele>
        <time>2026-08-09T18:32:49Z</time>
      </trkpt>
      <trkpt lat="46.235541980713606" lon="10.835008034482598">
        <ele>1627.500178</ele>
        <time>2026-08-09T18:33:24Z</time>
      </trkpt>
      <trkpt lat="46.236000973731279" lon="10.835426962003112">
        <ele>1632.619882</ele>
        <time>2026-08-09T18:33:59Z</time>
      </trkpt>
      <trkpt lat="46.236203983426094" lon="10.836033979430795">
        <ele>1637.018225</ele>
        <time>2026-08-09T18:34:26Z</time>
      </trkpt>
      <trkpt lat="46.236487040296197" lon="10.836434969678521">
        <ele>1639.088696</ele>
        <time>2026-08-09T18:34:45Z</time>
      </trkpt>
      <trkpt lat="46.236559962853789" lon="10.836671004071832">
        <ele>1639.7197309999999</ele>
        <time>2026-08-09T18:34:53Z</time>
      </trkpt>
      <trkpt lat="46.236658031120896" lon="10.836771000176668">
        <ele>1640.1430319999999</ele>
        <time>2026-08-09T18:34:58Z</time>
      </trkpt>
      <trkpt lat="46.236823992803693" lon="10.836788015440106">
        <ele>1640.7303059999999</ele>
        <time>2026-08-09T18:35:04Z</time>
      </trkpt>
      <trkpt lat="46.236939998343587" lon="10.836732024326921">
        <ele>1641.1618820000001</ele>
        <time>2026-08-09T18:35:08Z</time>
      </trkpt>
      <trkpt lat="46.237048963084817" lon="10.836638985201716">
        <ele>1641.608526</ele>
        <time>2026-08-09T18:35:12Z</time>
      </trkpt>
      <trkpt lat="46.237142002210021" lon="10.836576037108898">
        <ele>1641.9709580000001</ele>
        <time>2026-08-09T18:35:16Z</time>
      </trkpt>
      <trkpt lat="46.237217020243406" lon="10.836610989645123">
        <ele>1642.2490760000001</ele>
        <time>2026-08-09T18:35:19Z</time>
      </trkpt>
      <trkpt lat="46.237463029101491" lon="10.836832020431757">
        <ele>1643.2711449999999</ele>
        <time>2026-08-09T18:35:28Z</time>
      </trkpt>
      <trkpt lat="46.237738039344549" lon="10.836949031800032">
        <ele>1644.2827540000001</ele>
        <time>2026-08-09T18:35:37Z</time>
      </trkpt>
      <trkpt lat="46.237915987148881" lon="10.836961017921567">
        <ele>1644.6592869999999</ele>
        <time>2026-08-09T18:35:42Z</time>
      </trkpt>
      <trkpt lat="46.237996034324169" lon="10.836920030415058">
        <ele>1644.7987430000001</ele>
        <time>2026-08-09T18:35:44Z</time>
      </trkpt>
      <trkpt lat="46.238026963546872" lon="10.836941991001368">
        <ele>1644.8554819999999</ele>
        <time>2026-08-09T18:35:46Z</time>
      </trkpt>
      <trkpt lat="46.238061999902129" lon="10.836966969072819">
        <ele>1644.919623</ele>
        <time>2026-08-09T18:35:47Z</time>
      </trkpt>
      <trkpt lat="46.238388977944851" lon="10.83724700845778">
        <ele>1645.54405</ele>
        <time>2026-08-09T18:35:55Z</time>
      </trkpt>
      <trkpt lat="46.238529039546847" lon="10.837494023144245">
        <ele>1645.9069549999999</ele>
        <time>2026-08-09T18:36:00Z</time>
      </trkpt>
      <trkpt lat="46.238662982359529" lon="10.837875986471772">
        <ele>1646.393703</ele>
        <time>2026-08-09T18:36:08Z</time>
      </trkpt>
      <trkpt lat="46.238914020359516" lon="10.838474035263062">
        <ele>1647.188619</ele>
        <time>2026-08-09T18:36:21Z</time>
      </trkpt>
      <trkpt lat="46.23890396207571" lon="10.839389003813267">
        <ele>1648.7101540000001</ele>
        <time>2026-08-09T18:36:39Z</time>
      </trkpt>
      <trkpt lat="46.238918965682387" lon="10.839656973257661">
        <ele>1649.1921769999999</ele>
        <time>2026-08-09T18:36:44Z</time>
      </trkpt>
      <trkpt lat="46.238874960690737" lon="10.840131975710392">
        <ele>1650.0513289999999</ele>
        <time>2026-08-09T18:36:53Z</time>
      </trkpt>
      <trkpt lat="46.238889964297414" lon="10.840311013162136">
        <ele>1650.374575</ele>
        <time>2026-08-09T18:36:57Z</time>
      </trkpt>
      <trkpt lat="46.238758033141494" lon="10.840820968151093">
        <ele>1651.35079</ele>
        <time>2026-08-09T18:37:08Z</time>
      </trkpt>
      <trkpt lat="46.23872802592814" lon="10.841037975624204">
        <ele>1651.747509</ele>
        <time>2026-08-09T18:37:13Z</time>
      </trkpt>
      <trkpt lat="46.238736994564533" lon="10.841311980038881">
        <ele>1652.2583299999999</ele>
        <time>2026-08-09T18:37:19Z</time>
      </trkpt>
      <trkpt lat="46.238803965970874" lon="10.841598976403475">
        <ele>1652.8580460000001</ele>
        <time>2026-08-09T18:37:25Z</time>
      </trkpt>
      <trkpt lat="46.239003036171198" lon="10.841980017721653">
        <ele>1653.8032969999999</ele>
        <time>2026-08-09T18:37:35Z</time>
      </trkpt>
      <trkpt lat="46.239075036719441" lon="10.842398023232818">
        <ele>1654.656156</ele>
        <time>2026-08-09T18:37:43Z</time>
      </trkpt>
      <trkpt lat="46.239127004519105" lon="10.842543030157685">
        <ele>1654.9795300000001</ele>
        <time>2026-08-09T18:37:47Z</time>
      </trkpt>
      <trkpt lat="46.239300007000566" lon="10.842932034283876">
        <ele>1655.8951649999999</ele>
        <time>2026-08-09T18:37:57Z</time>
      </trkpt>
      <trkpt lat="46.239661015570164" lon="10.843597976490855">
        <ele>1657.0112349999999</ele>
        <time>2026-08-09T18:38:16Z</time>
      </trkpt>
      <trkpt lat="46.239808034151793" lon="10.844026962295175">
        <ele>1656.5072849999999</ele>
        <time>2026-08-09T18:38:25Z</time>
      </trkpt>
      <trkpt lat="46.240122020244598" lon="10.844548987224698">
        <ele>1655.779086</ele>
        <time>2026-08-09T18:38:32Z</time>
      </trkpt>
      <trkpt lat="46.240156972780824" lon="10.844650994986296">
        <ele>1655.6592330000001</ele>
        <time>2026-08-09T18:38:33Z</time>
      </trkpt>
      <trkpt lat="46.240184968337417" lon="10.844863979145885">
        <ele>1655.4310149999999</ele>
        <time>2026-08-09T18:38:35Z</time>
      </trkpt>
      <trkpt lat="46.240226961672306" lon="10.844965986907482">
        <ele>1655.306063</ele>
        <time>2026-08-09T18:38:36Z</time>
      </trkpt>
      <trkpt lat="46.240304997190833" lon="10.845013009384274">
        <ele>1655.1774579999999</ele>
        <time>2026-08-09T18:38:37Z</time>
      </trkpt>
      <trkpt lat="46.240507001057267" lon="10.845028012990952">
        <ele>1654.869629</ele>
        <time>2026-08-09T18:38:40Z</time>
      </trkpt>
      <trkpt lat="46.24057799577713" lon="10.845102025195956">
        <ele>1654.7364259999999</ele>
        <time>2026-08-09T18:38:41Z</time>
      </trkpt>
      <trkpt lat="46.240668017417192" lon="10.845298999920487">
        <ele>1654.4879109999999</ele>
        <time>2026-08-09T18:38:43Z</time>
      </trkpt>
      <trkpt lat="46.240742029622197" lon="10.845450041815639">
        <ele>1653.8095840000001</ele>
        <time>2026-08-09T18:38:44Z</time>
      </trkpt>
      <trkpt lat="46.241002958267927" lon="10.845808032900095">
        <ele>1651.7481</ele>
        <time>2026-08-09T18:38:49Z</time>
      </trkpt>
      <trkpt lat="46.241733022034168" lon="10.846474980935454">
        <ele>1646.7998689999999</ele>
        <time>2026-08-09T18:39:00Z</time>
      </trkpt>
      <trkpt lat="46.242288993671536" lon="10.847434960305691">
        <ele>1642.0709850000001</ele>
        <time>2026-08-09T18:39:11Z</time>
      </trkpt>
      <trkpt lat="46.242366023361683" lon="10.847530011087656">
        <ele>1641.549233</ele>
        <time>2026-08-09T18:39:13Z</time>
      </trkpt>
      <trkpt lat="46.242604991421103" lon="10.847756993025541">
        <ele>1640.075284</ele>
        <time>2026-08-09T18:39:16Z</time>
      </trkpt>
      <trkpt lat="46.242846976965666" lon="10.847933012992144">
        <ele>1638.6789819999999</ele>
        <time>2026-08-09T18:39:20Z</time>
      </trkpt>
      <trkpt lat="46.243329020217061" lon="10.848203999921679">
        <ele>1636.0132759999999</ele>
        <time>2026-08-09T18:39:27Z</time>
      </trkpt>
      <trkpt lat="46.243795976042747" lon="10.848562996834517">
        <ele>1633.8992290000001</ele>
        <time>2026-08-09T18:39:34Z</time>
      </trkpt>
      <trkpt lat="46.24384400434792" lon="10.84863499738276">
        <ele>1633.67885</ele>
        <time>2026-08-09T18:39:35Z</time>
      </trkpt>
      <trkpt lat="46.244072997942567" lon="10.849249977618456">
        <ele>1632.139643</ele>
        <time>2026-08-09T18:39:42Z</time>
      </trkpt>
      <trkpt lat="46.244179029017687" lon="10.849535968154669">
        <ele>1631.4245960000001</ele>
        <time>2026-08-09T18:39:45Z</time>
      </trkpt>
      <trkpt lat="46.244248012080789" lon="10.849759010598063">
        <ele>1630.8862389999999</ele>
        <time>2026-08-09T18:39:48Z</time>
      </trkpt>
      <trkpt lat="46.244257986545563" lon="10.850009964779019">
        <ele>1630.332204</ele>
        <time>2026-08-09T18:39:50Z</time>
      </trkpt>
      <trkpt lat="46.244171988219023" lon="10.850172992795706">
        <ele>1629.880414</ele>
        <time>2026-08-09T18:39:52Z</time>
      </trkpt>
      <trkpt lat="46.244005020707846" lon="10.850270977243781">
        <ele>1629.3061339999999</ele>
        <time>2026-08-09T18:39:55Z</time>
      </trkpt>
      <trkpt lat="46.243569999933243" lon="10.850431993603706">
        <ele>1629.0572239999999</ele>
        <time>2026-08-09T18:40:02Z</time>
      </trkpt>
      <trkpt lat="46.24337000772357" lon="10.850637014955282">
        <ele>1628.9952000000001</ele>
        <time>2026-08-09T18:40:06Z</time>
      </trkpt>
      <trkpt lat="46.243302030488849" lon="10.850753020495176">
        <ele>1628.9685930000001</ele>
        <time>2026-08-09T18:40:08Z</time>
      </trkpt>
      <trkpt lat="46.243275962769985" lon="10.850859973579645">
        <ele>1628.9487489999999</ele>
        <time>2026-08-09T18:40:09Z</time>
      </trkpt>
      <trkpt lat="46.243289038538933" lon="10.851032976061106">
        <ele>1628.9183</ele>
        <time>2026-08-09T18:40:11Z</time>
      </trkpt>
      <trkpt lat="46.243322985246778" lon="10.851132972165942">
        <ele>1628.898803</ele>
        <time>2026-08-09T18:40:13Z</time>
      </trkpt>
      <trkpt lat="46.24367200769484" lon="10.851820958778262">
        <ele>1628.749511</ele>
        <time>2026-08-09T18:40:26Z</time>
      </trkpt>
      <trkpt lat="46.24397199600935" lon="10.852636015042663">
        <ele>1629.8001790000001</ele>
        <time>2026-08-09T18:40:45Z</time>
      </trkpt>
      <trkpt lat="46.244361000135541" lon="10.853394996374846">
        <ele>1631.360248</ele>
        <time>2026-08-09T18:41:06Z</time>
      </trkpt>
      <trkpt lat="46.244555041193962" lon="10.853696996346116">
        <ele>1632.0409159999999</ele>
        <time>2026-08-09T18:41:16Z</time>
      </trkpt>
      <trkpt lat="46.245049992576241" lon="10.854360004886985">
        <ele>1632.7048649999999</ele>
        <time>2026-08-09T18:41:35Z</time>
      </trkpt>
      <trkpt lat="46.245297007262707" lon="10.854898039251566">
        <ele>1632.2246849999999</ele>
        <time>2026-08-09T18:41:46Z</time>
      </trkpt>
      <trkpt lat="46.245371019467711" lon="10.855005998164415">
        <ele>1632.1116360000001</ele>
        <time>2026-08-09T18:41:48Z</time>
      </trkpt>
      <trkpt lat="46.245952975004911" lon="10.855399025604129">
        <ele>1631.4209900000001</ele>
        <time>2026-08-09T18:41:58Z</time>
      </trkpt>
      <trkpt lat="46.246423032134771" lon="10.85566196590662">
        <ele>1629.871398</ele>
        <time>2026-08-09T18:42:05Z</time>
      </trkpt>
      <trkpt lat="46.246490003541112" lon="10.855678981170058">
        <ele>1629.4017919999999</ele>
        <time>2026-08-09T18:42:06Z</time>
      </trkpt>
      <trkpt lat="46.246665017679334" lon="10.855649979785085">
        <ele>1628.1857620000001</ele>
        <time>2026-08-09T18:42:08Z</time>
      </trkpt>
      <trkpt lat="46.246761996299028" lon="10.855600023642182">
        <ele>1627.4748420000001</ele>
        <time>2026-08-09T18:42:09Z</time>
      </trkpt>
      <trkpt lat="46.247111018747091" lon="10.855232980102301">
        <ele>1624.4957730000001</ele>
        <time>2026-08-09T18:42:15Z</time>
      </trkpt>
      <trkpt lat="46.247267005965114" lon="10.855131978169084">
        <ele>1623.315799</ele>
        <time>2026-08-09T18:42:17Z</time>
      </trkpt>
      <trkpt lat="46.247760029509664" lon="10.855122003704309">
        <ele>1619.9120089999999</ele>
        <time>2026-08-09T18:42:23Z</time>
      </trkpt>
      <trkpt lat="46.247832030057907" lon="10.855165002867579">
        <ele>1619.374229</ele>
        <time>2026-08-09T18:42:24Z</time>
      </trkpt>
      <trkpt lat="46.247875029221177" lon="10.855266004800797">
        <ele>1618.807994</ele>
        <time>2026-08-09T18:42:25Z</time>
      </trkpt>
      <trkpt lat="46.247871005907655" lon="10.85536097176373">
        <ele>1618.400042</ele>
        <time>2026-08-09T18:42:26Z</time>
      </trkpt>
      <trkpt lat="46.24783999286592" lon="10.855447975918651">
        <ele>1618.0064930000001</ele>
        <time>2026-08-09T18:42:27Z</time>
      </trkpt>
      <trkpt lat="46.247709989547729" lon="10.855720974504948">
        <ele>1616.6736309999999</ele>
        <time>2026-08-09T18:42:30Z</time>
      </trkpt>
      <trkpt lat="46.247714012861252" lon="10.855815019458532">
        <ele>1616.294928</ele>
        <time>2026-08-09T18:42:30Z</time>
      </trkpt>
      <trkpt lat="46.247804034501314" lon="10.855942005291581">
        <ele>1615.563715</ele>
        <time>2026-08-09T18:42:32Z</time>
      </trkpt>
      <trkpt lat="46.247981982305646" lon="10.855954997241497">
        <ele>1614.5273669999999</ele>
        <time>2026-08-09T18:42:34Z</time>
      </trkpt>
      <trkpt lat="46.248587993904948" lon="10.855623995885253">
        <ele>1610.760628</ele>
        <time>2026-08-09T18:42:43Z</time>
      </trkpt>
      <trkpt lat="46.248715985566378" lon="10.855603963136673">
        <ele>1610.0120059999999</ele>
        <time>2026-08-09T18:42:45Z</time>
      </trkpt>
      <trkpt lat="46.248844983056188" lon="10.855722986161709">
        <ele>1609.1222720000001</ele>
        <time>2026-08-09T18:42:47Z</time>
      </trkpt>
      <trkpt lat="46.248993007466197" lon="10.855946028605103">
        <ele>1607.770769</ele>
        <time>2026-08-09T18:42:50Z</time>
      </trkpt>
      <trkpt lat="46.24925896525383" lon="10.856092963367701">
        <ele>1605.5343419999999</ele>
        <time>2026-08-09T18:42:53Z</time>
      </trkpt>
      <trkpt lat="46.249539004638791" lon="10.856312988325953">
        <ele>1603.0316849999999</ele>
        <time>2026-08-09T18:42:58Z</time>
      </trkpt>
      <trkpt lat="46.249664984643459" lon="10.856360010802746">
        <ele>1602.0097330000001</ele>
        <time>2026-08-09T18:42:59Z</time>
      </trkpt>
      <trkpt lat="46.24977202154696" lon="10.856322962790728">
        <ele>1601.1457</ele>
        <time>2026-08-09T18:43:01Z</time>
      </trkpt>
      <trkpt lat="46.249933037906885" lon="10.856173010542989">
        <ele>1599.6415569999999</ele>
        <time>2026-08-09T18:43:03Z</time>
      </trkpt>
      <trkpt lat="46.250000009313226" lon="10.856149960309267">
        <ele>1599.100739</ele>
        <time>2026-08-09T18:43:04Z</time>
      </trkpt>
      <trkpt lat="46.250479035079479" lon="10.856319023296237">
        <ele>1595.2284890000001</ele>
        <time>2026-08-09T18:43:10Z</time>
      </trkpt>
      <trkpt lat="46.251322003081441" lon="10.856316005811095">
        <ele>1586.1947990000001</ele>
        <time>2026-08-09T18:43:20Z</time>
      </trkpt>
      <trkpt lat="46.251486958935857" lon="10.856279963627458">
        <ele>1584.304623</ele>
        <time>2026-08-09T18:43:21Z</time>
      </trkpt>
      <trkpt lat="46.251908987760544" lon="10.856279041618109">
        <ele>1579.5244479999999</ele>
        <time>2026-08-09T18:43:26Z</time>
      </trkpt>
      <trkpt lat="46.252531008794904" lon="10.856432011350989">
        <ele>1572.936391</ele>
        <time>2026-08-09T18:43:34Z</time>
      </trkpt>
      <trkpt lat="46.253092009574175" lon="10.856766030192375">
        <ele>1568.9916390000001</ele>
        <time>2026-08-09T18:43:41Z</time>
      </trkpt>
      <trkpt lat="46.253888960927725" lon="10.857504978775978">
        <ele>1562.83572</ele>
        <time>2026-08-09T18:43:54Z</time>
      </trkpt>
      <trkpt lat="46.254003960639238" lon="10.857645040377975">
        <ele>1561.7990159999999</ele>
        <time>2026-08-09T18:43:56Z</time>
      </trkpt>
      <trkpt lat="46.254103034734726" lon="10.857840003445745">
        <ele>1560.2369639999999</ele>
        <time>2026-08-09T18:43:59Z</time>
      </trkpt>
      <trkpt lat="46.254218034446239" lon="10.858177039772272">
        <ele>1557.8104069999999</ele>
        <time>2026-08-09T18:44:02Z</time>
      </trkpt>
      <trkpt lat="46.254275031387806" lon="10.858295978978276">
        <ele>1556.875679</ele>
        <time>2026-08-09T18:44:03Z</time>
      </trkpt>
      <trkpt lat="46.254464965313673" lon="10.858550034463406">
        <ele>1554.459537</ele>
        <time>2026-08-09T18:44:06Z</time>
      </trkpt>
      <trkpt lat="46.254790015518665" lon="10.858789002522826">
        <ele>1551.054828</ele>
        <time>2026-08-09T18:44:11Z</time>
      </trkpt>
      <trkpt lat="46.255180025473237" lon="10.859215976670384">
        <ele>1546.4870370000001</ele>
        <time>2026-08-09T18:44:16Z</time>
      </trkpt>
      <trkpt lat="46.25563801266253" lon="10.859482018277049">
        <ele>1541.4743020000001</ele>
        <time>2026-08-09T18:44:22Z</time>
      </trkpt>
      <trkpt lat="46.255698027089238" lon="10.85956902243197">
        <ele>1540.5843910000001</ele>
        <time>2026-08-09T18:44:23Z</time>
      </trkpt>
      <trkpt lat="46.255680005997419" lon="10.859594000503421">
        <ele>1540.322997</ele>
        <time>2026-08-09T18:44:24Z</time>
      </trkpt>
      <trkpt lat="46.255729962140322" lon="10.859675975516438">
        <ele>1539.5311999999999</ele>
        <time>2026-08-09T18:44:25Z</time>
      </trkpt>
      <trkpt lat="46.255768015980721" lon="10.859769014641643">
        <ele>1538.7488579999999</ele>
        <time>2026-08-09T18:44:27Z</time>
      </trkpt>
      <trkpt lat="46.255798023194075" lon="10.859862975776196">
        <ele>1537.9990680000001</ele>
        <time>2026-08-09T18:44:28Z</time>
      </trkpt>
      <trkpt lat="46.255825012922287" lon="10.859942017123103">
        <ele>1537.3608549999999</ele>
        <time>2026-08-09T18:44:30Z</time>
      </trkpt>
      <trkpt lat="46.255847979336977" lon="10.860002031549811">
        <ele>1536.86401</ele>
        <time>2026-08-09T18:44:31Z</time>
      </trkpt>
      <trkpt lat="46.255882009863853" lon="10.860053999349475">
        <ele>1536.345699</ele>
        <time>2026-08-09T18:44:32Z</time>
      </trkpt>
      <trkpt lat="46.255919979885221" lon="10.860075037926435">
        <ele>1535.9196139999999</ele>
        <time>2026-08-09T18:44:33Z</time>
      </trkpt>
      <trkpt lat="46.255959039554" lon="10.860059028491378">
        <ele>1535.4950060000001</ele>
        <time>2026-08-09T18:44:33Z</time>
      </trkpt>
      <trkpt lat="46.255981000140309" lon="10.860026003792882">
        <ele>1535.163018</ele>
        <time>2026-08-09T18:44:34Z</time>
      </trkpt>
      <trkpt lat="46.255977982655168" lon="10.859980992972851">
        <ele>1534.835607</ele>
        <time>2026-08-09T18:44:35Z</time>
      </trkpt>
      <trkpt lat="46.255965996533632" lon="10.859926007688046">
        <ele>1534.4179260000001</ele>
        <time>2026-08-09T18:44:36Z</time>
      </trkpt>
      <trkpt lat="46.255950992926955" lon="10.859862975776196">
        <ele>1533.935373</ele>
        <time>2026-08-09T18:44:37Z</time>
      </trkpt>
      <trkpt lat="46.255943030118942" lon="10.859789969399571">
        <ele>1533.4000920000001</ele>
        <time>2026-08-09T18:44:38Z</time>
      </trkpt>
      <trkpt lat="46.255943030118942" lon="10.859712017700076">
        <ele>1532.8352</ele>
        <time>2026-08-09T18:44:39Z</time>
      </trkpt>
      <trkpt lat="46.255948981270194" lon="10.859712017700076">
        <ele>1532.7723550000001</ele>
        <time>2026-08-09T18:44:39Z</time>
      </trkpt>
      <trkpt lat="46.255968008190393" lon="10.85918202996254">
        <ele>1528.9288260000001</ele>
        <time>2026-08-09T18:44:44Z</time>
      </trkpt>
      <trkpt lat="46.256319964304566" lon="10.857948968186975">
        <ele>1522.2554239999999</ele>
        <time>2026-08-09T18:44:55Z</time>
      </trkpt>
      <trkpt lat="46.25632700510323" lon="10.857823994010687">
        <ele>1521.7298229999999</ele>
        <time>2026-08-09T18:44:56Z</time>
      </trkpt>
      <trkpt lat="46.256280988454819" lon="10.857476983219385">
        <ele>1520.249028</ele>
        <time>2026-08-09T18:45:00Z</time>
      </trkpt>
      <trkpt lat="46.25628300011158" lon="10.857204990461469">
        <ele>1519.1089870000001</ele>
        <time>2026-08-09T18:45:02Z</time>
      </trkpt>
      <trkpt lat="46.256227008998394" lon="10.856678020209074">
        <ele>1516.8743509999999</ele>
        <time>2026-08-09T18:45:07Z</time>
      </trkpt>
      <trkpt lat="46.256194990128279" lon="10.856375014409423">
        <ele>1515.5897219999999</ele>
        <time>2026-08-09T18:45:10Z</time>
      </trkpt>
      <trkpt lat="46.256221979856491" lon="10.856202011927962">
        <ele>1515.110003</ele>
        <time>2026-08-09T18:45:11Z</time>
      </trkpt>
      <trkpt lat="46.256281994283199" lon="10.856120958924294">
        <ele>1514.8273799999999</ele>
        <time>2026-08-09T18:45:13Z</time>
      </trkpt>
      <trkpt lat="46.256331028416753" lon="10.856103021651506">
        <ele>1514.6532979999999</ele>
        <time>2026-08-09T18:45:13Z</time>
      </trkpt>
      <trkpt lat="46.256560022011399" lon="10.856123976409435">
        <ele>1513.8631829999999</ele>
        <time>2026-08-09T18:45:16Z</time>
      </trkpt>
      <trkpt lat="46.256893035024405" lon="10.856307959184051">
        <ele>1512.635708</ele>
        <time>2026-08-09T18:45:22Z</time>
      </trkpt>
      <trkpt lat="46.257384968921542" lon="10.8563900180161">
        <ele>1510.9303609999999</ele>
        <time>2026-08-09T18:45:29Z</time>
      </trkpt>
      <trkpt lat="46.25804697163403" lon="10.856611970812082">
        <ele>1509.4168340000001</ele>
        <time>2026-08-09T18:45:40Z</time>
      </trkpt>
      <trkpt lat="46.258769994601607" lon="10.856667039915919">
        <ele>1509.9857099999999</ele>
        <time>2026-08-09T18:45:57Z</time>
      </trkpt>
      <trkpt lat="46.258962024003267" lon="10.856615994125605">
        <ele>1510.139095</ele>
        <time>2026-08-09T18:46:02Z</time>
      </trkpt>
      <trkpt lat="46.259114993736148" lon="10.856462018564343">
        <ele>1510.2855589999999</ele>
        <time>2026-08-09T18:46:07Z</time>
      </trkpt>
      <trkpt lat="46.259174002334476" lon="10.856468975543976">
        <ele>1510.332073</ele>
        <time>2026-08-09T18:46:09Z</time>
      </trkpt>
      <trkpt lat="46.259224964305758" lon="10.856503006070852">
        <ele>1510.3761979999999</ele>
        <time>2026-08-09T18:46:11Z</time>
      </trkpt>
      <trkpt lat="46.259316997602582" lon="10.856731999665499">
        <ele>1510.520082</ele>
        <time>2026-08-09T18:46:16Z</time>
      </trkpt>
      <trkpt lat="46.259573986753821" lon="10.856903996318579">
        <ele>1510.813979</ele>
        <time>2026-08-09T18:46:24Z</time>
      </trkpt>
      <trkpt lat="46.26002199947834" lon="10.85714497603476">
        <ele>1511.5955750000001</ele>
        <time>2026-08-09T18:46:38Z</time>
      </trkpt>
      <trkpt lat="46.260620970278978" lon="10.85739903151989">
        <ele>1512.6162830000001</ele>
        <time>2026-08-09T18:46:55Z</time>
      </trkpt>
      <trkpt lat="46.261218013241887" lon="10.857865987345576">
        <ele>1513.703444</ele>
        <time>2026-08-09T18:47:12Z</time>
      </trkpt>
      <trkpt lat="46.261881021782756" lon="10.858495971187949">
        <ele>1514.7293830000001</ele>
        <time>2026-08-09T18:47:33Z</time>
      </trkpt>
      <trkpt lat="46.262301038950682" lon="10.859048003330827">
        <ele>1515.4633140000001</ele>
        <time>2026-08-09T18:47:49Z</time>
      </trkpt>
      <trkpt lat="46.262420983985066" lon="10.859155962243676">
        <ele>1515.6460999999999</ele>
        <time>2026-08-09T18:47:53Z</time>
      </trkpt>
      <trkpt lat="46.26277201808989" lon="10.859297029674053">
        <ele>1515.4091350000001</ele>
        <time>2026-08-09T18:48:02Z</time>
      </trkpt>
      <trkpt lat="46.2630529794842" lon="10.859524011611938">
        <ele>1514.125227</ele>
        <time>2026-08-09T18:48:08Z</time>
      </trkpt>
      <trkpt lat="46.263282978907228" lon="10.859590983018279">
        <ele>1513.189314</ele>
        <time>2026-08-09T18:48:12Z</time>
      </trkpt>
      <trkpt lat="46.263327989727259" lon="10.859671030193567">
        <ele>1512.904884</ele>
        <time>2026-08-09T18:48:13Z</time>
      </trkpt>
      <trkpt lat="46.263851020485163" lon="10.860135974362493">
        <ele>1510.4559730000001</ele>
        <time>2026-08-09T18:48:22Z</time>
      </trkpt>
      <trkpt lat="46.264070961624384" lon="10.860441997647285">
        <ele>1509.238462</ele>
        <time>2026-08-09T18:48:26Z</time>
      </trkpt>
      <trkpt lat="46.264141034334898" lon="10.860573006793857">
        <ele>1508.7818540000001</ele>
        <time>2026-08-09T18:48:27Z</time>
      </trkpt>
      <trkpt lat="46.264251004904509" lon="10.860957987606525">
        <ele>1505.5571420000001</ele>
        <time>2026-08-09T18:48:31Z</time>
      </trkpt>
      <trkpt lat="46.264351001009345" lon="10.861211959272623">
        <ele>1503.277891</ele>
        <time>2026-08-09T18:48:33Z</time>
      </trkpt>
      <trkpt lat="46.264651995152235" lon="10.861671036109328">
        <ele>1498.3447140000001</ele>
        <time>2026-08-09T18:48:39Z</time>
      </trkpt>
      <trkpt lat="46.264696000143886" lon="10.861755022779107">
        <ele>1497.522935</ele>
        <time>2026-08-09T18:48:39Z</time>
      </trkpt>
      <trkpt lat="46.264708992093801" lon="10.861844038590789">
        <ele>1496.8136280000001</ele>
        <time>2026-08-09T18:48:40Z</time>
      </trkpt>
      <trkpt lat="46.264646966010332" lon="10.861940011382103">
        <ele>1495.7892320000001</ele>
        <time>2026-08-09T18:48:41Z</time>
      </trkpt>
      <trkpt lat="46.264578988775611" lon="10.861959038302302">
        <ele>1495.0080700000001</ele>
        <time>2026-08-09T18:48:42Z</time>
      </trkpt>
      <trkpt lat="46.264292998239398" lon="10.861901035532355">
        <ele>1491.750681</ele>
        <time>2026-08-09T18:48:46Z</time>
      </trkpt>
      <trkpt lat="46.264226026833057" lon="10.861924001947045">
        <ele>1490.9739870000001</ele>
        <time>2026-08-09T18:48:46Z</time>
      </trkpt>
      <trkpt lat="46.263961996883154" lon="10.862176967784762">
        <ele>1487.315996</ele>
        <time>2026-08-09T18:48:50Z</time>
      </trkpt>
      <trkpt lat="46.263753036037087" lon="10.862505035474896">
        <ele>1483.5604209999999</ele>
        <time>2026-08-09T18:48:54Z</time>
      </trkpt>
      <trkpt lat="46.26356502994895" lon="10.862693041563034">
        <ele>1480.7770390000001</ele>
        <time>2026-08-09T18:48:57Z</time>
      </trkpt>
      <trkpt lat="46.26335397362709" lon="10.862811980769038">
        <ele>1478.019014</ele>
        <time>2026-08-09T18:48:59Z</time>
      </trkpt>
      <trkpt lat="46.26309497281909" lon="10.862882975488901">
        <ele>1474.808702</ele>
        <time>2026-08-09T18:49:03Z</time>
      </trkpt>
      <trkpt lat="46.262593986466527" lon="10.862903008237481">
        <ele>1468.705078</ele>
        <time>2026-08-09T18:49:09Z</time>
      </trkpt>
      <trkpt lat="46.262517040595412" lon="10.862941984087229">
        <ele>1467.7115249999999</ele>
        <time>2026-08-09T18:49:10Z</time>
      </trkpt>
      <trkpt lat="46.26247001811862" lon="10.863006021827459">
        <ele>1466.9254120000001</ele>
        <time>2026-08-09T18:49:11Z</time>
      </trkpt>
      <trkpt lat="46.262462977319956" lon="10.863069975748658">
        <ele>1466.421562</ele>
        <time>2026-08-09T18:49:11Z</time>
      </trkpt>
      <trkpt lat="46.262488039210439" lon="10.863140970468521">
        <ele>1465.892329</ele>
        <time>2026-08-09T18:49:12Z</time>
      </trkpt>
      <trkpt lat="46.262920964509249" lon="10.863469038158655">
        <ele>1461.1963760000001</ele>
        <time>2026-08-09T18:49:18Z</time>
      </trkpt>
      <trkpt lat="46.263421028852463" lon="10.863987039774656">
        <ele>1455.287642</ele>
        <time>2026-08-09T18:49:26Z</time>
      </trkpt>
      <trkpt lat="46.263478025794029" lon="10.864099022001028">
        <ele>1454.3639069999999</ele>
        <time>2026-08-09T18:49:27Z</time>
      </trkpt>
      <trkpt lat="46.26354600302875" lon="10.864487020298839">
        <ele>1451.705291</ele>
        <time>2026-08-09T18:49:30Z</time>
      </trkpt>
      <trkpt lat="46.263655973598361" lon="10.864703021943569">
        <ele>1449.923399</ele>
        <time>2026-08-09T18:49:33Z</time>
      </trkpt>
      <trkpt lat="46.263749012723565" lon="10.864821961149573">
        <ele>1448.955346</ele>
        <time>2026-08-09T18:49:34Z</time>
      </trkpt>
      <trkpt lat="46.263884967193007" lon="10.864905025810003">
        <ele>1448.0999839999999</ele>
        <time>2026-08-09T18:49:36Z</time>
      </trkpt>
      <trkpt lat="46.264539007097483" lon="10.865121027454734">
        <ele>1444.2126760000001</ele>
        <time>2026-08-09T18:49:45Z</time>
      </trkpt>
      <trkpt lat="46.265015015378594" lon="10.865118009969592">
        <ele>1441.454344</ele>
        <time>2026-08-09T18:49:52Z</time>
      </trkpt>
      <trkpt lat="46.265089027583599" lon="10.865085991099477">
        <ele>1441.0067799999999</ele>
        <time>2026-08-09T18:49:53Z</time>
      </trkpt>
      <trkpt lat="46.265385998412967" lon="10.864835036918521">
        <ele>1439.013528</ele>
        <time>2026-08-09T18:49:58Z</time>
      </trkpt>
      <trkpt lat="46.265514995902777" lon="10.864760018885136">
        <ele>1437.835799</ele>
        <time>2026-08-09T18:50:00Z</time>
      </trkpt>
      <trkpt lat="46.265626978129148" lon="10.864734034985304">
        <ele>1436.8115339999999</ele>
        <time>2026-08-09T18:50:02Z</time>
      </trkpt>
      <trkpt lat="46.265842979773879" lon="10.864732023328543">
        <ele>1434.8610819999999</ele>
        <time>2026-08-09T18:50:05Z</time>
      </trkpt>
      <trkpt lat="46.266280012205243" lon="10.864818021655083">
        <ele>1430.8787600000001</ele>
        <time>2026-08-09T18:50:11Z</time>
      </trkpt>
      <trkpt lat="46.266519986093044" lon="10.864730011671782">
        <ele>1428.6430989999999</ele>
        <time>2026-08-09T18:50:14Z</time>
      </trkpt>
      <trkpt lat="46.266669016331434" lon="10.864714002236724">
        <ele>1427.2939739999999</ele>
        <time>2026-08-09T18:50:15Z</time>
      </trkpt>
      <trkpt lat="46.266911001875997" lon="10.864740991964936">
        <ele>1425.1023009999999</ele>
        <time>2026-08-09T18:50:18Z</time>
      </trkpt>
      <trkpt lat="46.266946038231254" lon="10.864786002784967">
        <ele>1424.6794709999999</ele>
        <time>2026-08-09T18:50:19Z</time>
      </trkpt>
      <trkpt lat="46.266914019361138" lon="10.864844005554914">
        <ele>1424.2162519999999</ele>
        <time>2026-08-09T18:50:20Z</time>
      </trkpt>
      <trkpt lat="46.266589974984527" lon="10.864934027194977">
        <ele>1420.0774489999999</ele>
        <time>2026-08-09T18:50:23Z</time>
      </trkpt>
      <trkpt lat="46.26650900579989" lon="10.865003010258079">
        <ele>1418.523518</ele>
        <time>2026-08-09T18:50:25Z</time>
      </trkpt>
      <trkpt lat="46.266351006925106" lon="10.865240972489119">
        <ele>1414.7526459999999</ele>
        <time>2026-08-09T18:50:27Z</time>
      </trkpt>
      <trkpt lat="46.265986980870366" lon="10.865637017413974">
        <ele>1407.2235539999999</ele>
        <time>2026-08-09T18:50:33Z</time>
      </trkpt>
      <trkpt lat="46.265810960903764" lon="10.865961983799934">
        <ele>1402.505564</ele>
        <time>2026-08-09T18:50:36Z</time>
      </trkpt>
      <trkpt lat="46.265818001702428" lon="10.866064997389913">
        <ele>1401.322801</ele>
        <time>2026-08-09T18:50:37Z</time>
      </trkpt>
      <trkpt lat="46.265963008627295" lon="10.86618603207171">
        <ele>1398.5555589999999</ele>
        <time>2026-08-09T18:50:39Z</time>
      </trkpt>
      <trkpt lat="46.266214968636632" lon="10.86627496406436">
        <ele>1394.2674050000001</ele>
        <time>2026-08-09T18:50:42Z</time>
      </trkpt>
      <trkpt lat="46.266309013590217" lon="10.866256020963192">
        <ele>1392.7478390000001</ele>
        <time>2026-08-09T18:50:43Z</time>
      </trkpt>
      <trkpt lat="46.266483021900058" lon="10.86614303290844">
        <ele>1390.3679770000001</ele>
        <time>2026-08-09T18:50:45Z</time>
      </trkpt>
      <trkpt lat="46.266583018004894" lon="10.866126017645001">
        <ele>1389.1116320000001</ele>
        <time>2026-08-09T18:50:46Z</time>
      </trkpt>
      <trkpt lat="46.26683003269136" lon="10.866158036515117">
        <ele>1386.0173339999999</ele>
        <time>2026-08-09T18:50:49Z</time>
      </trkpt>
      <trkpt lat="46.267144018784165" lon="10.866110008209944">
        <ele>1382.077558</ele>
        <time>2026-08-09T18:50:53Z</time>
      </trkpt>
      <trkpt lat="46.267552971839905" lon="10.866237999871373">
        <ele>1376.856162</ele>
        <time>2026-08-09T18:50:58Z</time>
      </trkpt>
      <trkpt lat="46.267947005107999" lon="10.866242023184896">
        <ele>1371.939875</ele>
        <time>2026-08-09T18:51:03Z</time>
      </trkpt>
      <trkpt lat="46.268198965117335" lon="10.866416031494737">
        <ele>1369.256977</ele>
        <time>2026-08-09T18:51:06Z</time>
      </trkpt>
      <trkpt lat="46.268416978418827" lon="10.866508986800909">
        <ele>1367.556317</ele>
        <time>2026-08-09T18:51:09Z</time>
      </trkpt>
      <trkpt lat="46.268896004185081" lon="10.866607977077365">
        <ele>1363.935755</ele>
        <time>2026-08-09T18:51:16Z</time>
      </trkpt>
      <trkpt lat="46.269218036904931" lon="10.866714008152485">
        <ele>1361.4647600000001</ele>
        <time>2026-08-09T18:51:20Z</time>
      </trkpt>
      <trkpt lat="46.26947502605617" lon="10.866691963747144">
        <ele>1359.538368</ele>
        <time>2026-08-09T18:51:23Z</time>
      </trkpt>
      <trkpt lat="46.269829999655485" lon="10.866520972922444">
        <ele>1356.808376</ele>
        <time>2026-08-09T18:51:28Z</time>
      </trkpt>
      <trkpt lat="46.270059999078512" lon="10.866492977365851">
        <ele>1355.5441800000001</ele>
        <time>2026-08-09T18:51:32Z</time>
      </trkpt>
      <trkpt lat="46.270196959376335" lon="10.86653002537787">
        <ele>1354.780847</ele>
        <time>2026-08-09T18:51:34Z</time>
      </trkpt>
      <trkpt lat="46.270283963531256" lon="10.866590039804578">
        <ele>1354.252956</ele>
        <time>2026-08-09T18:51:35Z</time>
      </trkpt>
      <trkpt lat="46.270545981824398" lon="10.866932021453977">
        <ele>1352.3201100000001</ele>
        <time>2026-08-09T18:51:40Z</time>
      </trkpt>
      <trkpt lat="46.270662993192673" lon="10.866969991475344">
        <ele>1351.663333</ele>
        <time>2026-08-09T18:51:41Z</time>
      </trkpt>
      <trkpt lat="46.270963987335563" lon="10.866936966776848">
        <ele>1350.0099849999999</ele>
        <time>2026-08-09T18:51:46Z</time>
      </trkpt>
      <trkpt lat="46.271467991173267" lon="10.867053978145123">
        <ele>1347.2141879999999</ele>
        <time>2026-08-09T18:51:53Z</time>
      </trkpt>
      <trkpt lat="46.271908041089773" lon="10.867053978145123">
        <ele>1344.4453109999999</ele>
        <time>2026-08-09T18:51:58Z</time>
      </trkpt>
      <trkpt lat="46.272392012178898" lon="10.867136958986521">
        <ele>1341.3668809999999</ele>
        <time>2026-08-09T18:52:05Z</time>
      </trkpt>
      <trkpt lat="46.273058960214257" lon="10.867181969806552">
        <ele>1337.1494170000001</ele>
        <time>2026-08-09T18:52:14Z</time>
      </trkpt>
      <trkpt lat="46.273531029000878" lon="10.867266040295362">
        <ele>1334.2449650000001</ele>
        <time>2026-08-09T18:52:20Z</time>
      </trkpt>
      <trkpt lat="46.274311970919371" lon="10.867268973961473">
        <ele>1329.610359</ele>
        <time>2026-08-09T18:52:31Z</time>
      </trkpt>
      <trkpt lat="46.274712039157748" lon="10.867183981463313">
        <ele>1327.211221</ele>
        <time>2026-08-09T18:52:36Z</time>
      </trkpt>
      <trkpt lat="46.274918988347054" lon="10.867185993120074">
        <ele>1325.9828199999999</ele>
        <time>2026-08-09T18:52:39Z</time>
      </trkpt>
      <trkpt lat="46.275287037715316" lon="10.867266962304711">
        <ele>1324.1735550000001</ele>
        <time>2026-08-09T18:52:44Z</time>
      </trkpt>
      <trkpt lat="46.275951974093914" lon="10.867099994793534">
        <ele>1321.363335</ele>
        <time>2026-08-09T18:52:54Z</time>
      </trkpt>
      <trkpt lat="46.276332009583712" lon="10.867054983973503">
        <ele>1319.775862</ele>
        <time>2026-08-09T18:52:59Z</time>
      </trkpt>
      <trkpt lat="46.27688898704946" lon="10.867056995630264">
        <ele>1317.4765030000001</ele>
        <time>2026-08-09T18:53:07Z</time>
      </trkpt>
      <trkpt lat="46.277377987280488" lon="10.867199990898371">
        <ele>1315.6444080000001</ele>
        <time>2026-08-09T18:53:15Z</time>
      </trkpt>
      <trkpt lat="46.277633970603347" lon="10.867227986454964">
        <ele>1314.701603</ele>
        <time>2026-08-09T18:53:19Z</time>
      </trkpt>
      <trkpt lat="46.277901018038392" lon="10.867120027542114">
        <ele>1313.683487</ele>
        <time>2026-08-09T18:53:23Z</time>
      </trkpt>
      <trkpt lat="46.278121965005994" lon="10.867095971480012">
        <ele>1312.869614</ele>
        <time>2026-08-09T18:53:26Z</time>
      </trkpt>
      <trkpt lat="46.279720980674028" lon="10.867552030831575">
        <ele>1304.391228</ele>
        <time>2026-08-09T18:53:49Z</time>
      </trkpt>
      <trkpt lat="46.280466970056295" lon="10.867910021916032">
        <ele>1299.420535</ele>
        <time>2026-08-09T18:53:59Z</time>
      </trkpt>
      <trkpt lat="46.280958987772465" lon="10.867911027744412">
        <ele>1295.029902</ele>
        <time>2026-08-09T18:54:06Z</time>
      </trkpt>
      <trkpt lat="46.281671030446887" lon="10.867786975577474">
        <ele>1288.630124</ele>
        <time>2026-08-09T18:54:15Z</time>
      </trkpt>
      <trkpt lat="46.281860964372754" lon="10.867774989455938">
        <ele>1286.9329419999999</ele>
        <time>2026-08-09T18:54:17Z</time>
      </trkpt>
      <trkpt lat="46.281971018761396" lon="10.867811031639576">
        <ele>1285.9265009999999</ele>
        <time>2026-08-09T18:54:18Z</time>
      </trkpt>
      <trkpt lat="46.282075038179755" lon="10.867956038564444">
        <ele>1284.637657</ele>
        <time>2026-08-09T18:54:20Z</time>
      </trkpt>
      <trkpt lat="46.282205041497946" lon="10.868311012163758">
        <ele>1282.535502</ele>
        <time>2026-08-09T18:54:24Z</time>
      </trkpt>
      <trkpt lat="46.282324986532331" lon="10.869035962969065">
        <ele>1278.7157629999999</ele>
        <time>2026-08-09T18:54:30Z</time>
      </trkpt>
      <trkpt lat="46.282493965700269" lon="10.869394037872553">
        <ele>1276.494406</ele>
        <time>2026-08-09T18:54:34Z</time>
      </trkpt>
      <trkpt lat="46.282659005373716" lon="10.869605010375381">
        <ele>1274.8618710000001</ele>
        <time>2026-08-09T18:54:37Z</time>
      </trkpt>
      <trkpt lat="46.283057983964682" lon="10.8703120239079">
        <ele>1270.017985</ele>
        <time>2026-08-09T18:54:46Z</time>
      </trkpt>
      <trkpt lat="46.283331988379359" lon="10.870516961440444">
        <ele>1267.286672</ele>
        <time>2026-08-09T18:54:50Z</time>
      </trkpt>
      <trkpt lat="46.283671958371997" lon="10.870631039142609">
        <ele>1264.1963169999999</ele>
        <time>2026-08-09T18:54:54Z</time>
      </trkpt>
      <trkpt lat="46.283960966393352" lon="10.870869001373649">
        <ele>1261.2519</ele>
        <time>2026-08-09T18:54:58Z</time>
      </trkpt>
      <trkpt lat="46.284302026033401" lon="10.871201008558273">
        <ele>1257.6126039999999</ele>
        <time>2026-08-09T18:55:04Z</time>
      </trkpt>
      <trkpt lat="46.284871995449066" lon="10.871416004374623">
        <ele>1251.8138389999999</ele>
        <time>2026-08-09T18:55:11Z</time>
      </trkpt>
      <trkpt lat="46.285043992102146" lon="10.87140703573823">
        <ele>1249.9634229999999</ele>
        <time>2026-08-09T18:55:13Z</time>
      </trkpt>
      <trkpt lat="46.285356972366571" lon="10.871469983831048">
        <ele>1246.5658960000001</ele>
        <time>2026-08-09T18:55:17Z</time>
      </trkpt>
      <trkpt lat="46.285863993689418" lon="10.871640974655747">
        <ele>1240.968928</ele>
        <time>2026-08-09T18:55:23Z</time>
      </trkpt>
      <trkpt lat="46.286003971472383" lon="10.871648015454412">
        <ele>1239.462861</ele>
        <time>2026-08-09T18:55:25Z</time>
      </trkpt>
      <trkpt lat="46.287193028256297" lon="10.871737031266093">
        <ele>1229.3596319999999</ele>
        <time>2026-08-09T18:55:40Z</time>
      </trkpt>
      <trkpt lat="46.287851007655263" lon="10.871733007952571">
        <ele>1224.3777540000001</ele>
        <time>2026-08-09T18:55:48Z</time>
      </trkpt>
      <trkpt lat="46.288686012849212" lon="10.87211899459362">
        <ele>1221.0602630000001</ele>
        <time>2026-08-09T18:56:02Z</time>
      </trkpt>
      <trkpt lat="46.288823978975415" lon="10.871962001547217">
        <ele>1220.7288140000001</ele>
        <time>2026-08-09T18:56:05Z</time>
      </trkpt>
      <trkpt lat="46.289085997268558" lon="10.871911039575934">
        <ele>1220.2296590000001</ele>
        <time>2026-08-09T18:56:09Z</time>
      </trkpt>
      <trkpt lat="46.289570974186063" lon="10.872026961296797">
        <ele>1219.3014740000001</ele>
        <time>2026-08-09T18:56:18Z</time>
      </trkpt>
      <trkpt lat="46.289729978889227" lon="10.872128969058394">
        <ele>1218.97308</ele>
        <time>2026-08-09T18:56:21Z</time>
      </trkpt>
      <trkpt lat="46.289913039654493" lon="10.872144978493452">
        <ele>1218.6436289999999</ele>
        <time>2026-08-09T18:56:25Z</time>
      </trkpt>
      <trkpt lat="46.290154019370675" lon="10.872441027313471">
        <ele>1218.1180420000001</ele>
        <time>2026-08-09T18:56:30Z</time>
      </trkpt>
      <trkpt lat="46.29037999548018" lon="10.872626015916467">
        <ele>1217.6863109999999</ele>
        <time>2026-08-09T18:56:34Z</time>
      </trkpt>
      <trkpt lat="46.291057001799345" lon="10.872705979272723">
        <ele>1216.556887</ele>
        <time>2026-08-09T18:56:45Z</time>
      </trkpt>
      <trkpt lat="46.291838027536869" lon="10.873044021427631">
        <ele>1214.8790320000001</ele>
        <time>2026-08-09T18:56:59Z</time>
      </trkpt>
      <trkpt lat="46.292898003011942" lon="10.872457958757877">
        <ele>1211.9339050000001</ele>
        <time>2026-08-09T18:57:17Z</time>
      </trkpt>
      <trkpt lat="46.294457037001848" lon="10.872903037816286">
        <ele>1205.7692039999999</ele>
        <time>2026-08-09T18:57:39Z</time>
      </trkpt>
      <trkpt lat="46.295505026355386" lon="10.872785020619631">
        <ele>1200.6593869999999</ele>
        <time>2026-08-09T18:57:54Z</time>
      </trkpt>
      <trkpt lat="46.295683979988098" lon="10.873122978955507">
        <ele>1199.0331369999999</ele>
        <time>2026-08-09T18:57:59Z</time>
      </trkpt>
      <trkpt lat="46.296080024912953" lon="10.873234961181879">
        <ele>1196.8031080000001</ele>
        <time>2026-08-09T18:58:04Z</time>
      </trkpt>
      <trkpt lat="46.296368027105927" lon="10.872850986197591">
        <ele>1194.6388899999999</ele>
        <time>2026-08-09T18:58:09Z</time>
      </trkpt>
      <trkpt lat="46.296725012362003" lon="10.872871018946171">
        <ele>1192.02961</ele>
        <time>2026-08-09T18:58:14Z</time>
      </trkpt>
      <trkpt lat="46.297200014814734" lon="10.873262034729123">
        <ele>1186.9839340000001</ele>
        <time>2026-08-09T18:58:21Z</time>
      </trkpt>
      <trkpt lat="46.297682980075479" lon="10.873260023072362">
        <ele>1182.5240980000001</ele>
        <time>2026-08-09T18:58:27Z</time>
      </trkpt>
      <trkpt lat="46.297855982556939" lon="10.873380973935127">
        <ele>1180.749953</ele>
        <time>2026-08-09T18:58:29Z</time>
      </trkpt>
      <trkpt lat="46.298027979210019" lon="10.873547019436955">
        <ele>1178.8410799999999</ele>
        <time>2026-08-09T18:58:32Z</time>
      </trkpt>
      <trkpt lat="46.298223026096821" lon="10.874080024659634">
        <ele>1174.348487</ele>
        <time>2026-08-09T18:58:37Z</time>
      </trkpt>
      <trkpt lat="46.298422012478113" lon="10.874175997450948">
        <ele>1171.7898869999999</ele>
        <time>2026-08-09T18:58:40Z</time>
      </trkpt>
      <trkpt lat="46.29867103882134" lon="10.874183038249612">
        <ele>1168.7521079999999</ele>
        <time>2026-08-09T18:58:45Z</time>
      </trkpt>
      <trkpt lat="46.298733986914158" lon="10.874144984409213">
        <ele>1167.9196019999999</ele>
        <time>2026-08-09T18:58:46Z</time>
      </trkpt>
      <trkpt lat="46.299042021855712" lon="10.874322010204196">
        <ele>1163.8774490000001</ele>
        <time>2026-08-09T18:58:50Z</time>
      </trkpt>
      <trkpt lat="46.29912500269711" lon="10.874239029362798">
        <ele>1162.646919</ele>
        <time>2026-08-09T18:58:51Z</time>
      </trkpt>
      <trkpt lat="46.299404036253691" lon="10.874284962192178">
        <ele>1159.221777</ele>
        <time>2026-08-09T18:58:55Z</time>
      </trkpt>
      <trkpt lat="46.299517024308443" lon="10.874341037124395">
        <ele>1157.764895</ele>
        <time>2026-08-09T18:58:56Z</time>
      </trkpt>
      <trkpt lat="46.299655996263027" lon="10.874647982418537">
        <ele>1154.7274170000001</ele>
        <time>2026-08-09T18:58:59Z</time>
      </trkpt>
      <trkpt lat="46.299735037609935" lon="10.875087026506662">
        <ele>1151.448011</ele>
        <time>2026-08-09T18:59:03Z</time>
      </trkpt>
      <trkpt lat="46.300010969862342" lon="10.875160032883286">
        <ele>1148.512311</ele>
        <time>2026-08-09T18:59:06Z</time>
      </trkpt>
      <trkpt lat="46.300256978720427" lon="10.875123990699649">
        <ele>1145.9252080000001</ele>
        <time>2026-08-09T18:59:09Z</time>
      </trkpt>
      <trkpt lat="46.300430987030268" lon="10.875501008704305">
        <ele>1142.647729</ele>
        <time>2026-08-09T18:59:13Z</time>
      </trkpt>
      <trkpt lat="46.300657968968153" lon="10.875896969810128">
        <ele>1138.928036</ele>
        <time>2026-08-09T18:59:18Z</time>
      </trkpt>
      <trkpt lat="46.300881011411548" lon="10.875946003943682">
        <ele>1136.56798</ele>
        <time>2026-08-09T18:59:21Z</time>
      </trkpt>
      <trkpt lat="46.301099024713039" lon="10.876406002789736">
        <ele>1134.3615010000001</ele>
        <time>2026-08-09T18:59:26Z</time>
      </trkpt>
      <trkpt lat="46.301085026934743" lon="10.876611024141312">
        <ele>1133.6056120000001</ele>
        <time>2026-08-09T18:59:28Z</time>
      </trkpt>
      <trkpt lat="46.30107999779284" lon="10.87669400498271">
        <ele>1133.299898</ele>
        <time>2026-08-09T18:59:28Z</time>
      </trkpt>
      <trkpt lat="46.301322989165783" lon="10.876881005242467">
        <ele>1131.838197</ele>
        <time>2026-08-09T18:59:32Z</time>
      </trkpt>
      <trkpt lat="46.301393983885646" lon="10.877031041309237">
        <ele>1131.171002</ele>
        <time>2026-08-09T18:59:34Z</time>
      </trkpt>
      <trkpt lat="46.301878038793802" lon="10.877069011330605">
        <ele>1128.5965759999999</ele>
        <time>2026-08-09T18:59:41Z</time>
      </trkpt>
      <trkpt lat="46.301964959129691" lon="10.877131959423423">
        <ele>1128.0798990000001</ele>
        <time>2026-08-09T18:59:43Z</time>
      </trkpt>
      <trkpt lat="46.301998989656568" lon="10.877321977168322">
        <ele>1127.359721</ele>
        <time>2026-08-09T18:59:45Z</time>
      </trkpt>
      <trkpt lat="46.301991026848555" lon="10.877508977428079">
        <ele>1126.6587589999999</ele>
        <time>2026-08-09T18:59:46Z</time>
      </trkpt>
      <trkpt lat="46.301884995773435" lon="10.877721961587667">
        <ele>1124.9950449999999</ele>
        <time>2026-08-09T18:59:49Z</time>
      </trkpt>
      <trkpt lat="46.301823975518346" lon="10.878147007897496">
        <ele>1122.243976</ele>
        <time>2026-08-09T18:59:53Z</time>
      </trkpt>
      <trkpt lat="46.301873009651899" lon="10.878224037587643">
        <ele>1121.5804889999999</ele>
        <time>2026-08-09T18:59:54Z</time>
      </trkpt>
      <trkpt lat="46.302070990204811" lon="10.877678962424397">
        <ele>1117.6779280000001</ele>
        <time>2026-08-09T19:00:00Z</time>
      </trkpt>
      <trkpt lat="46.302107032388449" lon="10.87751199491322">
        <ele>1116.5691959999999</ele>
        <time>2026-08-09T19:00:02Z</time>
      </trkpt>
      <trkpt lat="46.30221901461482" lon="10.877332035452127">
        <ele>1115.0339160000001</ele>
        <time>2026-08-09T19:00:04Z</time>
      </trkpt>
      <trkpt lat="46.302253967151046" lon="10.877137994393706">
        <ele>1113.763164</ele>
        <time>2026-08-09T19:00:05Z</time>
      </trkpt>
      <trkpt lat="46.302341977134347" lon="10.877150986343622">
        <ele>1112.9516799999999</ele>
        <time>2026-08-09T19:00:06Z</time>
      </trkpt>
      <trkpt lat="46.302408026531339" lon="10.877485005185008">
        <ele>1110.749996</ele>
        <time>2026-08-09T19:00:09Z</time>
      </trkpt>
      <trkpt lat="46.302379025146365" lon="10.877707963809371">
        <ele>1108.452824</ele>
        <time>2026-08-09T19:00:11Z</time>
      </trkpt>
      <trkpt lat="46.302537024021149" lon="10.877764038741589">
        <ele>1105.5015100000001</ele>
        <time>2026-08-09T19:00:13Z</time>
      </trkpt>
      <trkpt lat="46.302617993205786" lon="10.877615008503199">
        <ele>1103.1250279999999</ele>
        <time>2026-08-09T19:00:14Z</time>
      </trkpt>
      <trkpt lat="46.302832989022136" lon="10.877395989373326">
        <ele>1098.3552099999999</ele>
        <time>2026-08-09T19:00:17Z</time>
      </trkpt>
      <trkpt lat="46.30290700122714" lon="10.877234973013401">
        <ele>1095.93139</ele>
        <time>2026-08-09T19:00:19Z</time>
      </trkpt>
      <trkpt lat="46.30301496013999" lon="10.877189040184021">
        <ele>1093.888854</ele>
        <time>2026-08-09T19:00:20Z</time>
      </trkpt>
      <trkpt lat="46.30310095846653" lon="10.877343015745282">
        <ele>1091.406823</ele>
        <time>2026-08-09T19:00:22Z</time>
      </trkpt>
      <trkpt lat="46.303319977596402" lon="10.877516018226743">
        <ele>1086.8802800000001</ele>
        <time>2026-08-09T19:00:25Z</time>
      </trkpt>
      <trkpt lat="46.30335601978004" lon="10.877621965482831">
        <ele>1085.3997999999999</ele>
        <time>2026-08-09T19:00:26Z</time>
      </trkpt>
      <trkpt lat="46.303361970931292" lon="10.877722967416048">
        <ele>1084.129187</ele>
        <time>2026-08-09T19:00:27Z</time>
      </trkpt>
      <trkpt lat="46.303500020876527" lon="10.877926982939243">
        <ele>1080.5505270000001</ele>
        <time>2026-08-09T19:00:29Z</time>
      </trkpt>
      <trkpt lat="46.303452998399734" lon="10.878057992085814">
        <ele>1078.700343</ele>
        <time>2026-08-09T19:00:30Z</time>
      </trkpt>
      <trkpt lat="46.303445035591722" lon="10.878146002069116">
        <ele>1077.5878379999999</ele>
        <time>2026-08-09T19:00:31Z</time>
      </trkpt>
      <trkpt lat="46.303543020039797" lon="10.878168968483806">
        <ele>1076.003508</ele>
        <time>2026-08-09T19:00:32Z</time>
      </trkpt>
      <trkpt lat="46.303619965910912" lon="10.878123035654426">
        <ele>1074.6773290000001</ele>
        <time>2026-08-09T19:00:33Z</time>
      </trkpt>
      <trkpt lat="46.303686015307903" lon="10.878041982650757">
        <ele>1073.299741</ele>
        <time>2026-08-09T19:00:34Z</time>
      </trkpt>
      <trkpt lat="46.303675035014749" lon="10.877713998779655">
        <ele>1069.6879919999999</ele>
        <time>2026-08-09T19:00:36Z</time>
      </trkpt>
      <trkpt lat="46.30372398532927" lon="10.87751199491322">
        <ele>1067.33332</ele>
        <time>2026-08-09T19:00:38Z</time>
      </trkpt>
      <trkpt lat="46.303926995024085" lon="10.877186022698879">
        <ele>1062.5062350000001</ele>
        <time>2026-08-09T19:00:42Z</time>
      </trkpt>
      <trkpt lat="46.303993966430426" lon="10.876954011619091">
        <ele>1059.740618</ele>
        <time>2026-08-09T19:00:44Z</time>
      </trkpt>
      <trkpt lat="46.304041994735599" lon="10.876903971657157">
        <ele>1058.7991340000001</ele>
        <time>2026-08-09T19:00:45Z</time>
      </trkpt>
      <trkpt lat="46.304305018857121" lon="10.877326000481844">
        <ele>1052.5482440000001</ele>
        <time>2026-08-09T19:00:49Z</time>
      </trkpt>
      <trkpt lat="46.304512973874807" lon="10.877523981034756">
        <ele>1048.653816</ele>
        <time>2026-08-09T19:00:52Z</time>
      </trkpt>
      <trkpt lat="46.30453803576529" lon="10.877606961876154">
        <ele>1047.861598</ele>
        <time>2026-08-09T19:00:53Z</time>
      </trkpt>
      <trkpt lat="46.304627973586321" lon="10.877691032364964">
        <ele>1046.5053499999999</ele>
        <time>2026-08-09T19:00:54Z</time>
      </trkpt>
      <trkpt lat="46.304765017703176" lon="10.877895969897509">
        <ele>1044.009828</ele>
        <time>2026-08-09T19:00:57Z</time>
      </trkpt>
      <trkpt lat="46.304814973846078" lon="10.878075007349253">
        <ele>1042.320524</ele>
        <time>2026-08-09T19:00:58Z</time>
      </trkpt>
      <trkpt lat="46.304950006306171" lon="10.878368960693479">
        <ele>1039.2318339999999</ele>
        <time>2026-08-09T19:01:01Z</time>
      </trkpt>
      <trkpt lat="46.305002979934216" lon="10.878442972898483">
        <ele>1038.2992260000001</ele>
        <time>2026-08-09T19:01:02Z</time>
      </trkpt>
      <trkpt lat="46.305115967988968" lon="10.878473985940218">
        <ele>1036.8426030000001</ele>
        <time>2026-08-09T19:01:04Z</time>
      </trkpt>
      <trkpt lat="46.305170031264424" lon="10.878379018977284">
        <ele>1035.766224</ele>
        <time>2026-08-09T19:01:05Z</time>
      </trkpt>
      <trkpt lat="46.305114962160587" lon="10.878180032595992">
        <ele>1033.890954</ele>
        <time>2026-08-09T19:01:06Z</time>
      </trkpt>
      <trkpt lat="46.305259969085455" lon="10.877753980457783">
        <ele>1029.735925</ele>
        <time>2026-08-09T19:01:10Z</time>
      </trkpt>
      <trkpt lat="46.305344039574265" lon="10.877654990181327">
        <ele>1028.3640439999999</ele>
        <time>2026-08-09T19:01:12Z</time>
      </trkpt>
      <trkpt lat="46.305416962131858" lon="10.877413004636765">
        <ele>1026.035138</ele>
        <time>2026-08-09T19:01:14Z</time>
      </trkpt>
      <trkpt lat="46.305536990985274" lon="10.877267997711897">
        <ele>1023.639878</ele>
        <time>2026-08-09T19:01:16Z</time>
      </trkpt>
      <trkpt lat="46.305600022897124" lon="10.877304961904883">
        <ele>1022.598068</ele>
        <time>2026-08-09T19:01:16Z</time>
      </trkpt>
      <trkpt lat="46.305760033428669" lon="10.877731014043093">
        <ele>1017.4651689999999</ele>
        <time>2026-08-09T19:01:20Z</time>
      </trkpt>
      <trkpt lat="46.305910991504788" lon="10.877926982939243">
        <ele>1014.357334</ele>
        <time>2026-08-09T19:01:23Z</time>
      </trkpt>
      <trkpt lat="46.306135961785913" lon="10.877924971282482">
        <ele>1010.909475</ele>
        <time>2026-08-09T19:01:25Z</time>
      </trkpt>
      <trkpt lat="46.306178038939834" lon="10.877782981842756">
        <ele>1009.2743400000001</ele>
        <time>2026-08-09T19:01:27Z</time>
      </trkpt>
      <trkpt lat="46.306164963170886" lon="10.877499002963305">
        <ele>1006.261447</ele>
        <time>2026-08-09T19:01:29Z</time>
      </trkpt>
      <trkpt lat="46.306121964007616" lon="10.87723296135664">
        <ele>1003.3696179999999</ele>
        <time>2026-08-09T19:01:31Z</time>
      </trkpt>
      <trkpt lat="46.306159012019634" lon="10.877047972753644">
        <ele>1001.330866</ele>
        <time>2026-08-09T19:01:33Z</time>
      </trkpt>
      <trkpt lat="46.306309970095754" lon="10.877079991623759">
        <ele>998.99234899999999</ele>
        <time>2026-08-09T19:01:35Z</time>
      </trkpt>
      <trkpt lat="46.306448020040989" lon="10.877148974686861">
        <ele>997.18749400000002</ele>
        <time>2026-08-09T19:01:36Z</time>
      </trkpt>
      <trkpt lat="46.306661004200578" lon="10.877606039866805">
        <ele>992.73412599999995</ele>
        <time>2026-08-09T19:01:41Z</time>
      </trkpt>
      <trkpt lat="46.306777009740472" lon="10.877793040126562">
        <ele>990.70387100000005</ele>
        <time>2026-08-09T19:01:43Z</time>
      </trkpt>
      <trkpt lat="46.306820008903742" lon="10.877781976014376">
        <ele>990.19324600000004</ele>
        <time>2026-08-09T19:01:43Z</time>
      </trkpt>
      <trkpt lat="46.306882034987211" lon="10.877765966579318">
        <ele>989.45680000000004</ele>
        <time>2026-08-09T19:01:44Z</time>
      </trkpt>
      <trkpt lat="46.306913970038295" lon="10.877638980746269">
        <ele>988.36477600000001</ele>
        <time>2026-08-09T19:01:45Z</time>
      </trkpt>
      <trkpt lat="46.306862002238631" lon="10.877411998808384">
        <ele>986.43287099999998</ele>
        <time>2026-08-09T19:01:47Z</time>
      </trkpt>
      <trkpt lat="46.306911036372185" lon="10.877324994653463">
        <ele>985.52609900000004</ele>
        <time>2026-08-09T19:01:48Z</time>
      </trkpt>
      <trkpt lat="46.306984964758158" lon="10.87736296467483">
        <ele>984.60792600000002</ele>
        <time>2026-08-09T19:01:49Z</time>
      </trkpt>
      <trkpt lat="46.307086972519755" lon="10.877668987959623">
        <ele>981.86332500000003</ele>
        <time>2026-08-09T19:01:52Z</time>
      </trkpt>
      <trkpt lat="46.307127038016915" lon="10.878011975437403">
        <ele>979.05336899999998</ele>
        <time>2026-08-09T19:01:55Z</time>
      </trkpt>
      <trkpt lat="46.307213036343455" lon="10.878099985420704">
        <ele>977.82182899999998</ele>
        <time>2026-08-09T19:01:57Z</time>
      </trkpt>
      <trkpt lat="46.307283025234938" lon="10.878003006801009">
        <ele>976.93673100000001</ele>
        <time>2026-08-09T19:01:58Z</time>
      </trkpt>
      <trkpt lat="46.307281013578176" lon="10.877689020708203">
        <ele>975.13277200000005</ele>
        <time>2026-08-09T19:02:01Z</time>
      </trkpt>
      <trkpt lat="46.307263998314738" lon="10.877487016841769">
        <ele>973.96373200000005</ele>
        <time>2026-08-09T19:02:03Z</time>
      </trkpt>
      <trkpt lat="46.307365000247955" lon="10.877191973850131">
        <ele>972.072271</ele>
        <time>2026-08-09T19:02:06Z</time>
      </trkpt>
      <trkpt lat="46.307605979964137" lon="10.877141011878848">
        <ele>970.04673200000002</ele>
        <time>2026-08-09T19:02:09Z</time>
      </trkpt>
      <trkpt lat="46.308056004345417" lon="10.877326000481844">
        <ele>966.15639599999997</ele>
        <time>2026-08-09T19:02:15Z</time>
      </trkpt>
      <trkpt lat="46.308289021253586" lon="10.877324994653463">
        <ele>964.21867999999995</ele>
        <time>2026-08-09T19:02:18Z</time>
      </trkpt>
      <trkpt lat="46.308906013146043" lon="10.87716699577868">
        <ele>958.07747500000005</ele>
        <time>2026-08-09T19:02:31Z</time>
      </trkpt>
      <trkpt lat="46.309102987870574" lon="10.87714796885848">
        <ele>956.00900100000001</ele>
        <time>2026-08-09T19:02:35Z</time>
      </trkpt>
      <trkpt lat="46.30945703946054" lon="10.877012014389038">
        <ele>952.17189499999995</ele>
        <time>2026-08-09T19:02:43Z</time>
      </trkpt>
      <trkpt lat="46.309664994478226" lon="10.876967003569007">
        <ele>949.96855400000004</ele>
        <time>2026-08-09T19:02:47Z</time>
      </trkpt>
      <trkpt lat="46.309826010838151" lon="10.876997010782361">
        <ele>948.26789900000006</ele>
        <time>2026-08-09T19:02:51Z</time>
      </trkpt>
      <trkpt lat="46.310228006914258" lon="10.876920986920595">
        <ele>944.02052800000001</ele>
        <time>2026-08-09T19:03:00Z</time>
      </trkpt>
      <trkpt lat="46.310342000797391" lon="10.876968009397388">
        <ele>942.82226000000003</ele>
        <time>2026-08-09T19:03:02Z</time>
      </trkpt>
      <trkpt lat="46.310621034353971" lon="10.876912018284202">
        <ele>940.00424799999996</ele>
        <time>2026-08-09T19:03:08Z</time>
      </trkpt>
      <trkpt lat="46.310979025438428" lon="10.87693196721375">
        <ele>936.41989899999999</ele>
        <time>2026-08-09T19:03:16Z</time>
      </trkpt>
      <trkpt lat="46.311828028410673" lon="10.876864995807409">
        <ele>927.91329699999994</ele>
        <time>2026-08-09T19:03:34Z</time>
      </trkpt>
      <trkpt lat="46.312193982303143" lon="10.87695300579071">
        <ele>924.13003100000003</ele>
        <time>2026-08-09T19:03:42Z</time>
      </trkpt>
      <trkpt lat="46.312688011676073" lon="10.876916963607073">
        <ele>918.95342600000004</ele>
        <time>2026-08-09T19:03:53Z</time>
      </trkpt>
      <trkpt lat="46.312859002500772" lon="10.87695199996233">
        <ele>917.14599399999997</ele>
        <time>2026-08-09T19:03:56Z</time>
      </trkpt>
      <trkpt lat="46.313040973618627" lon="10.877046966925263">
        <ele>915.121218</ele>
        <time>2026-08-09T19:04:00Z</time>
      </trkpt>
      <trkpt lat="46.313624018803239" lon="10.877503026276827">
        <ele>908.18621700000006</ele>
        <time>2026-08-09T19:04:14Z</time>
      </trkpt>
      <trkpt lat="46.313816970214248" lon="10.877572009339929">
        <ele>906.24636899999996</ele>
        <time>2026-08-09T19:04:19Z</time>
      </trkpt>
      <trkpt lat="46.314495988190174" lon="10.877609979361296">
        <ele>900.35363199999995</ele>
        <time>2026-08-09T19:04:34Z</time>
      </trkpt>
      <trkpt lat="46.31483000703156" lon="10.877565974369645">
        <ele>897.44519300000002</ele>
        <time>2026-08-09T19:04:41Z</time>
      </trkpt>
      <trkpt lat="46.31513100117445" lon="10.877449968829751">
        <ele>894.74400800000001</ele>
        <time>2026-08-09T19:04:48Z</time>
      </trkpt>
      <trkpt lat="46.315592005848885" lon="10.877088038250804">
        <ele>889.93966699999999</ele>
        <time>2026-08-09T19:05:00Z</time>
      </trkpt>
      <trkpt lat="46.316594984382391" lon="10.876700961962342">
        <ele>878.900533</ele>
        <time>2026-08-09T19:05:22Z</time>
      </trkpt>
      <trkpt lat="46.31684903986752" lon="10.876451013609767">
        <ele>875.63419699999997</ele>
        <time>2026-08-09T19:05:28Z</time>
      </trkpt>
      <trkpt lat="46.317077027633786" lon="10.876162005588412">
        <ele>872.411518</ele>
        <time>2026-08-09T19:05:35Z</time>
      </trkpt>
      <trkpt lat="46.317829973995686" lon="10.875550964847207">
        <ele>862.27356099999997</ele>
        <time>2026-08-09T19:05:53Z</time>
      </trkpt>
      <trkpt lat="46.3180329836905" lon="10.875342004001141">
        <ele>859.34154599999999</ele>
        <time>2026-08-09T19:05:58Z</time>
      </trkpt>
      <trkpt lat="46.318621980026364" lon="10.875373017042875">
        <ele>852.403864</ele>
        <time>2026-08-09T19:06:10Z</time>
      </trkpt>
      <trkpt lat="46.31914702244103" lon="10.874886028468609">
        <ele>845.19800799999996</ele>
        <time>2026-08-09T19:06:23Z</time>
      </trkpt>
      <trkpt lat="46.319412980228662" lon="10.874601965770125">
        <ele>841.39473399999997</ele>
        <time>2026-08-09T19:06:30Z</time>
      </trkpt>
      <trkpt lat="46.319580031558871" lon="10.874542035162449">
        <ele>839.41465500000004</ele>
        <time>2026-08-09T19:06:34Z</time>
      </trkpt>
      <trkpt lat="46.319622024893761" lon="10.874630967155099">
        <ele>838.557952</ele>
        <time>2026-08-09T19:06:35Z</time>
      </trkpt>
      <trkpt lat="46.319692013785243" lon="10.874669020995498">
        <ele>837.69765400000006</ele>
        <time>2026-08-09T19:06:36Z</time>
      </trkpt>
      <trkpt lat="46.320045981556177" lon="10.874504987150431">
        <ele>833.42046200000004</ele>
        <time>2026-08-09T19:06:39Z</time>
      </trkpt>
      <trkpt lat="46.321249958127737" lon="10.874440027400851">
        <ele>818.81357000000003</ele>
        <time>2026-08-09T19:06:52Z</time>
      </trkpt>
      <trkpt lat="46.321498984470963" lon="10.874471040442586">
        <ele>815.73952899999995</ele>
        <time>2026-08-09T19:06:54Z</time>
      </trkpt>
      <trkpt lat="46.32219803519547" lon="10.874867001548409">
        <ele>806.82414800000004</ele>
        <time>2026-08-09T19:07:02Z</time>
      </trkpt>
      <trkpt lat="46.322481008246541" lon="10.875066993758082">
        <ele>803.67343100000005</ele>
        <time>2026-08-09T19:07:05Z</time>
      </trkpt>
      <trkpt lat="46.322913011536002" lon="10.875357007607818">
        <ele>798.90928199999996</ele>
        <time>2026-08-09T19:07:10Z</time>
      </trkpt>
      <trkpt lat="46.323063969612122" lon="10.875430013984442">
        <ele>797.31651499999998</ele>
        <time>2026-08-09T19:07:12Z</time>
      </trkpt>
      <trkpt lat="46.32336001843214" lon="10.87551299482584">
        <ele>794.29994699999997</ele>
        <time>2026-08-09T19:07:15Z</time>
      </trkpt>
      <trkpt lat="46.323829991742969" lon="10.875567980110645">
        <ele>789.78794900000003</ele>
        <time>2026-08-09T19:07:20Z</time>
      </trkpt>
      <trkpt lat="46.323875002563" lon="10.875574015080929">
        <ele>789.483878</ele>
        <time>2026-08-09T19:07:21Z</time>
      </trkpt>
      <trkpt lat="46.323899980634451" lon="10.875572003424168">
        <ele>789.31540500000006</ele>
        <time>2026-08-09T19:07:21Z</time>
      </trkpt>
      <trkpt lat="46.324083041399717" lon="10.875536967068911">
        <ele>788.07336699999996</ele>
        <time>2026-08-09T19:07:23Z</time>
      </trkpt>
      <trkpt lat="46.324338018894196" lon="10.875429008156061">
        <ele>786.28567599999997</ele>
        <time>2026-08-09T19:07:26Z</time>
      </trkpt>
      <trkpt lat="46.324913017451763" lon="10.875185010954738">
        <ele>782.25399500000003</ele>
        <time>2026-08-09T19:07:32Z</time>
      </trkpt>
      <trkpt lat="46.324951993301511" lon="10.87516900151968">
        <ele>781.98124900000005</ele>
        <time>2026-08-09T19:07:33Z</time>
      </trkpt>
      <trkpt lat="46.325046960264444" lon="10.875129019841552">
        <ele>781.31555400000002</ele>
        <time>2026-08-09T19:07:34Z</time>
      </trkpt>
      <trkpt lat="46.325322976335883" lon="10.874964985996485">
        <ele>779.308177</ele>
        <time>2026-08-09T19:07:37Z</time>
      </trkpt>
      <trkpt lat="46.325417021289468" lon="10.874905977398157">
        <ele>778.61882600000001</ele>
        <time>2026-08-09T19:07:39Z</time>
      </trkpt>
      <trkpt lat="46.325531015172601" lon="10.874828025698662">
        <ele>777.76911399999995</ele>
        <time>2026-08-09T19:07:40Z</time>
      </trkpt>
      <trkpt lat="46.325593963265419" lon="10.87478200905025">
        <ele>777.29249700000003</ele>
        <time>2026-08-09T19:07:41Z</time>
      </trkpt>
      <trkpt lat="46.32565800100565" lon="10.874647982418537">
        <ele>776.53246100000001</ele>
        <time>2026-08-09T19:07:42Z</time>
      </trkpt>
      <trkpt lat="46.325827986001968" lon="10.874408008530736">
        <ele>774.92864599999996</ele>
        <time>2026-08-09T19:07:45Z</time>
      </trkpt>
      <trkpt lat="46.325851958245039" lon="10.874423012137413">
        <ele>774.75206600000001</ele>
        <time>2026-08-09T19:07:47Z</time>
      </trkpt>
      <trkpt lat="46.325922030955553" lon="10.874463999643922">
        <ele>774.241986</ele>
        <time>2026-08-09T19:07:48Z</time>
      </trkpt>
      <trkpt lat="46.326169967651367" lon="10.874419994652271">
        <ele>772.55416600000001</ele>
        <time>2026-08-09T19:07:51Z</time>
      </trkpt>
      <trkpt lat="46.3261510245502" lon="10.874346988275647">
        <ele>772.19024899999999</ele>
        <time>2026-08-09T19:07:52Z</time>
      </trkpt>
      <trkpt lat="46.326227970421314" lon="10.874152025207877">
        <ele>771.14239099999998</ele>
        <time>2026-08-09T19:07:54Z</time>
      </trkpt>
      <trkpt lat="46.326342970132828" lon="10.873996959999204">
        <ele>770.08112200000005</ele>
        <time>2026-08-09T19:07:56Z</time>
      </trkpt>
      <trkpt lat="46.326383035629988" lon="10.873859999701381">
        <ele>769.38726699999995</ele>
        <time>2026-08-09T19:07:57Z</time>
      </trkpt>
      <trkpt lat="46.326507003977895" lon="10.873690014705062">
        <ele>768.23378200000002</ele>
        <time>2026-08-09T19:07:59Z</time>
      </trkpt>
      <trkpt lat="46.326940013095737" lon="10.873308973386884">
        <ele>764.94277999999997</ele>
        <time>2026-08-09T19:08:06Z</time>
      </trkpt>
      <trkpt lat="46.327087031677365" lon="10.873275026679039">
        <ele>764.05260499999997</ele>
        <time>2026-08-09T19:08:08Z</time>
      </trkpt>
      <trkpt lat="46.327261961996555" lon="10.873277960345149">
        <ele>763.00606400000004</ele>
        <time>2026-08-09T19:08:10Z</time>
      </trkpt>
      <trkpt lat="46.327620036900043" lon="10.87349203415215">
        <ele>760.69007999999997</ele>
        <time>2026-08-09T19:08:15Z</time>
      </trkpt>
      <trkpt lat="46.32782899774611" lon="10.873657995834947">
        <ele>759.26466600000003</ele>
        <time>2026-08-09T19:08:18Z</time>
      </trkpt>
      <trkpt lat="46.327929999679327" lon="10.873797973617911">
        <ele>758.42862600000001</ele>
        <time>2026-08-09T19:08:20Z</time>
      </trkpt>
      <trkpt lat="46.327934022992849" lon="10.87379202246666">
        <ele>758.39418899999998</ele>
        <time>2026-08-09T19:08:20Z</time>
      </trkpt>
      <trkpt lat="46.327952966094017" lon="10.873813983052969">
        <ele>758.24872000000005</ele>
        <time>2026-08-09T19:08:21Z</time>
      </trkpt>
      <trkpt lat="46.327976016327739" lon="10.873841978609562">
        <ele>758.06904299999997</ele>
        <time>2026-08-09T19:08:22Z</time>
      </trkpt>
      <trkpt lat="46.327994959428906" lon="10.873867962509394">
        <ele>757.91272600000002</ele>
        <time>2026-08-09T19:08:22Z</time>
      </trkpt>
      <trkpt lat="46.328013986349106" lon="10.873890006914735">
        <ele>757.76725699999997</ele>
        <time>2026-08-09T19:08:23Z</time>
      </trkpt>
      <trkpt lat="46.328033013269305" lon="10.873910039663315">
        <ele>757.62679700000001</ele>
        <time>2026-08-09T19:08:23Z</time>
      </trkpt>
      <trkpt lat="46.328052040189505" lon="10.873929988592863">
        <ele>757.48633800000005</ele>
        <time>2026-08-09T19:08:24Z</time>
      </trkpt>
      <trkpt lat="46.328071989119053" lon="10.873947003856301">
        <ele>757.34766200000001</ele>
        <time>2026-08-09T19:08:24Z</time>
      </trkpt>
      <trkpt lat="46.328091016039252" lon="10.873963013291359">
        <ele>757.21623299999999</ele>
        <time>2026-08-09T19:08:25Z</time>
      </trkpt>
      <trkpt lat="46.32810995914042" lon="10.873980028554797">
        <ele>757.08267999999998</ele>
        <time>2026-08-09T19:08:25Z</time>
      </trkpt>
      <trkpt lat="46.328133009374142" lon="10.873993020504713">
        <ele>756.93503999999996</ele>
        <time>2026-08-09T19:08:26Z</time>
      </trkpt>
      <trkpt lat="46.328154969960451" lon="10.874006012454629">
        <ele>756.79295400000001</ele>
        <time>2026-08-09T19:08:26Z</time>
      </trkpt>
      <trkpt lat="46.328181959688663" lon="10.874019004404545">
        <ele>756.62280899999996</ele>
        <time>2026-08-09T19:08:27Z</time>
      </trkpt>
      <trkpt lat="46.328200986608863" lon="10.874027973040938">
        <ele>756.50326900000005</ele>
        <time>2026-08-09T19:08:27Z</time>
      </trkpt>
      <trkpt lat="46.328231999650598" lon="10.874038031324744">
        <ele>756.31335100000001</ele>
        <time>2026-08-09T19:08:28Z</time>
      </trkpt>
      <trkpt lat="46.328254966065288" lon="10.874043982475996">
        <ele>756.17360199999996</ele>
        <time>2026-08-09T19:08:28Z</time>
      </trkpt>
      <trkpt lat="46.328281033784151" lon="10.87405102327466">
        <ele>756.01546199999996</ele>
        <time>2026-08-09T19:08:29Z</time>
      </trkpt>
      <trkpt lat="46.328311963006854" lon="10.874056974425912">
        <ele>755.82844</ele>
        <time>2026-08-09T19:08:30Z</time>
      </trkpt>
      <trkpt lat="46.328339036554098" lon="10.874058986082673">
        <ele>755.66677400000003</ele>
        <time>2026-08-09T19:08:30Z</time>
      </trkpt>
      <trkpt lat="46.328372983261943" lon="10.874058986082673">
        <ele>755.46346000000005</ele>
        <time>2026-08-09T19:08:31Z</time>
      </trkpt>
      <trkpt lat="46.328402990475297" lon="10.874059991911054">
        <ele>755.28401799999995</ele>
        <time>2026-08-09T19:08:31Z</time>
      </trkpt>
      <trkpt lat="46.328434003517032" lon="10.874059991911054">
        <ele>755.16515800000002</ele>
        <time>2026-08-09T19:08:32Z</time>
      </trkpt>
      <trkpt lat="46.328456969931722" lon="10.874059991911054">
        <ele>755.11585200000002</ele>
        <time>2026-08-09T19:08:33Z</time>
      </trkpt>
      <trkpt lat="46.328483959659934" lon="10.874062003567815">
        <ele>755.05789500000003</ele>
        <time>2026-08-09T19:08:33Z</time>
      </trkpt>
      <trkpt lat="46.328513966873288" lon="10.874064015224576">
        <ele>754.993514</ele>
        <time>2026-08-09T19:08:34Z</time>
      </trkpt>
      <trkpt lat="46.328547997400165" lon="10.874068960547447">
        <ele>754.92025100000001</ele>
        <time>2026-08-09T19:08:35Z</time>
      </trkpt>
      <trkpt lat="46.328583033755422" lon="10.87407298386097">
        <ele>754.84498599999995</ele>
        <time>2026-08-09T19:08:35Z</time>
      </trkpt>
      <trkpt lat="46.328625027090311" lon="10.87407298386097">
        <ele>754.75494900000001</ele>
        <time>2026-08-09T19:08:36Z</time>
      </trkpt>
      <trkpt lat="46.328670037910342" lon="10.874068960547447">
        <ele>754.65829799999995</ele>
        <time>2026-08-09T19:08:37Z</time>
      </trkpt>
      <trkpt lat="46.328719994053245" lon="10.874059991911054">
        <ele>754.55028500000003</ele>
        <time>2026-08-09T19:08:38Z</time>
      </trkpt>
      <trkpt lat="46.328770034015179" lon="10.87403099052608">
        <ele>754.43481999999995</ele>
        <time>2026-08-09T19:08:39Z</time>
      </trkpt>
      <trkpt lat="46.3288189843297" lon="10.873973993584514">
        <ele>754.30008399999997</ele>
        <time>2026-08-09T19:08:41Z</time>
      </trkpt>
      <trkpt lat="46.328849997371435" lon="10.873902998864651">
        <ele>754.17573500000003</ele>
        <time>2026-08-09T19:08:42Z</time>
      </trkpt>
      <trkpt lat="46.328857038170099" lon="10.873823035508394">
        <ele>754.05636300000003</ele>
        <time>2026-08-09T19:08:43Z</time>
      </trkpt>
      <trkpt lat="46.328849997371435" lon="10.873733013868332">
        <ele>753.92229299999997</ele>
        <time>2026-08-09T19:08:45Z</time>
      </trkpt>
      <trkpt lat="46.328830970451236" lon="10.873657995834947">
        <ele>753.804035</ele>
        <time>2026-08-09T19:08:46Z</time>
      </trkpt>
      <trkpt lat="46.328803980723023" lon="10.873611979186535">
        <ele>753.71466399999997</ele>
        <time>2026-08-09T19:08:47Z</time>
      </trkpt>
      <trkpt lat="46.328766010701656" lon="10.873583983629942">
        <ele>753.62326299999995</ele>
        <time>2026-08-09T19:08:48Z</time>
      </trkpt>
      <trkpt lat="46.32870901376009" lon="10.87357996031642">
        <ele>753.50092600000005</ele>
        <time>2026-08-09T19:08:49Z</time>
      </trkpt>
      <trkpt lat="46.328655034303665" lon="10.873598987236619">
        <ele>753.38179500000001</ele>
        <time>2026-08-09T19:08:50Z</time>
      </trkpt>
      <trkpt lat="46.328640030696988" lon="10.873597981408238">
        <ele>753.349605</ele>
        <time>2026-08-09T19:08:50Z</time>
      </trkpt>
      <trkpt lat="46.328595019876957" lon="10.874590985476971">
        <ele>751.87649399999998</ele>
        <time>2026-08-09T19:09:00Z</time>
      </trkpt>
      <trkpt lat="46.328595019876957" lon="10.875334041193128">
        <ele>750.85071400000004</ele>
        <time>2026-08-09T19:09:07Z</time>
      </trkpt>
      <trkpt lat="46.328665008768439" lon="10.876025967299938">
        <ele>749.95001600000001</ele>
        <time>2026-08-09T19:09:14Z</time>
      </trkpt>
      <trkpt lat="46.328957034274936" lon="10.877116033807397">
        <ele>748.44433600000002</ele>
        <time>2026-08-09T19:09:25Z</time>
      </trkpt>
      <trkpt lat="46.32903297431767" lon="10.877389032393694">
        <ele>748.06525999999997</ele>
        <time>2026-08-09T19:09:28Z</time>
      </trkpt>
      <trkpt lat="46.330830976366997" lon="10.883458033204079">
        <ele>738.95523000000003</ele>
        <time>2026-08-09T19:10:29Z</time>
      </trkpt>
      <trkpt lat="46.330971959978342" lon="10.884006964042783">
        <ele>738.19836199999997</ele>
        <time>2026-08-09T19:10:35Z</time>
      </trkpt>
      <trkpt lat="46.331089977174997" lon="10.88451499119401">
        <ele>737.505809</ele>
        <time>2026-08-09T19:10:40Z</time>
      </trkpt>
      <trkpt lat="46.331731025129557" lon="10.888033965602517">
        <ele>733.17045299999995</ele>
        <time>2026-08-09T19:11:15Z</time>
      </trkpt>
      <trkpt lat="46.331813000142574" lon="10.888739973306656">
        <ele>732.30649000000005</ele>
        <time>2026-08-09T19:11:22Z</time>
      </trkpt>
      <trkpt lat="46.331876032054424" lon="10.888954969123006">
        <ele>732.02463299999999</ele>
        <time>2026-08-09T19:11:24Z</time>
      </trkpt>
      <trkpt lat="46.331885000690818" lon="10.889094024896622">
        <ele>731.85615399999995</ele>
        <time>2026-08-09T19:11:25Z</time>
      </trkpt>
      <trkpt lat="46.331895980983973" lon="10.889255041256547">
        <ele>731.66091300000005</ele>
        <time>2026-08-09T19:11:27Z</time>
      </trkpt>
      <trkpt lat="46.332032019272447" lon="10.890349969267845">
        <ele>730.60403699999995</ele>
        <time>2026-08-09T19:11:38Z</time>
      </trkpt>
      <trkpt lat="46.332154981791973" lon="10.891073998063803">
        <ele>730.03339900000003</ele>
        <time>2026-08-09T19:11:45Z</time>
      </trkpt>
      <trkpt lat="46.332346005365252" lon="10.89160499162972">
        <ele>729.57516099999998</ele>
        <time>2026-08-09T19:11:52Z</time>
      </trkpt>
      <trkpt lat="46.332423035055399" lon="10.891941022127867">
        <ele>729.30421200000001</ele>
        <time>2026-08-09T19:11:55Z</time>
      </trkpt>
      <trkpt lat="46.332548009231687" lon="10.892846016213298">
        <ele>728.60118799999998</ele>
        <time>2026-08-09T19:12:05Z</time>
      </trkpt>
      <trkpt lat="46.332622021436691" lon="10.893570967018604">
        <ele>728.04396599999995</ele>
        <time>2026-08-09T19:12:12Z</time>
      </trkpt>
      <trkpt lat="46.332614980638027" lon="10.894323997199535">
        <ele>727.47139300000003</ele>
        <time>2026-08-09T19:12:20Z</time>
      </trkpt>
      <trkpt lat="46.332737021148205" lon="10.895114997401834">
        <ele>726.77527099999998</ele>
        <time>2026-08-09T19:12:28Z</time>
      </trkpt>
      <trkpt lat="46.333069028332829" lon="10.896128034219146">
        <ele>725.67049999999995</ele>
        <time>2026-08-09T19:12:39Z</time>
      </trkpt>
      <trkpt lat="46.333632040768862" lon="10.897355983033776">
        <ele>724.17006100000003</ele>
        <time>2026-08-09T19:12:54Z</time>
      </trkpt>
      <trkpt lat="46.334420023486018" lon="10.898531964048743">
        <ele>722.32721200000003</ele>
        <time>2026-08-09T19:13:10Z</time>
      </trkpt>
      <trkpt lat="46.33453200571239" lon="10.898660039529204">
        <ele>722.09484499999996</ele>
        <time>2026-08-09T19:13:12Z</time>
      </trkpt>
      <trkpt lat="46.33483299985528" lon="10.898795993998647">
        <ele>721.56364599999995</ele>
        <time>2026-08-09T19:13:16Z</time>
      </trkpt>
      <trkpt lat="46.335196020081639" lon="10.898841004818678">
        <ele>720.75170900000001</ele>
        <time>2026-08-09T19:13:21Z</time>
      </trkpt>
      <trkpt lat="46.335801025852561" lon="10.898832036182284">
        <ele>719.40333799999996</ele>
        <time>2026-08-09T19:13:29Z</time>
      </trkpt>
      <trkpt lat="46.336469985544682" lon="10.899244006723166">
        <ele>717.783231</ele>
        <time>2026-08-09T19:13:38Z</time>
      </trkpt>
      <trkpt lat="46.336879022419453" lon="10.899665029719472">
        <ele>717.51572899999996</ele>
        <time>2026-08-09T19:13:45Z</time>
      </trkpt>
      <trkpt lat="46.337342038750648" lon="10.900305993855">
        <ele>717.35882400000003</ele>
        <time>2026-08-09T19:13:56Z</time>
      </trkpt>
      <trkpt lat="46.337546976283193" lon="10.900409007444978">
        <ele>717.30566799999997</ele>
        <time>2026-08-09T19:14:00Z</time>
      </trkpt>
      <trkpt lat="46.337628029286861" lon="10.900570023804903">
        <ele>717.271974</ele>
        <time>2026-08-09T19:14:03Z</time>
      </trkpt>
      <trkpt lat="46.337737999856472" lon="10.900934971868992">
        <ele>717.20461499999999</ele>
        <time>2026-08-09T19:14:09Z</time>
      </trkpt>
      <trkpt lat="46.337987026199698" lon="10.901483986526728">
        <ele>717.07237599999996</ele>
        <time>2026-08-09T19:14:18Z</time>
      </trkpt>
      <trkpt lat="46.338581973686814" lon="10.902318991720676">
        <ele>716.81990499999995</ele>
        <time>2026-08-09T19:14:32Z</time>
      </trkpt>
      <trkpt lat="46.338791018351912" lon="10.902667008340359">
        <ele>716.72286199999996</ele>
        <time>2026-08-09T19:14:37Z</time>
      </trkpt>
      <trkpt lat="46.338819013908505" lon="10.902738003060222">
        <ele>716.70565899999997</ele>
        <time>2026-08-09T19:14:37Z</time>
      </trkpt>
      <trkpt lat="46.338811973109841" lon="10.902815032750368">
        <ele>716.68931899999995</ele>
        <time>2026-08-09T19:14:38Z</time>
      </trkpt>
      <trkpt lat="46.338727986440063" lon="10.902994992211461">
        <ele>716.64360799999997</ele>
        <time>2026-08-09T19:14:40Z</time>
      </trkpt>
      <trkpt lat="46.33876302279532" lon="10.903092976659536">
        <ele>716.57732399999998</ele>
        <time>2026-08-09T19:14:42Z</time>
      </trkpt>
      <trkpt lat="46.339072985574603" lon="10.903527997434139">
        <ele>715.95935499999996</ele>
        <time>2026-08-09T19:14:48Z</time>
      </trkpt>
      <trkpt lat="46.339979991316795" lon="10.904698027297854">
        <ele>714.22042799999997</ele>
        <time>2026-08-09T19:15:05Z</time>
      </trkpt>
      <trkpt lat="46.340826982632279" lon="10.906017003580928">
        <ele>711.69829900000002</ele>
        <time>2026-08-09T19:15:22Z</time>
      </trkpt>
      <trkpt lat="46.341258985921741" lon="10.90679501183331">
        <ele>710.25709400000005</ele>
        <time>2026-08-09T19:15:31Z</time>
      </trkpt>
      <trkpt lat="46.341327968984842" lon="10.906873969361186">
        <ele>710.06579999999997</ele>
        <time>2026-08-09T19:15:32Z</time>
      </trkpt>
      <trkpt lat="46.341803977265954" lon="10.907237995415926">
        <ele>708.89509299999997</ele>
        <time>2026-08-09T19:15:40Z</time>
      </trkpt>
      <trkpt lat="46.341199977323413" lon="10.907940985634923">
        <ele>707.20985900000005</ele>
        <time>2026-08-09T19:15:50Z</time>
      </trkpt>
      <trkpt lat="46.341258985921741" lon="10.908025978133082">
        <ele>707.02887099999998</ele>
        <time>2026-08-09T19:15:51Z</time>
      </trkpt>
      <trkpt lat="46.341509018093348" lon="10.908103007823229">
        <ele>706.47296800000004</ele>
        <time>2026-08-09T19:15:54Z</time>
      </trkpt>
      <trkpt lat="46.342904018238187" lon="10.908270981162786">
        <ele>704.10992299999998</ele>
        <time>2026-08-09T19:16:14Z</time>
      </trkpt>
      <trkpt lat="46.343181962147355" lon="10.908371983096004">
        <ele>703.63007200000004</ele>
        <time>2026-08-09T19:16:18Z</time>
      </trkpt>
      <trkpt lat="46.343431994318962" lon="10.908551020547748">
        <ele>703.19940399999996</ele>
        <time>2026-08-09T19:16:22Z</time>
      </trkpt>
      <trkpt lat="46.343651013448834" lon="10.908812033012509">
        <ele>702.80497300000002</ele>
        <time>2026-08-09T19:16:26Z</time>
      </trkpt>
      <trkpt lat="46.343805994838476" lon="10.909082014113665">
        <ele>702.46781099999998</ele>
        <time>2026-08-09T19:16:29Z</time>
      </trkpt>
      <trkpt lat="46.343874977901578" lon="10.9092459641397">
        <ele>702.28340900000001</ele>
        <time>2026-08-09T19:16:31Z</time>
      </trkpt>
      <trkpt lat="46.344062983989716" lon="10.90991199016571">
        <ele>701.59256600000003</ele>
        <time>2026-08-09T19:16:38Z</time>
      </trkpt>
      <trkpt lat="46.344212014228106" lon="10.910325972363353">
        <ele>701.14429399999995</ele>
        <time>2026-08-09T19:16:43Z</time>
      </trkpt>
      <trkpt lat="46.344462968409061" lon="10.910784965381026">
        <ele>700.70367799999997</ele>
        <time>2026-08-09T19:16:49Z</time>
      </trkpt>
      <trkpt lat="46.344763962551951" lon="10.911123007535934">
        <ele>700.39343699999995</ele>
        <time>2026-08-09T19:16:55Z</time>
      </trkpt>
      <trkpt lat="46.345191020518541" lon="10.911415033042431">
        <ele>700.00878799999998</ele>
        <time>2026-08-09T19:17:02Z</time>
      </trkpt>
      <trkpt lat="46.345860986039042" lon="10.911775035783648">
        <ele>699.42666399999996</ele>
        <time>2026-08-09T19:17:13Z</time>
      </trkpt>
      <trkpt lat="46.346295000985265" lon="10.912046022713184">
        <ele>699.11222499999997</ele>
        <time>2026-08-09T19:17:20Z</time>
      </trkpt>
      <trkpt lat="46.346595995128155" lon="10.912447012960911">
        <ele>698.84284300000002</ele>
        <time>2026-08-09T19:17:27Z</time>
      </trkpt>
      <trkpt lat="46.34708097204566" lon="10.91328302398324">
        <ele>698.34626300000002</ele>
        <time>2026-08-09T19:17:39Z</time>
      </trkpt>
      <trkpt lat="46.347567960619926" lon="10.914096990600228">
        <ele>697.69584399999997</ele>
        <time>2026-08-09T19:17:50Z</time>
      </trkpt>
      <trkpt lat="46.34817598387599" lon="10.915251011028886">
        <ele>696.74848199999997</ele>
        <time>2026-08-09T19:18:05Z</time>
      </trkpt>
      <trkpt lat="46.349322041496634" lon="10.916732009500265">
        <ele>695.15536499999996</ele>
        <time>2026-08-09T19:18:27Z</time>
      </trkpt>
      <trkpt lat="46.349811963737011" lon="10.91764597222209">
        <ele>694.64035999999999</ele>
        <time>2026-08-09T19:18:39Z</time>
      </trkpt>
      <trkpt lat="46.349882958456874" lon="10.917851999402046">
        <ele>694.646298</ele>
        <time>2026-08-09T19:18:42Z</time>
      </trkpt>
      <trkpt lat="46.349877007305622" lon="10.918316021561623">
        <ele>694.65826500000003</ele>
        <time>2026-08-09T19:18:46Z</time>
      </trkpt>
      <trkpt lat="46.349919000640512" lon="10.91884802095592">
        <ele>694.67207399999995</ele>
        <time>2026-08-09T19:18:53Z</time>
      </trkpt>
      <trkpt lat="46.350013967603445" lon="10.919311037287116">
        <ele>694.684529</ele>
        <time>2026-08-09T19:19:00Z</time>
      </trkpt>
      <trkpt lat="46.350160986185074" lon="10.91979400254786">
        <ele>694.68388500000003</ele>
        <time>2026-08-09T19:19:09Z</time>
      </trkpt>
      <trkpt lat="46.350208008661866" lon="10.919947978109121">
        <ele>694.65344800000003</ele>
        <time>2026-08-09T19:19:11Z</time>
      </trkpt>
      <trkpt lat="46.350500034168363" lon="10.920477965846658">
        <ele>694.53086800000005</ele>
        <time>2026-08-09T19:19:22Z</time>
      </trkpt>
      <trkpt lat="46.350860958918929" lon="10.920788012444973">
        <ele>694.42097000000001</ele>
        <time>2026-08-09T19:19:30Z</time>
      </trkpt>
      <trkpt lat="46.351734017953277" lon="10.921320011839271">
        <ele>693.44677999999999</ele>
        <time>2026-08-09T19:19:44Z</time>
      </trkpt>
      <trkpt lat="46.353100016713142" lon="10.922676036134362">
        <ele>687.03678400000001</ele>
        <time>2026-08-09T19:20:03Z</time>
      </trkpt>
      <trkpt lat="46.353444010019302" lon="10.922984993085265">
        <ele>685.70755699999995</ele>
        <time>2026-08-09T19:20:08Z</time>
      </trkpt>
      <trkpt lat="46.353619024157524" lon="10.922998990863562">
        <ele>685.13196800000003</ele>
        <time>2026-08-09T19:20:11Z</time>
      </trkpt>
      <trkpt lat="46.353817004710436" lon="10.922961020842195">
        <ele>684.47604200000001</ele>
        <time>2026-08-09T19:20:13Z</time>
      </trkpt>
      <trkpt lat="46.354160998016596" lon="10.922744013369083">
        <ele>683.24388699999997</ele>
        <time>2026-08-09T19:20:18Z</time>
      </trkpt>
      <trkpt lat="46.354297958314419" lon="10.922705959528685">
        <ele>682.785799</ele>
        <time>2026-08-09T19:20:20Z</time>
      </trkpt>
      <trkpt lat="46.354436008259654" lon="10.922717023640871">
        <ele>682.33191099999999</ele>
        <time>2026-08-09T19:20:22Z</time>
      </trkpt>
      <trkpt lat="46.354766003787518" lon="10.922833029180765">
        <ele>681.23265100000003</ele>
        <time>2026-08-09T19:20:26Z</time>
      </trkpt>
      <trkpt lat="46.355174034833908" lon="10.923456978052855">
        <ele>679.59072600000002</ele>
        <time>2026-08-09T19:20:33Z</time>
      </trkpt>
      <trkpt lat="46.355380984023213" lon="10.924014961346984">
        <ele>678.38062100000002</ele>
        <time>2026-08-09T19:20:39Z</time>
      </trkpt>
      <trkpt lat="46.355512998998165" lon="10.924460962414742">
        <ele>677.45364500000005</ele>
        <time>2026-08-09T19:20:43Z</time>
      </trkpt>
      <trkpt lat="46.355507969856262" lon="10.924578979611397">
        <ele>677.22781799999996</ele>
        <time>2026-08-09T19:20:44Z</time>
      </trkpt>
      <trkpt lat="46.355477962642908" lon="10.924664977937937">
        <ele>677.04375000000005</ele>
        <time>2026-08-09T19:20:45Z</time>
      </trkpt>
      <trkpt lat="46.355151990428567" lon="10.924845021218061">
        <ele>676.26113699999996</ele>
        <time>2026-08-09T19:20:56Z</time>
      </trkpt>
      <trkpt lat="46.354777989909053" lon="10.925404010340571">
        <ele>675.81340499999999</ele>
        <time>2026-08-09T19:21:05Z</time>
      </trkpt>
      <trkpt lat="46.354497028514743" lon="10.925768036395311">
        <ele>675.49932899999999</ele>
        <time>2026-08-09T19:21:11Z</time>
      </trkpt>
      <trkpt lat="46.354165021330118" lon="10.92673203907907">
        <ele>674.87974399999996</ele>
        <time>2026-08-09T19:21:23Z</time>
      </trkpt>
      <trkpt lat="46.354242973029613" lon="10.927739040926099">
        <ele>673.33403699999997</ele>
        <time>2026-08-09T19:21:33Z</time>
      </trkpt>
      <trkpt lat="46.354267029091716" lon="10.928492993116379">
        <ele>672.13191700000004</ele>
        <time>2026-08-09T19:21:40Z</time>
      </trkpt>
      <trkpt lat="46.354399966076016" lon="10.928674964234233">
        <ele>671.70977400000004</ele>
        <time>2026-08-09T19:21:42Z</time>
      </trkpt>
      <trkpt lat="46.354503985494375" lon="10.928930025547743">
        <ele>671.23805000000004</ele>
        <time>2026-08-09T19:21:45Z</time>
      </trkpt>
      <trkpt lat="46.354548996314406" lon="10.929231019690633">
        <ele>670.74755300000004</ele>
        <time>2026-08-09T19:21:47Z</time>
      </trkpt>
      <trkpt lat="46.354618985205889" lon="10.929384995251894">
        <ele>670.43929500000002</ele>
        <time>2026-08-09T19:21:49Z</time>
      </trkpt>
      <trkpt lat="46.355363968759775" lon="10.929994024336338">
        <ele>668.34400000000005</ele>
        <time>2026-08-09T19:22:00Z</time>
      </trkpt>
      <trkpt lat="46.355526996776462" lon="10.930066024884582">
        <ele>667.92658800000004</ele>
        <time>2026-08-09T19:22:03Z</time>
      </trkpt>
      <trkpt lat="46.35563001036644" lon="10.930073987692595">
        <ele>667.67392600000005</ele>
        <time>2026-08-09T19:22:04Z</time>
      </trkpt>
      <trkpt lat="46.356056984513998" lon="10.930105000734329">
        <ele>666.62667299999998</ele>
        <time>2026-08-09T19:22:10Z</time>
      </trkpt>
      <trkpt lat="46.356357978656888" lon="10.930031994357705">
        <ele>665.91183999999998</ele>
        <time>2026-08-09T19:22:14Z</time>
      </trkpt>
      <trkpt lat="46.356457974761724" lon="10.930007016286254">
        <ele>665.68330900000001</ele>
        <time>2026-08-09T19:22:15Z</time>
      </trkpt>
      <trkpt lat="46.356625026091933" lon="10.930022019892931">
        <ele>665.30649800000003</ele>
        <time>2026-08-09T19:22:17Z</time>
      </trkpt>
      <trkpt lat="46.356948986649513" lon="10.930159986019135">
        <ele>664.54596700000002</ele>
        <time>2026-08-09T19:22:22Z</time>
      </trkpt>
      <trkpt lat="46.357196001335979" lon="10.930242966860533">
        <ele>663.97495100000003</ele>
        <time>2026-08-09T19:22:25Z</time>
      </trkpt>
      <trkpt lat="46.357546029612422" lon="10.931136980652809">
        <ele>662.37745099999995</ele>
        <time>2026-08-09T19:22:35Z</time>
      </trkpt>
      <trkpt lat="46.357618030160666" lon="10.931468987837434">
        <ele>661.94152099999997</ele>
        <time>2026-08-09T19:22:38Z</time>
      </trkpt>
      <trkpt lat="46.357850041240454" lon="10.932039963081479">
        <ele>661.18332599999997</ele>
        <time>2026-08-09T19:22:44Z</time>
      </trkpt>
      <trkpt lat="46.35799597017467" lon="10.932510020211339">
        <ele>660.59355600000004</ele>
        <time>2026-08-09T19:22:49Z</time>
      </trkpt>
      <trkpt lat="46.358007034286857" lon="10.932821994647384">
        <ele>660.23608100000001</ele>
        <time>2026-08-09T19:22:52Z</time>
      </trkpt>
      <trkpt lat="46.357979960739613" lon="10.934084979817271">
        <ele>658.73223599999994</ele>
        <time>2026-08-09T19:23:05Z</time>
      </trkpt>
      <trkpt lat="46.358419004827738" lon="10.936037041246891">
        <ele>656.08847000000003</ele>
        <time>2026-08-09T19:23:24Z</time>
      </trkpt>
      <trkpt lat="46.358609022572637" lon="10.936136031523347">
        <ele>655.76957700000003</ele>
        <time>2026-08-09T19:23:27Z</time>
      </trkpt>
      <trkpt lat="46.359084025025368" lon="10.936962990090251">
        <ele>654.81842600000004</ele>
        <time>2026-08-09T19:23:36Z</time>
      </trkpt>
      <trkpt lat="46.35934897698462" lon="10.937292985618114">
        <ele>654.37084600000003</ele>
        <time>2026-08-09T19:23:41Z</time>
      </trkpt>
      <trkpt lat="46.359485015273094" lon="10.93786396086216">
        <ele>653.836859</ele>
        <time>2026-08-09T19:23:48Z</time>
      </trkpt>
      <trkpt lat="46.359570007771254" lon="10.93812002800405">
        <ele>653.60153100000002</ele>
        <time>2026-08-09T19:23:53Z</time>
      </trkpt>
      <trkpt lat="46.359573025256395" lon="10.938298981636763">
        <ele>653.82256199999995</ele>
        <time>2026-08-09T19:23:56Z</time>
      </trkpt>
      <trkpt lat="46.359521979466081" lon="10.938390009105206">
        <ele>653.96727199999998</ele>
        <time>2026-08-09T19:23:58Z</time>
      </trkpt>
      <trkpt lat="46.35945500805974" lon="10.938438959419727">
        <ele>654.10151599999995</ele>
        <time>2026-08-09T19:24:00Z</time>
      </trkpt>
      <trkpt lat="46.358856959268451" lon="10.938539039343596">
        <ele>655.17826600000001</ele>
        <time>2026-08-09T19:24:17Z</time>
      </trkpt>
      <trkpt lat="46.358813038095832" lon="10.938564017415047">
        <ele>655.26280399999996</ele>
        <time>2026-08-09T19:24:18Z</time>
      </trkpt>
      <trkpt lat="46.358799962326884" lon="10.938667031005025">
        <ele>655.39206200000001</ele>
        <time>2026-08-09T19:24:20Z</time>
      </trkpt>
      <trkpt lat="46.358931977301836" lon="10.939016975462437">
        <ele>655.88442899999995</ele>
        <time>2026-08-09T19:24:28Z</time>
      </trkpt>
      <trkpt lat="46.359101962298155" lon="10.939335990697145">
        <ele>656.38196000000005</ele>
        <time>2026-08-09T19:24:35Z</time>
      </trkpt>
      <trkpt lat="46.359181003645062" lon="10.939722983166575">
        <ele>656.79862700000001</ele>
        <time>2026-08-09T19:24:42Z</time>
      </trkpt>
      <trkpt lat="46.359254010021687" lon="10.940394960343838">
        <ele>656.66834800000004</ele>
        <time>2026-08-09T19:24:51Z</time>
      </trkpt>
      <trkpt lat="46.35932601056993" lon="10.940840961411595">
        <ele>656.58062800000005</ele>
        <time>2026-08-09T19:24:58Z</time>
      </trkpt>
      <trkpt lat="46.359360963106155" lon="10.941616035997868">
        <ele>656.43189099999995</ele>
        <time>2026-08-09T19:25:06Z</time>
      </trkpt>
      <trkpt lat="46.359451990574598" lon="10.941956005990505">
        <ele>656.36205199999995</ele>
        <time>2026-08-09T19:25:10Z</time>
      </trkpt>
      <trkpt lat="46.359587023034692" lon="10.942302010953426">
        <ele>656.38339099999996</ele>
        <time>2026-08-09T19:25:13Z</time>
      </trkpt>
      <trkpt lat="46.359978038817644" lon="10.942747006192803">
        <ele>656.793679</ele>
        <time>2026-08-09T19:25:20Z</time>
      </trkpt>
      <trkpt lat="46.360317002981901" lon="10.942983962595463">
        <ele>657.104287</ele>
        <time>2026-08-09T19:25:27Z</time>
      </trkpt>
      <trkpt lat="46.360440971329808" lon="10.943012963980436">
        <ele>657.20793900000001</ele>
        <time>2026-08-09T19:25:29Z</time>
      </trkpt>
      <trkpt lat="46.360485982149839" lon="10.943170040845871">
        <ele>657.304755</ele>
        <time>2026-08-09T19:25:33Z</time>
      </trkpt>
      <trkpt lat="46.360549014061689" lon="10.943425018340349">
        <ele>657.45900300000005</ele>
        <time>2026-08-09T19:25:38Z</time>
      </trkpt>
      <trkpt lat="46.360524035990238" lon="10.94349198974669">
        <ele>657.50237900000002</ele>
        <time>2026-08-09T19:25:40Z</time>
      </trkpt>
      <trkpt lat="46.360346004366875" lon="10.943612018600106">
        <ele>657.66438800000003</ele>
        <time>2026-08-09T19:25:47Z</time>
      </trkpt>
      <trkpt lat="46.36052998714149" lon="10.944591024890542">
        <ele>657.98451499999999</ele>
        <time>2026-08-09T19:26:13Z</time>
      </trkpt>
      <trkpt lat="46.360809020698071" lon="10.944891013205051">
        <ele>658.10610399999996</ele>
        <time>2026-08-09T19:26:22Z</time>
      </trkpt>
      <trkpt lat="46.360987974330783" lon="10.945413960143924">
        <ele>658.24709900000005</ele>
        <time>2026-08-09T19:26:28Z</time>
      </trkpt>
      <trkpt lat="46.361445039510727" lon="10.945775974541903">
        <ele>658.34297900000001</ele>
        <time>2026-08-09T19:26:34Z</time>
      </trkpt>
      <trkpt lat="46.361650982871652" lon="10.946118040010333">
        <ele>656.61986899999999</ele>
        <time>2026-08-09T19:26:38Z</time>
      </trkpt>
      <trkpt lat="46.361876958981156" lon="10.946712987497449">
        <ele>654.04186400000003</ele>
        <time>2026-08-09T19:26:44Z</time>
      </trkpt>
      <trkpt lat="46.361936973407865" lon="10.946895964443684">
        <ele>653.27282100000002</ele>
        <time>2026-08-09T19:26:45Z</time>
      </trkpt>
      <trkpt lat="46.362131014466286" lon="10.947272982448339">
        <ele>651.48776199999998</ele>
        <time>2026-08-09T19:26:49Z</time>
      </trkpt>
      <trkpt lat="46.362394038587809" lon="10.947599960491061">
        <ele>649.58165099999997</ele>
        <time>2026-08-09T19:26:53Z</time>
      </trkpt>
      <trkpt lat="46.362472996115685" lon="10.947688976302743">
        <ele>649.031251</ele>
        <time>2026-08-09T19:26:54Z</time>
      </trkpt>
      <trkpt lat="46.362610040232539" lon="10.947719989344478">
        <ele>648.19175499999994</ele>
        <time>2026-08-09T19:26:56Z</time>
      </trkpt>
      <trkpt lat="46.362886978313327" lon="10.947526032105088">
        <ele>646.00425199999995</ele>
        <time>2026-08-09T19:26:59Z</time>
      </trkpt>
      <trkpt lat="46.36351796798408" lon="10.947315981611609">
        <ele>641.40089799999998</ele>
        <time>2026-08-09T19:27:06Z</time>
      </trkpt>
      <trkpt lat="46.363688036799431" lon="10.947350012138486">
        <ele>640.180702</ele>
        <time>2026-08-09T19:27:08Z</time>
      </trkpt>
      <trkpt lat="46.363762971013784" lon="10.947431987151504">
        <ele>639.51268000000005</ele>
        <time>2026-08-09T19:27:09Z</time>
      </trkpt>
      <trkpt lat="46.364023983478546" lon="10.947888968512416">
        <ele>636.602037</ele>
        <time>2026-08-09T19:27:13Z</time>
      </trkpt>
      <trkpt lat="46.364153986796737" lon="10.948019977658987">
        <ele>635.65095199999996</ele>
        <time>2026-08-09T19:27:15Z</time>
      </trkpt>
      <trkpt lat="46.364401001483202" lon="10.948128020390868">
        <ele>635.02139899999997</ele>
        <time>2026-08-09T19:27:19Z</time>
      </trkpt>
      <trkpt lat="46.364537961781025" lon="10.94830303452909">
        <ele>634.57576400000005</ele>
        <time>2026-08-09T19:27:21Z</time>
      </trkpt>
      <trkpt lat="46.36482797563076" lon="10.948823969811201">
        <ele>633.44864700000005</ele>
        <time>2026-08-09T19:27:27Z</time>
      </trkpt>
      <trkpt lat="46.365024028345942" lon="10.948968976736069">
        <ele>632.91166199999998</ele>
        <time>2026-08-09T19:27:30Z</time>
      </trkpt>
      <trkpt lat="46.365270037204027" lon="10.949244992807508">
        <ele>632.15250800000001</ele>
        <time>2026-08-09T19:27:35Z</time>
      </trkpt>
      <trkpt lat="46.365458965301514" lon="10.949651012197137">
        <ele>631.36717399999998</ele>
        <time>2026-08-09T19:27:39Z</time>
      </trkpt>
      <trkpt lat="46.365777980536222" lon="10.950005985796452">
        <ele>631.90096300000005</ele>
        <time>2026-08-09T19:27:45Z</time>
      </trkpt>
      <trkpt lat="46.365980990231037" lon="10.950158033519983">
        <ele>632.20421199999998</ele>
        <time>2026-08-09T19:27:48Z</time>
      </trkpt>
      <trkpt lat="46.366364965215325" lon="10.950621971860528">
        <ele>632.86775</ele>
        <time>2026-08-09T19:27:57Z</time>
      </trkpt>
      <trkpt lat="46.366560012102127" lon="10.950751975178719">
        <ele>633.15261499999997</ele>
        <time>2026-08-09T19:28:03Z</time>
      </trkpt>
      <trkpt lat="46.366784982383251" lon="10.950852977111936">
        <ele>633.46522100000004</ele>
        <time>2026-08-09T19:28:10Z</time>
      </trkpt>
      <trkpt lat="46.366914985701442" lon="10.950962025672197">
        <ele>633.66454599999997</ele>
        <time>2026-08-09T19:28:16Z</time>
      </trkpt>
      <trkpt lat="46.367140039801598" lon="10.95141900703311">
        <ele>635.87476000000004</ele>
        <time>2026-08-09T19:28:35Z</time>
      </trkpt>
      <trkpt lat="46.36714699678123" lon="10.951607013121247">
        <ele>636.71441900000002</ele>
        <time>2026-08-09T19:28:42Z</time>
      </trkpt>
      <trkpt lat="46.367073990404606" lon="10.951757971197367">
        <ele>637.53667700000005</ele>
        <time>2026-08-09T19:28:50Z</time>
      </trkpt>
      <trkpt lat="46.367039959877729" lon="10.951901972293854">
        <ele>638.21544200000005</ele>
        <time>2026-08-09T19:28:57Z</time>
      </trkpt>
      <trkpt lat="46.367031997069716" lon="10.952911991626024">
        <ele>642.72012900000004</ele>
        <time>2026-08-09T19:29:35Z</time>
      </trkpt>
      <trkpt lat="46.367082037031651" lon="10.953102009370923">
        <ele>643.62701900000002</ele>
        <time>2026-08-09T19:29:41Z</time>
      </trkpt>
      <trkpt lat="46.367175998166203" lon="10.95328900963068">
        <ele>644.65882299999998</ele>
        <time>2026-08-09T19:29:47Z</time>
      </trkpt>
      <trkpt lat="46.367208017036319" lon="10.953568965196609">
        <ele>645.18956300000002</ele>
        <time>2026-08-09T19:29:54Z</time>
      </trkpt>
      <trkpt lat="46.367462994530797" lon="10.953596038743854">
        <ele>644.67048399999999</ele>
        <time>2026-08-09T19:30:01Z</time>
      </trkpt>
      <trkpt lat="46.367810005322099" lon="10.953684970736504">
        <ele>643.95506</ele>
        <time>2026-08-09T19:30:07Z</time>
      </trkpt>
      <trkpt lat="46.36802701279521" lon="10.953775998204947">
        <ele>643.49643500000002</ele>
        <time>2026-08-09T19:30:09Z</time>
      </trkpt>
      <trkpt lat="46.36826598085463" lon="10.953964004293084">
        <ele>642.94435299999998</ele>
        <time>2026-08-09T19:30:13Z</time>
      </trkpt>
      <trkpt lat="46.369093023240566" lon="10.955736022442579">
        <ele>636.58985600000005</ele>
        <time>2026-08-09T19:30:30Z</time>
      </trkpt>
      <trkpt lat="46.369591997936368" lon="10.95649198628962">
        <ele>632.33803799999998</ele>
        <time>2026-08-09T19:30:38Z</time>
      </trkpt>
      <trkpt lat="46.369667015969753" lon="10.956475976854563">
        <ele>631.89153499999998</ele>
        <time>2026-08-09T19:30:39Z</time>
      </trkpt>
      <trkpt lat="46.369700040668249" lon="10.956485029309988">
        <ele>631.69375700000001</ele>
        <time>2026-08-09T19:30:39Z</time>
      </trkpt>
      <trkpt lat="46.369835995137691" lon="10.956636993214488">
        <ele>630.79527800000005</ele>
        <time>2026-08-09T19:30:41Z</time>
      </trkpt>
      <trkpt lat="46.370074963197112" lon="10.95698400400579">
        <ele>629.31754999999998</ele>
        <time>2026-08-09T19:30:45Z</time>
      </trkpt>
      <trkpt lat="46.370229022577405" lon="10.957341995090246">
        <ele>628.04603799999995</ele>
        <time>2026-08-09T19:30:48Z</time>
      </trkpt>
      <trkpt lat="46.370339998975396" lon="10.957761006429791">
        <ele>626.69331099999999</ele>
        <time>2026-08-09T19:30:52Z</time>
      </trkpt>
      <trkpt lat="46.370446030050516" lon="10.958064012229443">
        <ele>625.66941199999997</ele>
        <time>2026-08-09T19:30:55Z</time>
      </trkpt>
      <trkpt lat="46.370925977826118" lon="10.959161035716534">
        <ele>622.82353599999999</ele>
        <time>2026-08-09T19:31:06Z</time>
      </trkpt>
      <trkpt lat="46.371138961985707" lon="10.959727987647057">
        <ele>622.25654799999995</ele>
        <time>2026-08-09T19:31:12Z</time>
      </trkpt>
      <trkpt lat="46.371368961408734" lon="10.960643040016294">
        <ele>621.40128900000002</ele>
        <time>2026-08-09T19:31:22Z</time>
      </trkpt>
      <trkpt lat="46.371411038562655" lon="10.961058028042316">
        <ele>621.03291899999999</ele>
        <time>2026-08-09T19:31:27Z</time>
      </trkpt>
      <trkpt lat="46.371411960572004" lon="10.961325997486711">
        <ele>621.22714299999996</ele>
        <time>2026-08-09T19:31:31Z</time>
      </trkpt>
      <trkpt lat="46.371693005785346" lon="10.962112974375486">
        <ele>622.34567900000002</ele>
        <time>2026-08-09T19:31:45Z</time>
      </trkpt>
      <trkpt lat="46.371891992166638" lon="10.962971029803157">
        <ele>623.48825299999999</ele>
        <time>2026-08-09T19:32:04Z</time>
      </trkpt>
      <trkpt lat="46.37204303406179" lon="10.963487019762397">
        <ele>624.195739</ele>
        <time>2026-08-09T19:32:17Z</time>
      </trkpt>
      <trkpt lat="46.372042028233409" lon="10.96443903632462">
        <ele>622.39893199999995</ele>
        <time>2026-08-09T19:32:31Z</time>
      </trkpt>
      <trkpt lat="46.37213297188282" lon="10.96474296413362">
        <ele>621.71033699999998</ele>
        <time>2026-08-09T19:32:35Z</time>
      </trkpt>
      <trkpt lat="46.372892959043384" lon="10.96598600037396">
        <ele>617.52504499999998</ele>
        <time>2026-08-09T19:32:47Z</time>
      </trkpt>
      <trkpt lat="46.373252039775252" lon="10.966363018378615">
        <ele>614.52330900000004</ele>
        <time>2026-08-09T19:32:52Z</time>
      </trkpt>
      <trkpt lat="46.373640960082412" lon="10.966662000864744">
        <ele>611.541966</ele>
        <time>2026-08-09T19:32:57Z</time>
      </trkpt>
      <trkpt lat="46.374310003593564" lon="10.966952014714479">
        <ele>606.81398300000001</ele>
        <time>2026-08-09T19:33:05Z</time>
      </trkpt>
      <trkpt lat="46.374713005498052" lon="10.967376977205276">
        <ele>605.171919</ele>
        <time>2026-08-09T19:33:11Z</time>
      </trkpt>
      <trkpt lat="46.375319017097354" lon="10.968107962980866">
        <ele>602.69739200000004</ele>
        <time>2026-08-09T19:33:21Z</time>
      </trkpt>
      <trkpt lat="46.375543987378478" lon="10.968421027064323">
        <ele>601.71857399999999</ele>
        <time>2026-08-09T19:33:25Z</time>
      </trkpt>
      <trkpt lat="46.37597699649632" lon="10.968927964568138">
        <ele>601.77766099999997</ele>
        <time>2026-08-09T19:33:33Z</time>
      </trkpt>
      <trkpt lat="46.376285031437874" lon="10.969357034191489">
        <ele>602.73839999999996</ele>
        <time>2026-08-09T19:33:41Z</time>
      </trkpt>
      <trkpt lat="46.376510001718998" lon="10.969794988632202">
        <ele>603.58575800000006</ele>
        <time>2026-08-09T19:33:52Z</time>
      </trkpt>
      <trkpt lat="46.376613015308976" lon="10.971123017370701">
        <ele>605.36708299999998</ele>
        <time>2026-08-09T19:34:32Z</time>
      </trkpt>
      <trkpt lat="46.376760033890605" lon="10.97202398814261">
        <ele>606.09234400000003</ele>
        <time>2026-08-09T19:34:55Z</time>
      </trkpt>
      <trkpt lat="46.377074019983411" lon="10.972642991691828">
        <ele>606.69419500000004</ele>
        <time>2026-08-09T19:35:03Z</time>
      </trkpt>
      <trkpt lat="46.37778296135366" lon="10.973323015496135">
        <ele>605.45624799999996</ele>
        <time>2026-08-09T19:35:13Z</time>
      </trkpt>
      <trkpt lat="46.378067024052143" lon="10.973631972447038">
        <ele>604.23899700000004</ele>
        <time>2026-08-09T19:35:17Z</time>
      </trkpt>
      <trkpt lat="46.379025997593999" lon="10.974912978708744">
        <ele>600.13344700000005</ele>
        <time>2026-08-09T19:35:34Z</time>
      </trkpt>
      <trkpt lat="46.379204029217362" lon="10.975468028336763">
        <ele>599.13454899999999</ele>
        <time>2026-08-09T19:35:40Z</time>
      </trkpt>
      <trkpt lat="46.379623962566257" lon="10.976540995761752">
        <ele>597.12110499999994</ele>
        <time>2026-08-09T19:35:52Z</time>
      </trkpt>
      <trkpt lat="46.379914982244372" lon="10.97737398929894">
        <ele>595.60463900000002</ele>
        <time>2026-08-09T19:36:00Z</time>
      </trkpt>
      <trkpt lat="46.380245983600616" lon="10.97799701616168">
        <ele>594.32997699999999</ele>
        <time>2026-08-09T19:36:07Z</time>
      </trkpt>
      <trkpt lat="46.380416974425316" lon="10.978141017258167">
        <ele>593.86529499999995</ele>
        <time>2026-08-09T19:36:09Z</time>
      </trkpt>
      <trkpt lat="46.380527028813958" lon="10.978329023346305">
        <ele>593.46570099999997</ele>
        <time>2026-08-09T19:36:12Z</time>
      </trkpt>
      <trkpt lat="46.380730960518122" lon="10.978981973603368">
        <ele>592.24453800000003</ele>
        <time>2026-08-09T19:36:19Z</time>
      </trkpt>
      <trkpt lat="46.381009994074702" lon="10.979595026001334">
        <ele>590.61570900000004</ele>
        <time>2026-08-09T19:36:26Z</time>
      </trkpt>
      <trkpt lat="46.381535958498716" lon="10.980203971266747">
        <ele>588.45139500000005</ele>
        <time>2026-08-09T19:36:35Z</time>
      </trkpt>
      <trkpt lat="46.382000986486673" lon="10.980592975392938">
        <ele>586.72531500000002</ele>
        <time>2026-08-09T19:36:41Z</time>
      </trkpt>
      <trkpt lat="46.382777988910675" lon="10.981111982837319">
        <ele>583.28909699999997</ele>
        <time>2026-08-09T19:36:51Z</time>
      </trkpt>
      <trkpt lat="46.383363967761397" lon="10.98175797611475">
        <ele>580.32264499999997</ele>
        <time>2026-08-09T19:37:00Z</time>
      </trkpt>
      <trkpt lat="46.383804017677903" lon="10.982120996341109">
        <ele>580.07780000000002</ele>
        <time>2026-08-09T19:37:09Z</time>
      </trkpt>
      <trkpt lat="46.384136024862528" lon="10.982894981279969">
        <ele>581.49367800000005</ele>
        <time>2026-08-09T19:37:28Z</time>
      </trkpt>
      <trkpt lat="46.384172989055514" lon="10.982977962121367">
        <ele>581.64719500000001</ele>
        <time>2026-08-09T19:37:31Z</time>
      </trkpt>
      <trkpt lat="46.384109035134315" lon="10.98371003754437">
        <ele>582.79342499999996</ele>
        <time>2026-08-09T19:37:49Z</time>
      </trkpt>
      <trkpt lat="46.38405597768724" lon="10.984811000525951">
        <ele>583.10657700000002</ele>
        <time>2026-08-09T19:38:12Z</time>
      </trkpt>
      <trkpt lat="46.384159997105598" lon="10.985844992101192">
        <ele>582.50666200000001</ele>
        <time>2026-08-09T19:38:22Z</time>
      </trkpt>
      <trkpt lat="46.384286982938647" lon="10.986652001738548">
        <ele>582.03144599999996</ele>
        <time>2026-08-09T19:38:29Z</time>
      </trkpt>
      <trkpt lat="46.384423021227121" lon="10.987098002806306">
        <ele>581.37966200000005</ele>
        <time>2026-08-09T19:38:33Z</time>
      </trkpt>
      <trkpt lat="46.384595017880201" lon="10.987466974183917">
        <ele>580.721632</ele>
        <time>2026-08-09T19:38:37Z</time>
      </trkpt>
      <trkpt lat="46.385188037529588" lon="10.988388983532786">
        <ele>578.85902999999996</ele>
        <time>2026-08-09T19:38:48Z</time>
      </trkpt>
      <trkpt lat="46.385687012225389" lon="10.989637970924377">
        <ele>579.740635</ele>
        <time>2026-08-09T19:39:08Z</time>
      </trkpt>
      <trkpt lat="46.385840987786651" lon="10.989974001422524">
        <ele>580.41995799999995</ele>
        <time>2026-08-09T19:39:16Z</time>
      </trkpt>
      <trkpt lat="46.385878035798669" lon="10.990225961431861">
        <ele>580.85382100000004</ele>
        <time>2026-08-09T19:39:23Z</time>
      </trkpt>
      <trkpt lat="46.385928997769952" lon="10.991905024275184">
        <ele>582.36392499999999</ele>
        <time>2026-08-09T19:40:05Z</time>
      </trkpt>
      <trkpt lat="46.386025976389647" lon="10.992626035585999">
        <ele>582.19076600000005</ele>
        <time>2026-08-09T19:40:14Z</time>
      </trkpt>
      <trkpt lat="46.386227980256081" lon="10.993214026093483">
        <ele>582.03592300000003</ele>
        <time>2026-08-09T19:40:19Z</time>
      </trkpt>
      <trkpt lat="46.386296963319182" lon="10.99357302300632">
        <ele>581.94807500000002</ele>
        <time>2026-08-09T19:40:23Z</time>
      </trkpt>
      <trkpt lat="46.386464014649391" lon="10.993972001597285">
        <ele>580.75373100000002</ele>
        <time>2026-08-09T19:40:26Z</time>
      </trkpt>
      <trkpt lat="46.386522017419338" lon="10.994312977418303">
        <ele>579.44626600000004</ele>
        <time>2026-08-09T19:40:29Z</time>
      </trkpt>
      <trkpt lat="46.38661103323102" lon="10.994574995711446">
        <ele>578.35906299999999</ele>
        <time>2026-08-09T19:40:32Z</time>
      </trkpt>
      <trkpt lat="46.386696025729179" lon="10.99533699452877">
        <ele>575.48551799999996</ele>
        <time>2026-08-09T19:40:38Z</time>
      </trkpt>
      <trkpt lat="46.386804990470409" lon="10.995610998943448">
        <ele>574.30802900000003</ele>
        <time>2026-08-09T19:40:41Z</time>
      </trkpt>
      <trkpt lat="46.387104978784919" lon="10.996799971908331">
        <ele>568.979421</ele>
        <time>2026-08-09T19:40:50Z</time>
      </trkpt>
      <trkpt lat="46.387645024806261" lon="10.997858019545674">
        <ele>562.92413399999998</ele>
        <time>2026-08-09T19:41:00Z</time>
      </trkpt>
      <trkpt lat="46.388197978958488" lon="10.998694030568004">
        <ele>560.62903900000003</ele>
        <time>2026-08-09T19:41:10Z</time>
      </trkpt>
      <trkpt lat="46.388494027778506" lon="10.999475978314877">
        <ele>561.29125799999997</ele>
        <time>2026-08-09T19:41:26Z</time>
      </trkpt>
      <trkpt lat="46.388467960059643" lon="10.999696003273129">
        <ele>561.45696399999997</ele>
        <time>2026-08-09T19:41:30Z</time>
      </trkpt>
      <trkpt lat="46.388482041656971" lon="10.999765992164612">
        <ele>561.51107200000001</ele>
        <time>2026-08-09T19:41:32Z</time>
      </trkpt>
      <trkpt lat="46.388527974486351" lon="10.999989034608006">
        <ele>561.68386899999996</ele>
        <time>2026-08-09T19:41:37Z</time>
      </trkpt>
      <trkpt lat="46.389292990788817" lon="11.001080023124814">
        <ele>564.58689100000004</ele>
        <time>2026-08-09T19:42:13Z</time>
      </trkpt>
      <trkpt lat="46.389891039580107" lon="11.001620991155505">
        <ele>567.25242800000001</ele>
        <time>2026-08-09T19:42:36Z</time>
      </trkpt>
      <trkpt lat="46.39005096629262" lon="11.001998009160161">
        <ele>568.40700200000003</ele>
        <time>2026-08-09T19:42:46Z</time>
      </trkpt>
      <trkpt lat="46.390110980719328" lon="11.002246029675007">
        <ele>569.21782599999995</ele>
        <time>2026-08-09T19:42:53Z</time>
      </trkpt>
      <trkpt lat="46.390058007091284" lon="11.002590022981167">
        <ele>570.91865700000005</ele>
        <time>2026-08-09T19:43:02Z</time>
      </trkpt>
      <trkpt lat="46.390109974890947" lon="11.002828991040587">
        <ele>572.12793399999998</ele>
        <time>2026-08-09T19:43:09Z</time>
      </trkpt>
      <trkpt lat="46.390353972092271" lon="11.003024959936738">
        <ele>574.07941900000003</ele>
        <time>2026-08-09T19:43:22Z</time>
      </trkpt>
      <trkpt lat="46.390561005100608" lon="11.003355039283633">
        <ele>576.23179600000003</ele>
        <time>2026-08-09T19:43:37Z</time>
      </trkpt>
      <trkpt lat="46.390749011188745" lon="11.004126006737351">
        <ele>580.17774899999995</ele>
        <time>2026-08-09T19:44:08Z</time>
      </trkpt>
      <trkpt lat="46.39067399315536" lon="11.004600003361702">
        <ele>582.776161</ele>
        <time>2026-08-09T19:44:28Z</time>
      </trkpt>
      <trkpt lat="46.390680028125644" lon="11.004807036370039">
        <ele>584.02856999999995</ele>
        <time>2026-08-09T19:44:36Z</time>
      </trkpt>
      <trkpt lat="46.390785975381732" lon="11.005020020529628">
        <ele>585.61630000000002</ele>
        <time>2026-08-09T19:44:47Z</time>
      </trkpt>
      <trkpt lat="46.390880020335317" lon="11.005362002179027">
        <ele>587.841767</ele>
        <time>2026-08-09T19:45:03Z</time>
      </trkpt>
      <trkpt lat="46.391133992001414" lon="11.006009001284838">
        <ele>592.34197500000005</ele>
        <time>2026-08-09T19:45:33Z</time>
      </trkpt>
      <trkpt lat="46.391254020854831" lon="11.006480986252427">
        <ele>595.38282400000003</ele>
        <time>2026-08-09T19:45:52Z</time>
      </trkpt>
      <trkpt lat="46.391335995867848" lon="11.007046010345221">
        <ele>598.12505699999997</ele>
        <time>2026-08-09T19:46:13Z</time>
      </trkpt>
      <trkpt lat="46.391562977805734" lon="11.008290974423289">
        <ele>602.22758799999997</ele>
        <time>2026-08-09T19:46:55Z</time>
      </trkpt>
      <trkpt lat="46.39174503274262" lon="11.008728006854653">
        <ele>603.853881</ele>
        <time>2026-08-09T19:47:07Z</time>
      </trkpt>
      <trkpt lat="46.391865983605385" lon="11.009534010663629">
        <ele>604.82392200000004</ele>
        <time>2026-08-09T19:47:18Z</time>
      </trkpt>
      <trkpt lat="46.391991963610053" lon="11.010071039199829">
        <ele>603.23566700000003</ele>
        <time>2026-08-09T19:47:23Z</time>
      </trkpt>
      <trkpt lat="46.392144011333585" lon="11.01046197116375">
        <ele>601.97892300000001</ele>
        <time>2026-08-09T19:47:27Z</time>
      </trkpt>
      <trkpt lat="46.392145017161965" lon="11.010533971711993">
        <ele>601.77727900000002</ele>
        <time>2026-08-09T19:47:27Z</time>
      </trkpt>
      <trkpt lat="46.392075028270483" lon="11.010776963084936">
        <ele>601.03990799999997</ele>
        <time>2026-08-09T19:47:29Z</time>
      </trkpt>
      <trkpt lat="46.392076034098864" lon="11.010894980281591">
        <ele>600.70947699999999</ele>
        <time>2026-08-09T19:47:30Z</time>
      </trkpt>
      <trkpt lat="46.392097994685173" lon="11.010964969173074">
        <ele>600.49408500000004</ele>
        <time>2026-08-09T19:47:31Z</time>
      </trkpt>
      <trkpt lat="46.392163960263133" lon="11.01104099303484">
        <ele>600.15192000000002</ele>
        <time>2026-08-09T19:47:32Z</time>
      </trkpt>
      <trkpt lat="46.392537038773298" lon="11.011250959709287">
        <ele>598.52749800000004</ele>
        <time>2026-08-09T19:47:36Z</time>
      </trkpt>
      <trkpt lat="46.392608033493161" lon="11.01132002659142">
        <ele>598.32056</ele>
        <time>2026-08-09T19:47:37Z</time>
      </trkpt>
      <trkpt lat="46.392694031819701" lon="11.011503003537655">
        <ele>598.44289200000003</ele>
        <time>2026-08-09T19:47:39Z</time>
      </trkpt>
      <trkpt lat="46.392738958820701" lon="11.011711964383721">
        <ele>598.56384500000001</ele>
        <time>2026-08-09T19:47:41Z</time>
      </trkpt>
      <trkpt lat="46.392718004062772" lon="11.011938024312258">
        <ele>598.68982200000005</ele>
        <time>2026-08-09T19:47:43Z</time>
      </trkpt>
      <trkpt lat="46.392786987125874" lon="11.012321999296546">
        <ele>598.90903700000001</ele>
        <time>2026-08-09T19:47:46Z</time>
      </trkpt>
      <trkpt lat="46.392982034012675" lon="11.012879982590675">
        <ele>599.25460299999997</ele>
        <time>2026-08-09T19:47:54Z</time>
      </trkpt>
      <trkpt lat="46.392958983778954" lon="11.013085003942251">
        <ele>599.36933899999997</ele>
        <time>2026-08-09T19:48:00Z</time>
      </trkpt>
      <trkpt lat="46.392919002100825" lon="11.013188017532229">
        <ele>599.43463899999995</ele>
        <time>2026-08-09T19:48:04Z</time>
      </trkpt>
      <trkpt lat="46.392895029857755" lon="11.013239985331893">
        <ele>599.46920399999999</ele>
        <time>2026-08-09T19:48:05Z</time>
      </trkpt>
      <trkpt lat="46.392694031819701" lon="11.013246020302176">
        <ele>599.63023099999998</ele>
        <time>2026-08-09T19:48:16Z</time>
      </trkpt>
      <trkpt lat="46.392452968284488" lon="11.013190029188991">
        <ele>601.25909300000001</ele>
        <time>2026-08-09T19:48:32Z</time>
      </trkpt>
      <trkpt lat="46.392151974141598" lon="11.013081986457109">
        <ele>605.57109300000002</ele>
        <time>2026-08-09T19:48:55Z</time>
      </trkpt>
      <trkpt lat="46.392050972208381" lon="11.013081986457109">
        <ele>606.97560699999997</ele>
        <time>2026-08-09T19:49:04Z</time>
      </trkpt>
      <trkpt lat="46.391430040821433" lon="11.013217018917203">
        <ele>615.70781799999997</ele>
        <time>2026-08-09T19:50:11Z</time>
      </trkpt>
      <trkpt lat="46.391297020018101" lon="11.01327502168715">
        <ele>617.63917900000001</ele>
        <time>2026-08-09T19:50:25Z</time>
      </trkpt>
      <trkpt lat="46.391202975064516" lon="11.013403013348579">
        <ele>619.43248800000003</ele>
        <time>2026-08-09T19:50:36Z</time>
      </trkpt>
      <trkpt lat="46.391133992001414" lon="11.013831999152899">
        <ele>623.65761799999996</ele>
        <time>2026-08-09T19:50:58Z</time>
      </trkpt>
      <trkpt lat="46.391086969524622" lon="11.014217985793948">
        <ele>626.08297400000004</ele>
        <time>2026-08-09T19:51:13Z</time>
      </trkpt>
      <trkpt lat="46.391097027808428" lon="11.014483021572232">
        <ele>627.35506499999997</ele>
        <time>2026-08-09T19:51:22Z</time>
      </trkpt>
      <trkpt lat="46.391175985336304" lon="11.014700029045343">
        <ele>628.53117899999995</ele>
        <time>2026-08-09T19:51:30Z</time>
      </trkpt>
      <trkpt lat="46.391547974199057" lon="11.015211995691061">
        <ele>632.09566600000005</ele>
        <time>2026-08-09T19:51:51Z</time>
      </trkpt>
      <trkpt lat="46.391593990847468" lon="11.015306040644646">
        <ele>632.64810399999999</ele>
        <time>2026-08-09T19:51:54Z</time>
      </trkpt>
      <trkpt lat="46.391646964475513" lon="11.015536040067673">
        <ele>633.81042200000002</ele>
        <time>2026-08-09T19:52:00Z</time>
      </trkpt>
      <trkpt lat="46.391622992232442" lon="11.015791017562151">
        <ele>635.04399599999999</ele>
        <time>2026-08-09T19:52:07Z</time>
      </trkpt>
      <trkpt lat="46.391571024432778" lon="11.015939963981509">
        <ele>635.84439199999997</ele>
        <time>2026-08-09T19:52:11Z</time>
      </trkpt>
      <trkpt lat="46.391341025009751" lon="11.016295021399856">
        <ele>638.29724199999998</ele>
        <time>2026-08-09T19:52:27Z</time>
      </trkpt>
      <trkpt lat="46.391202975064516" lon="11.016597021371126">
        <ele>640.25469699999996</ele>
        <time>2026-08-09T19:52:41Z</time>
      </trkpt>
      <trkpt lat="46.391140026971698" lon="11.016843030229211">
        <ele>641.67260299999998</ele>
        <time>2026-08-09T19:52:51Z</time>
      </trkpt>
      <trkpt lat="46.391113037243485" lon="11.017223987728357">
        <ele>643.74213799999995</ele>
        <time>2026-08-09T19:53:07Z</time>
      </trkpt>
      <trkpt lat="46.391070038080215" lon="11.017434038221836">
        <ele>644.92580099999998</ele>
        <time>2026-08-09T19:53:16Z</time>
      </trkpt>
      <trkpt lat="46.390988985076547" lon="11.01759497076273">
        <ele>646.00259200000005</ele>
        <time>2026-08-09T19:53:24Z</time>
      </trkpt>
      <trkpt lat="46.390681033954024" lon="11.017884984612465">
        <ele>648.87966100000006</ele>
        <time>2026-08-09T19:53:45Z</time>
      </trkpt>
      <trkpt lat="46.39043896459043" lon="11.018235012888908">
        <ele>651.39329399999997</ele>
        <time>2026-08-09T19:54:03Z</time>
      </trkpt>
      <trkpt lat="46.390380961820483" lon="11.018371973186731">
        <ele>651.60534099999995</ele>
        <time>2026-08-09T19:54:09Z</time>
      </trkpt>
      <trkpt lat="46.390238972380757" lon="11.019010003656149">
        <ele>652.48967900000002</ele>
        <time>2026-08-09T19:54:25Z</time>
      </trkpt>
      <trkpt lat="46.390207037329674" lon="11.019084015861154">
        <ele>652.60489299999995</ele>
        <time>2026-08-09T19:54:26Z</time>
      </trkpt>
      <trkpt lat="46.389792971313" lon="11.019897982478142">
        <ele>654.03289199999995</ele>
        <time>2026-08-09T19:54:42Z</time>
      </trkpt>
      <trkpt lat="46.389710325747728" lon="11.020109122619033">
        <ele>654.30427999999995</ele>
        <time>2026-08-09T19:54:45Z</time>
      </trkpt>
      <trkpt lat="46.389686102047563" lon="11.020402489230037">
        <ele>654.74020800000005</ele>
        <time>2026-08-09T19:54:51Z</time>
      </trkpt>
      <trkpt lat="46.389705967158079" lon="11.020572977140546">
        <ele>654.93780600000002</ele>
        <time>2026-08-09T19:54:54Z</time>
      </trkpt>
      <trkpt lat="46.389851979911327" lon="11.020990982651711">
        <ele>655.318397</ele>
        <time>2026-08-09T19:54:59Z</time>
      </trkpt>
      <trkpt lat="46.38987603597343" lon="11.021261969581246">
        <ele>655.54033500000003</ele>
        <time>2026-08-09T19:55:01Z</time>
      </trkpt>
      <trkpt lat="46.38966397382319" lon="11.022287998348475">
        <ele>656.41034100000002</ele>
        <time>2026-08-09T19:55:22Z</time>
      </trkpt>
      <trkpt lat="46.389530031010509" lon="11.02255898527801">
        <ele>656.681194</ele>
        <time>2026-08-09T19:55:29Z</time>
      </trkpt>
      <trkpt lat="46.389132980257273" lon="11.022853022441268">
        <ele>657.55813899999998</ele>
        <time>2026-08-09T19:55:43Z</time>
      </trkpt>
      <trkpt lat="46.38904295861721" lon="11.022994006052613">
        <ele>657.892607</ele>
        <time>2026-08-09T19:55:47Z</time>
      </trkpt>
      <trkpt lat="46.388993002474308" lon="11.023171031847596">
        <ele>658.22561199999996</ele>
        <time>2026-08-09T19:55:51Z</time>
      </trkpt>
      <trkpt lat="46.388977998867631" lon="11.023662965744734">
        <ele>659.083035</ele>
        <time>2026-08-09T19:56:02Z</time>
      </trkpt>
      <trkpt lat="46.388876996934414" lon="11.024030009284616">
        <ele>659.77097400000002</ele>
        <time>2026-08-09T19:56:11Z</time>
      </trkpt>
      <trkpt lat="46.388399982824922" lon="11.024858979508281">
        <ele>661.40653699999996</ele>
        <time>2026-08-09T19:56:29Z</time>
      </trkpt>
      <trkpt lat="46.388317001983523" lon="11.02506903000176">
        <ele>661.34338400000001</ele>
        <time>2026-08-09T19:56:33Z</time>
      </trkpt>
      <trkpt lat="46.388280959799886" lon="11.025291988626122">
        <ele>661.28362500000003</ele>
        <time>2026-08-09T19:56:36Z</time>
      </trkpt>
      <trkpt lat="46.388228992000222" lon="11.026005959138274">
        <ele>661.09628799999996</ele>
        <time>2026-08-09T19:56:45Z</time>
      </trkpt>
      <trkpt lat="46.388164032250643" lon="11.026264037936926">
        <ele>661.02461800000003</ele>
        <time>2026-08-09T19:56:48Z</time>
      </trkpt>
      <trkpt lat="46.387935960665345" lon="11.026741974055767">
        <ele>660.87297799999999</ele>
        <time>2026-08-09T19:56:53Z</time>
      </trkpt>
      <trkpt lat="46.387860020622611" lon="11.027013966813684">
        <ele>660.79640400000005</ele>
        <time>2026-08-09T19:56:56Z</time>
      </trkpt>
      <trkpt lat="46.387823978438973" lon="11.027247989550233">
        <ele>660.63383099999999</ele>
        <time>2026-08-09T19:56:58Z</time>
      </trkpt>
      <trkpt lat="46.387802017852664" lon="11.027761967852712">
        <ele>659.94176900000002</ele>
        <time>2026-08-09T19:57:04Z</time>
      </trkpt>
      <trkpt lat="46.387745020911098" lon="11.02814401499927">
        <ele>659.41654800000003</ele>
        <time>2026-08-09T19:57:09Z</time>
      </trkpt>
      <trkpt lat="46.387526001781225" lon="11.029011961072683">
        <ele>658.17450799999995</ele>
        <time>2026-08-09T19:57:18Z</time>
      </trkpt>
      <trkpt lat="46.387545028701425" lon="11.029428960755467">
        <ele>657.61290299999996</ele>
        <time>2026-08-09T19:57:22Z</time>
      </trkpt>
      <trkpt lat="46.387490965425968" lon="11.030265977606177">
        <ele>655.988471</ele>
        <time>2026-08-09T19:57:29Z</time>
      </trkpt>
      <trkpt lat="46.387570006772876" lon="11.03087198920548">
        <ele>654.62758799999995</ele>
        <time>2026-08-09T19:57:33Z</time>
      </trkpt>
      <trkpt lat="46.387565983459353" lon="11.031085979193449">
        <ele>654.15519800000004</ele>
        <time>2026-08-09T19:57:35Z</time>
      </trkpt>
      <trkpt lat="46.387516027316451" lon="11.031274991109967">
        <ele>653.70852600000001</ele>
        <time>2026-08-09T19:57:37Z</time>
      </trkpt>
      <trkpt lat="46.387420976534486" lon="11.031413041055202">
        <ele>653.27830600000004</ele>
        <time>2026-08-09T19:57:38Z</time>
      </trkpt>
      <trkpt lat="46.387285022065043" lon="11.031523011624813">
        <ele>652.78010800000004</ele>
        <time>2026-08-09T19:57:40Z</time>
      </trkpt>
      <trkpt lat="46.387158958241343" lon="11.031529968604445">
        <ele>652.37673299999994</ele>
        <time>2026-08-09T19:57:42Z</time>
      </trkpt>
      <trkpt lat="46.386752016842365" lon="11.031231991946697">
        <ele>653.77670499999999</ele>
        <time>2026-08-09T19:57:50Z</time>
      </trkpt>
      <trkpt lat="46.386606004089117" lon="11.031188992783427">
        <ele>655.64200100000005</ele>
        <time>2026-08-09T19:57:56Z</time>
      </trkpt>
      <trkpt lat="46.385767981410027" lon="11.031124033033848">
        <ele>666.14897399999995</ele>
        <time>2026-08-09T19:58:55Z</time>
      </trkpt>
      <trkpt lat="46.385685000568628" lon="11.031156973913312">
        <ele>667.22652700000003</ele>
        <time>2026-08-09T19:59:03Z</time>
      </trkpt>
      <trkpt lat="46.385308988392353" lon="11.031450005248189">
        <ele>672.57115199999998</ele>
        <time>2026-08-09T19:59:53Z</time>
      </trkpt>
      <trkpt lat="46.384757962077856" lon="11.031678998842835">
        <ele>677.77273100000002</ele>
        <time>2026-08-09T20:01:01Z</time>
      </trkpt>
      <trkpt lat="46.384578002616763" lon="11.031820988282561">
        <ele>679.45387500000004</ele>
        <time>2026-08-09T20:01:23Z</time>
      </trkpt>
      <trkpt lat="46.384286982938647" lon="11.032166993245482">
        <ele>682.54140400000006</ele>
        <time>2026-08-09T20:01:55Z</time>
      </trkpt>
      <trkpt lat="46.384182963520288" lon="11.032391041517258">
        <ele>684.06940299999997</ele>
        <time>2026-08-09T20:02:05Z</time>
      </trkpt>
      <trkpt lat="46.384039968252182" lon="11.033468032255769">
        <ele>686.31114700000001</ele>
        <time>2026-08-09T20:02:13Z</time>
      </trkpt>
      <trkpt lat="46.384069975465536" lon="11.033705994486809">
        <ele>684.06446300000005</ele>
        <time>2026-08-09T20:02:15Z</time>
      </trkpt>
      <trkpt lat="46.384136024862528" lon="11.033892994746566">
        <ele>682.11387400000001</ele>
        <time>2026-08-09T20:02:16Z</time>
      </trkpt>
      <trkpt lat="46.38463600538671" lon="11.034671002998948">
        <ele>672.23978899999997</ele>
        <time>2026-08-09T20:02:23Z</time>
      </trkpt>
      <trkpt lat="46.384681016206741" lon="11.034875018522143">
        <ele>670.25094799999999</ele>
        <time>2026-08-09T20:02:25Z</time>
      </trkpt>
      <trkpt lat="46.384680010378361" lon="11.035045003518462">
        <ele>668.67227300000002</ele>
        <time>2026-08-09T20:02:26Z</time>
      </trkpt>
      <trkpt lat="46.384641034528613" lon="11.035222029313445">
        <ele>666.94684099999995</ele>
        <time>2026-08-09T20:02:27Z</time>
      </trkpt>
      <trkpt lat="46.384524023160338" lon="11.035395031794906">
        <ele>664.69708100000003</ele>
        <time>2026-08-09T20:02:29Z</time>
      </trkpt>
      <trkpt lat="46.384453028440475" lon="11.035465020686388">
        <ele>664.85477700000001</ele>
        <time>2026-08-09T20:02:30Z</time>
      </trkpt>
      <trkpt lat="46.384438024833798" lon="11.035433001816273">
        <ele>664.95776499999999</ele>
        <time>2026-08-09T20:02:31Z</time>
      </trkpt>
      <trkpt lat="46.384411035105586" lon="11.035458985716105">
        <ele>665.08284900000001</ele>
        <time>2026-08-09T20:02:31Z</time>
      </trkpt>
      <trkpt lat="46.384383961558342" lon="11.035485975444317">
        <ele>665.20942600000001</ele>
        <time>2026-08-09T20:02:32Z</time>
      </trkpt>
      <trkpt lat="46.38435697183013" lon="11.03551397100091">
        <ele>665.33753200000001</ele>
        <time>2026-08-09T20:02:33Z</time>
      </trkpt>
      <trkpt lat="46.384326964616776" lon="11.035540960729122">
        <ele>665.47379699999999</ele>
        <time>2026-08-09T20:02:34Z</time>
      </trkpt>
      <trkpt lat="46.384299974888563" lon="11.035566022619605">
        <ele>665.59742800000004</ele>
        <time>2026-08-09T20:02:34Z</time>
      </trkpt>
      <trkpt lat="46.384269967675209" lon="11.035593012347817">
        <ele>665.73369200000002</ele>
        <time>2026-08-09T20:02:35Z</time>
      </trkpt>
      <trkpt lat="46.384239038452506" lon="11.035623019561172">
        <ele>665.87752599999999</ele>
        <time>2026-08-09T20:02:36Z</time>
      </trkpt>
      <trkpt lat="46.384211964905262" lon="11.035646991804242">
        <ele>665.99974499999996</ele>
        <time>2026-08-09T20:02:36Z</time>
      </trkpt>
      <trkpt lat="46.384190004318953" lon="11.035668030381203">
        <ele>666.10139300000003</ele>
        <time>2026-08-09T20:02:37Z</time>
      </trkpt>
      <trkpt lat="46.384169971570373" lon="11.035692002624273">
        <ele>666.20158400000003</ele>
        <time>2026-08-09T20:02:38Z</time>
      </trkpt>
      <trkpt lat="46.384151028469205" lon="11.035708012059331">
        <ele>666.28637600000002</ele>
        <time>2026-08-09T20:02:38Z</time>
      </trkpt>
      <trkpt lat="46.384136024862528" lon="11.035708012059331">
        <ele>666.34426099999996</ele>
        <time>2026-08-09T20:02:38Z</time>
      </trkpt>
      <trkpt lat="46.384128984063864" lon="11.035697031766176">
        <ele>666.38409899999999</ele>
        <time>2026-08-09T20:02:39Z</time>
      </trkpt>
      <trkpt lat="46.384124960750341" lon="11.03568303398788">
        <ele>666.42443700000001</ele>
        <time>2026-08-09T20:02:39Z</time>
      </trkpt>
      <trkpt lat="46.384128984063864" lon="11.035667024552822">
        <ele>666.469739</ele>
        <time>2026-08-09T20:02:39Z</time>
      </trkpt>
      <trkpt lat="46.384136024862528" lon="11.035645985975862">
        <ele>666.53182500000003</ele>
        <time>2026-08-09T20:02:39Z</time>
      </trkpt>
      <trkpt lat="46.384143987670541" lon="11.035624025389552">
        <ele>666.598027</ele>
        <time>2026-08-09T20:02:40Z</time>
      </trkpt>
      <trkpt lat="46.384154967963696" lon="11.035601980984211">
        <ele>666.67035599999997</ele>
        <time>2026-08-09T20:02:40Z</time>
      </trkpt>
      <trkpt lat="46.38416301459074" lon="11.035579014569521">
        <ele>666.73892499999999</ele>
        <time>2026-08-09T20:02:41Z</time>
      </trkpt>
      <trkpt lat="46.384173994883895" lon="11.035554958507419">
        <ele>666.81562799999995</ele>
        <time>2026-08-09T20:02:41Z</time>
      </trkpt>
      <trkpt lat="46.38418598100543" lon="11.035528974607587">
        <ele>666.89890200000002</ele>
        <time>2026-08-09T20:02:41Z</time>
      </trkpt>
      <trkpt lat="46.384196961298585" lon="11.035503996536136">
        <ele>666.97783700000002</ele>
        <time>2026-08-09T20:02:42Z</time>
      </trkpt>
      <trkpt lat="46.384211964905262" lon="11.035483041778207">
        <ele>667.05830800000001</ele>
        <time>2026-08-09T20:02:42Z</time>
      </trkpt>
      <trkpt lat="46.38422797434032" lon="11.035467032343149">
        <ele>667.13331600000004</ele>
        <time>2026-08-09T20:02:43Z</time>
      </trkpt>
      <trkpt lat="46.384242977946997" lon="11.035454962402582">
        <ele>667.19942900000001</ele>
        <time>2026-08-09T20:02:43Z</time>
      </trkpt>
      <trkpt lat="46.384262004867196" lon="11.035438030958176">
        <ele>667.28558999999996</ele>
        <time>2026-08-09T20:02:44Z</time>
      </trkpt>
      <trkpt lat="46.384277008473873" lon="11.035417998209596">
        <ele>667.36423400000001</ele>
        <time>2026-08-09T20:02:44Z</time>
      </trkpt>
      <trkpt lat="46.384296035394073" lon="11.035398971289396">
        <ele>667.453307</ele>
        <time>2026-08-09T20:02:45Z</time>
      </trkpt>
      <trkpt lat="46.38431497849524" lon="11.035382961854339">
        <ele>667.53809999999999</ele>
        <time>2026-08-09T20:02:45Z</time>
      </trkpt>
      <trkpt lat="46.384330987930298" lon="11.035364018753171">
        <ele>667.61791400000004</ele>
        <time>2026-08-09T20:02:45Z</time>
      </trkpt>
      <trkpt lat="46.384345991536975" lon="11.035348009318113">
        <ele>667.68977900000004</ele>
        <time>2026-08-09T20:02:46Z</time>
      </trkpt>
      <trkpt lat="46.384365018457174" lon="11.035335017368197">
        <ele>667.77085499999998</ele>
        <time>2026-08-09T20:02:46Z</time>
      </trkpt>
      <trkpt lat="46.384383961558342" lon="11.03532001376152">
        <ele>667.85434199999997</ele>
        <time>2026-08-09T20:02:47Z</time>
      </trkpt>
      <trkpt lat="46.384402988478541" lon="11.035300986841321">
        <ele>667.94341399999996</ele>
        <time>2026-08-09T20:02:47Z</time>
      </trkpt>
      <trkpt lat="46.384417992085218" lon="11.03527701459825">
        <ele>668.02962400000001</ele>
        <time>2026-08-09T20:02:48Z</time>
      </trkpt>
      <trkpt lat="46.384426038712263" lon="11.035252036526799">
        <ele>668.10298499999999</ele>
        <time>2026-08-09T20:02:48Z</time>
      </trkpt>
      <trkpt lat="46.384422015398741" lon="11.035224962979555">
        <ele>668.17649700000004</ele>
        <time>2026-08-09T20:02:49Z</time>
      </trkpt>
      <trkpt lat="46.384411035105586" lon="11.035199984908104">
        <ele>668.25543100000004</ele>
        <time>2026-08-09T20:02:49Z</time>
      </trkpt>
      <trkpt lat="46.384396031498909" lon="11.035185987129807">
        <ele>668.32427499999994</ele>
        <time>2026-08-09T20:02:49Z</time>
      </trkpt>
      <trkpt lat="46.384380022063851" lon="11.035179030150175">
        <ele>668.38876800000003</ele>
        <time>2026-08-09T20:02:50Z</time>
      </trkpt>
      <trkpt lat="46.384360995143652" lon="11.035175006836653">
        <ele>668.46285699999999</ele>
        <time>2026-08-09T20:02:50Z</time>
      </trkpt>
      <trkpt lat="46.384341968223453" lon="11.035175006836653">
        <ele>668.53617699999995</ele>
        <time>2026-08-09T20:02:51Z</time>
      </trkpt>
      <trkpt lat="46.384323025122285" lon="11.035182969644666">
        <ele>668.612527</ele>
        <time>2026-08-09T20:02:51Z</time>
      </trkpt>
      <trkpt lat="46.384303998202085" lon="11.035195961594582">
        <ele>668.69360300000005</ele>
        <time>2026-08-09T20:02:51Z</time>
      </trkpt>
      <trkpt lat="46.384288994595408" lon="11.035210965201259">
        <ele>668.76392299999998</ele>
        <time>2026-08-09T20:02:52Z</time>
      </trkpt>
      <trkpt lat="46.384272985160351" lon="11.035223035141826">
        <ele>668.83344</ele>
        <time>2026-08-09T20:02:52Z</time>
      </trkpt>
      <trkpt lat="46.384262004867196" lon="11.035236027091742">
        <ele>668.88820699999997</ele>
        <time>2026-08-09T20:02:53Z</time>
      </trkpt>
      <trkpt lat="46.384247001260519" lon="11.035252958536148">
        <ele>668.961681</ele>
        <time>2026-08-09T20:02:53Z</time>
      </trkpt>
      <trkpt lat="46.384231997653842" lon="11.035272991284728">
        <ele>669.04032600000005</ele>
        <time>2026-08-09T20:02:53Z</time>
      </trkpt>
      <trkpt lat="46.384215988218784" lon="11.035295035690069">
        <ele>669.12542499999995</ele>
        <time>2026-08-09T20:02:54Z</time>
      </trkpt>
      <trkpt lat="46.384196961298585" lon="11.035314984619617">
        <ele>669.21603500000003</ele>
        <time>2026-08-09T20:02:54Z</time>
      </trkpt>
      <trkpt lat="46.38418204151094" lon="11.035333005711436">
        <ele>669.29117799999995</ele>
        <time>2026-08-09T20:02:55Z</time>
      </trkpt>
      <trkpt lat="46.384167037904263" lon="11.035343986004591">
        <ele>669.35604699999999</ele>
        <time>2026-08-09T20:02:55Z</time>
      </trkpt>
      <trkpt lat="46.384151028469205" lon="11.035352032631636">
        <ele>669.42136000000005</ele>
        <time>2026-08-09T20:02:55Z</time>
      </trkpt>
      <trkpt lat="46.384136024862528" lon="11.035364018753171">
        <ele>669.48747300000002</ele>
        <time>2026-08-09T20:02:56Z</time>
      </trkpt>
      <trkpt lat="46.384116997942328" lon="11.035377010703087">
        <ele>669.56854899999996</ele>
        <time>2026-08-09T20:02:56Z</time>
      </trkpt>
      <trkpt lat="46.384097971022129" lon="11.035393020138144">
        <ele>669.65334199999995</ele>
        <time>2026-08-09T20:02:57Z</time>
      </trkpt>
      <trkpt lat="46.384079027920961" lon="11.035409029573202">
        <ele>669.73813500000006</ele>
        <time>2026-08-09T20:02:57Z</time>
      </trkpt>
      <trkpt lat="46.384060001000762" lon="11.035424033179879">
        <ele>669.82162300000005</ele>
        <time>2026-08-09T20:02:58Z</time>
      </trkpt>
      <trkpt lat="46.384037034586072" lon="11.035437025129795">
        <ele>669.91688599999998</ele>
        <time>2026-08-09T20:02:58Z</time>
      </trkpt>
      <trkpt lat="46.384018007665873" lon="11.035444987937808">
        <ele>669.99323600000002</ele>
        <time>2026-08-09T20:02:59Z</time>
      </trkpt>
      <trkpt lat="46.383995041251183" lon="11.035451022908092">
        <ele>670.08341700000005</ele>
        <time>2026-08-09T20:02:59Z</time>
      </trkpt>
      <trkpt lat="46.383976014330983" lon="11.035455968230963">
        <ele>670.15793499999995</ele>
        <time>2026-08-09T20:03:00Z</time>
      </trkpt>
      <trkpt lat="46.383956987410784" lon="11.035460997372866">
        <ele>670.23245299999996</ele>
        <time>2026-08-09T20:03:00Z</time>
      </trkpt>
      <trkpt lat="46.383958999067545" lon="11.035473989322782">
        <ele>670.26790900000003</ele>
        <time>2026-08-09T20:03:00Z</time>
      </trkpt>
      <trkpt lat="46.383951036259532" lon="11.035476000979543">
        <ele>670.29923699999995</ele>
        <time>2026-08-09T20:03:01Z</time>
      </trkpt>
      <trkpt lat="46.38360301963985" lon="11.035476000979543">
        <ele>671.80494799999997</ele>
        <time>2026-08-09T20:03:25Z</time>
      </trkpt>
      <trkpt lat="46.38332599774003" lon="11.035367036238313">
        <ele>674.20820800000001</ele>
        <time>2026-08-09T20:03:45Z</time>
      </trkpt>
      <trkpt lat="46.383179984986782" lon="11.035353038460016">
        <ele>675.43334200000004</ele>
        <time>2026-08-09T20:03:55Z</time>
      </trkpt>
      <trkpt lat="46.382624013349414" lon="11.03553500957787">
        <ele>680.20596</ele>
        <time>2026-08-09T20:04:35Z</time>
      </trkpt>
      <trkpt lat="46.382340034469962" lon="11.035530986264348">
        <ele>682.58401300000003</ele>
        <time>2026-08-09T20:04:55Z</time>
      </trkpt>
      <trkpt lat="46.382139036431909" lon="11.03544901125133">
        <ele>684.33236999999997</ele>
        <time>2026-08-09T20:05:10Z</time>
      </trkpt>
      <trkpt lat="46.381721030920744" lon="11.035125972703099">
        <ele>687.21720600000003</ele>
        <time>2026-08-09T20:05:43Z</time>
      </trkpt>
      <trkpt lat="46.381141003221273" lon="11.034841993823647">
        <ele>689.149315</ele>
        <time>2026-08-09T20:06:22Z</time>
      </trkpt>
      <trkpt lat="46.380697013810277" lon="11.034734034910798">
        <ele>690.57018400000004</ele>
        <time>2026-08-09T20:06:44Z</time>
      </trkpt>
      <trkpt lat="46.379979019984603" lon="11.034617023542523">
        <ele>691.94074699999999</ele>
        <time>2026-08-09T20:07:02Z</time>
      </trkpt>
      <trkpt lat="46.379503011703491" lon="11.034723976626992">
        <ele>691.19688599999995</ele>
        <time>2026-08-09T20:07:14Z</time>
      </trkpt>
      <trkpt lat="46.379073020070791" lon="11.034647030755877">
        <ele>690.52779899999996</ele>
        <time>2026-08-09T20:07:26Z</time>
      </trkpt>
      <trkpt lat="46.378906974568963" lon="11.034585004672408">
        <ele>690.26307599999996</ele>
        <time>2026-08-09T20:07:31Z</time>
      </trkpt>
      <trkpt lat="46.378717962652445" lon="11.034432034939528">
        <ele>689.92877499999997</ele>
        <time>2026-08-09T20:07:35Z</time>
      </trkpt>
      <trkpt lat="46.378559963777661" lon="11.034067003056407">
        <ele>689.46970099999999</ele>
        <time>2026-08-09T20:07:43Z</time>
      </trkpt>
      <trkpt lat="46.378470025956631" lon="11.033613039180636">
        <ele>688.81647099999998</ele>
        <time>2026-08-09T20:07:52Z</time>
      </trkpt>
      <trkpt lat="46.378359971567988" lon="11.033460991457105">
        <ele>688.51075800000001</ele>
        <time>2026-08-09T20:07:56Z</time>
      </trkpt>
      <trkpt lat="46.378199961036444" lon="11.03336401283741">
        <ele>688.16188499999998</ele>
        <time>2026-08-09T20:08:00Z</time>
      </trkpt>
      <trkpt lat="46.37786703184247" lon="11.033327970653772">
        <ele>687.49016200000005</ele>
        <time>2026-08-09T20:08:05Z</time>
      </trkpt>
      <trkpt lat="46.377586992457509" lon="11.033398965373635">
        <ele>686.91836000000001</ele>
        <time>2026-08-09T20:08:08Z</time>
      </trkpt>
      <trkpt lat="46.37743704020977" lon="11.033469038084149">
        <ele>686.60136699999998</ele>
        <time>2026-08-09T20:08:10Z</time>
      </trkpt>
      <trkpt lat="46.377334026619792" lon="11.033586971461773">
        <ele>686.33726899999999</ele>
        <time>2026-08-09T20:08:12Z</time>
      </trkpt>
      <trkpt lat="46.377240987494588" lon="11.033614967018366">
        <ele>686.14619700000003</ele>
        <time>2026-08-09T20:08:13Z</time>
      </trkpt>
      <trkpt lat="46.377036971971393" lon="11.033593006432056">
        <ele>685.469155</ele>
        <time>2026-08-09T20:08:15Z</time>
      </trkpt>
      <trkpt lat="46.376798003911972" lon="11.033525029197335">
        <ele>683.78770999999995</ele>
        <time>2026-08-09T20:08:18Z</time>
      </trkpt>
      <trkpt lat="46.376615026965737" lon="11.033446993678808">
        <ele>682.47086300000001</ele>
        <time>2026-08-09T20:08:20Z</time>
      </trkpt>
      <trkpt lat="46.376410005614161" lon="11.033311961218715">
        <ele>680.91640800000005</ele>
        <time>2026-08-09T20:08:22Z</time>
      </trkpt>
      <trkpt lat="46.37616902589798" lon="11.033110041171312">
        <ele>678.99449000000004</ele>
        <time>2026-08-09T20:08:25Z</time>
      </trkpt>
      <trkpt lat="46.375950006768107" lon="11.033021025359631">
        <ele>677.42430200000001</ele>
        <time>2026-08-09T20:08:28Z</time>
      </trkpt>
      <trkpt lat="46.375601990148425" lon="11.033010967075825">
        <ele>675.02138100000002</ele>
        <time>2026-08-09T20:08:32Z</time>
      </trkpt>
      <trkpt lat="46.375137967988849" lon="11.033212970942259">
        <ele>672.11169500000005</ele>
        <time>2026-08-09T20:08:37Z</time>
      </trkpt>
      <trkpt lat="46.37481601908803" lon="11.033334005624056">
        <ele>670.38599499999998</ele>
        <time>2026-08-09T20:08:41Z</time>
      </trkpt>
      <trkpt lat="46.374305980280042" lon="11.033498039469123">
        <ele>667.675882</ele>
        <time>2026-08-09T20:08:47Z</time>
      </trkpt>
      <trkpt lat="46.373938014730811" lon="11.033552018925548">
        <ele>665.75701300000003</ele>
        <time>2026-08-09T20:08:51Z</time>
      </trkpt>
      <trkpt lat="46.373433005064726" lon="11.033023959025741">
        <ele>663.19737599999996</ele>
        <time>2026-08-09T20:09:00Z</time>
      </trkpt>
      <trkpt lat="46.373411966487765" lon="11.033001998439431">
        <ele>663.12041199999999</ele>
        <time>2026-08-09T20:09:01Z</time>
      </trkpt>
      <trkpt lat="46.373276012018323" lon="11.032958999276161">
        <ele>662.706952</ele>
        <time>2026-08-09T20:09:03Z</time>
      </trkpt>
      <trkpt lat="46.372779970988631" lon="11.033023037016392">
        <ele>661.22785899999997</ele>
        <time>2026-08-09T20:09:10Z</time>
      </trkpt>
      <trkpt lat="46.37234796769917" lon="11.033067964017391">
        <ele>659.94138299999997</ele>
        <time>2026-08-09T20:09:15Z</time>
      </trkpt>
      <trkpt lat="46.371827032417059" lon="11.033054972067475">
        <ele>658.22462099999996</ele>
        <time>2026-08-09T20:09:21Z</time>
      </trkpt>
      <trkpt lat="46.371595021337271" lon="11.033019013702869">
        <ele>657.20590600000003</ele>
        <time>2026-08-09T20:09:24Z</time>
      </trkpt>
      <trkpt lat="46.370954979211092" lon="11.03289102204144">
        <ele>654.38514799999996</ele>
        <time>2026-08-09T20:09:32Z</time>
      </trkpt>
      <trkpt lat="46.370835034176707" lon="11.032866965979338">
        <ele>653.85625600000003</ele>
        <time>2026-08-09T20:09:33Z</time>
      </trkpt>
      <trkpt lat="46.370619032531977" lon="11.032847017049789">
        <ele>652.91126499999996</ele>
        <time>2026-08-09T20:09:36Z</time>
      </trkpt>
      <trkpt lat="46.37043597176671" lon="11.032874006778002">
        <ele>652.10814700000003</ele>
        <time>2026-08-09T20:09:38Z</time>
      </trkpt>
      <trkpt lat="46.370286019518971" lon="11.032937960699201">
        <ele>651.42544699999996</ele>
        <time>2026-08-09T20:09:40Z</time>
      </trkpt>
      <trkpt lat="46.37006901204586" lon="11.033098977059126">
        <ele>650.65592500000002</ele>
        <time>2026-08-09T20:09:43Z</time>
      </trkpt>
      <trkpt lat="46.369744967669249" lon="11.033484041690826">
        <ele>649.82685800000002</ele>
        <time>2026-08-09T20:09:48Z</time>
      </trkpt>
      <trkpt lat="46.369124036282301" lon="11.034249980002642">
        <ele>648.21322399999997</ele>
        <time>2026-08-09T20:09:59Z</time>
      </trkpt>
      <trkpt lat="46.368906022980809" lon="11.034472016617656">
        <ele>647.68600600000002</ele>
        <time>2026-08-09T20:10:03Z</time>
      </trkpt>
      <trkpt lat="46.368810972198844" lon="11.034446032717824">
        <ele>647.49470099999996</ele>
        <time>2026-08-09T20:10:05Z</time>
      </trkpt>
      <trkpt lat="46.368739977478981" lon="11.034425999969244">
        <ele>647.35157900000002</ele>
        <time>2026-08-09T20:10:07Z</time>
      </trkpt>
      <trkpt lat="46.368662025779486" lon="11.034404961392283">
        <ele>647.733564</ele>
        <time>2026-08-09T20:10:09Z</time>
      </trkpt>
      <trkpt lat="46.368596982210875" lon="11.034387024119496">
        <ele>648.08394799999996</ele>
        <time>2026-08-09T20:10:10Z</time>
      </trkpt>
      <trkpt lat="46.368496986106038" lon="11.034360034391284">
        <ele>648.62252999999998</ele>
        <time>2026-08-09T20:10:13Z</time>
      </trkpt>
      <trkpt lat="46.368506038561463" lon="11.034303037449718">
        <ele>648.83615899999995</ele>
        <time>2026-08-09T20:10:16Z</time>
      </trkpt>
      <trkpt lat="46.368432026356459" lon="11.034275963902473">
        <ele>649.24019499999997</ele>
        <time>2026-08-09T20:10:21Z</time>
      </trkpt>
      <trkpt lat="46.368333036080003" lon="11.034255009144545">
        <ele>649.76995799999997</ele>
        <time>2026-08-09T20:10:28Z</time>
      </trkpt>
      <trkpt lat="46.368304034695029" lon="11.034246040508151">
        <ele>649.92698600000006</ele>
        <time>2026-08-09T20:10:30Z</time>
      </trkpt>
      <trkpt lat="46.368314009159803" lon="11.034177979454398">
        <ele>650.18100100000004</ele>
        <time>2026-08-09T20:10:32Z</time>
      </trkpt>
      <trkpt lat="46.368234967812896" lon="11.034146966412663">
        <ele>650.61434599999995</ele>
        <time>2026-08-09T20:10:35Z</time>
      </trkpt>
      <trkpt lat="46.367863984778523" lon="11.033998019993305">
        <ele>652.65272100000004</ele>
        <time>2026-08-09T20:10:54Z</time>
      </trkpt>
      <trkpt lat="46.367755020037293" lon="11.03398896753788">
        <ele>653.23078199999998</ele>
        <time>2026-08-09T20:10:59Z</time>
      </trkpt>
      <trkpt lat="46.367717972025275" lon="11.033942028880119">
        <ele>653.49129000000005</ele>
        <time>2026-08-09T20:11:02Z</time>
      </trkpt>
      <trkpt lat="46.367687964811921" lon="11.033969018608332">
        <ele>653.67827</ele>
        <time>2026-08-09T20:11:04Z</time>
      </trkpt>
      <trkpt lat="46.367494007572532" lon="11.033851001411676">
        <ele>654.79224899999997</ele>
        <time>2026-08-09T20:11:15Z</time>
      </trkpt>
      <trkpt lat="46.367413038387895" lon="11.033803978934884">
        <ele>655.25422100000003</ele>
        <time>2026-08-09T20:11:19Z</time>
      </trkpt>
      <trkpt lat="46.366505026817322" lon="11.033238032832742">
        <ele>660.78788699999996</ele>
        <time>2026-08-09T20:12:11Z</time>
      </trkpt>
      <trkpt lat="46.366378040984273" lon="11.033180030062795">
        <ele>661.55132900000001</ele>
        <time>2026-08-09T20:12:17Z</time>
      </trkpt>
      <trkpt lat="46.366326995193958" lon="11.033162008970976">
        <ele>661.85227899999995</ele>
        <time>2026-08-09T20:12:19Z</time>
      </trkpt>
      <trkpt lat="46.366207972168922" lon="11.033118003979325">
        <ele>662.55641000000003</ele>
        <time>2026-08-09T20:12:24Z</time>
      </trkpt>
      <trkpt lat="46.366127002984285" lon="11.033164020627737">
        <ele>663.05520100000001</ele>
        <time>2026-08-09T20:12:28Z</time>
      </trkpt>
      <trkpt lat="46.365846963599324" lon="11.033238032832742">
        <ele>664.68702900000005</ele>
        <time>2026-08-09T20:12:39Z</time>
      </trkpt>
      <trkpt lat="46.365827014669776" lon="11.033249013125896">
        <ele>664.80967799999996</ele>
        <time>2026-08-09T20:12:40Z</time>
      </trkpt>
      <trkpt lat="46.365742022171617" lon="11.033397959545255">
        <ele>665.57453199999998</ele>
        <time>2026-08-09T20:12:45Z</time>
      </trkpt>
      <trkpt lat="46.365698017179966" lon="11.033397037535906">
        <ele>665.82683299999997</ele>
        <time>2026-08-09T20:12:46Z</time>
      </trkpt>
      <trkpt lat="46.365674966946244" lon="11.03345001116395">
        <ele>666.07453699999996</ele>
        <time>2026-08-09T20:12:48Z</time>
      </trkpt>
      <trkpt lat="46.365482015535235" lon="11.033358983695507">
        <ele>667.21542999999997</ele>
        <time>2026-08-09T20:12:55Z</time>
      </trkpt>
      <trkpt lat="46.365392999723554" lon="11.033316990360618">
        <ele>667.55295999999998</ele>
        <time>2026-08-09T20:12:58Z</time>
      </trkpt>
      <trkpt lat="46.365315970033407" lon="11.033145999535918">
        <ele>668.061059</ele>
        <time>2026-08-09T20:13:03Z</time>
      </trkpt>
      <trkpt lat="46.365167023614049" lon="11.032753977924585">
        <ele>669.17470800000001</ele>
        <time>2026-08-09T20:13:14Z</time>
      </trkpt>
      <trkpt lat="46.365117989480495" lon="11.032640989869833">
        <ele>669.50680799999998</ele>
        <time>2026-08-09T20:13:17Z</time>
      </trkpt>
      <trkpt lat="46.36499997228384" lon="11.032331027090549">
        <ele>670.38779499999998</ele>
        <time>2026-08-09T20:13:25Z</time>
      </trkpt>
      <trkpt lat="46.364981029182673" lon="11.032270006835461">
        <ele>670.55433600000003</ele>
        <time>2026-08-09T20:13:27Z</time>
      </trkpt>
      <trkpt lat="46.364923026412725" lon="11.032130029052496">
        <ele>670.96067700000003</ele>
        <time>2026-08-09T20:13:31Z</time>
      </trkpt>
      <trkpt lat="46.364821018651128" lon="11.03196800686419">
        <ele>671.50638900000001</ele>
        <time>2026-08-09T20:13:36Z</time>
      </trkpt>
      <trkpt lat="46.364732002839446" lon="11.031883014366031">
        <ele>671.890762</ele>
        <time>2026-08-09T20:13:40Z</time>
      </trkpt>
      <trkpt lat="46.364658996462822" lon="11.031826017424464">
        <ele>672.18978700000002</ele>
        <time>2026-08-09T20:13:43Z</time>
      </trkpt>
      <trkpt lat="46.364613985642791" lon="11.031786035746336">
        <ele>672.38015700000005</ele>
        <time>2026-08-09T20:13:45Z</time>
      </trkpt>
      <trkpt lat="46.364408964291215" lon="11.031586965546012">
        <ele>673.26993700000003</ele>
        <time>2026-08-09T20:13:53Z</time>
      </trkpt>
      <trkpt lat="46.364394966512918" lon="11.031557964161038">
        <ele>673.35800900000004</ele>
        <time>2026-08-09T20:13:54Z</time>
      </trkpt>
      <trkpt lat="46.364351967349648" lon="11.031456962227821">
        <ele>673.65332599999999</ele>
        <time>2026-08-09T20:13:57Z</time>
      </trkpt>
      <trkpt lat="46.364163961261511" lon="11.031095031648874">
        <ele>673.86694499999999</ele>
        <time>2026-08-09T20:14:08Z</time>
      </trkpt>
      <trkpt lat="46.363800019025803" lon="11.030598990619183">
        <ele>674.19579499999998</ele>
        <time>2026-08-09T20:14:23Z</time>
      </trkpt>
      <trkpt lat="46.363425012677908" lon="11.030147960409522">
        <ele>674.51653499999998</ele>
        <time>2026-08-09T20:14:30Z</time>
      </trkpt>
      <trkpt lat="46.363186966627836" lon="11.030242005363107">
        <ele>674.67889200000002</ele>
        <time>2026-08-09T20:14:34Z</time>
      </trkpt>
      <trkpt lat="46.362812966108322" lon="11.030203029513359">
        <ele>674.66241400000001</ele>
        <time>2026-08-09T20:14:39Z</time>
      </trkpt>
      <trkpt lat="46.362566035240889" lon="11.030221972614527">
        <ele>674.28239199999996</ele>
        <time>2026-08-09T20:14:42Z</time>
      </trkpt>
      <trkpt lat="46.36244298890233" lon="11.030195988714695">
        <ele>674.09141599999998</ele>
        <time>2026-08-09T20:14:44Z</time>
      </trkpt>
      <trkpt lat="46.362047027796507" lon="11.030112002044916">
        <ele>673.47652100000005</ele>
        <time>2026-08-09T20:14:49Z</time>
      </trkpt>
      <trkpt lat="46.361742010340095" lon="11.029987027868629">
        <ele>672.98954100000003</ele>
        <time>2026-08-09T20:14:53Z</time>
      </trkpt>
      <trkpt lat="46.361599015071988" lon="11.029989961534739">
        <ele>672.76981499999999</ele>
        <time>2026-08-09T20:14:55Z</time>
      </trkpt>
      <trkpt lat="46.361448979005218" lon="11.029874039813876">
        <ele>672.50859100000002</ele>
        <time>2026-08-09T20:14:58Z</time>
      </trkpt>
      <trkpt lat="46.360850008204579" lon="11.029414962977171">
        <ele>671.86546599999997</ele>
        <time>2026-08-09T20:15:10Z</time>
      </trkpt>
      <trkpt lat="46.360332006588578" lon="11.028990000486374">
        <ele>671.54191600000001</ele>
        <time>2026-08-09T20:15:20Z</time>
      </trkpt>
      <trkpt lat="46.36016302742064" lon="11.028882041573524">
        <ele>671.44152199999996</ele>
        <time>2026-08-09T20:15:23Z</time>
      </trkpt>
      <trkpt lat="46.359711997210979" lon="11.028637960553169">
        <ele>671.17985899999996</ele>
        <time>2026-08-09T20:15:30Z</time>
      </trkpt>
      <trkpt lat="46.359560033306479" lon="11.028559003025293">
        <ele>671.06767100000002</ele>
        <time>2026-08-09T20:15:32Z</time>
      </trkpt>
      <trkpt lat="46.359403962269425" lon="11.028475016355515">
        <ele>670.81478800000002</ele>
        <time>2026-08-09T20:15:35Z</time>
      </trkpt>
      <trkpt lat="46.358871962875128" lon="11.028189025819302">
        <ele>669.95256300000005</ele>
        <time>2026-08-09T20:15:43Z</time>
      </trkpt>
      <trkpt lat="46.35850802063942" lon="11.027992973104119">
        <ele>669.36250399999994</ele>
        <time>2026-08-09T20:15:48Z</time>
      </trkpt>
      <trkpt lat="46.35808196850121" lon="11.027808990329504">
        <ele>668.68704400000001</ele>
        <time>2026-08-09T20:15:54Z</time>
      </trkpt>
      <trkpt lat="46.357618030160666" lon="11.027672030031681">
        <ele>668.22943599999996</ele>
        <time>2026-08-09T20:16:01Z</time>
      </trkpt>
      <trkpt lat="46.357377972453833" lon="11.027535991743207">
        <ele>668.09103300000004</ele>
        <time>2026-08-09T20:16:05Z</time>
      </trkpt>
      <trkpt lat="46.356781013309956" lon="11.027030982077122">
        <ele>667.71976600000005</ele>
        <time>2026-08-09T20:16:15Z</time>
      </trkpt>
      <trkpt lat="46.356397960335016" lon="11.026741974055767">
        <ele>667.48784799999999</ele>
        <time>2026-08-09T20:16:24Z</time>
      </trkpt>
      <trkpt lat="46.355835031718016" lon="11.026378031820059">
        <ele>667.66092600000002</ele>
        <time>2026-08-09T20:16:37Z</time>
      </trkpt>
      <trkpt lat="46.355817010626197" lon="11.026368979364634">
        <ele>667.67133200000001</ele>
        <time>2026-08-09T20:16:37Z</time>
      </trkpt>
      <trkpt lat="46.355420965701342" lon="11.026202011853456">
        <ele>667.89672900000005</ele>
        <time>2026-08-09T20:16:46Z</time>
      </trkpt>
      <trkpt lat="46.355055011808872" lon="11.026174016296864">
        <ele>668.09702900000002</ele>
        <time>2026-08-09T20:16:52Z</time>
      </trkpt>
      <trkpt lat="46.354871029034257" lon="11.026215003803372">
        <ele>668.19876899999997</ele>
        <time>2026-08-09T20:16:56Z</time>
      </trkpt>
      <trkpt lat="46.35406200774014" lon="11.026565032079816">
        <ele>668.71538899999996</ele>
        <time>2026-08-09T20:17:12Z</time>
      </trkpt>
      <trkpt lat="46.353572001680732" lon="11.026839958503842">
        <ele>669.06115999999997</ele>
        <time>2026-08-09T20:17:22Z</time>
      </trkpt>
      <trkpt lat="46.353423977270722" lon="11.026923023164272">
        <ele>669.16558599999996</ele>
        <time>2026-08-09T20:17:26Z</time>
      </trkpt>
      <trkpt lat="46.353129018098116" lon="11.027020001783967">
        <ele>669.36463700000002</ele>
        <time>2026-08-09T20:17:32Z</time>
      </trkpt>
      <trkpt lat="46.35277396067977" lon="11.027196021750569">
        <ele>669.59539400000006</ele>
        <time>2026-08-09T20:17:40Z</time>
      </trkpt>
      <trkpt lat="46.352173984050751" lon="11.02715696208179">
        <ele>669.82450400000005</ele>
        <time>2026-08-09T20:17:53Z</time>
      </trkpt>
      <trkpt lat="46.351931998506188" lon="11.027141958475113">
        <ele>669.91690300000005</ele>
        <time>2026-08-09T20:17:57Z</time>
      </trkpt>
      <trkpt lat="46.35191397741437" lon="11.027259975671768">
        <ele>669.94872199999998</ele>
        <time>2026-08-09T20:17:59Z</time>
      </trkpt>
      <trkpt lat="46.349911959841847" lon="11.027151010930538">
        <ele>670.57670599999994</ele>
        <time>2026-08-09T20:18:33Z</time>
      </trkpt>
      <trkpt lat="46.349563021212816" lon="11.0271339956671">
        <ele>670.66990999999996</ele>
        <time>2026-08-09T20:18:40Z</time>
      </trkpt>
      <trkpt lat="46.347360005602241" lon="11.027008015662432">
        <ele>672.93939999999998</ele>
        <time>2026-08-09T20:19:28Z</time>
      </trkpt>
      <trkpt lat="46.346624996513128" lon="11.026966022327542">
        <ele>674.12138500000003</ele>
        <time>2026-08-09T20:19:47Z</time>
      </trkpt>
      <trkpt lat="46.346253007650375" lon="11.026946995407343">
        <ele>674.71952099999999</ele>
        <time>2026-08-09T20:19:57Z</time>
      </trkpt>
      <trkpt lat="46.345905996859074" lon="11.026926962658763">
        <ele>675.27755400000001</ele>
        <time>2026-08-09T20:20:05Z</time>
      </trkpt>
      <trkpt lat="46.345049031078815" lon="11.02687600068748">
        <ele>675.92083300000002</ele>
        <time>2026-08-09T20:20:24Z</time>
      </trkpt>
      <trkpt lat="46.343842959031463" lon="11.026782039552927">
        <ele>676.42318899999998</ele>
        <time>2026-08-09T20:20:46Z</time>
      </trkpt>
      <trkpt lat="46.343782022595406" lon="11.026779022067785">
        <ele>676.37074099999995</ele>
        <time>2026-08-09T20:20:47Z</time>
      </trkpt>
      <trkpt lat="46.3434680365026" lon="11.026796959340572">
        <ele>676.10070599999995</ele>
        <time>2026-08-09T20:20:52Z</time>
      </trkpt>
      <trkpt lat="46.342899994924664" lon="11.026681959629059">
        <ele>675.60787300000004</ele>
        <time>2026-08-09T20:21:00Z</time>
      </trkpt>
      <trkpt lat="46.342169009149075" lon="11.026693023741245">
        <ele>674.97968200000003</ele>
        <time>2026-08-09T20:21:11Z</time>
      </trkpt>
      <trkpt lat="46.341800037771463" lon="11.026721019297838">
        <ele>674.389949</ele>
        <time>2026-08-09T20:21:21Z</time>
      </trkpt>
      <trkpt lat="46.341598033905029" lon="11.028271000832319">
        <ele>672.52769499999999</ele>
        <time>2026-08-09T20:21:51Z</time>
      </trkpt>
      <trkpt lat="46.341570960357785" lon="11.02831601165235">
        <ele>672.45730600000002</ele>
        <time>2026-08-09T20:21:52Z</time>
      </trkpt>
      <trkpt lat="46.340902000665665" lon="11.028373008593917">
        <ele>671.62806999999998</ele>
        <time>2026-08-09T20:22:11Z</time>
      </trkpt>
      <trkpt lat="46.340419035404921" lon="11.029359977692366">
        <ele>671.02263900000003</ele>
        <time>2026-08-09T20:22:36Z</time>
      </trkpt>
      <trkpt lat="46.340308981016278" lon="11.029512025415897">
        <ele>670.91243899999995</ele>
        <time>2026-08-09T20:22:40Z</time>
      </trkpt>
      <trkpt lat="46.33958101272583" lon="11.030257008969784">
        <ele>670.82324300000005</ele>
        <time>2026-08-09T20:23:10Z</time>
      </trkpt>
      <trkpt lat="46.339475987479091" lon="11.03033403865993">
        <ele>670.90117399999997</ele>
        <time>2026-08-09T20:23:14Z</time>
      </trkpt>
      <trkpt lat="46.338891014456749" lon="11.030612988397479">
        <ele>671.30900399999996</ele>
        <time>2026-08-09T20:23:35Z</time>
      </trkpt>
      <trkpt lat="46.337572960183024" lon="11.030890010297298">
        <ele>672.23980200000005</ele>
        <time>2026-08-09T20:24:23Z</time>
      </trkpt>
      <trkpt lat="46.337465001270175" lon="11.030886992812157">
        <ele>672.31923700000004</ele>
        <time>2026-08-09T20:24:27Z</time>
      </trkpt>
      <trkpt lat="46.336576016619802" lon="11.030663028359413">
        <ele>672.982799</ele>
        <time>2026-08-09T20:24:59Z</time>
      </trkpt>
      <trkpt lat="46.33640100248158" lon="11.03063796646893">
        <ele>673.07346900000005</ele>
        <time>2026-08-09T20:25:05Z</time>
      </trkpt>
      <trkpt lat="46.336326990276575" lon="11.030668979510665">
        <ele>673.07680800000003</ele>
        <time>2026-08-09T20:25:07Z</time>
      </trkpt>
      <trkpt lat="46.33624903857708" lon="11.030621035024524">
        <ele>673.08048199999996</ele>
        <time>2026-08-09T20:25:09Z</time>
      </trkpt>
      <trkpt lat="46.336163962259889" lon="11.030675014480948">
        <ele>673.08450600000003</ele>
        <time>2026-08-09T20:25:11Z</time>
      </trkpt>
      <trkpt lat="46.335887024179101" lon="11.030546016991138">
        <ele>673.09711900000002</ele>
        <time>2026-08-09T20:25:16Z</time>
      </trkpt>
      <trkpt lat="46.335803959518671" lon="11.030444009229541">
        <ele>673.10183700000005</ele>
        <time>2026-08-09T20:25:19Z</time>
      </trkpt>
      <trkpt lat="46.335605978965759" lon="11.030194982886314">
        <ele>673.113204</ele>
        <time>2026-08-09T20:25:24Z</time>
      </trkpt>
      <trkpt lat="46.334463022649288" lon="11.028580041602254">
        <ele>672.95196699999997</ele>
        <time>2026-08-09T20:25:55Z</time>
      </trkpt>
      <trkpt lat="46.334260012954473" lon="11.028293967247009">
        <ele>672.87955399999998</ele>
        <time>2026-08-09T20:26:01Z</time>
      </trkpt>
      <trkpt lat="46.334123974665999" lon="11.02805701084435">
        <ele>672.82514900000001</ele>
        <time>2026-08-09T20:26:05Z</time>
      </trkpt>
      <trkpt lat="46.334133027121425" lon="11.02780002169311">
        <ele>672.779719</ele>
        <time>2026-08-09T20:26:08Z</time>
      </trkpt>
      <trkpt lat="46.333969999104738" lon="11.027697008103132">
        <ele>672.73424699999998</ele>
        <time>2026-08-09T20:26:11Z</time>
      </trkpt>
      <trkpt lat="46.333291986957192" lon="11.026916988193989">
        <ele>671.65054199999997</ele>
        <time>2026-08-09T20:26:24Z</time>
      </trkpt>
      <trkpt lat="46.332820001989603" lon="11.025718040764332">
        <ele>670.21482800000001</ele>
        <time>2026-08-09T20:26:37Z</time>
      </trkpt>
      <trkpt lat="46.332390010356903" lon="11.025305986404419">
        <ele>669.31732499999998</ele>
        <time>2026-08-09T20:26:45Z</time>
      </trkpt>
      <trkpt lat="46.331658018752933" lon="11.02474800311029">
        <ele>667.79308000000003</ele>
        <time>2026-08-09T20:26:59Z</time>
      </trkpt>
      <trkpt lat="46.331339003518224" lon="11.02436101064086">
        <ele>667.026296</ele>
        <time>2026-08-09T20:27:06Z</time>
      </trkpt>
      <trkpt lat="46.330455970019102" lon="11.023457022383809">
        <ele>663.90276700000004</ele>
        <time>2026-08-09T20:27:23Z</time>
      </trkpt>
      <trkpt lat="46.330337030813098" lon="11.023271027952433">
        <ele>663.35646799999995</ele>
        <time>2026-08-09T20:27:25Z</time>
      </trkpt>
      <trkpt lat="46.329604033380747" lon="11.022577006369829">
        <ele>660.48234600000001</ele>
        <time>2026-08-09T20:27:38Z</time>
      </trkpt>
      <trkpt lat="46.329273032024503" lon="11.022025980055332">
        <ele>658.38926900000001</ele>
        <time>2026-08-09T20:27:45Z</time>
      </trkpt>
      <trkpt lat="46.329160965979099" lon="11.021974012255669">
        <ele>657.90111400000001</ele>
        <time>2026-08-09T20:27:47Z</time>
      </trkpt>
      <trkpt lat="46.328921997919679" lon="11.021922966465354">
        <ele>656.89844600000004</ele>
        <time>2026-08-09T20:27:51Z</time>
      </trkpt>
      <trkpt lat="46.328743966296315" lon="11.021573022007942">
        <ele>655.65266099999997</ele>
        <time>2026-08-09T20:27:55Z</time>
      </trkpt>
      <trkpt lat="46.328638019040227" lon="11.021160967648029">
        <ele>654.39258400000006</ele>
        <time>2026-08-09T20:27:59Z</time>
      </trkpt>
      <trkpt lat="46.328585967421532" lon="11.0210329759866">
        <ele>653.96696099999997</ele>
        <time>2026-08-09T20:28:01Z</time>
      </trkpt>
      <trkpt lat="46.328294025734067" lon="11.020671967417002">
        <ele>651.65412000000003</ele>
        <time>2026-08-09T20:28:06Z</time>
      </trkpt>
      <trkpt lat="46.328169973567128" lon="11.020636009052396">
        <ele>650.818307</ele>
        <time>2026-08-09T20:28:08Z</time>
      </trkpt>
      <trkpt lat="46.328096967190504" lon="11.020627040416002">
        <ele>650.33411000000001</ele>
        <time>2026-08-09T20:28:09Z</time>
      </trkpt>
      <trkpt lat="46.327983979135752" lon="11.020512962713838">
        <ele>649.42395099999999</ele>
        <time>2026-08-09T20:28:11Z</time>
      </trkpt>
      <trkpt lat="46.327494978904724" lon="11.020787972956896">
        <ele>645.95705499999997</ele>
        <time>2026-08-09T20:28:18Z</time>
      </trkpt>
      <trkpt lat="46.327180992811918" lon="11.021063989028335">
        <ele>643.52949999999998</ele>
        <time>2026-08-09T20:28:22Z</time>
      </trkpt>
      <trkpt lat="46.327002039179206" lon="11.021350985392928">
        <ele>641.76455299999998</ele>
        <time>2026-08-09T20:28:26Z</time>
      </trkpt>
      <trkpt lat="46.326900031417608" lon="11.020972961559892">
        <ele>639.97701099999995</ele>
        <time>2026-08-09T20:28:29Z</time>
      </trkpt>
      <trkpt lat="46.326778996735811" lon="11.020738016813993">
        <ele>638.68752700000005</ele>
        <time>2026-08-09T20:28:31Z</time>
      </trkpt>
      <trkpt lat="46.326723005622625" lon="11.020699962973595">
        <ele>638.29357100000004</ele>
        <time>2026-08-09T20:28:32Z</time>
      </trkpt>
      <trkpt lat="46.326472973451018" lon="11.020816974341869">
        <ele>636.61990800000001</ele>
        <time>2026-08-09T20:28:35Z</time>
      </trkpt>
      <trkpt lat="46.326157981529832" lon="11.021192986518145">
        <ele>634.01946199999998</ele>
        <time>2026-08-09T20:28:39Z</time>
      </trkpt>
      <trkpt lat="46.326082041487098" lon="11.02124897763133">
        <ele>633.47625300000004</ele>
        <time>2026-08-09T20:28:40Z</time>
      </trkpt>
      <trkpt lat="46.32585103623569" lon="11.021296000108123">
        <ele>631.990272</ele>
        <time>2026-08-09T20:28:43Z</time>
      </trkpt>
      <trkpt lat="46.325633022934198" lon="11.021025013178587">
        <ele>630.19255399999997</ele>
        <time>2026-08-09T20:28:48Z</time>
      </trkpt>
      <trkpt lat="46.325462032109499" lon="11.020884029567242">
        <ele>629.43032600000004</ele>
        <time>2026-08-09T20:28:51Z</time>
      </trkpt>
      <trkpt lat="46.325210994109511" lon="11.020633997395635">
        <ele>628.25029199999994</ele>
        <time>2026-08-09T20:28:55Z</time>
      </trkpt>
      <trkpt lat="46.325092976912856" lon="11.020479016005993">
        <ele>627.63318300000003</ele>
        <time>2026-08-09T20:28:57Z</time>
      </trkpt>
      <trkpt lat="46.324812015518546" lon="11.020111972466111">
        <ele>626.16741100000002</ele>
        <time>2026-08-09T20:29:02Z</time>
      </trkpt>
      <trkpt lat="46.324687041342258" lon="11.020112978294492">
        <ele>625.68321200000003</ele>
        <time>2026-08-09T20:29:04Z</time>
      </trkpt>
      <trkpt lat="46.324462993070483" lon="11.020033014938235">
        <ele>624.78954099999999</ele>
        <time>2026-08-09T20:29:07Z</time>
      </trkpt>
      <trkpt lat="46.324001988396049" lon="11.020224038511515">
        <ele>622.87266399999999</ele>
        <time>2026-08-09T20:29:14Z</time>
      </trkpt>
      <trkpt lat="46.323507959023118" lon="11.020176010206342">
        <ele>620.62268500000005</ele>
        <time>2026-08-09T20:29:21Z</time>
      </trkpt>
      <trkpt lat="46.322981994599104" lon="11.020224038511515">
        <ele>618.22759199999996</ele>
        <time>2026-08-09T20:29:28Z</time>
      </trkpt>
      <trkpt lat="46.322446977719665" lon="11.020154971629381">
        <ele>615.78671599999996</ele>
        <time>2026-08-09T20:29:36Z</time>
      </trkpt>
      <trkpt lat="46.321908021345735" lon="11.020072996616364">
        <ele>613.90515100000005</ele>
        <time>2026-08-09T20:29:44Z</time>
      </trkpt>
      <trkpt lat="46.321500996127725" lon="11.019926983863115">
        <ele>612.62258299999996</ele>
        <time>2026-08-09T20:29:51Z</time>
      </trkpt>
      <trkpt lat="46.321324976161122" lon="11.019803015515208">
        <ele>612.02388900000005</ele>
        <time>2026-08-09T20:29:54Z</time>
      </trkpt>
      <trkpt lat="46.321270996704698" lon="11.019940981641412">
        <ele>611.68882699999995</ele>
        <time>2026-08-09T20:29:56Z</time>
      </trkpt>
      <trkpt lat="46.321164965629578" lon="11.020530983805656">
        <ele>610.40099399999997</ele>
        <time>2026-08-09T20:30:03Z</time>
      </trkpt>
      <trkpt lat="46.321110986173153" lon="11.021415023133159">
        <ele>606.15797299999997</ele>
        <time>2026-08-09T20:30:11Z</time>
      </trkpt>
      <trkpt lat="46.321115009486675" lon="11.021790029481053">
        <ele>603.61888299999998</ele>
        <time>2026-08-09T20:30:14Z</time>
      </trkpt>
      <trkpt lat="46.320871012285352" lon="11.021793968975544">
        <ele>601.22680000000003</ele>
        <time>2026-08-09T20:30:17Z</time>
      </trkpt>
      <trkpt lat="46.320746038109064" lon="11.021758010610938">
        <ele>599.97742300000004</ele>
        <time>2026-08-09T20:30:18Z</time>
      </trkpt>
      <trkpt lat="46.320577980950475" lon="11.021559024229646">
        <ele>597.84965399999999</ele>
        <time>2026-08-09T20:30:20Z</time>
      </trkpt>
      <trkpt lat="46.320401038974524" lon="11.021254006773233">
        <ele>595.15252599999997</ele>
        <time>2026-08-09T20:30:23Z</time>
      </trkpt>
      <trkpt lat="46.320168022066355" lon="11.020769029855728">
        <ele>591.35585300000002</ele>
        <time>2026-08-09T20:30:27Z</time>
      </trkpt>
      <trkpt lat="46.319879014045" lon="11.020224038511515">
        <ele>587.86264700000004</ele>
        <time>2026-08-09T20:30:32Z</time>
      </trkpt>
      <trkpt lat="46.319830985739827" lon="11.02008699439466">
        <ele>587.08165799999995</ele>
        <time>2026-08-09T20:30:33Z</time>
      </trkpt>
      <trkpt lat="46.319818999618292" lon="11.019983980804682">
        <ele>586.55062199999998</ele>
        <time>2026-08-09T20:30:34Z</time>
      </trkpt>
      <trkpt lat="46.319842971861362" lon="11.019718023017049">
        <ele>585.186823</ele>
        <time>2026-08-09T20:30:36Z</time>
      </trkpt>
      <trkpt lat="46.31994397379458" lon="11.019546026363969">
        <ele>584.03905299999997</ele>
        <time>2026-08-09T20:30:38Z</time>
      </trkpt>
      <trkpt lat="46.320145977661014" lon="11.019327007234097">
        <ele>582.18146999999999</ele>
        <time>2026-08-09T20:30:41Z</time>
      </trkpt>
      <trkpt lat="46.320296013727784" lon="11.019093990325928">
        <ele>580.56211299999995</ele>
        <time>2026-08-09T20:30:44Z</time>
      </trkpt>
      <trkpt lat="46.320637995377183" lon="11.018297960981727">
        <ele>577.15965600000004</ele>
        <time>2026-08-09T20:30:53Z</time>
      </trkpt>
      <trkpt lat="46.32086799480021" lon="11.017851959913969">
        <ele>575.64579700000002</ele>
        <time>2026-08-09T20:30:57Z</time>
      </trkpt>
      <trkpt lat="46.321030016988516" lon="11.017193980515003">
        <ele>573.74590499999999</ele>
        <time>2026-08-09T20:31:03Z</time>
      </trkpt>
      <trkpt lat="46.321030016988516" lon="11.017133966088295">
        <ele>573.58272199999999</ele>
        <time>2026-08-09T20:31:04Z</time>
      </trkpt>
      <trkpt lat="46.321000009775162" lon="11.017074035480618">
        <ele>573.38126099999999</ele>
        <time>2026-08-09T20:31:04Z</time>
      </trkpt>
      <trkpt lat="46.320921974256635" lon="11.017060959711671">
        <ele>573.07206199999996</ele>
        <time>2026-08-09T20:31:05Z</time>
      </trkpt>
      <trkpt lat="46.320880986750126" lon="11.017103958874941">
        <ele>572.87269600000002</ele>
        <time>2026-08-09T20:31:06Z</time>
      </trkpt>
      <trkpt lat="46.320846034213901" lon="11.017606034874916">
        <ele>571.48411099999998</ele>
        <time>2026-08-09T20:31:10Z</time>
      </trkpt>
      <trkpt lat="46.320789037272334" lon="11.017780965194106">
        <ele>570.89838199999997</ele>
        <time>2026-08-09T20:31:11Z</time>
      </trkpt>
      <trkpt lat="46.320742014795542" lon="11.017866963520646">
        <ele>570.56638599999997</ele>
        <time>2026-08-09T20:31:12Z</time>
      </trkpt>
      <trkpt lat="46.320502962917089" lon="11.018141973763704">
        <ele>569.22826799999996</ele>
        <time>2026-08-09T20:31:16Z</time>
      </trkpt>
      <trkpt lat="46.320329960435629" lon="11.018392005935311">
        <ele>568.15690400000005</ele>
        <time>2026-08-09T20:31:19Z</time>
      </trkpt>
      <trkpt lat="46.320130974054337" lon="11.018774975091219">
        <ele>566.70597399999997</ele>
        <time>2026-08-09T20:31:22Z</time>
      </trkpt>
      <trkpt lat="46.319976998493075" lon="11.018930040299892">
        <ele>565.883872</ele>
        <time>2026-08-09T20:31:25Z</time>
      </trkpt>
      <trkpt lat="46.319538038223982" lon="11.019201027229428">
        <ele>563.79199100000005</ele>
        <time>2026-08-09T20:31:31Z</time>
      </trkpt>
      <trkpt lat="46.319454973563552" lon="11.019304040819407">
        <ele>563.31310099999996</ele>
        <time>2026-08-09T20:31:32Z</time>
      </trkpt>
      <trkpt lat="46.319336034357548" lon="11.019651973620057">
        <ele>562.13823200000002</ele>
        <time>2026-08-09T20:31:36Z</time>
      </trkpt>
      <trkpt lat="46.319336034357548" lon="11.019790023565292">
        <ele>561.72071100000005</ele>
        <time>2026-08-09T20:31:37Z</time>
      </trkpt>
      <trkpt lat="46.319510964676738" lon="11.020805994048715">
        <ele>558.55263500000001</ele>
        <time>2026-08-09T20:31:46Z</time>
      </trkpt>
      <trkpt lat="46.319476012140512" lon="11.021019984036684">
        <ele>557.88726999999994</ele>
        <time>2026-08-09T20:31:48Z</time>
      </trkpt>
      <trkpt lat="46.319380961358547" lon="11.021286025643349">
        <ele>556.98124600000006</ele>
        <time>2026-08-09T20:31:50Z</time>
      </trkpt>
      <trkpt lat="46.318929009139538" lon="11.02184996008873">
        <ele>553.53424399999994</ele>
        <time>2026-08-09T20:31:57Z</time>
      </trkpt>
      <trkpt lat="46.318581998348236" lon="11.022550016641617">
        <ele>549.49296600000002</ele>
        <time>2026-08-09T20:32:03Z</time>
      </trkpt>
      <trkpt lat="46.317728972062469" lon="11.024022968485951">
        <ele>541.41547500000001</ele>
        <time>2026-08-09T20:32:18Z</time>
      </trkpt>
      <trkpt lat="46.317634005099535" lon="11.024081977084279">
        <ele>540.91999899999996</ele>
        <time>2026-08-09T20:32:19Z</time>
      </trkpt>
      <trkpt lat="46.317563010379672" lon="11.023988015949726">
        <ele>540.45885699999997</ele>
        <time>2026-08-09T20:32:20Z</time>
      </trkpt>
      <trkpt lat="46.317574996501207" lon="11.023885002359748">
        <ele>540.11306100000002</ele>
        <time>2026-08-09T20:32:21Z</time>
      </trkpt>
      <trkpt lat="46.317770965397358" lon="11.023661959916353">
        <ele>538.91824199999996</ele>
        <time>2026-08-09T20:32:24Z</time>
      </trkpt>
      <trkpt lat="46.31783701479435" lon="11.023554001003504">
        <ele>538.44084799999996</ele>
        <time>2026-08-09T20:32:25Z</time>
      </trkpt>
      <trkpt lat="46.317959977313876" lon="11.02335300296545">
        <ele>537.55183399999999</ele>
        <time>2026-08-09T20:32:27Z</time>
      </trkpt>
      <trkpt lat="46.318274969235063" lon="11.02262101136148">
        <ele>534.68819299999996</ele>
        <time>2026-08-09T20:32:35Z</time>
      </trkpt>
      <trkpt lat="46.31835300475359" lon="11.022168975323439">
        <ele>533.10827200000006</ele>
        <time>2026-08-09T20:32:39Z</time>
      </trkpt>
      <trkpt lat="46.318360967561603" lon="11.021846020594239">
        <ele>532.01222900000005</ele>
        <time>2026-08-09T20:32:42Z</time>
      </trkpt>
      <trkpt lat="46.318411007523537" lon="11.021533040329814">
        <ele>530.92277899999999</ele>
        <time>2026-08-09T20:32:45Z</time>
      </trkpt>
      <trkpt lat="46.318733040243387" lon="11.021189969033003">
        <ele>528.95996700000001</ele>
        <time>2026-08-09T20:32:49Z</time>
      </trkpt>
      <trkpt lat="46.318828007206321" lon="11.021060971543193">
        <ele>528.32047599999999</ele>
        <time>2026-08-09T20:32:51Z</time>
      </trkpt>
      <trkpt lat="46.318851979449391" lon="11.020966004580259">
        <ele>527.97744399999999</ele>
        <time>2026-08-09T20:32:52Z</time>
      </trkpt>
      <trkpt lat="46.318860026076436" lon="11.020764000713825">
        <ele>527.29131400000006</ele>
        <time>2026-08-09T20:32:53Z</time>
      </trkpt>
      <trkpt lat="46.318842004984617" lon="11.020627040416002">
        <ele>526.818399</ele>
        <time>2026-08-09T20:32:54Z</time>
      </trkpt>
      <trkpt lat="46.318789031356573" lon="11.020524026826024">
        <ele>526.38282900000002</ele>
        <time>2026-08-09T20:32:55Z</time>
      </trkpt>
      <trkpt lat="46.318425005301833" lon="11.020108032971621">
        <ele>523.24670000000003</ele>
        <time>2026-08-09T20:33:00Z</time>
      </trkpt>
      <trkpt lat="46.318255020305514" lon="11.019976017996669">
        <ele>521.91353200000003</ele>
        <time>2026-08-09T20:33:02Z</time>
      </trkpt>
      <trkpt lat="46.318148989230394" lon="11.019748030230403">
        <ele>520.60164999999995</ele>
        <time>2026-08-09T20:33:04Z</time>
      </trkpt>
      <trkpt lat="46.318166004493833" lon="11.019520964473486">
        <ele>519.51178600000003</ele>
        <time>2026-08-09T20:33:06Z</time>
      </trkpt>
      <trkpt lat="46.318349987268448" lon="11.019236985594034">
        <ele>517.65310899999997</ele>
        <time>2026-08-09T20:33:09Z</time>
      </trkpt>
      <trkpt lat="46.318386029452085" lon="11.019030958414078">
        <ele>516.63884800000005</ele>
        <time>2026-08-09T20:33:10Z</time>
      </trkpt>
      <trkpt lat="46.318377982825041" lon="11.018438022583723">
        <ele>513.80782199999999</ele>
        <time>2026-08-09T20:33:16Z</time>
      </trkpt>
      <trkpt lat="46.318509997799993" lon="11.018250016495585">
        <ele>513.32536000000005</ele>
        <time>2026-08-09T20:33:18Z</time>
      </trkpt>
      <trkpt lat="46.31869699805975" lon="11.018144991248846">
        <ele>512.81944899999996</ele>
        <time>2026-08-09T20:33:21Z</time>
      </trkpt>
      <trkpt lat="46.318942001089454" lon="11.018079025670886">
        <ele>512.19086100000004</ele>
        <time>2026-08-09T20:33:24Z</time>
      </trkpt>
      <trkpt lat="46.31908399052918" lon="11.017993027344346">
        <ele>511.80261300000001</ele>
        <time>2026-08-09T20:33:27Z</time>
      </trkpt>
      <trkpt lat="46.319220028817654" lon="11.017804015427828">
        <ele>511.32713000000001</ele>
        <time>2026-08-09T20:33:30Z</time>
      </trkpt>
      <trkpt lat="46.319296974688768" lon="11.017308980226517">
        <ele>510.44321000000002</ele>
        <time>2026-08-09T20:33:35Z</time>
      </trkpt>
      <trkpt lat="46.319376016035676" lon="11.01705702021718">
        <ele>509.96110399999998</ele>
        <time>2026-08-09T20:33:37Z</time>
      </trkpt>
      <trkpt lat="46.319918995723128" lon="11.015724968165159">
        <ele>509.67566199999999</ele>
        <time>2026-08-09T20:33:50Z</time>
      </trkpt>
      <trkpt lat="46.320050004869699" lon="11.015326995402575">
        <ele>509.84206699999999</ele>
        <time>2026-08-09T20:33:54Z</time>
      </trkpt>
      <trkpt lat="46.320171961560845" lon="11.014802036806941">
        <ele>510.051132</ele>
        <time>2026-08-09T20:34:07Z</time>
      </trkpt>
      <trkpt lat="46.320292996242642" lon="11.014431975781918">
        <ele>510.205645</ele>
        <time>2026-08-09T20:34:21Z</time>
      </trkpt>
      <trkpt lat="46.320385029539466" lon="11.014201976358891">
        <ele>511.19918699999999</ele>
        <time>2026-08-09T20:34:31Z</time>
      </trkpt>
      <trkpt lat="46.320492988452315" lon="11.014014976099133">
        <ele>512.36772299999996</ele>
        <time>2026-08-09T20:34:41Z</time>
      </trkpt>
      <trkpt lat="46.320526013150811" lon="11.013768967241049">
        <ele>513.568986</ele>
        <time>2026-08-09T20:34:51Z</time>
      </trkpt>
      <trkpt lat="46.32050396874547" lon="11.013691015541553">
        <ele>513.97286599999995</ele>
        <time>2026-08-09T20:34:55Z</time>
      </trkpt>
      <trkpt lat="46.32043800316751" lon="11.013554977253079">
        <ele>514.76965399999995</ele>
        <time>2026-08-09T20:35:02Z</time>
      </trkpt>
      <trkpt lat="46.320360973477364" lon="11.013468978926539">
        <ele>515.44462899999996</ele>
        <time>2026-08-09T20:35:08Z</time>
      </trkpt>
      <trkpt lat="46.320269023999572" lon="11.013408964499831">
        <ele>516.14498100000003</ele>
        <time>2026-08-09T20:35:14Z</time>
      </trkpt>
      <trkpt lat="46.320069031789899" lon="11.013477025553584">
        <ele>517.57093099999997</ele>
        <time>2026-08-09T20:35:26Z</time>
      </trkpt>
      <trkpt lat="46.319742975756526" lon="11.013735020533204">
        <ele>520.14962000000003</ele>
        <time>2026-08-09T20:35:47Z</time>
      </trkpt>
      <trkpt lat="46.318361973389983" lon="11.015536962077022">
        <ele>526.04591600000003</ele>
        <time>2026-08-09T20:36:35Z</time>
      </trkpt>
      <trkpt lat="46.318214032799006" lon="11.015656990930438">
        <ele>526.42534000000001</ele>
        <time>2026-08-09T20:36:38Z</time>
      </trkpt>
      <trkpt lat="46.317531997337937" lon="11.016060998663306">
        <ele>530.29317800000001</ele>
        <time>2026-08-09T20:36:58Z</time>
      </trkpt>
      <trkpt lat="46.317069986835122" lon="11.016446985304356">
        <ele>533.46795499999996</ele>
        <time>2026-08-09T20:37:23Z</time>
      </trkpt>
      <trkpt lat="46.316938977688551" lon="11.016446985304356">
        <ele>534.24766</ele>
        <time>2026-08-09T20:37:31Z</time>
      </trkpt>
      <trkpt lat="46.316838981583714" lon="11.016343971714377">
        <ele>534.97809500000005</ele>
        <time>2026-08-09T20:37:38Z</time>
      </trkpt>
      <trkpt lat="46.316476967185736" lon="11.015742989256978">
        <ele>538.37744399999997</ele>
        <time>2026-08-09T20:38:11Z</time>
      </trkpt>
      <trkpt lat="46.316388035193086" lon="11.015692027285695">
        <ele>539.03201200000001</ele>
        <time>2026-08-09T20:38:16Z</time>
      </trkpt>
      <trkpt lat="46.316263983026147" lon="11.015675012022257">
        <ele>539.88378799999998</ele>
        <time>2026-08-09T20:38:23Z</time>
      </trkpt>
      <trkpt lat="46.316157029941678" lon="11.015717005357146">
        <ele>540.641929</ele>
        <time>2026-08-09T20:38:30Z</time>
      </trkpt>
      <trkpt lat="46.316062984988093" lon="11.015818007290363">
        <ele>541.44242999999994</ele>
        <time>2026-08-09T20:38:36Z</time>
      </trkpt>
      <trkpt lat="46.316006993874907" lon="11.015969971194863">
        <ele>542.25611900000001</ele>
        <time>2026-08-09T20:38:43Z</time>
      </trkpt>
      <trkpt lat="46.315987966954708" lon="11.016639014706016">
        <ele>545.41865700000005</ele>
        <time>2026-08-09T20:39:04Z</time>
      </trkpt>
      <trkpt lat="46.316049993038177" lon="11.017880039289594">
        <ele>550.30686800000001</ele>
        <time>2026-08-09T20:39:39Z</time>
      </trkpt>
      <trkpt lat="46.316002970561385" lon="11.01806896738708">
        <ele>550.65154500000006</ele>
        <time>2026-08-09T20:39:44Z</time>
      </trkpt>
      <trkpt lat="46.315931975841522" lon="11.01819796487689">
        <ele>550.93457599999999</ele>
        <time>2026-08-09T20:39:48Z</time>
      </trkpt>
      <trkpt lat="46.315759979188442" lon="11.018395023420453">
        <ele>551.47941300000002</ele>
        <time>2026-08-09T20:39:55Z</time>
      </trkpt>
      <trkpt lat="46.315437024459243" lon="11.018672967329621">
        <ele>552.41291999999999</ele>
        <time>2026-08-09T20:40:03Z</time>
      </trkpt>
      <trkpt lat="46.315378015860915" lon="11.01881898008287">
        <ele>552.70316800000001</ele>
        <time>2026-08-09T20:40:05Z</time>
      </trkpt>
      <trkpt lat="46.315353959798813" lon="11.018903972581029">
        <ele>552.86073399999998</ele>
        <time>2026-08-09T20:40:06Z</time>
      </trkpt>
      <trkpt lat="46.315384972840548" lon="11.020212974399328">
        <ele>556.78673700000002</ele>
        <time>2026-08-09T20:40:26Z</time>
      </trkpt>
      <trkpt lat="46.315349014475942" lon="11.020367033779621">
        <ele>557.58776799999998</ele>
        <time>2026-08-09T20:40:30Z</time>
      </trkpt>
      <trkpt lat="46.315271984785795" lon="11.020469963550568">
        <ele>558.33558600000003</ele>
        <time>2026-08-09T20:40:33Z</time>
      </trkpt>
      <trkpt lat="46.31515396758914" lon="11.020479016005993">
        <ele>559.178494</ele>
        <time>2026-08-09T20:40:38Z</time>
      </trkpt>
      <trkpt lat="46.314437985420227" lon="11.019889013841748">
        <ele>565.05530899999997</ele>
        <time>2026-08-09T20:41:28Z</time>
      </trkpt>
      <trkpt lat="46.314306976273656" lon="11.019879961386323">
        <ele>565.99083499999995</ele>
        <time>2026-08-09T20:41:38Z</time>
      </trkpt>
      <trkpt lat="46.313999025151134" lon="11.02000099606812">
        <ele>568.16978099999994</ele>
        <time>2026-08-09T20:42:02Z</time>
      </trkpt>
      <trkpt lat="46.313869021832943" lon="11.020078025758266">
        <ele>569.09195799999998</ele>
        <time>2026-08-09T20:42:11Z</time>
      </trkpt>
      <trkpt lat="46.313749998807907" lon="11.020214986056089">
        <ele>570.09015299999999</ele>
        <time>2026-08-09T20:42:20Z</time>
      </trkpt>
      <trkpt lat="46.31364899687469" lon="11.020352030172944">
        <ele>570.99883299999999</ele>
        <time>2026-08-09T20:42:28Z</time>
      </trkpt>
      <trkpt lat="46.313613960519433" lon="11.020660987123847">
        <ele>572.418815</ele>
        <time>2026-08-09T20:42:39Z</time>
      </trkpt>
      <trkpt lat="46.313619995489717" lon="11.021150993183255">
        <ele>574.64123700000005</ele>
        <time>2026-08-09T20:42:54Z</time>
      </trkpt>
      <trkpt lat="46.313596023246646" lon="11.021357020363212">
        <ele>575.58861100000001</ele>
        <time>2026-08-09T20:42:59Z</time>
      </trkpt>
      <trkpt lat="46.313537014648318" lon="11.021510995924473">
        <ele>576.38721299999997</ele>
        <time>2026-08-09T20:43:03Z</time>
      </trkpt>
      <trkpt lat="46.313441963866353" lon="11.021639993414283">
        <ele>577.24234300000001</ele>
        <time>2026-08-09T20:43:07Z</time>
      </trkpt>
      <trkpt lat="46.313139041885734" lon="11.021896982565522">
        <ele>579.07741399999998</ele>
        <time>2026-08-09T20:43:16Z</time>
      </trkpt>
      <trkpt lat="46.312962016090751" lon="11.022103009745479">
        <ele>579.56245799999999</ele>
        <time>2026-08-09T20:43:22Z</time>
      </trkpt>
      <trkpt lat="46.312771998345852" lon="11.022524032741785">
        <ele>580.30435799999998</ele>
        <time>2026-08-09T20:43:31Z</time>
      </trkpt>
      <trkpt lat="46.312712989747524" lon="11.022755960002542">
        <ele>580.66907600000002</ele>
        <time>2026-08-09T20:43:36Z</time>
      </trkpt>
      <trkpt lat="46.312694968655705" lon="11.022970033809543">
        <ele>580.98711200000002</ele>
        <time>2026-08-09T20:43:40Z</time>
      </trkpt>
      <trkpt lat="46.312689017504454" lon="11.023701019585133">
        <ele>582.06559600000003</ele>
        <time>2026-08-09T20:43:53Z</time>
      </trkpt>
      <trkpt lat="46.312623973935843" lon="11.023906962946057">
        <ele>582.39970600000004</ele>
        <time>2026-08-09T20:43:57Z</time>
      </trkpt>
      <trkpt lat="46.312540993094444" lon="11.023949962109327">
        <ele>582.587986</ele>
        <time>2026-08-09T20:44:00Z</time>
      </trkpt>
      <trkpt lat="46.312421970069408" lon="11.023949962109327">
        <ele>582.71556199999998</ele>
        <time>2026-08-09T20:44:03Z</time>
      </trkpt>
      <trkpt lat="46.311959959566593" lon="11.023836974054575">
        <ele>582.87202100000002</ele>
        <time>2026-08-09T20:44:14Z</time>
      </trkpt>
      <trkpt lat="46.31165100261569" lon="11.023664977401495">
        <ele>582.98256800000001</ele>
        <time>2026-08-09T20:44:22Z</time>
      </trkpt>
      <trkpt lat="46.311485040932894" lon="11.023535979911685">
        <ele>583.04548</ele>
        <time>2026-08-09T20:44:26Z</time>
      </trkpt>
      <trkpt lat="46.311183040961623" lon="11.023278990760446">
        <ele>583.16245800000002</ele>
        <time>2026-08-09T20:44:32Z</time>
      </trkpt>
      <trkpt lat="46.310595972463489" lon="11.022884035483003">
        <ele>582.75168900000006</ele>
        <time>2026-08-09T20:44:41Z</time>
      </trkpt>
      <trkpt lat="46.310239993035793" lon="11.022746991366148">
        <ele>581.97693100000004</ele>
        <time>2026-08-09T20:44:45Z</time>
      </trkpt>
      <trkpt lat="46.310150977224112" lon="11.022744979709387">
        <ele>581.78971899999999</ele>
        <time>2026-08-09T20:44:47Z</time>
      </trkpt>
      <trkpt lat="46.309905974194407" lon="11.022792002186179">
        <ele>581.26991999999996</ele>
        <time>2026-08-09T20:44:50Z</time>
      </trkpt>
      <trkpt lat="46.309879990294576" lon="11.022802982479334">
        <ele>581.21294799999998</ele>
        <time>2026-08-09T20:44:50Z</time>
      </trkpt>
      <trkpt lat="46.309126960113645" lon="11.023112023249269">
        <ele>579.56680600000004</ele>
        <time>2026-08-09T20:45:01Z</time>
      </trkpt>
      <trkpt lat="46.309005003422499" lon="11.023168014362454">
        <ele>579.26190199999996</ele>
        <time>2026-08-09T20:45:02Z</time>
      </trkpt>
      <trkpt lat="46.30874902009964" lon="11.02328603155911">
        <ele>578.60167999999999</ele>
        <time>2026-08-09T20:45:06Z</time>
      </trkpt>
      <trkpt lat="46.308682970702648" lon="11.023345040157437">
        <ele>578.41105900000002</ele>
        <time>2026-08-09T20:45:07Z</time>
      </trkpt>
      <trkpt lat="46.308770980685949" lon="11.023707976564765">
        <ele>577.75801200000001</ele>
        <time>2026-08-09T20:45:11Z</time>
      </trkpt>
      <trkpt lat="46.30864298902452" lon="11.02386899292469">
        <ele>577.34131500000001</ele>
        <time>2026-08-09T20:45:13Z</time>
      </trkpt>
      <trkpt lat="46.308490019291639" lon="11.023922972381115">
        <ele>576.95431499999995</ele>
        <time>2026-08-09T20:45:15Z</time>
      </trkpt>
      <trkpt lat="46.308325985446572" lon="11.024001007899642">
        <ele>576.53010300000005</ele>
        <time>2026-08-09T20:45:17Z</time>
      </trkpt>
      <trkpt lat="46.308171004056931" lon="11.024134028702974">
        <ele>576.08731699999998</ele>
        <time>2026-08-09T20:45:20Z</time>
      </trkpt>
      <trkpt lat="46.308062961325049" lon="11.024352964013815">
        <ele>575.63054</ele>
        <time>2026-08-09T20:45:22Z</time>
      </trkpt>
      <trkpt lat="46.307943016290665" lon="11.024789996445179">
        <ele>574.80980999999997</ele>
        <time>2026-08-09T20:45:26Z</time>
      </trkpt>
      <trkpt lat="46.307791974395514" lon="11.025133989751339">
        <ele>574.05762400000003</ele>
        <time>2026-08-09T20:45:30Z</time>
      </trkpt>
      <trkpt lat="46.307626012712717" lon="11.025620978325605">
        <ele>573.05539499999998</ele>
        <time>2026-08-09T20:45:35Z</time>
      </trkpt>
      <trkpt lat="46.307502966374159" lon="11.025817031040788">
        <ele>572.56669699999998</ele>
        <time>2026-08-09T20:45:37Z</time>
      </trkpt>
      <trkpt lat="46.307316971942782" lon="11.025908980518579">
        <ele>572.04156899999998</ele>
        <time>2026-08-09T20:45:40Z</time>
      </trkpt>
      <trkpt lat="46.307195015251637" lon="11.025964971631765">
        <ele>571.69963900000005</ele>
        <time>2026-08-09T20:45:42Z</time>
      </trkpt>
      <trkpt lat="46.306531000882387" lon="11.026700986549258">
        <ele>568.61475299999995</ele>
        <time>2026-08-09T20:45:52Z</time>
      </trkpt>
      <trkpt lat="46.306205028668046" lon="11.027410011738539">
        <ele>565.41040399999997</ele>
        <time>2026-08-09T20:45:59Z</time>
      </trkpt>
      <trkpt lat="46.306159012019634" lon="11.027702959254384">
        <ele>564.27993100000003</ele>
        <time>2026-08-09T20:46:01Z</time>
      </trkpt>
      <trkpt lat="46.306161023676395" lon="11.027794992551208">
        <ele>563.93362500000001</ele>
        <time>2026-08-09T20:46:02Z</time>
      </trkpt>
      <trkpt lat="46.30617200396955" lon="11.02840100415051">
        <ele>561.65286500000002</ele>
        <time>2026-08-09T20:46:07Z</time>
      </trkpt>
      <trkpt lat="46.30627702921629" lon="11.02921899408102">
        <ele>560.19105200000001</ele>
        <time>2026-08-09T20:46:13Z</time>
      </trkpt>
      <trkpt lat="46.306292032822967" lon="11.029515964910388">
        <ele>560.02156200000002</ele>
        <time>2026-08-09T20:46:16Z</time>
      </trkpt>
      <trkpt lat="46.305954996496439" lon="11.030065985396504">
        <ele>559.60313099999996</ele>
        <time>2026-08-09T20:46:23Z</time>
      </trkpt>
      <trkpt lat="46.305929012596607" lon="11.030190037563443">
        <ele>559.52937499999996</ele>
        <time>2026-08-09T20:46:25Z</time>
      </trkpt>
      <trkpt lat="46.305838990956545" lon="11.030256003141403">
        <ele>559.44625199999996</ele>
        <time>2026-08-09T20:46:27Z</time>
      </trkpt>
      <trkpt lat="46.305319983512163" lon="11.03033596649766">
        <ele>559.01622799999996</ele>
        <time>2026-08-09T20:46:46Z</time>
      </trkpt>
      <trkpt lat="46.304695028811693" lon="11.030236976221204">
        <ele>561.82615899999996</ele>
        <time>2026-08-09T20:47:12Z</time>
      </trkpt>
      <trkpt lat="46.303883995860815" lon="11.030159024521708">
        <ele>565.54076699999996</ele>
        <time>2026-08-09T20:47:44Z</time>
      </trkpt>
      <trkpt lat="46.30329399369657" lon="11.030243011191487">
        <ele>568.13890600000002</ele>
        <time>2026-08-09T20:48:04Z</time>
      </trkpt>
      <trkpt lat="46.302962992340326" lon="11.03029296733439">
        <ele>569.49447599999996</ele>
        <time>2026-08-09T20:48:15Z</time>
      </trkpt>
      <trkpt lat="46.302816979587078" lon="11.030320962890983">
        <ele>570.09436800000003</ele>
        <time>2026-08-09T20:48:19Z</time>
      </trkpt>
      <trkpt lat="46.302572982385755" lon="11.030444009229541">
        <ele>571.14678700000002</ele>
        <time>2026-08-09T20:48:28Z</time>
      </trkpt>
      <trkpt lat="46.302392017096281" lon="11.030579963698983">
        <ele>571.97745899999995</ele>
        <time>2026-08-09T20:48:35Z</time>
      </trkpt>
      <trkpt lat="46.302223959937692" lon="11.030651964247227">
        <ele>572.69113000000004</ele>
        <time>2026-08-09T20:48:41Z</time>
      </trkpt>
      <trkpt lat="46.302097979933023" lon="11.030625980347395">
        <ele>573.20954900000004</ele>
        <time>2026-08-09T20:48:46Z</time>
      </trkpt>
      <trkpt lat="46.302045006304979" lon="11.030558003112674">
        <ele>573.49803099999997</ele>
        <time>2026-08-09T20:48:49Z</time>
      </trkpt>
      <trkpt lat="46.301919026300311" lon="11.030248962342739">
        <ele>574.50773400000003</ele>
        <time>2026-08-09T20:48:58Z</time>
      </trkpt>
      <trkpt lat="46.301841996610165" lon="11.030109990388155">
        <ele>575.07749799999999</ele>
        <time>2026-08-09T20:49:03Z</time>
      </trkpt>
      <trkpt lat="46.301772007718682" lon="11.030048970133066">
        <ele>575.46022100000005</ele>
        <time>2026-08-09T20:49:06Z</time>
      </trkpt>
      <trkpt lat="46.301456009969115" lon="11.030060034245253">
        <ele>576.94082700000001</ele>
        <time>2026-08-09T20:49:20Z</time>
      </trkpt>
      <trkpt lat="46.301169013604522" lon="11.030175033956766">
        <ele>578.33572600000002</ele>
        <time>2026-08-09T20:49:33Z</time>
      </trkpt>
      <trkpt lat="46.300943959504366" lon="11.030316017568111">
        <ele>579.48418400000003</ele>
        <time>2026-08-09T20:49:44Z</time>
      </trkpt>
      <trkpt lat="46.300700968131423" lon="11.03014100342989">
        <ele>580.75552400000004</ele>
        <time>2026-08-09T20:49:54Z</time>
      </trkpt>
      <trkpt lat="46.300619998946786" lon="11.030058022588491">
        <ele>581.22038899999995</ele>
        <time>2026-08-09T20:49:57Z</time>
      </trkpt>
      <trkpt lat="46.300475997850299" lon="11.030011000111699">
        <ele>581.91183599999999</ele>
        <time>2026-08-09T20:50:02Z</time>
      </trkpt>
      <trkpt lat="46.300311964005232" lon="11.029959032312036">
        <ele>582.69824500000004</ele>
        <time>2026-08-09T20:50:06Z</time>
      </trkpt>
      <trkpt lat="46.300056986510754" lon="11.030209986492991">
        <ele>583.83703600000001</ele>
        <time>2026-08-09T20:50:16Z</time>
      </trkpt>
      <trkpt lat="46.299981968477368" lon="11.030282992869616">
        <ele>584.14927299999999</ele>
        <time>2026-08-09T20:50:20Z</time>
      </trkpt>
      <trkpt lat="46.299514006823301" lon="11.030805017799139">
        <ele>586.19042899999999</ele>
        <time>2026-08-09T20:50:39Z</time>
      </trkpt>
      <trkpt lat="46.299343015998602" lon="11.030519027262926">
        <ele>587.09318599999995</ele>
        <time>2026-08-09T20:50:47Z</time>
      </trkpt>
      <trkpt lat="46.299294987693429" lon="11.030439985916018">
        <ele>587.34428800000001</ele>
        <time>2026-08-09T20:50:49Z</time>
      </trkpt>
      <trkpt lat="46.29923296160996" lon="11.030337978154421">
        <ele>587.66855399999997</ele>
        <time>2026-08-09T20:50:52Z</time>
      </trkpt>
      <trkpt lat="46.299217035993934" lon="11.030310988426208">
        <ele>587.75345700000003</ele>
        <time>2026-08-09T20:50:53Z</time>
      </trkpt>
      <trkpt lat="46.298935990780592" lon="11.029773959890008">
        <ele>589.36903800000005</ele>
        <time>2026-08-09T20:51:08Z</time>
      </trkpt>
      <trkpt lat="46.298892991617322" lon="11.029742024838924">
        <ele>589.54368399999998</ele>
        <time>2026-08-09T20:51:10Z</time>
      </trkpt>
      <trkpt lat="46.298572970554233" lon="11.02964898571372">
        <ele>590.72261500000002</ele>
        <time>2026-08-09T20:51:24Z</time>
      </trkpt>
      <trkpt lat="46.298375995829701" lon="11.029594000428915">
        <ele>591.44730900000002</ele>
        <time>2026-08-09T20:51:32Z</time>
      </trkpt>
      <trkpt lat="46.298239035531878" lon="11.029543038457632">
        <ele>591.95826799999998</ele>
        <time>2026-08-09T20:51:37Z</time>
      </trkpt>
      <trkpt lat="46.298148008063436" lon="11.029470032081008">
        <ele>592.33407499999998</ele>
        <time>2026-08-09T20:51:40Z</time>
      </trkpt>
      <trkpt lat="46.297909040004015" lon="11.029444970190525">
        <ele>593.199611</ele>
        <time>2026-08-09T20:51:47Z</time>
      </trkpt>
      <trkpt lat="46.297562029212713" lon="11.029393002390862">
        <ele>594.459698</ele>
        <time>2026-08-09T20:51:58Z</time>
      </trkpt>
      <trkpt lat="46.297351978719234" lon="11.029379004612565">
        <ele>595.21903599999996</ele>
        <time>2026-08-09T20:52:05Z</time>
      </trkpt>
      <trkpt lat="46.297036986798048" lon="11.029472965747118">
        <ele>595.90763200000004</ele>
        <time>2026-08-09T20:52:14Z</time>
      </trkpt>
      <trkpt lat="46.296442961320281" lon="11.029500961303711">
        <ele>596.58684500000004</ele>
        <time>2026-08-09T20:52:30Z</time>
      </trkpt>
      <trkpt lat="46.296058986335993" lon="11.029701959341764">
        <ele>597.05351800000005</ele>
        <time>2026-08-09T20:52:38Z</time>
      </trkpt>
      <trkpt lat="46.295834016054869" lon="11.029762979596853">
        <ele>597.31513099999995</ele>
        <time>2026-08-09T20:52:43Z</time>
      </trkpt>
      <trkpt lat="46.295376028865576" lon="11.030004965141416">
        <ele>597.790255</ele>
        <time>2026-08-09T20:52:51Z</time>
      </trkpt>
      <trkpt lat="46.294885016977787" lon="11.030316017568111">
        <ele>598.01031599999999</ele>
        <time>2026-08-09T20:52:59Z</time>
      </trkpt>
      <trkpt lat="46.294532977044582" lon="11.030446020886302">
        <ele>598.15947600000004</ele>
        <time>2026-08-09T20:53:05Z</time>
      </trkpt>
      <trkpt lat="46.293902993202209" lon="11.030523972585797">
        <ele>598.41909199999998</ele>
        <time>2026-08-09T20:53:18Z</time>
      </trkpt>
      <trkpt lat="46.293289018794894" lon="11.03035599924624">
        <ele>598.83606099999997</ele>
        <time>2026-08-09T20:53:34Z</time>
      </trkpt>
      <trkpt lat="46.292789960280061" lon="11.030328003689647">
        <ele>599.21156599999995</ele>
        <time>2026-08-09T20:53:46Z</time>
      </trkpt>
      <trkpt lat="46.292340019717813" lon="11.030361028388143">
        <ele>599.55037700000003</ele>
        <time>2026-08-09T20:53:55Z</time>
      </trkpt>
      <trkpt lat="46.291193962097168" lon="11.030565965920687">
        <ele>599.28624500000001</ele>
        <time>2026-08-09T20:54:13Z</time>
      </trkpt>
      <trkpt lat="46.290997993201017" lon="11.030705021694303">
        <ele>599.13181599999996</ele>
        <time>2026-08-09T20:54:16Z</time>
      </trkpt>
      <trkpt lat="46.290883999317884" lon="11.03087198920548">
        <ele>599.01704900000004</ele>
        <time>2026-08-09T20:54:19Z</time>
      </trkpt>
      <trkpt lat="46.290802024304867" lon="11.030905013903975">
        <ele>598.95683099999997</ele>
        <time>2026-08-09T20:54:20Z</time>
      </trkpt>
      <trkpt lat="46.289790999144316" lon="11.03098195977509">
        <ele>597.45180300000004</ele>
        <time>2026-08-09T20:54:35Z</time>
      </trkpt>
      <trkpt lat="46.289307028055191" lon="11.031095031648874">
        <ele>596.25557000000003</ele>
        <time>2026-08-09T20:54:42Z</time>
      </trkpt>
      <trkpt lat="46.289145005866885" lon="11.031181029975414">
        <ele>595.83453199999997</ele>
        <time>2026-08-09T20:54:44Z</time>
      </trkpt>
      <trkpt lat="46.288566989824176" lon="11.031858958303928">
        <ele>593.812139</ele>
        <time>2026-08-09T20:54:54Z</time>
      </trkpt>
      <trkpt lat="46.28827303647995" lon="11.03216196410358">
        <ele>591.75460899999996</ele>
        <time>2026-08-09T20:54:58Z</time>
      </trkpt>
      <trkpt lat="46.287914039567113" lon="11.032851962372661">
        <ele>588.352261</ele>
        <time>2026-08-09T20:55:05Z</time>
      </trkpt>
      <trkpt lat="46.287880009040236" lon="11.033030999824405">
        <ele>587.62098500000002</ele>
        <time>2026-08-09T20:55:06Z</time>
      </trkpt>
      <trkpt lat="46.287765009328723" lon="11.033009961247444">
        <ele>586.96022900000003</ele>
        <time>2026-08-09T20:55:07Z</time>
      </trkpt>
      <trkpt lat="46.28756501711905" lon="11.033037034794688">
        <ele>585.81517899999994</ele>
        <time>2026-08-09T20:55:09Z</time>
      </trkpt>
      <trkpt lat="46.28747901879251" lon="11.033097971230745">
        <ele>585.26921200000004</ele>
        <time>2026-08-09T20:55:11Z</time>
      </trkpt>
      <trkpt lat="46.287366030737758" lon="11.033179024234414">
        <ele>584.55035799999996</ele>
        <time>2026-08-09T20:55:12Z</time>
      </trkpt>
      <trkpt lat="46.287255976349115" lon="11.033362001180649">
        <ele>583.63197500000001</ele>
        <time>2026-08-09T20:55:14Z</time>
      </trkpt>
      <trkpt lat="46.287102000787854" lon="11.03362200781703">
        <ele>582.43644400000005</ele>
        <time>2026-08-09T20:55:16Z</time>
      </trkpt>
      <trkpt lat="46.286752978339791" lon="11.034003971144557">
        <ele>580.22566800000004</ele>
        <time>2026-08-09T20:55:22Z</time>
      </trkpt>
      <trkpt lat="46.286690030246973" lon="11.034083012491465">
        <ele>579.80450699999994</ele>
        <time>2026-08-09T20:55:23Z</time>
      </trkpt>
      <trkpt lat="46.286529013887048" lon="11.034198012202978">
        <ele>578.89741700000002</ele>
        <time>2026-08-09T20:55:26Z</time>
      </trkpt>
      <trkpt lat="46.286409990862012" lon="11.034281998872757">
        <ele>578.22849699999995</ele>
        <time>2026-08-09T20:55:28Z</time>
      </trkpt>
      <trkpt lat="46.28599701449275" lon="11.03446195833385">
        <ele>576.04937800000005</ele>
        <time>2026-08-09T20:55:35Z</time>
      </trkpt>
      <trkpt lat="46.285844966769218" lon="11.034488026052713">
        <ele>575.27610600000003</ele>
        <time>2026-08-09T20:55:37Z</time>
      </trkpt>
      <trkpt lat="46.285755028948188" lon="11.034680977463722">
        <ele>574.55778699999996</ele>
        <time>2026-08-09T20:55:39Z</time>
      </trkpt>
      <trkpt lat="46.285520000383258" lon="11.034946013242006">
        <ele>573.43672900000001</ele>
        <time>2026-08-09T20:55:43Z</time>
      </trkpt>
      <trkpt lat="46.285324031487107" lon="11.035323031246662">
        <ele>572.20995100000005</ele>
        <time>2026-08-09T20:55:47Z</time>
      </trkpt>
      <trkpt lat="46.285238033160567" lon="11.035325964912772">
        <ele>571.88625400000001</ele>
        <time>2026-08-09T20:55:48Z</time>
      </trkpt>
      <trkpt lat="46.285025971010327" lon="11.035499973222613">
        <ele>570.96915000000001</ele>
        <time>2026-08-09T20:55:51Z</time>
      </trkpt>
      <trkpt lat="46.284793959930539" lon="11.035825023427606">
        <ele>569.75410999999997</ele>
        <time>2026-08-09T20:55:55Z</time>
      </trkpt>
      <trkpt lat="46.284381989389658" lon="11.036181002855301">
        <ele>568.01191500000004</ele>
        <time>2026-08-09T20:56:01Z</time>
      </trkpt>
      <trkpt lat="46.284144027158618" lon="11.036442015320063">
        <ele>567.49584200000004</ele>
        <time>2026-08-09T20:56:05Z</time>
      </trkpt>
      <trkpt lat="46.284039001911879" lon="11.036636978387833">
        <ele>567.20060799999999</ele>
        <time>2026-08-09T20:56:07Z</time>
      </trkpt>
      <trkpt lat="46.284006983041763" lon="11.036648964509368">
        <ele>567.14348099999995</ele>
        <time>2026-08-09T20:56:07Z</time>
      </trkpt>
      <trkpt lat="46.283416980877519" lon="11.036906037479639">
        <ele>566.07867399999998</ele>
        <time>2026-08-09T20:56:16Z</time>
      </trkpt>
      <trkpt lat="46.283168960362673" lon="11.036951970309019">
        <ele>565.64658599999996</ele>
        <time>2026-08-09T20:56:20Z</time>
      </trkpt>
      <trkpt lat="46.282824967056513" lon="11.036964962258935">
        <ele>565.05189900000005</ele>
        <time>2026-08-09T20:56:25Z</time>
      </trkpt>
      <trkpt lat="46.282329009845853" lon="11.036945013329387">
        <ele>565.90797199999997</ele>
        <time>2026-08-09T20:56:32Z</time>
      </trkpt>
      <trkpt lat="46.281811008229852" lon="11.036918023601174">
        <ele>567.023729</ele>
        <time>2026-08-09T20:56:44Z</time>
      </trkpt>
      <trkpt lat="46.281487969681621" lon="11.036821966990829">
        <ele>567.73352799999998</ele>
        <time>2026-08-09T20:56:55Z</time>
      </trkpt>
      <trkpt lat="46.281307004392147" lon="11.036750972270966">
        <ele>568.13720799999999</ele>
        <time>2026-08-09T20:57:02Z</time>
      </trkpt>
      <trkpt lat="46.280978014692664" lon="11.036619963124394">
        <ele>568.89881700000001</ele>
        <time>2026-08-09T20:57:16Z</time>
      </trkpt>
      <trkpt lat="46.280634021386504" lon="11.036549974232912">
        <ele>570.12280399999997</ele>
        <time>2026-08-09T20:57:30Z</time>
      </trkpt>
      <trkpt lat="46.280176034197211" lon="11.036676960065961">
        <ele>571.76590099999999</ele>
        <time>2026-08-09T20:57:51Z</time>
      </trkpt>
      <trkpt lat="46.279568010941148" lon="11.036859015002847">
        <ele>573.95351100000005</ele>
        <time>2026-08-09T20:58:13Z</time>
      </trkpt>
      <trkpt lat="46.279381010681391" lon="11.036915006116033">
        <ele>574.62635699999998</ele>
        <time>2026-08-09T20:58:17Z</time>
      </trkpt>
      <trkpt lat="46.279001981019974" lon="11.036965968087316">
        <ele>574.67533600000002</ele>
        <time>2026-08-09T20:58:22Z</time>
      </trkpt>
      <trkpt lat="46.278270995244384" lon="11.036970997229218">
        <ele>573.09551499999998</ele>
        <time>2026-08-09T20:58:32Z</time>
      </trkpt>
      <trkpt lat="46.277808984741569" lon="11.037026988342404">
        <ele>572.09356400000001</ele>
        <time>2026-08-09T20:58:38Z</time>
      </trkpt>
      <trkpt lat="46.27731897868216" lon="11.03714500553906">
        <ele>571.00424599999997</ele>
        <time>2026-08-09T20:58:44Z</time>
      </trkpt>
      <trkpt lat="46.276169987395406" lon="11.037392020225525">
        <ele>568.34107700000004</ele>
        <time>2026-08-09T20:58:59Z</time>
      </trkpt>
      <trkpt lat="46.275693979114294" lon="11.037505008280277">
        <ele>567.235184</ele>
        <time>2026-08-09T20:59:06Z</time>
      </trkpt>
      <trkpt lat="46.275285026058555" lon="11.037487993016839">
        <ele>566.78032299999995</ele>
        <time>2026-08-09T20:59:12Z</time>
      </trkpt>
      <trkpt lat="46.274639032781124" lon="11.037395959720016">
        <ele>566.129593</ele>
        <time>2026-08-09T20:59:21Z</time>
      </trkpt>
      <trkpt lat="46.274584969505668" lon="11.037389002740383">
        <ele>566.075243</ele>
        <time>2026-08-09T20:59:21Z</time>
      </trkpt>
      <trkpt lat="46.273254007101059" lon="11.037130001932383">
        <ele>566.14836400000002</ele>
        <time>2026-08-09T20:59:45Z</time>
      </trkpt>
      <trkpt lat="46.272526038810611" lon="11.036901008337736">
        <ele>567.10105599999997</ele>
        <time>2026-08-09T21:00:03Z</time>
      </trkpt>
      <trkpt lat="46.272265026345849" lon="11.036896985024214">
        <ele>567.43483100000003</ele>
        <time>2026-08-09T21:00:10Z</time>
      </trkpt>
      <trkpt lat="46.270866002887487" lon="11.036825990304351">
        <ele>570.95098700000005</ele>
        <time>2026-08-09T21:00:52Z</time>
      </trkpt>
      <trkpt lat="46.270081959664822" lon="11.03673798032105">
        <ele>572.56730000000005</ele>
        <time>2026-08-09T21:01:15Z</time>
      </trkpt>
      <trkpt lat="46.270001996308565" lon="11.036725994199514">
        <ele>572.60040200000003</ele>
        <time>2026-08-09T21:01:17Z</time>
      </trkpt>
      <trkpt lat="46.269555995240808" lon="11.036662962287664">
        <ele>572.78483300000005</ele>
        <time>2026-08-09T21:01:29Z</time>
      </trkpt>
      <trkpt lat="46.269426997750998" lon="11.036644019186497">
        <ele>572.83820000000003</ele>
        <time>2026-08-09T21:01:32Z</time>
      </trkpt>
      <trkpt lat="46.269033970311284" lon="11.036588028073311">
        <ele>573.00072799999998</ele>
        <time>2026-08-09T21:01:38Z</time>
      </trkpt>
      <trkpt lat="46.268356963992119" lon="11.036365991458297">
        <ele>573.03198999999995</ele>
        <time>2026-08-09T21:01:48Z</time>
      </trkpt>
      <trkpt lat="46.267574010416865" lon="11.036320980638266">
        <ele>572.152152</ele>
        <time>2026-08-09T21:01:58Z</time>
      </trkpt>
      <trkpt lat="46.267101019620895" lon="11.036293990910053">
        <ele>571.62065900000005</ele>
        <time>2026-08-09T21:02:05Z</time>
      </trkpt>
      <trkpt lat="46.266884012147784" lon="11.036176979541779">
        <ele>571.36063899999999</ele>
        <time>2026-08-09T21:02:10Z</time>
      </trkpt>
      <trkpt lat="46.266801031306386" lon="11.036096010357141">
        <ele>571.24822300000005</ele>
        <time>2026-08-09T21:02:13Z</time>
      </trkpt>
      <trkpt lat="46.266626017168164" lon="11.035803984850645">
        <ele>570.99932200000001</ele>
        <time>2026-08-09T21:02:20Z</time>
      </trkpt>
      <trkpt lat="46.266394006088376" lon="11.035120021551847">
        <ele>570.52853000000005</ele>
        <time>2026-08-09T21:02:33Z</time>
      </trkpt>
      <trkpt lat="46.266307001933455" lon="11.035017007961869">
        <ele>570.42803900000001</ele>
        <time>2026-08-09T21:02:35Z</time>
      </trkpt>
      <trkpt lat="46.26616501249373" lon="11.034964034333825">
        <ele>570.29695500000003</ele>
        <time>2026-08-09T21:02:38Z</time>
      </trkpt>
      <trkpt lat="46.266023023054004" lon="11.034973002970219">
        <ele>570.16990599999997</ele>
        <time>2026-08-09T21:02:40Z</time>
      </trkpt>
      <trkpt lat="46.265878016129136" lon="11.035095965489745">
        <ele>570.01965600000005</ele>
        <time>2026-08-09T21:02:43Z</time>
      </trkpt>
      <trkpt lat="46.265754969790578" lon="11.035247007384896">
        <ele>569.87545399999999</ele>
        <time>2026-08-09T21:02:45Z</time>
      </trkpt>
      <trkpt lat="46.265612980350852" lon="11.035453034564853">
        <ele>569.69569200000001</ele>
        <time>2026-08-09T21:02:48Z</time>
      </trkpt>
      <trkpt lat="46.265423968434334" lon="11.036165999248624">
        <ele>565.95634900000005</ele>
        <time>2026-08-09T21:02:54Z</time>
      </trkpt>
      <trkpt lat="46.26535196788609" lon="11.036337995901704">
        <ele>564.72625900000003</ele>
        <time>2026-08-09T21:02:55Z</time>
      </trkpt>
      <trkpt lat="46.265257000923157" lon="11.036448972299695">
        <ele>563.64559299999996</ele>
        <time>2026-08-09T21:02:56Z</time>
      </trkpt>
      <trkpt lat="46.265003029257059" lon="11.036590961739421">
        <ele>561.23587799999996</ele>
        <time>2026-08-09T21:02:59Z</time>
      </trkpt>
      <trkpt lat="46.264471029862761" lon="11.036811992526054">
        <ele>556.33783700000004</ele>
        <time>2026-08-09T21:03:05Z</time>
      </trkpt>
      <trkpt lat="46.264024022966623" lon="11.036969991400838">
        <ele>552.68518800000004</ele>
        <time>2026-08-09T21:03:10Z</time>
      </trkpt>
      <trkpt lat="46.263620015233755" lon="11.03705900721252">
        <ele>550.14538500000003</ele>
        <time>2026-08-09T21:03:14Z</time>
      </trkpt>
      <trkpt lat="46.263209972530603" lon="11.037093037739396">
        <ele>547.59306200000003</ele>
        <time>2026-08-09T21:03:19Z</time>
      </trkpt>
      <trkpt lat="46.263058008626103" lon="11.037026988342404">
        <ele>546.60673899999995</ele>
        <time>2026-08-09T21:03:20Z</time>
      </trkpt>
      <trkpt lat="46.26290000975132" lon="11.03686697781086">
        <ele>545.40804000000003</ele>
        <time>2026-08-09T21:03:23Z</time>
      </trkpt>
      <trkpt lat="46.262795990332961" lon="11.036658016964793">
        <ele>544.30159900000001</ele>
        <time>2026-08-09T21:03:25Z</time>
      </trkpt>
      <trkpt lat="46.262498013675213" lon="11.035625031217933">
        <ele>541.48869999999999</ele>
        <time>2026-08-09T21:03:36Z</time>
      </trkpt>
      <trkpt lat="46.262430958449841" lon="11.035023964941502">
        <ele>540.61157400000002</ele>
        <time>2026-08-09T21:03:42Z</time>
      </trkpt>
      <trkpt lat="46.262398017570376" lon="11.034608976915479">
        <ele>540.00968599999999</ele>
        <time>2026-08-09T21:03:47Z</time>
      </trkpt>
      <trkpt lat="46.262359963729978" lon="11.034084018319845">
        <ele>539.24911299999997</ele>
        <time>2026-08-09T21:03:51Z</time>
      </trkpt>
      <trkpt lat="46.262367004528642" lon="11.033761985599995">
        <ele>538.78493400000002</ele>
        <time>2026-08-09T21:03:54Z</time>
      </trkpt>
      <trkpt lat="46.262487033382058" lon="11.033179024234414">
        <ele>538.24017400000002</ele>
        <time>2026-08-09T21:03:59Z</time>
      </trkpt>
      <trkpt lat="46.262491978704929" lon="11.032965034246445">
        <ele>538.053628</ele>
        <time>2026-08-09T21:04:01Z</time>
      </trkpt>
      <trkpt lat="46.262361975386739" lon="11.032287022098899">
        <ele>537.44064900000001</ele>
        <time>2026-08-09T21:04:07Z</time>
      </trkpt>
      <trkpt lat="46.262290980666876" lon="11.032062973827124">
        <ele>537.22596399999998</ele>
        <time>2026-08-09T21:04:09Z</time>
      </trkpt>
      <trkpt lat="46.262172041460872" lon="11.031376998871565">
        <ele>536.60978299999999</ele>
        <time>2026-08-09T21:04:19Z</time>
      </trkpt>
      <trkpt lat="46.262076990678906" lon="11.030716001987457">
        <ele>538.87433699999997</ele>
        <time>2026-08-09T21:04:36Z</time>
      </trkpt>
      <trkpt lat="46.262053018435836" lon="11.029514037072659">
        <ele>544.33347200000003</ele>
        <time>2026-08-09T21:05:26Z</time>
      </trkpt>
      <trkpt lat="46.262017982080579" lon="11.029394008219242">
        <ele>544.92474500000003</ele>
        <time>2026-08-09T21:05:31Z</time>
      </trkpt>
      <trkpt lat="46.261951010674238" lon="11.029322007670999">
        <ele>545.47283500000003</ele>
        <time>2026-08-09T21:05:36Z</time>
      </trkpt>
      <trkpt lat="46.261810027062893" lon="11.029247995465994">
        <ele>546.45777399999997</ele>
        <time>2026-08-09T21:05:44Z</time>
      </trkpt>
      <trkpt lat="46.261770967394114" lon="11.029256964102387">
        <ele>546.71710599999994</ele>
        <time>2026-08-09T21:05:46Z</time>
      </trkpt>
      <trkpt lat="46.261691004037857" lon="11.029273979365826">
        <ele>547.248065</ele>
        <time>2026-08-09T21:05:50Z</time>
      </trkpt>
      <trkpt lat="46.261579021811485" lon="11.029342962428927">
        <ele>548.04744500000004</ele>
        <time>2026-08-09T21:05:56Z</time>
      </trkpt>
      <trkpt lat="46.26148397102952" lon="11.029480006545782">
        <ele>548.32553199999995</ele>
        <time>2026-08-09T21:06:01Z</time>
      </trkpt>
      <trkpt lat="46.26139503903687" lon="11.029686033725739">
        <ele>548.38415899999995</ele>
        <time>2026-08-09T21:06:07Z</time>
      </trkpt>
      <trkpt lat="46.260895980522037" lon="11.030604019761086">
        <ele>548.66599299999996</ele>
        <time>2026-08-09T21:06:22Z</time>
      </trkpt>
      <trkpt lat="46.260700011625886" lon="11.031121015548706">
        <ele>548.80829900000003</ele>
        <time>2026-08-09T21:06:27Z</time>
      </trkpt>
      <trkpt lat="46.260420978069305" lon="11.031659971922636">
        <ele>548.87202500000001</ele>
        <time>2026-08-09T21:06:33Z</time>
      </trkpt>
      <trkpt lat="46.260219980031252" lon="11.032132040709257">
        <ele>548.74789399999997</ele>
        <time>2026-08-09T21:06:39Z</time>
      </trkpt>
      <trkpt lat="46.26006499864161" lon="11.032347036525607">
        <ele>548.67833900000005</ele>
        <time>2026-08-09T21:06:42Z</time>
      </trkpt>
      <trkpt lat="46.259928960353136" lon="11.032475028187037">
        <ele>548.62578799999994</ele>
        <time>2026-08-09T21:06:45Z</time>
      </trkpt>
      <trkpt lat="46.259784959256649" lon="11.032553985714912">
        <ele>548.57590800000003</ele>
        <time>2026-08-09T21:06:48Z</time>
      </trkpt>
      <trkpt lat="46.258406974375248" lon="11.032979032024741">
        <ele>546.72734000000003</ele>
        <time>2026-08-09T21:07:17Z</time>
      </trkpt>
      <trkpt lat="46.258342014625669" lon="11.033051032572985">
        <ele>546.53105400000004</ele>
        <time>2026-08-09T21:07:18Z</time>
      </trkpt>
      <trkpt lat="46.258145039901137" lon="11.033573979511857">
        <ele>545.54381699999999</ele>
        <time>2026-08-09T21:07:24Z</time>
      </trkpt>
      <trkpt lat="46.25789500772953" lon="11.034466987475753">
        <ele>543.77205400000003</ele>
        <time>2026-08-09T21:07:31Z</time>
      </trkpt>
      <trkpt lat="46.257856031879783" lon="11.034605959430337">
        <ele>542.96666300000004</ele>
        <time>2026-08-09T21:07:33Z</time>
      </trkpt>
      <trkpt lat="46.257664002478123" lon="11.035193027928472">
        <ele>539.48021900000003</ele>
        <time>2026-08-09T21:07:37Z</time>
      </trkpt>
      <trkpt lat="46.257553026080132" lon="11.035511959344149">
        <ele>537.56285400000002</ele>
        <time>2026-08-09T21:07:40Z</time>
      </trkpt>
      <trkpt lat="46.257503991946578" lon="11.035676999017596">
        <ele>536.59871599999997</ele>
        <time>2026-08-09T21:07:41Z</time>
      </trkpt>
      <trkpt lat="46.257376000285149" lon="11.036092992872">
        <ele>534.15403700000002</ele>
        <time>2026-08-09T21:07:45Z</time>
      </trkpt>
      <trkpt lat="46.256985990330577" lon="11.036892039701343">
        <ele>528.82973400000003</ele>
        <time>2026-08-09T21:07:52Z</time>
      </trkpt>
      <trkpt lat="46.256721960380673" lon="11.037369975820184">
        <ele>525.33694300000002</ele>
        <time>2026-08-09T21:07:57Z</time>
      </trkpt>
      <trkpt lat="46.25665096566081" lon="11.037577008828521">
        <ele>524.01769899999999</ele>
        <time>2026-08-09T21:07:58Z</time>
      </trkpt>
      <trkpt lat="46.25662699341774" lon="11.037740036845207">
        <ele>523.06621900000005</ele>
        <time>2026-08-09T21:08:00Z</time>
      </trkpt>
      <trkpt lat="46.25664702616632" lon="11.037955032661557">
        <ele>521.82766300000003</ele>
        <time>2026-08-09T21:08:01Z</time>
      </trkpt>
      <trkpt lat="46.256658006459475" lon="11.038065003231168">
        <ele>521.19310800000005</ele>
        <time>2026-08-09T21:08:02Z</time>
      </trkpt>
      <trkpt lat="46.256792033091187" lon="11.039497973397374">
        <ele>513.02398200000005</ele>
        <time>2026-08-09T21:08:13Z</time>
      </trkpt>
      <trkpt lat="46.256795972585678" lon="11.039563016965985">
        <ele>512.66565600000001</ele>
        <time>2026-08-09T21:08:13Z</time>
      </trkpt>
      <trkpt lat="46.256870990619063" lon="11.040674960240722">
        <ele>506.53068999999999</ele>
        <time>2026-08-09T21:08:22Z</time>
      </trkpt>
      <trkpt lat="46.256925975903869" lon="11.041029011830688">
        <ele>504.53841199999999</ele>
        <time>2026-08-09T21:08:24Z</time>
      </trkpt>
      <trkpt lat="46.257097972556949" lon="11.042089993134141">
        <ele>498.48798199999999</ele>
        <time>2026-08-09T21:08:33Z</time>
      </trkpt>
      <trkpt lat="46.257113981992006" lon="11.042219996452332">
        <ele>497.74256800000001</ele>
        <time>2026-08-09T21:08:34Z</time>
      </trkpt>
      <trkpt lat="46.257096966728568" lon="11.043537966907024">
        <ele>490.30087300000002</ele>
        <time>2026-08-09T21:08:44Z</time>
      </trkpt>
      <trkpt lat="46.257095960900187" lon="11.044237017631531">
        <ele>486.35485499999999</ele>
        <time>2026-08-09T21:08:49Z</time>
      </trkpt>
      <trkpt lat="46.257113981992006" lon="11.044502975419164">
        <ele>484.70050500000002</ele>
        <time>2026-08-09T21:08:51Z</time>
      </trkpt>
      <trkpt lat="46.257172990590334" lon="11.044769017025828">
        <ele>482.95849199999998</ele>
        <time>2026-08-09T21:08:53Z</time>
      </trkpt>
      <trkpt lat="46.25783197581768" lon="11.045919014140964">
        <ele>473.64442400000001</ele>
        <time>2026-08-09T21:09:04Z</time>
      </trkpt>
      <trkpt lat="46.257968014106154" lon="11.046201987192035">
        <ele>471.49528600000002</ele>
        <time>2026-08-09T21:09:06Z</time>
      </trkpt>
      <trkpt lat="46.257998021319509" lon="11.04634003713727">
        <ele>470.59321</ele>
        <time>2026-08-09T21:09:07Z</time>
      </trkpt>
      <trkpt lat="46.257998021319509" lon="11.046511027961969">
        <ele>469.68960600000003</ele>
        <time>2026-08-09T21:09:08Z</time>
      </trkpt>
      <trkpt lat="46.25795803964138" lon="11.046630972996354">
        <ele>469.13572799999997</ele>
        <time>2026-08-09T21:09:09Z</time>
      </trkpt>
      <trkpt lat="46.257843039929867" lon="11.046742033213377">
        <ele>468.30433900000003</ele>
        <time>2026-08-09T21:09:11Z</time>
      </trkpt>
      <trkpt lat="46.257708007469773" lon="11.046764999628067">
        <ele>467.48692399999999</ele>
        <time>2026-08-09T21:09:12Z</time>
      </trkpt>
      <trkpt lat="46.256793038919568" lon="11.046654023230076">
        <ele>461.96539300000001</ele>
        <time>2026-08-09T21:09:23Z</time>
      </trkpt>
      <trkpt lat="46.256616013124585" lon="11.046631978824735">
        <ele>460.897108</ele>
        <time>2026-08-09T21:09:25Z</time>
      </trkpt>
      <trkpt lat="46.255975970998406" lon="11.04655503295362">
        <ele>457.88098500000001</ele>
        <time>2026-08-09T21:09:33Z</time>
      </trkpt>
      <trkpt lat="46.255297036841512" lon="11.046462999656796">
        <ele>455.38270999999997</ele>
        <time>2026-08-09T21:09:42Z</time>
      </trkpt>
      <trkpt lat="46.25505899079144" lon="11.046462999656796">
        <ele>454.51084400000002</ele>
        <time>2026-08-09T21:09:45Z</time>
      </trkpt>
      <trkpt lat="46.254533026367426" lon="11.046531982719898">
        <ele>452.53776199999999</ele>
        <time>2026-08-09T21:09:51Z</time>
      </trkpt>
      <trkpt lat="46.25443403609097" lon="11.046544974669814">
        <ele>451.76712400000002</ele>
        <time>2026-08-09T21:09:53Z</time>
      </trkpt>
      <trkpt lat="46.253801034763455" lon="11.046599037945271">
        <ele>446.85137200000003</ele>
        <time>2026-08-09T21:10:00Z</time>
      </trkpt>
      <trkpt lat="46.25346701592207" lon="11.046537011861801">
        <ele>444.24085300000002</ele>
        <time>2026-08-09T21:10:03Z</time>
      </trkpt>
      <trkpt lat="46.253155041486025" lon="11.046409020200372">
        <ele>441.72668700000003</ele>
        <time>2026-08-09T21:10:07Z</time>
      </trkpt>
      <trkpt lat="46.252382984384894" lon="11.046001994982362">
        <ele>434.83589000000001</ele>
        <time>2026-08-09T21:10:15Z</time>
      </trkpt>
      <trkpt lat="46.25230897217989" lon="11.045971987769008">
        <ele>434.14637599999998</ele>
        <time>2026-08-09T21:10:16Z</time>
      </trkpt>
      <trkpt lat="46.25222004018724" lon="11.045932006090879">
        <ele>433.310204</ele>
        <time>2026-08-09T21:10:17Z</time>
      </trkpt>
      <trkpt lat="46.252064974978566" lon="11.045928988605738">
        <ele>431.91943500000002</ele>
        <time>2026-08-09T21:10:19Z</time>
      </trkpt>
      <trkpt lat="46.25194201245904" lon="11.045948015525937">
        <ele>430.80961400000001</ele>
        <time>2026-08-09T21:10:20Z</time>
      </trkpt>
      <trkpt lat="46.251559965312481" lon="11.046120012179017">
        <ele>427.22007100000002</ele>
        <time>2026-08-09T21:10:24Z</time>
      </trkpt>
      <trkpt lat="46.251455023884773" lon="11.046098973602057">
        <ele>426.26905599999998</ele>
        <time>2026-08-09T21:10:25Z</time>
      </trkpt>
      <trkpt lat="46.251356033608317" lon="11.046010041609406">
        <ele>425.22320200000001</ele>
        <time>2026-08-09T21:10:27Z</time>
      </trkpt>
      <trkpt lat="46.251293001696467" lon="11.045883977785707">
        <ele>424.25855000000001</ele>
        <time>2026-08-09T21:10:28Z</time>
      </trkpt>
      <trkpt lat="46.251267017796636" lon="11.045734025537968">
        <ele>423.29915399999999</ele>
        <time>2026-08-09T21:10:29Z</time>
      </trkpt>
      <trkpt lat="46.251286966726184" lon="11.045569991692901">
        <ele>422.45522</ele>
        <time>2026-08-09T21:10:30Z</time>
      </trkpt>
      <trkpt lat="46.251486036926508" lon="11.045036986470222">
        <ele>421.39679699999999</ele>
        <time>2026-08-09T21:10:35Z</time>
      </trkpt>
      <trkpt lat="46.251627020537853" lon="11.044488977640867">
        <ele>420.37511000000001</ele>
        <time>2026-08-09T21:10:42Z</time>
      </trkpt>
      <trkpt lat="46.25181402079761" lon="11.043909033760428">
        <ele>419.25690200000003</ele>
        <time>2026-08-09T21:10:51Z</time>
      </trkpt>
      <trkpt lat="46.25209498219192" lon="11.043402012437582">
        <ele>418.121556</ele>
        <time>2026-08-09T21:10:57Z</time>
      </trkpt>
      <trkpt lat="46.252119038254023" lon="11.043281983584166">
        <ele>417.743944</ele>
        <time>2026-08-09T21:10:58Z</time>
      </trkpt>
      <trkpt lat="46.252095988020301" lon="11.043119039386511">
        <ele>416.88215600000001</ele>
        <time>2026-08-09T21:10:59Z</time>
      </trkpt>
      <trkpt lat="46.25202901661396" lon="11.042981995269656">
        <ele>416.01289700000001</ele>
        <time>2026-08-09T21:11:01Z</time>
      </trkpt>
      <trkpt lat="46.251870011910796" lon="11.042920975014567">
        <ele>414.78054100000003</ele>
        <time>2026-08-09T21:11:03Z</time>
      </trkpt>
      <trkpt lat="46.251774961128831" lon="11.042946958914399">
        <ele>414.05621400000001</ele>
        <time>2026-08-09T21:11:04Z</time>
      </trkpt>
      <trkpt lat="46.25147296115756" lon="11.04313999414444">
        <ele>411.58270399999998</ele>
        <time>2026-08-09T21:11:07Z</time>
      </trkpt>
      <trkpt lat="46.251038024201989" lon="11.04365598410368">
        <ele>407.36782799999997</ele>
        <time>2026-08-09T21:11:13Z</time>
      </trkpt>
      <trkpt lat="46.250535026192665" lon="11.044399961829185">
        <ele>401.74591099999998</ele>
        <time>2026-08-09T21:11:21Z</time>
      </trkpt>
      <trkpt lat="46.25033101066947" lon="11.04460196569562">
        <ele>399.724242</ele>
        <time>2026-08-09T21:11:23Z</time>
      </trkpt>
      <trkpt lat="46.250209975987673" lon="11.044671032577753">
        <ele>398.660686</ele>
        <time>2026-08-09T21:11:25Z</time>
      </trkpt>
      <trkpt lat="46.249513020738959" lon="11.044912012293935">
        <ele>392.80070799999999</ele>
        <time>2026-08-09T21:11:33Z</time>
      </trkpt>
      <trkpt lat="46.24902100302279" lon="11.044972026720643">
        <ele>389.006822</ele>
        <time>2026-08-09T21:11:38Z</time>
      </trkpt>
      <trkpt lat="46.24900097027421" lon="11.044961968436837">
        <ele>388.87432699999999</ele>
        <time>2026-08-09T21:11:38Z</time>
      </trkpt>
      <trkpt lat="46.248926036059856" lon="11.044920980930328">
        <ele>388.37231500000001</ele>
        <time>2026-08-09T21:11:39Z</time>
      </trkpt>
      <trkpt lat="46.248878007754683" lon="11.044834982603788">
        <ele>387.89381200000003</ele>
        <time>2026-08-09T21:11:40Z</time>
      </trkpt>
      <trkpt lat="46.248878007754683" lon="11.04473196901381">
        <ele>387.44785400000001</ele>
        <time>2026-08-09T21:11:41Z</time>
      </trkpt>
      <trkpt lat="46.248931987211108" lon="11.044681007042527">
        <ele>387.044037</ele>
        <time>2026-08-09T21:11:42Z</time>
      </trkpt>
      <trkpt lat="46.249465998262167" lon="11.044655023142695">
        <ele>383.69874099999998</ele>
        <time>2026-08-09T21:11:48Z</time>
      </trkpt>
      <trkpt lat="46.249531041830778" lon="11.044569024816155">
        <ele>383.14713699999999</ele>
        <time>2026-08-09T21:11:49Z</time>
      </trkpt>
      <trkpt lat="46.24953699298203" lon="11.044442038983107">
        <ele>382.59599200000002</ele>
        <time>2026-08-09T21:11:50Z</time>
      </trkpt>
      <trkpt lat="46.249518971890211" lon="11.044371966272593">
        <ele>382.27264200000002</ele>
        <time>2026-08-09T21:11:50Z</time>
      </trkpt>
      <trkpt lat="46.249447977170348" lon="11.044319998472929">
        <ele>381.77434499999998</ele>
        <time>2026-08-09T21:11:51Z</time>
      </trkpt>
      <trkpt lat="46.249353010207415" lon="11.044319998472929">
        <ele>381.17954500000002</ele>
        <time>2026-08-09T21:11:52Z</time>
      </trkpt>
      <trkpt lat="46.249241027981043" lon="11.044335002079606">
        <ele>380.47530599999999</ele>
        <time>2026-08-09T21:11:54Z</time>
      </trkpt>
      <trkpt lat="46.248532002791762" lon="11.04442804120481">
        <ele>374.838977</ele>
        <time>2026-08-09T21:12:02Z</time>
      </trkpt>
      <trkpt lat="46.247939988970757" lon="11.044887034222484">
        <ele>368.66790900000001</ele>
        <time>2026-08-09T21:12:09Z</time>
      </trkpt>
      <trkpt lat="46.247311010956764" lon="11.045058025047183">
        <ele>362.78812599999998</ele>
        <time>2026-08-09T21:12:16Z</time>
      </trkpt>
      <trkpt lat="46.247114958241582" lon="11.045152992010117">
        <ele>360.60852</ele>
        <time>2026-08-09T21:12:18Z</time>
      </trkpt>
      <trkpt lat="46.246272996068001" lon="11.045779036357999">
        <ele>349.74769099999997</ele>
        <time>2026-08-09T21:12:27Z</time>
      </trkpt>
      <trkpt lat="46.246065041050315" lon="11.045985985547304">
        <ele>346.85114199999998</ele>
        <time>2026-08-09T21:12:30Z</time>
      </trkpt>
      <trkpt lat="46.24599396251142" lon="11.046139961108565">
        <ele>345.38282600000002</ele>
        <time>2026-08-09T21:12:31Z</time>
      </trkpt>
      <trkpt lat="46.245951969176531" lon="11.046328973025084">
        <ele>343.80793899999998</ele>
        <time>2026-08-09T21:12:33Z</time>
      </trkpt>
      <trkpt lat="46.245825989171863" lon="11.047293981537223">
        <ele>337.18218200000001</ele>
        <time>2026-08-09T21:12:40Z</time>
      </trkpt>
      <trkpt lat="46.245607975870371" lon="11.048972038552165">
        <ele>326.577651</ele>
        <time>2026-08-09T21:12:53Z</time>
      </trkpt>
      <trkpt lat="46.245483001694083" lon="11.049461038783193">
        <ele>323.10817600000001</ele>
        <time>2026-08-09T21:12:56Z</time>
      </trkpt>
      <trkpt lat="46.24521603807807" lon="11.050148019567132">
        <ele>317.61438500000003</ele>
        <time>2026-08-09T21:13:02Z</time>
      </trkpt>
      <trkpt lat="46.245026020333171" lon="11.050713965669274">
        <ele>313.22829999999999</ele>
        <time>2026-08-09T21:13:07Z</time>
      </trkpt>
      <trkpt lat="46.244984026998281" lon="11.052327984943986">
        <ele>302.965799</ele>
        <time>2026-08-09T21:13:18Z</time>
      </trkpt>
      <trkpt lat="46.244805995374918" lon="11.053770007565618">
        <ele>294.73917899999998</ele>
        <time>2026-08-09T21:13:29Z</time>
      </trkpt>
      <trkpt lat="46.244812030345201" lon="11.054302006959915">
        <ele>291.829587</ele>
        <time>2026-08-09T21:13:33Z</time>
      </trkpt>
      <trkpt lat="46.24500397592783" lon="11.055727014318109">
        <ele>284.540975</ele>
        <time>2026-08-09T21:13:44Z</time>
      </trkpt>
      <trkpt lat="46.244970029219985" lon="11.056050974875689">
        <ele>282.89574099999999</ele>
        <time>2026-08-09T21:13:47Z</time>
      </trkpt>
      <trkpt lat="46.244868021458387" lon="11.056307964026928">
        <ele>281.40812</ele>
        <time>2026-08-09T21:13:49Z</time>
      </trkpt>
      <trkpt lat="46.244755033403635" lon="11.056446013972163">
        <ele>280.334384</ele>
        <time>2026-08-09T21:13:51Z</time>
      </trkpt>
      <trkpt lat="46.244607008993626" lon="11.056556990370154">
        <ele>279.17510299999998</ele>
        <time>2026-08-09T21:13:53Z</time>
      </trkpt>
      <trkpt lat="46.243427004665136" lon="11.05706300586462">
        <ele>271.70540899999997</ele>
        <time>2026-08-09T21:14:06Z</time>
      </trkpt>
      <trkpt lat="46.24334704130888" lon="11.057092007249594">
        <ele>271.20486399999999</ele>
        <time>2026-08-09T21:14:07Z</time>
      </trkpt>
      <trkpt lat="46.243080999702215" lon="11.057285964488983">
        <ele>269.39677699999999</ele>
        <time>2026-08-09T21:14:11Z</time>
      </trkpt>
      <trkpt lat="46.24294102191925" lon="11.057564998045564">
        <ele>268.28414199999997</ele>
        <time>2026-08-09T21:14:14Z</time>
      </trkpt>
      <trkpt lat="46.242842031642795" lon="11.057904968038201">
        <ele>267.64453700000001</ele>
        <time>2026-08-09T21:14:17Z</time>
      </trkpt>
      <trkpt lat="46.242826022207737" lon="11.057997001335025">
        <ele>267.48006199999998</ele>
        <time>2026-08-09T21:14:17Z</time>
      </trkpt>
      <trkpt lat="46.242813030257821" lon="11.058077970519662">
        <ele>267.335892</ele>
        <time>2026-08-09T21:14:18Z</time>
      </trkpt>
      <trkpt lat="46.242738012224436" lon="11.058444008231163">
        <ele>266.67405400000001</ele>
        <time>2026-08-09T21:14:22Z</time>
      </trkpt>
      <trkpt lat="46.242656959220767" lon="11.058779032900929">
        <ele>266.05875800000001</ele>
        <time>2026-08-09T21:14:25Z</time>
      </trkpt>
      <trkpt lat="46.242382032796741" lon="11.058698985725641">
        <ele>265.35553900000002</ele>
        <time>2026-08-09T21:14:29Z</time>
      </trkpt>
      <trkpt lat="46.242153039202094" lon="11.058659004047513">
        <ele>264.77728000000002</ele>
        <time>2026-08-09T21:14:32Z</time>
      </trkpt>
      <trkpt lat="46.242134012281895" lon="11.058655986562371">
        <ele>264.72936499999997</ele>
        <time>2026-08-09T21:14:32Z</time>
      </trkpt>
      <trkpt lat="46.242041978985071" lon="11.058624973520637">
        <ele>264.492548</ele>
        <time>2026-08-09T21:14:34Z</time>
      </trkpt>
      <trkpt lat="46.241789013147354" lon="11.058487007394433">
        <ele>263.99037399999997</ele>
        <time>2026-08-09T21:14:38Z</time>
      </trkpt>
      <trkpt lat="46.241753976792097" lon="11.058453982695937">
        <ele>263.97971699999999</ele>
        <time>2026-08-09T21:14:39Z</time>
      </trkpt>
      <trkpt lat="46.241551972925663" lon="11.058262959122658">
        <ele>263.918159</ele>
        <time>2026-08-09T21:14:42Z</time>
      </trkpt>
      <trkpt lat="46.241443008184433" lon="11.058112001046538">
        <ele>263.87965700000001</ele>
        <time>2026-08-09T21:14:45Z</time>
      </trkpt>
      <trkpt lat="46.241251984611154" lon="11.057847971096635">
        <ele>263.81226500000002</ele>
        <time>2026-08-09T21:14:49Z</time>
      </trkpt>
      <trkpt lat="46.241219965741038" lon="11.057805977761745">
        <ele>263.801242</ele>
        <time>2026-08-09T21:14:49Z</time>
      </trkpt>
      <trkpt lat="46.240872032940388" lon="11.057365005835891">
        <ele>263.68321900000001</ele>
        <time>2026-08-09T21:14:57Z</time>
      </trkpt>
      <trkpt lat="46.240608002990484" lon="11.057141041383147">
        <ele>263.60514799999999</ele>
        <time>2026-08-09T21:15:03Z</time>
      </trkpt>
      <trkpt lat="46.24012403190136" lon="11.056805010885">
        <ele>264.09492299999999</ele>
        <time>2026-08-09T21:15:14Z</time>
      </trkpt>
      <trkpt lat="46.239986987784505" lon="11.056717000901699">
        <ele>264.34428200000002</ele>
        <time>2026-08-09T21:15:17Z</time>
      </trkpt>
      <trkpt lat="46.239626985043287" lon="11.05650301091373">
        <ele>264.99173300000001</ele>
        <time>2026-08-09T21:15:25Z</time>
      </trkpt>
      <trkpt lat="46.239190958440304" lon="11.056261025369167">
        <ele>265.76856800000002</ele>
        <time>2026-08-09T21:15:36Z</time>
      </trkpt>
      <trkpt lat="46.23898996040225" lon="11.056148037314415">
        <ele>266.12729200000001</ele>
        <time>2026-08-09T21:15:42Z</time>
      </trkpt>
      <trkpt lat="46.238612020388246" lon="11.056000012904406">
        <ele>267.11811899999998</ele>
        <time>2026-08-09T21:15:54Z</time>
      </trkpt>
      <trkpt lat="46.238323012366891" lon="11.055995989590883">
        <ele>268.29219000000001</ele>
        <time>2026-08-09T21:16:05Z</time>
      </trkpt>
      <trkpt lat="46.238117991015315" lon="11.056077964603901">
        <ele>269.15625399999999</ele>
        <time>2026-08-09T21:16:13Z</time>
      </trkpt>
      <trkpt lat="46.237930990755558" lon="11.056228000670671">
        <ele>270.02499699999998</ele>
        <time>2026-08-09T21:16:22Z</time>
      </trkpt>
      <trkpt lat="46.237812973558903" lon="11.056365966796875">
        <ele>270.64154600000001</ele>
        <time>2026-08-09T21:16:28Z</time>
      </trkpt>
      <trkpt lat="46.23767601326108" lon="11.056599989533424">
        <ele>271.50295899999998</ele>
        <time>2026-08-09T21:16:36Z</time>
      </trkpt>
      <trkpt lat="46.237542992457747" lon="11.056979019194841">
        <ele>272.697092</ele>
        <time>2026-08-09T21:16:47Z</time>
      </trkpt>
      <trkpt lat="46.237467974424362" lon="11.057373974472284">
        <ele>273.84802400000001</ele>
        <time>2026-08-09T21:16:57Z</time>
      </trkpt>
      <trkpt lat="46.237454982474446" lon="11.05759902857244">
        <ele>274.233744</ele>
        <time>2026-08-09T21:17:02Z</time>
      </trkpt>
      <trkpt lat="46.237438973039389" lon="11.057972023263574">
        <ele>274.87086900000003</ele>
        <time>2026-08-09T21:17:09Z</time>
      </trkpt>
      <trkpt lat="46.237360015511513" lon="11.05843897908926">
        <ele>275.69049200000001</ele>
        <time>2026-08-09T21:17:18Z</time>
      </trkpt>
      <trkpt lat="46.237254990264773" lon="11.058661015704274">
        <ele>276.14899200000002</ele>
        <time>2026-08-09T21:17:23Z</time>
      </trkpt>
      <trkpt lat="46.237004036083817" lon="11.058955974876881">
        <ele>276.94628999999998</ele>
        <time>2026-08-09T21:17:32Z</time>
      </trkpt>
      <trkpt lat="46.236739000305533" lon="11.059116991236806">
        <ele>277.65479199999999</ele>
        <time>2026-08-09T21:17:39Z</time>
      </trkpt>
      <trkpt lat="46.236331975087523" lon="11.059206007048488">
        <ele>278.43964099999999</ele>
        <time>2026-08-09T21:17:51Z</time>
      </trkpt>
      <trkpt lat="46.236038021743298" lon="11.059371968731284">
        <ele>278.75461200000001</ele>
        <time>2026-08-09T21:17:59Z</time>
      </trkpt>
      <trkpt lat="46.235897038131952" lon="11.059579001739621">
        <ele>278.95514600000001</ele>
        <time>2026-08-09T21:18:03Z</time>
      </trkpt>
      <trkpt lat="46.235647005960345" lon="11.060234969481826">
        <ele>279.47213399999998</ele>
        <time>2026-08-09T21:18:13Z</time>
      </trkpt>
      <trkpt lat="46.235364032909274" lon="11.060627996921539">
        <ele>279.86372799999998</ele>
        <time>2026-08-09T21:18:20Z</time>
      </trkpt>
      <trkpt lat="46.23501299880445" lon="11.060921028256416">
        <ele>280.20950499999998</ele>
        <time>2026-08-09T21:18:27Z</time>
      </trkpt>
      <trkpt lat="46.234139017760754" lon="11.061212969943881">
        <ele>280.82806599999998</ele>
        <time>2026-08-09T21:18:54Z</time>
      </trkpt>
      <trkpt lat="46.233629984781146" lon="11.061345990747213">
        <ele>281.18473999999998</ele>
        <time>2026-08-09T21:19:05Z</time>
      </trkpt>
      <trkpt lat="46.233349023386836" lon="11.061546988785267">
        <ele>280.76969000000003</ele>
        <time>2026-08-09T21:19:09Z</time>
      </trkpt>
      <trkpt lat="46.233194964006543" lon="11.061727032065392">
        <ele>279.860004</ele>
        <time>2026-08-09T21:19:11Z</time>
      </trkpt>
      <trkpt lat="46.233065966516733" lon="11.061930963769555">
        <ele>278.98177199999998</ele>
        <time>2026-08-09T21:19:13Z</time>
      </trkpt>
      <trkpt lat="46.232642009854317" lon="11.062939977273345">
        <ele>275.23048799999998</ele>
        <time>2026-08-09T21:19:22Z</time>
      </trkpt>
      <trkpt lat="46.232397006824613" lon="11.063479017466307">
        <ele>273.18115699999998</ele>
        <time>2026-08-09T21:19:28Z</time>
      </trkpt>
      <trkpt lat="46.232199026271701" lon="11.063998024910688">
        <ele>272.99606299999999</ele>
        <time>2026-08-09T21:19:33Z</time>
      </trkpt>
      <trkpt lat="46.232157032936811" lon="11.064147977158427">
        <ele>272.97840400000001</ele>
        <time>2026-08-09T21:19:36Z</time>
      </trkpt>
      <trkpt lat="46.232126019895077" lon="11.064416030421853">
        <ele>272.94875100000002</ele>
        <time>2026-08-09T21:19:40Z</time>
      </trkpt>
      <trkpt lat="46.232148986309767" lon="11.065746992826462">
        <ele>272.80345599999998</ele>
        <time>2026-08-09T21:19:58Z</time>
      </trkpt>
      <trkpt lat="46.232159966602921" lon="11.066638994961977">
        <ele>272.90924100000001</ele>
        <time>2026-08-09T21:20:13Z</time>
      </trkpt>
      <trkpt lat="46.232162984088063" lon="11.066889027133584">
        <ele>272.965172</ele>
        <time>2026-08-09T21:20:17Z</time>
      </trkpt>
      <trkpt lat="46.232213024049997" lon="11.067310972139239">
        <ele>273.06094300000001</ele>
        <time>2026-08-09T21:20:23Z</time>
      </trkpt>
      <trkpt lat="46.232201037928462" lon="11.067443992942572">
        <ele>273.09094599999997</ele>
        <time>2026-08-09T21:20:25Z</time>
      </trkpt>
      <trkpt lat="46.232129959389567" lon="11.067624036222696">
        <ele>273.13729599999999</ele>
        <time>2026-08-09T21:20:27Z</time>
      </trkpt>
      <trkpt lat="46.231884034350514" lon="11.067960988730192">
        <ele>273.24688900000001</ele>
        <time>2026-08-09T21:20:33Z</time>
      </trkpt>
      <trkpt lat="46.23168203048408" lon="11.068185959011316">
        <ele>273.32935099999997</ele>
        <time>2026-08-09T21:20:39Z</time>
      </trkpt>
      <trkpt lat="46.231631990522146" lon="11.068245973438025">
        <ele>273.35036500000001</ele>
        <time>2026-08-09T21:20:41Z</time>
      </trkpt>
      <trkpt lat="46.231607012450695" lon="11.068269023671746">
        <ele>273.28215799999998</ele>
        <time>2026-08-09T21:20:41Z</time>
      </trkpt>
      <trkpt lat="46.231579016894102" lon="11.068297019228339">
        <ele>273.14048400000001</ele>
        <time>2026-08-09T21:20:42Z</time>
      </trkpt>
      <trkpt lat="46.231473991647363" lon="11.068740002810955">
        <ele>271.792528</ele>
        <time>2026-08-09T21:20:46Z</time>
      </trkpt>
      <trkpt lat="46.231454964727163" lon="11.069071004167199">
        <ele>270.83646700000003</ele>
        <time>2026-08-09T21:20:49Z</time>
      </trkpt>
      <trkpt lat="46.231498969718814" lon="11.06918097473681">
        <ele>270.47070500000001</ele>
        <time>2026-08-09T21:20:50Z</time>
      </trkpt>
      <trkpt lat="46.231583962216973" lon="11.069249035790563">
        <ele>270.06645300000002</ele>
        <time>2026-08-09T21:20:51Z</time>
      </trkpt>
      <trkpt lat="46.231750007718801" lon="11.069197990000248">
        <ele>269.36026299999997</ele>
        <time>2026-08-09T21:20:53Z</time>
      </trkpt>
      <trkpt lat="46.231657974421978" lon="11.069346014410257">
        <ele>268.78750600000001</ele>
        <time>2026-08-09T21:21:03Z</time>
      </trkpt>
      <trkpt lat="46.231493018567562" lon="11.069455984979868">
        <ele>268.03141099999999</ele>
        <time>2026-08-09T21:21:15Z</time>
      </trkpt>
      <trkpt lat="46.231457982212305" lon="11.069620018824935">
        <ele>267.53737999999998</ele>
        <time>2026-08-09T21:21:17Z</time>
      </trkpt>
      <trkpt lat="46.231437027454376" lon="11.06999795883894">
        <ele>266.44580000000002</ele>
        <time>2026-08-09T21:21:20Z</time>
      </trkpt>
      <trkpt lat="46.23146896250546" lon="11.070880992338061">
        <ele>264.09058499999998</ele>
        <time>2026-08-09T21:21:27Z</time>
      </trkpt>
      <trkpt lat="46.231497963890433" lon="11.071033962070942">
        <ele>263.677998</ele>
        <time>2026-08-09T21:21:28Z</time>
      </trkpt>
      <trkpt lat="46.231500981375575" lon="11.071407040581107">
        <ele>262.70784200000003</ele>
        <time>2026-08-09T21:21:31Z</time>
      </trkpt>
      <trkpt lat="46.231450019404292" lon="11.071637040004134">
        <ele>262.07968199999999</ele>
        <time>2026-08-09T21:21:34Z</time>
      </trkpt>
      <trkpt lat="46.231311969459057" lon="11.071993019431829">
        <ele>261.01833800000003</ele>
        <time>2026-08-09T21:21:37Z</time>
      </trkpt>
      <trkpt lat="46.231171991676092" lon="11.072202986106277">
        <ele>260.259817</ele>
        <time>2026-08-09T21:21:40Z</time>
      </trkpt>
      <trkpt lat="46.231051040813327" lon="11.072332989424467">
        <ele>259.69300700000002</ele>
        <time>2026-08-09T21:21:42Z</time>
      </trkpt>
      <trkpt lat="46.230410998687148" lon="11.072849985212088">
        <ele>256.83289000000002</ele>
        <time>2026-08-09T21:21:51Z</time>
      </trkpt>
      <trkpt lat="46.230216035619378" lon="11.073073027655482">
        <ele>255.853421</ele>
        <time>2026-08-09T21:21:54Z</time>
      </trkpt>
      <trkpt lat="46.230057030916214" lon="11.073716003447771">
        <ele>253.99262200000001</ele>
        <time>2026-08-09T21:21:59Z</time>
      </trkpt>
      <trkpt lat="46.230020988732576" lon="11.074018003419042">
        <ele>253.157521</ele>
        <time>2026-08-09T21:22:02Z</time>
      </trkpt>
      <trkpt lat="46.230057030916214" lon="11.074504991993308">
        <ele>251.92048700000001</ele>
        <time>2026-08-09T21:22:06Z</time>
      </trkpt>
      <trkpt lat="46.230001039803028" lon="11.074871029704809">
        <ele>251.39983799999999</ele>
        <time>2026-08-09T21:22:09Z</time>
      </trkpt>
      <trkpt lat="46.229989975690842" lon="11.074901036918163">
        <ele>251.352677</ele>
        <time>2026-08-09T21:22:09Z</time>
      </trkpt>
      <trkpt lat="46.229931972920895" lon="11.075058029964566">
        <ele>251.10546099999999</ele>
        <time>2026-08-09T21:22:11Z</time>
      </trkpt>
      <trkpt lat="46.229743966832757" lon="11.075511993840337">
        <ele>250.37052</ele>
        <time>2026-08-09T21:22:16Z</time>
      </trkpt>
      <trkpt lat="46.229722006246448" lon="11.075701005756855">
        <ele>250.10431199999999</ele>
        <time>2026-08-09T21:22:18Z</time>
      </trkpt>
      <trkpt lat="46.229728041216731" lon="11.075985990464687">
        <ele>249.708271</ele>
        <time>2026-08-09T21:22:21Z</time>
      </trkpt>
      <trkpt lat="46.229788977652788" lon="11.076250020414591">
        <ele>249.32166699999999</ele>
        <time>2026-08-09T21:22:24Z</time>
      </trkpt>
      <trkpt lat="46.229973966255784" lon="11.076709013432264">
        <ele>248.583809</ele>
        <time>2026-08-09T21:22:29Z</time>
      </trkpt>
      <trkpt lat="46.23000799678266" lon="11.076886039227247">
        <ele>248.328498</ele>
        <time>2026-08-09T21:22:31Z</time>
      </trkpt>
      <trkpt lat="46.230052001774311" lon="11.077349977567792">
        <ele>247.67671300000001</ele>
        <time>2026-08-09T21:22:36Z</time>
      </trkpt>
      <trkpt lat="46.230124002322555" lon="11.079049995169044">
        <ele>245.30640199999999</ele>
        <time>2026-08-09T21:22:52Z</time>
      </trkpt>
      <trkpt lat="46.230033980682492" lon="11.079368004575372">
        <ele>244.828237</ele>
        <time>2026-08-09T21:22:55Z</time>
      </trkpt>
      <trkpt lat="46.229787971824408" lon="11.079709986224771">
        <ele>244.48289800000001</ele>
        <time>2026-08-09T21:22:59Z</time>
      </trkpt>
      <trkpt lat="46.229607006534934" lon="11.080013997852802">
        <ele>244.21759700000001</ele>
        <time>2026-08-09T21:23:03Z</time>
      </trkpt>
      <trkpt lat="46.229420006275177" lon="11.080216001719236">
        <ele>243.99438699999999</ele>
        <time>2026-08-09T21:23:07Z</time>
      </trkpt>
      <trkpt lat="46.229243986308575" lon="11.080585978925228">
        <ele>243.69737599999999</ele>
        <time>2026-08-09T21:23:13Z</time>
      </trkpt>
      <trkpt lat="46.228785999119282" lon="11.081709992140532">
        <ele>242.68822800000001</ele>
        <time>2026-08-09T21:23:27Z</time>
      </trkpt>
      <trkpt lat="46.228749034926295" lon="11.081854999065399">
        <ele>242.52309099999999</ele>
        <time>2026-08-09T21:23:29Z</time>
      </trkpt>
      <trkpt lat="46.228654989972711" lon="11.082035964354873">
        <ele>242.28125800000001</ele>
        <time>2026-08-09T21:23:31Z</time>
      </trkpt>
      <trkpt lat="46.228575026616454" lon="11.082195974886417">
        <ele>242.07031699999999</ele>
        <time>2026-08-09T21:23:33Z</time>
      </trkpt>
      <trkpt lat="46.228547031059861" lon="11.082333019003272">
        <ele>241.917677</ele>
        <time>2026-08-09T21:23:35Z</time>
      </trkpt>
      <trkpt lat="46.228548958897591" lon="11.082440977916121">
        <ele>241.80223699999999</ele>
        <time>2026-08-09T21:23:36Z</time>
      </trkpt>
      <trkpt lat="46.228540996089578" lon="11.083946032449603">
        <ele>240.13672199999999</ele>
        <time>2026-08-09T21:23:49Z</time>
      </trkpt>
      <trkpt lat="46.228409986943007" lon="11.085115978494287">
        <ele>238.14397500000001</ele>
        <time>2026-08-09T21:24:01Z</time>
      </trkpt>
      <trkpt lat="46.228372016921639" lon="11.085515040904284">
        <ele>237.46679900000001</ele>
        <time>2026-08-09T21:24:04Z</time>
      </trkpt>
      <trkpt lat="46.22830999083817" lon="11.085884012281895">
        <ele>236.828352</ele>
        <time>2026-08-09T21:24:08Z</time>
      </trkpt>
      <trkpt lat="46.228307979181409" lon="11.08684298582375">
        <ele>235.26445899999999</ele>
        <time>2026-08-09T21:24:16Z</time>
      </trkpt>
      <trkpt lat="46.228246036916971" lon="11.087107015773654">
        <ele>234.82788199999999</ele>
        <time>2026-08-09T21:24:19Z</time>
      </trkpt>
      <trkpt lat="46.227921992540359" lon="11.088276039808989">
        <ele>232.85585800000001</ele>
        <time>2026-08-09T21:24:30Z</time>
      </trkpt>
      <trkpt lat="46.227888967841864" lon="11.088492041453719">
        <ele>232.509466</ele>
        <time>2026-08-09T21:24:32Z</time>
      </trkpt>
      <trkpt lat="46.227475991472602" lon="11.089917970821261">
        <ele>231.08714599999999</ele>
        <time>2026-08-09T21:24:48Z</time>
      </trkpt>
      <trkpt lat="46.226404029875994" lon="11.093524033203721">
        <ele>228.83697699999999</ele>
        <time>2026-08-09T21:25:30Z</time>
      </trkpt>
      <trkpt lat="46.226273020729423" lon="11.093787979334593">
        <ele>228.67434299999999</ele>
        <time>2026-08-09T21:25:33Z</time>
      </trkpt>
      <trkpt lat="46.226093983277678" lon="11.094037005677819">
        <ele>228.497411</ele>
        <time>2026-08-09T21:25:37Z</time>
      </trkpt>
      <trkpt lat="46.219344036653638" lon="11.102384040132165">
        <ele>222.443275</ele>
        <time>2026-08-09T21:27:54Z</time>
      </trkpt>
      <trkpt lat="46.219197018072009" lon="11.1025670170784">
        <ele>222.44037800000001</ele>
        <time>2026-08-09T21:27:57Z</time>
      </trkpt>
      <trkpt lat="46.219164999201894" lon="11.102605992928147">
        <ele>222.439753</ele>
        <time>2026-08-09T21:27:58Z</time>
      </trkpt>
      <trkpt lat="46.21913499198854" lon="11.102541033178568">
        <ele>222.43894499999999</ele>
        <time>2026-08-09T21:27:58Z</time>
      </trkpt>
      <trkpt lat="46.21885797008872" lon="11.10201196745038">
        <ele>222.43208999999999</ele>
        <time>2026-08-09T21:28:16Z</time>
      </trkpt>
      <trkpt lat="46.218571979552507" lon="11.101465970277786">
        <ele>222.425014</ele>
        <time>2026-08-09T21:28:34Z</time>
      </trkpt>
      <trkpt lat="46.218557981774211" lon="11.101438980549574">
        <ele>222.424666</ele>
        <time>2026-08-09T21:28:34Z</time>
      </trkpt>
      <trkpt lat="46.218540966510773" lon="11.1014099791646">
        <ele>222.424273</ele>
        <time>2026-08-09T21:28:35Z</time>
      </trkpt>
      <trkpt lat="46.218674993142486" lon="11.101235970854759">
        <ele>222.421583</ele>
        <time>2026-08-09T21:28:38Z</time>
      </trkpt>
      <trkpt lat="46.21870500035584" lon="11.101195989176631">
        <ele>222.420973</ele>
        <time>2026-08-09T21:28:39Z</time>
      </trkpt>
      <trkpt lat="46.218148022890091" lon="11.100130984559655">
        <ele>222.338291</ele>
        <time>2026-08-09T21:28:56Z</time>
      </trkpt>
      <trkpt lat="46.217189971357584" lon="11.101407967507839">
        <ele>221.99550199999999</ele>
        <time>2026-08-09T21:29:17Z</time>
      </trkpt>
      <trkpt lat="46.216924013569951" lon="11.101804012432694">
        <ele>221.739338</ele>
        <time>2026-08-09T21:29:22Z</time>
      </trkpt>
      <trkpt lat="46.216521011665463" lon="11.102311033755541">
        <ele>221.380932</ele>
        <time>2026-08-09T21:29:31Z</time>
      </trkpt>
      <trkpt lat="46.216211970895529" lon="11.102917967364192">
        <ele>221.03036</ele>
        <time>2026-08-09T21:29:39Z</time>
      </trkpt>
      <trkpt lat="46.215680977329612" lon="11.103779962286353">
        <ele>220.465441</ele>
        <time>2026-08-09T21:29:51Z</time>
      </trkpt>
      <trkpt lat="46.215071026235819" lon="11.104413969442248">
        <ele>219.93391399999999</ele>
        <time>2026-08-09T21:30:03Z</time>
      </trkpt>
      <trkpt lat="46.214911015704274" lon="11.104579009115696">
        <ele>219.79486600000001</ele>
        <time>2026-08-09T21:30:06Z</time>
      </trkpt>
      <trkpt lat="46.214204002171755" lon="11.105250986292958">
        <ele>219.320482</ele>
        <time>2026-08-09T21:30:19Z</time>
      </trkpt>
      <trkpt lat="46.21339900419116" lon="11.105927992612123">
        <ele>218.80341799999999</ele>
        <time>2026-08-09T21:30:36Z</time>
      </trkpt>
      <trkpt lat="46.212944034487009" lon="11.106322025880218">
        <ele>218.47442100000001</ele>
        <time>2026-08-09T21:30:46Z</time>
      </trkpt>
      <trkpt lat="46.212426032871008" lon="11.1066510155797">
        <ele>218.11953</ele>
        <time>2026-08-09T21:30:56Z</time>
      </trkpt>
      <trkpt lat="46.212300974875689" lon="11.106723016127944">
        <ele>218.03513000000001</ele>
        <time>2026-08-09T21:30:59Z</time>
      </trkpt>
      <trkpt lat="46.211852040141821" lon="11.106991991400719">
        <ele>217.730268</ele>
        <time>2026-08-09T21:31:08Z</time>
      </trkpt>
      <trkpt lat="46.210940005257726" lon="11.107689030468464">
        <ele>216.860004</ele>
        <time>2026-08-09T21:31:26Z</time>
      </trkpt>
      <trkpt lat="46.210878985002637" lon="11.107809981331229">
        <ele>216.76929899999999</ele>
        <time>2026-08-09T21:31:28Z</time>
      </trkpt>
      <trkpt lat="46.210894994437695" lon="11.107908971607685">
        <ele>216.70769999999999</ele>
        <time>2026-08-09T21:31:29Z</time>
      </trkpt>
      <trkpt lat="46.210781000554562" lon="11.107965968549252">
        <ele>216.602079</ele>
        <time>2026-08-09T21:31:31Z</time>
      </trkpt>
      <trkpt lat="46.210707994177938" lon="11.108059007674456">
        <ele>216.51687100000001</ele>
        <time>2026-08-09T21:31:33Z</time>
      </trkpt>
      <trkpt lat="46.210570028051734" lon="11.108108041808009">
        <ele>216.392448</ele>
        <time>2026-08-09T21:31:35Z</time>
      </trkpt>
      <trkpt lat="46.209074025973678" lon="11.108469972386956">
        <ele>215.21549300000001</ele>
        <time>2026-08-09T21:32:03Z</time>
      </trkpt>
      <trkpt lat="46.208442030474544" lon="11.108528980985284">
        <ele>214.74415200000001</ele>
        <time>2026-08-09T21:32:14Z</time>
      </trkpt>
      <trkpt lat="46.208397019654512" lon="11.108531998470426">
        <ele>214.706526</ele>
        <time>2026-08-09T21:32:15Z</time>
      </trkpt>
      <trkpt lat="46.208076998591423" lon="11.108612967655063">
        <ele>214.42110700000001</ele>
        <time>2026-08-09T21:32:25Z</time>
      </trkpt>
      <trkpt lat="46.207826966419816" lon="11.108637023717165">
        <ele>214.20098400000001</ele>
        <time>2026-08-09T21:32:32Z</time>
      </trkpt>
      <trkpt lat="46.206430038437247" lon="11.108699971809983">
        <ele>213.034592</ele>
        <time>2026-08-09T21:33:13Z</time>
      </trkpt>
      <trkpt lat="46.205567959696054" lon="11.10867097042501">
        <ele>212.53597400000001</ele>
        <time>2026-08-09T21:33:40Z</time>
      </trkpt>
      <trkpt lat="46.204057959839702" lon="11.108502997085452">
        <ele>211.65333699999999</ele>
        <time>2026-08-09T21:34:26Z</time>
      </trkpt>
      <trkpt lat="46.203179033473134" lon="11.108291018754244">
        <ele>211.13020800000001</ele>
        <time>2026-08-09T21:34:52Z</time>
      </trkpt>
      <trkpt lat="46.202447041869164" lon="11.108063030987978">
        <ele>210.52891399999999</ele>
        <time>2026-08-09T21:35:15Z</time>
      </trkpt>
      <trkpt lat="46.201432999223471" lon="11.107629016041756">
        <ele>209.63418300000001</ele>
        <time>2026-08-09T21:35:46Z</time>
      </trkpt>
      <trkpt lat="46.20074400678277" lon="11.107285022735596">
        <ele>209.22091800000001</ele>
        <time>2026-08-09T21:36:07Z</time>
      </trkpt>
      <trkpt lat="46.199446991086006" lon="11.106538027524948">
        <ele>208.58851799999999</ele>
        <time>2026-08-09T21:36:50Z</time>
      </trkpt>
      <trkpt lat="46.193946031853557" lon="11.103050988167524">
        <ele>207.83675400000001</ele>
        <time>2026-08-09T21:40:00Z</time>
      </trkpt>
      <trkpt lat="46.193816028535366" lon="11.102967001497746">
        <ele>207.796773</ele>
        <time>2026-08-09T21:40:04Z</time>
      </trkpt>
      <trkpt lat="46.193185038864613" lon="11.102626025676727">
        <ele>207.60763399999999</ele>
        <time>2026-08-09T21:40:26Z</time>
      </trkpt>
      <trkpt lat="46.192466961219907" lon="11.102162003517151">
        <ele>207.645308</ele>
        <time>2026-08-09T21:40:52Z</time>
      </trkpt>
      <trkpt lat="46.192104024812579" lon="11.10179596580565">
        <ele>207.70405500000001</ele>
        <time>2026-08-09T21:41:08Z</time>
      </trkpt>
      <trkpt lat="46.19189296849072" lon="11.101509975269437">
        <ele>207.74245400000001</ele>
        <time>2026-08-09T21:41:18Z</time>
      </trkpt>
      <trkpt lat="46.191727006807923" lon="11.101174028590322">
        <ele>207.78037699999999</ele>
        <time>2026-08-09T21:41:28Z</time>
      </trkpt>
      <trkpt lat="46.191435987129807" lon="11.10044002532959">
        <ele>207.81914800000001</ele>
        <time>2026-08-09T21:41:48Z</time>
      </trkpt>
      <trkpt lat="46.19133498519659" lon="11.100342040881515">
        <ele>207.824275</ele>
        <time>2026-08-09T21:41:53Z</time>
      </trkpt>
      <trkpt lat="46.191305983811617" lon="11.100235003978014">
        <ele>207.82762700000001</ele>
        <time>2026-08-09T21:41:55Z</time>
      </trkpt>
      <trkpt lat="46.191321993246675" lon="11.100145988166332">
        <ele>207.830309</ele>
        <time>2026-08-09T21:41:58Z</time>
      </trkpt>
      <trkpt lat="46.191343031823635" lon="11.100116986781359">
        <ele>207.831534</ele>
        <time>2026-08-09T21:41:59Z</time>
      </trkpt>
      <trkpt lat="46.191399022936821" lon="11.099994024261832">
        <ele>207.83582799999999</ele>
        <time>2026-08-09T21:42:02Z</time>
      </trkpt>
      <trkpt lat="46.191310007125139" lon="11.099314000457525">
        <ele>207.85601500000001</ele>
        <time>2026-08-09T21:42:18Z</time>
      </trkpt>
      <trkpt lat="46.191254016011953" lon="11.099233031272888">
        <ele>207.859354</ele>
        <time>2026-08-09T21:42:20Z</time>
      </trkpt>
      <trkpt lat="46.191058969125152" lon="11.099224984645844">
        <ele>207.86757399999999</ele>
        <time>2026-08-09T21:42:26Z</time>
      </trkpt>
      <trkpt lat="46.191016975790262" lon="11.099149966612458">
        <ele>207.87038799999999</ele>
        <time>2026-08-09T21:42:28Z</time>
      </trkpt>
      <trkpt lat="46.190994009375572" lon="11.098544038832188">
        <ele>207.45787999999999</ele>
        <time>2026-08-09T21:42:41Z</time>
      </trkpt>
      <trkpt lat="46.19107699021697" lon="11.098006004467607">
        <ele>206.860028</ele>
        <time>2026-08-09T21:42:52Z</time>
      </trkpt>
      <trkpt lat="46.191083025187254" lon="11.097943978384137">
        <ele>206.792126</ele>
        <time>2026-08-09T21:42:53Z</time>
      </trkpt>
      <trkpt lat="46.190630989149213" lon="11.096644029021263">
        <ele>205.21423100000001</ele>
        <time>2026-08-09T21:43:21Z</time>
      </trkpt>
      <trkpt lat="46.190535016357899" lon="11.096384022384882">
        <ele>204.937907</ele>
        <time>2026-08-09T21:43:26Z</time>
      </trkpt>
      <trkpt lat="46.190294958651066" lon="11.096136001870036">
        <ele>204.597566</ele>
        <time>2026-08-09T21:43:34Z</time>
      </trkpt>
      <trkpt lat="46.190011985599995" lon="11.096007004380226">
        <ele>204.25529599999999</ele>
        <time>2026-08-09T21:43:43Z</time>
      </trkpt>
      <trkpt lat="46.189260967075825" lon="11.09562998637557">
        <ele>203.338301</ele>
        <time>2026-08-09T21:44:07Z</time>
      </trkpt>
      <trkpt lat="46.188445994630456" lon="11.095465030521154">
        <ele>202.99466899999999</ele>
        <time>2026-08-09T21:44:31Z</time>
      </trkpt>
      <trkpt lat="46.188114993274212" lon="11.095566032454371">
        <ele>203.001553</ele>
        <time>2026-08-09T21:44:41Z</time>
      </trkpt>
      <trkpt lat="46.18770101107657" lon="11.095566032454371">
        <ele>203.00997599999999</ele>
        <time>2026-08-09T21:44:54Z</time>
      </trkpt>
      <trkpt lat="46.187305971980095" lon="11.095684971660376">
        <ele>203.01818599999999</ele>
        <time>2026-08-09T21:45:08Z</time>
      </trkpt>
      <trkpt lat="46.186956027522683" lon="11.095695029944181">
        <ele>203.46785499999999</ele>
        <time>2026-08-09T21:45:22Z</time>
      </trkpt>
      <trkpt lat="46.186716975644231" lon="11.095796031877398">
        <ele>203.96675400000001</ele>
        <time>2026-08-09T21:45:33Z</time>
      </trkpt>
      <trkpt lat="46.186587978154421" lon="11.095805000513792">
        <ele>204.22550100000001</ele>
        <time>2026-08-09T21:45:39Z</time>
      </trkpt>
      <trkpt lat="46.186256976798177" lon="11.095750015228987">
        <ele>204.89302000000001</ele>
        <time>2026-08-09T21:45:53Z</time>
      </trkpt>
      <trkpt lat="46.186182964593172" lon="11.095648007467389">
        <ele>205.097948</ele>
        <time>2026-08-09T21:45:58Z</time>
      </trkpt>
      <trkpt lat="46.186072994023561" lon="11.095381965860724">
        <ele>205.52770599999999</ele>
        <time>2026-08-09T21:46:04Z</time>
      </trkpt>
      <trkpt lat="46.185960005968809" lon="11.095150960609317">
        <ele>205.92002199999999</ele>
        <time>2026-08-09T21:46:10Z</time>
      </trkpt>
      <trkpt lat="46.185722965747118" lon="11.094943005591631">
        <ele>206.47561899999999</ele>
        <time>2026-08-09T21:46:18Z</time>
      </trkpt>
      <trkpt lat="46.185517022386193" lon="11.094828005880117">
        <ele>206.73094699999999</ele>
        <time>2026-08-09T21:46:24Z</time>
      </trkpt>
      <trkpt lat="46.185270007699728" lon="11.094763968139887">
        <ele>206.913479</ele>
        <time>2026-08-09T21:46:30Z</time>
      </trkpt>
      <trkpt lat="46.185134975239635" lon="11.094810990616679">
        <ele>207.014488</ele>
        <time>2026-08-09T21:46:33Z</time>
      </trkpt>
      <trkpt lat="46.184600964188576" lon="11.09453497454524">
        <ele>207.427029</ele>
        <time>2026-08-09T21:46:46Z</time>
      </trkpt>
      <trkpt lat="46.183543000370264" lon="11.094269016757607">
        <ele>207.90508</ele>
        <time>2026-08-09T21:47:09Z</time>
      </trkpt>
      <trkpt lat="46.182494005188346" lon="11.094074975699186">
        <ele>207.828327</ele>
        <time>2026-08-09T21:47:28Z</time>
      </trkpt>
      <trkpt lat="46.182025037705898" lon="11.093946984037757">
        <ele>207.87207599999999</ele>
        <time>2026-08-09T21:47:38Z</time>
      </trkpt>
      <trkpt lat="46.181722031906247" lon="11.093918988481164">
        <ele>208.056815</ele>
        <time>2026-08-09T21:47:45Z</time>
      </trkpt>
      <trkpt lat="46.18162002414465" lon="11.093855034559965">
        <ele>208.124481</ele>
        <time>2026-08-09T21:47:48Z</time>
      </trkpt>
      <trkpt lat="46.181114008650184" lon="11.093266038224101">
        <ele>208.51990499999999</ele>
        <time>2026-08-09T21:48:03Z</time>
      </trkpt>
      <trkpt lat="46.180966990068555" lon="11.093174004927278">
        <ele>208.61738399999999</ele>
        <time>2026-08-09T21:48:07Z</time>
      </trkpt>
      <trkpt lat="46.180701032280922" lon="11.093073002994061">
        <ele>208.78473299999999</ele>
        <time>2026-08-09T21:48:14Z</time>
      </trkpt>
      <trkpt lat="46.180562982335687" lon="11.092944005504251">
        <ele>208.88475299999999</ele>
        <time>2026-08-09T21:48:17Z</time>
      </trkpt>
      <trkpt lat="46.180425016209483" lon="11.092722974717617">
        <ele>208.88109399999999</ele>
        <time>2026-08-09T21:48:22Z</time>
      </trkpt>
      <trkpt lat="46.180323008447886" lon="11.092639993876219">
        <ele>208.87148099999999</ele>
        <time>2026-08-09T21:48:24Z</time>
      </trkpt>
      <trkpt lat="46.179964011535048" lon="11.092484006658196">
        <ele>208.84070199999999</ele>
        <time>2026-08-09T21:48:31Z</time>
      </trkpt>
      <trkpt lat="46.179762007668614" lon="11.092437990009785">
        <ele>208.82391200000001</ele>
        <time>2026-08-09T21:48:35Z</time>
      </trkpt>
      <trkpt lat="46.179633010178804" lon="11.092346040531993">
        <ele>208.81209999999999</ele>
        <time>2026-08-09T21:48:38Z</time>
      </trkpt>
      <trkpt lat="46.179494960233569" lon="11.092144036665559">
        <ele>208.79596900000001</ele>
        <time>2026-08-09T21:48:42Z</time>
      </trkpt>
      <trkpt lat="46.17932103574276" lon="11.091986959800124">
        <ele>208.779124</ele>
        <time>2026-08-09T21:48:47Z</time>
      </trkpt>
      <trkpt lat="46.178906969726086" lon="11.091895010322332">
        <ele>208.63296399999999</ele>
        <time>2026-08-09T21:48:55Z</time>
      </trkpt>
      <trkpt lat="46.178456023335457" lon="11.091840025037527">
        <ele>207.56495799999999</ele>
        <time>2026-08-09T21:49:02Z</time>
      </trkpt>
      <trkpt lat="46.178289977833629" lon="11.091785039752722">
        <ele>207.16307399999999</ele>
        <time>2026-08-09T21:49:05Z</time>
      </trkpt>
      <trkpt lat="46.178108006715775" lon="11.091818986460567">
        <ele>206.73003199999999</ele>
        <time>2026-08-09T21:49:08Z</time>
      </trkpt>
      <trkpt lat="46.178038017824292" lon="11.091888975352049">
        <ele>206.529122</ele>
        <time>2026-08-09T21:49:10Z</time>
      </trkpt>
      <trkpt lat="46.177596962079406" lon="11.091916970908642">
        <ele>205.487495</ele>
        <time>2026-08-09T21:49:22Z</time>
      </trkpt>
      <trkpt lat="46.176746031269431" lon="11.091970028355718">
        <ele>203.75636800000001</ele>
        <time>2026-08-09T21:49:46Z</time>
      </trkpt>
      <trkpt lat="46.176276979967952" lon="11.091669034212828">
        <ele>202.874122</ele>
        <time>2026-08-09T21:50:01Z</time>
      </trkpt>
      <trkpt lat="46.175716985017061" lon="11.091308025643229">
        <ele>201.819918</ele>
        <time>2026-08-09T21:50:20Z</time>
      </trkpt>
      <trkpt lat="46.174994967877865" lon="11.090696984902024">
        <ele>201.217332</ele>
        <time>2026-08-09T21:50:48Z</time>
      </trkpt>
      <trkpt lat="46.172476038336754" lon="11.088641993701458">
        <ele>200.40207100000001</ele>
        <time>2026-08-09T21:52:23Z</time>
      </trkpt>
      <trkpt lat="46.171350013464689" lon="11.08765703625977">
        <ele>200.444784</ele>
        <time>2026-08-09T21:53:05Z</time>
      </trkpt>
      <trkpt lat="46.17064299993217" lon="11.086925966665149">
        <ele>200.52469199999999</ele>
        <time>2026-08-09T21:53:33Z</time>
      </trkpt>
      <trkpt lat="46.170266987755895" lon="11.086493041366339">
        <ele>200.603838</ele>
        <time>2026-08-09T21:53:49Z</time>
      </trkpt>
      <trkpt lat="46.168820019811392" lon="11.084953034296632">
        <ele>200.993841</ele>
        <time>2026-08-09T21:54:47Z</time>
      </trkpt>
      <trkpt lat="46.167952995747328" lon="11.083927005529404">
        <ele>201.267064</ele>
        <time>2026-08-09T21:55:25Z</time>
      </trkpt>
      <trkpt lat="46.167960036545992" lon="11.083752997219563">
        <ele>201.23164800000001</ele>
        <time>2026-08-09T21:55:28Z</time>
      </trkpt>
      <trkpt lat="46.167950984090567" lon="11.083686025813222">
        <ele>201.21778</ele>
        <time>2026-08-09T21:55:29Z</time>
      </trkpt>
      <trkpt lat="46.167833972722292" lon="11.083555016666651">
        <ele>201.17434</ele>
        <time>2026-08-09T21:55:32Z</time>
      </trkpt>
      <trkpt lat="46.167254028841853" lon="11.08250099234283">
        <ele>200.900792</ele>
        <time>2026-08-09T21:55:49Z</time>
      </trkpt>
      <trkpt lat="46.166814984753728" lon="11.082346010953188">
        <ele>200.768192</ele>
        <time>2026-08-09T21:55:57Z</time>
      </trkpt>
      <trkpt lat="46.166734015569091" lon="11.08230602927506">
        <ele>200.77731600000001</ele>
        <time>2026-08-09T21:55:59Z</time>
      </trkpt>
      <trkpt lat="46.166320033371449" lon="11.081846030429006">
        <ele>200.87049200000001</ele>
        <time>2026-08-09T21:56:09Z</time>
      </trkpt>
      <trkpt lat="46.166047034785151" lon="11.081401035189629">
        <ele>200.943929</ele>
        <time>2026-08-09T21:56:17Z</time>
      </trkpt>
      <trkpt lat="46.165869003161788" lon="11.080929972231388">
        <ele>201.010211</ele>
        <time>2026-08-09T21:56:26Z</time>
      </trkpt>
      <trkpt lat="46.165533978492022" lon="11.080151963979006">
        <ele>201.09123600000001</ele>
        <time>2026-08-09T21:56:41Z</time>
      </trkpt>
      <trkpt lat="46.165372962132096" lon="11.079914001747966">
        <ele>201.09774400000001</ele>
        <time>2026-08-09T21:56:49Z</time>
      </trkpt>
      <trkpt lat="46.164769968017936" lon="11.079152002930641">
        <ele>201.12038000000001</ele>
        <time>2026-08-09T21:57:14Z</time>
      </trkpt>
      <trkpt lat="46.164535023272038" lon="11.078882021829486">
        <ele>201.128863</ele>
        <time>2026-08-09T21:57:20Z</time>
      </trkpt>
      <trkpt lat="46.164086004719138" lon="11.078521013259888">
        <ele>201.06929500000001</ele>
        <time>2026-08-09T21:57:29Z</time>
      </trkpt>
      <trkpt lat="46.162708019837737" lon="11.078026983886957">
        <ele>200.707097</ele>
        <time>2026-08-09T21:57:57Z</time>
      </trkpt>
      <trkpt lat="46.162208961322904" lon="11.077992031350732">
        <ele>200.58922899999999</ele>
        <time>2026-08-09T21:58:06Z</time>
      </trkpt>
      <trkpt lat="46.16213402710855" lon="11.077912990003824">
        <ele>200.56787199999999</ele>
        <time>2026-08-09T21:58:08Z</time>
      </trkpt>
      <trkpt lat="46.161733958870173" lon="11.077227015048265">
        <ele>200.424992</ele>
        <time>2026-08-09T21:58:20Z</time>
      </trkpt>
      <trkpt lat="46.161594986915588" lon="11.07704303227365">
        <ele>200.38160999999999</ele>
        <time>2026-08-09T21:58:23Z</time>
      </trkpt>
      <trkpt lat="46.161169018596411" lon="11.076598037034273">
        <ele>200.26363799999999</ele>
        <time>2026-08-09T21:58:34Z</time>
      </trkpt>
      <trkpt lat="46.160988975316286" lon="11.076477002352476">
        <ele>200.26771600000001</ele>
        <time>2026-08-09T21:58:37Z</time>
      </trkpt>
      <trkpt lat="46.160755958408117" lon="11.076457975432277">
        <ele>200.27250799999999</ele>
        <time>2026-08-09T21:58:42Z</time>
      </trkpt>
      <trkpt lat="46.160038970410824" lon="11.076771961525083">
        <ele>200.28789399999999</ele>
        <time>2026-08-09T21:58:58Z</time>
      </trkpt>
      <trkpt lat="46.159777035936713" lon="11.076842034235597">
        <ele>200.29336499999999</ele>
        <time>2026-08-09T21:59:03Z</time>
      </trkpt>
      <trkpt lat="46.159663964062929" lon="11.07691696844995">
        <ele>200.295919</ele>
        <time>2026-08-09T21:59:06Z</time>
      </trkpt>
      <trkpt lat="46.159552987664938" lon="11.076988968998194">
        <ele>200.298418</ele>
        <time>2026-08-09T21:59:08Z</time>
      </trkpt>
      <trkpt lat="46.15917001850903" lon="11.07700296677649">
        <ele>200.22525400000001</ele>
        <time>2026-08-09T21:59:14Z</time>
      </trkpt>
      <trkpt lat="46.158875981345773" lon="11.077116960659623">
        <ele>200.14647400000001</ele>
        <time>2026-08-09T21:59:19Z</time>
      </trkpt>
      <trkpt lat="46.158822001889348" lon="11.077130036428571">
        <ele>200.132306</ele>
        <time>2026-08-09T21:59:20Z</time>
      </trkpt>
      <trkpt lat="46.158779002726078" lon="11.077143028378487">
        <ele>200.120937</ele>
        <time>2026-08-09T21:59:21Z</time>
      </trkpt>
      <trkpt lat="46.15835596807301" lon="11.077148979529738">
        <ele>200.01146399999999</ele>
        <time>2026-08-09T21:59:27Z</time>
      </trkpt>
      <trkpt lat="46.158192018046975" lon="11.07710899785161">
        <ele>199.968422</ele>
        <time>2026-08-09T21:59:30Z</time>
      </trkpt>
      <trkpt lat="46.157577037811279" lon="11.07674103230238">
        <ele>199.74228600000001</ele>
        <time>2026-08-09T21:59:41Z</time>
      </trkpt>
      <trkpt lat="46.157330023124814" lon="11.07650700956583">
        <ele>199.55950799999999</ele>
        <time>2026-08-09T21:59:46Z</time>
      </trkpt>
      <trkpt lat="46.157269002869725" lon="11.07646300457418">
        <ele>199.51732000000001</ele>
        <time>2026-08-09T21:59:47Z</time>
      </trkpt>
      <trkpt lat="46.156780002638698" lon="11.076154969632626">
        <ele>199.18724599999999</ele>
        <time>2026-08-09T21:59:55Z</time>
      </trkpt>
      <trkpt lat="46.156264012679458" lon="11.075902003794909">
        <ele>198.850098</ele>
        <time>2026-08-09T22:00:03Z</time>
      </trkpt>
      <trkpt lat="46.156059997156262" lon="11.075832014903426">
        <ele>198.72095200000001</ele>
        <time>2026-08-09T22:00:07Z</time>
      </trkpt>
      <trkpt lat="46.155808959156275" lon="11.075774012133479">
        <ele>198.61709300000001</ele>
        <time>2026-08-09T22:00:10Z</time>
      </trkpt>
      <trkpt lat="46.155737964436412" lon="11.07575498521328">
        <ele>198.58759000000001</ele>
        <time>2026-08-09T22:00:13Z</time>
      </trkpt>
      <trkpt lat="46.154948975890875" lon="11.075568990781903">
        <ele>198.26095100000001</ele>
        <time>2026-08-09T22:00:37Z</time>
      </trkpt>
      <trkpt lat="46.154496017843485" lon="11.07552096247673">
        <ele>198.075366</ele>
        <time>2026-08-09T22:00:51Z</time>
      </trkpt>
      <trkpt lat="46.151059018447995" lon="11.07553998939693">
        <ele>197.65569300000001</ele>
        <time>2026-08-09T22:02:40Z</time>
      </trkpt>
      <trkpt lat="46.150669008493423" lon="11.075515011325479">
        <ele>197.59222600000001</ele>
        <time>2026-08-09T22:02:52Z</time>
      </trkpt>
      <trkpt lat="46.150436997413635" lon="11.075536971911788">
        <ele>197.536419</ele>
        <time>2026-08-09T22:02:56Z</time>
      </trkpt>
      <trkpt lat="46.149148028343916" lon="11.075515011325479">
        <ele>197.22699700000001</ele>
        <time>2026-08-09T22:03:20Z</time>
      </trkpt>
      <trkpt lat="46.148174973204732" lon="11.075490033254027">
        <ele>197.440382</ele>
        <time>2026-08-09T22:03:41Z</time>
      </trkpt>
      <trkpt lat="46.147525040432811" lon="11.075379978865385">
        <ele>197.695054</ele>
        <time>2026-08-09T22:03:56Z</time>
      </trkpt>
      <trkpt lat="46.145307021215558" lon="11.07485300861299">
        <ele>198.21165400000001</ele>
        <time>2026-08-09T22:04:43Z</time>
      </trkpt>
      <trkpt lat="46.14406599663198" lon="11.074585961177945">
        <ele>198.05063899999999</ele>
        <time>2026-08-09T22:05:07Z</time>
      </trkpt>
      <trkpt lat="46.143264016136527" lon="11.074399966746569">
        <ele>197.965261</ele>
        <time>2026-08-09T22:05:23Z</time>
      </trkpt>
      <trkpt lat="46.142178978770971" lon="11.074252026155591">
        <ele>197.89783800000001</ele>
        <time>2026-08-09T22:05:44Z</time>
      </trkpt>
      <trkpt lat="46.141732977703214" lon="11.074245991185308">
        <ele>197.880247</ele>
        <time>2026-08-09T22:05:53Z</time>
      </trkpt>
      <trkpt lat="46.141052031889558" lon="11.074289996176958">
        <ele>198.162756</ele>
        <time>2026-08-09T22:06:08Z</time>
      </trkpt>
      <trkpt lat="46.139991972595453" lon="11.074459981173277">
        <ele>198.60475500000001</ele>
        <time>2026-08-09T22:06:32Z</time>
      </trkpt>
      <trkpt lat="46.139623001217842" lon="11.074407007545233">
        <ele>200.01340200000001</ele>
        <time>2026-08-09T22:06:40Z</time>
      </trkpt>
      <trkpt lat="46.139233997091651" lon="11.074513960629702">
        <ele>201.63325499999999</ele>
        <time>2026-08-09T22:06:48Z</time>
      </trkpt>
      <trkpt lat="46.138491025194526" lon="11.07495803385973">
        <ele>204.92274800000001</ele>
        <time>2026-08-09T22:07:20Z</time>
      </trkpt>
      <trkpt lat="46.138344006612897" lon="11.074997009709477">
        <ele>205.53413</ele>
        <time>2026-08-09T22:07:29Z</time>
      </trkpt>
      <trkpt lat="46.138296984136105" lon="11.074991980567575">
        <ele>205.72690600000001</ele>
        <time>2026-08-09T22:07:32Z</time>
      </trkpt>
      <trkpt lat="46.138238981366158" lon="11.07487304136157">
        <ele>206.32636500000001</ele>
        <time>2026-08-09T22:07:39Z</time>
      </trkpt>
      <trkpt lat="46.138073019683361" lon="11.074154041707516">
        <ele>210.91068100000001</ele>
        <time>2026-08-09T22:08:17Z</time>
      </trkpt>
      <trkpt lat="46.138057010248303" lon="11.074083968997002">
        <ele>211.35655499999999</ele>
        <time>2026-08-09T22:08:21Z</time>
      </trkpt>
      <trkpt lat="46.138018034398556" lon="11.073872996494174">
        <ele>212.67752999999999</ele>
        <time>2026-08-09T22:08:35Z</time>
      </trkpt>
      <trkpt lat="46.137936981394887" lon="11.073904009535909">
        <ele>213.40908099999999</ele>
        <time>2026-08-09T22:08:42Z</time>
      </trkpt>
      <trkpt lat="46.137776970863342" lon="11.073899986222386">
        <ele>214.806048</ele>
        <time>2026-08-09T22:08:56Z</time>
      </trkpt>
      <trkpt lat="46.137592988088727" lon="11.073841983452439">
        <ele>216.45018899999999</ele>
        <time>2026-08-09T22:09:13Z</time>
      </trkpt>
      <trkpt lat="46.137390984222293" lon="11.073731007054448">
        <ele>218.33710400000001</ele>
        <time>2026-08-09T22:09:29Z</time>
      </trkpt>
      <trkpt lat="46.137213036417961" lon="11.073721032589674">
        <ele>219.89217300000001</ele>
        <time>2026-08-09T22:09:41Z</time>
      </trkpt>
      <trkpt lat="46.136985970661044" lon="11.073817005380988">
        <ele>221.64738600000001</ele>
        <time>2026-08-09T22:09:54Z</time>
      </trkpt>
      <trkpt lat="46.136327991262078" lon="11.074225958436728">
        <ele>221.01074299999999</ele>
        <time>2026-08-09T22:10:17Z</time>
      </trkpt>
      <trkpt lat="46.136179966852069" lon="11.074437014758587">
        <ele>220.825872</ele>
        <time>2026-08-09T22:10:23Z</time>
      </trkpt>
      <trkpt lat="46.135972011834383" lon="11.0748749691993">
        <ele>220.49891</ele>
        <time>2026-08-09T22:10:33Z</time>
      </trkpt>
      <trkpt lat="46.135860029608011" lon="11.074984017759562">
        <ele>220.37886700000001</ele>
        <time>2026-08-09T22:10:37Z</time>
      </trkpt>
      <trkpt lat="46.135766990482807" lon="11.075035985559225">
        <ele>220.29023900000001</ele>
        <time>2026-08-09T22:10:39Z</time>
      </trkpt>
      <trkpt lat="46.135521987453103" lon="11.075053000822663">
        <ele>220.07169400000001</ele>
        <time>2026-08-09T22:10:46Z</time>
      </trkpt>
      <trkpt lat="46.13540799356997" lon="11.075093988329172">
        <ele>219.95609899999999</ele>
        <time>2026-08-09T22:10:49Z</time>
      </trkpt>
      <trkpt lat="46.135370023548603" lon="11.075232960283756">
        <ele>219.854221</ele>
        <time>2026-08-09T22:10:52Z</time>
      </trkpt>
      <trkpt lat="46.13523599691689" lon="11.075308984145522">
        <ele>219.71256199999999</ele>
        <time>2026-08-09T22:10:57Z</time>
      </trkpt>
      <trkpt lat="46.135143963620067" lon="11.075265984982252">
        <ele>219.617414</ele>
        <time>2026-08-09T22:10:59Z</time>
      </trkpt>
      <trkpt lat="46.134708020836115" lon="11.075740987434983">
        <ele>219.079915</ele>
        <time>2026-08-09T22:11:16Z</time>
      </trkpt>
      <trkpt lat="46.134430998936296" lon="11.076095961034298">
        <ele>218.71541199999999</ele>
        <time>2026-08-09T22:11:28Z</time>
      </trkpt>
      <trkpt lat="46.134170992299914" lon="11.076309029012918">
        <ele>218.42125100000001</ele>
        <time>2026-08-09T22:11:38Z</time>
      </trkpt>
      <trkpt lat="46.133897993713617" lon="11.076401984319091">
        <ele>218.77789899999999</ele>
        <time>2026-08-09T22:11:49Z</time>
      </trkpt>
      <trkpt lat="46.133397007361054" lon="11.07648303732276">
        <ele>220.20993999999999</ele>
        <time>2026-08-09T22:12:13Z</time>
      </trkpt>
      <trkpt lat="46.132904989644885" lon="11.076736003160477">
        <ele>221.69359700000001</ele>
        <time>2026-08-09T22:12:38Z</time>
      </trkpt>
      <trkpt lat="46.132740033790469" lon="11.076822001487017">
        <ele>222.19193100000001</ele>
        <time>2026-08-09T22:12:47Z</time>
      </trkpt>
      <trkpt lat="46.132468963041902" lon="11.077212011441588">
        <ele>223.279122</ele>
        <time>2026-08-09T22:13:07Z</time>
      </trkpt>
      <trkpt lat="46.132370978593826" lon="11.077275965362787">
        <ele>223.50567000000001</ele>
        <time>2026-08-09T22:13:12Z</time>
      </trkpt>
      <trkpt lat="46.132054980844259" lon="11.07734696008265">
        <ele>223.985466</ele>
        <time>2026-08-09T22:13:28Z</time>
      </trkpt>
      <trkpt lat="46.131159961223602" lon="11.077724983915687">
        <ele>225.384536</ele>
        <time>2026-08-09T22:14:07Z</time>
      </trkpt>
      <trkpt lat="46.130888974294066" lon="11.077778041362762">
        <ele>225.794825</ele>
        <time>2026-08-09T22:14:18Z</time>
      </trkpt>
      <trkpt lat="46.129270009696484" lon="11.078966008499265">
        <ele>223.14279199999999</ele>
        <time>2026-08-09T22:15:11Z</time>
      </trkpt>
      <trkpt lat="46.127746012061834" lon="11.079776035621762">
        <ele>219.404461</ele>
        <time>2026-08-09T22:15:57Z</time>
      </trkpt>
      <trkpt lat="46.126992981880903" lon="11.080137966200709">
        <ele>218.202383</ele>
        <time>2026-08-09T22:16:20Z</time>
      </trkpt>
      <trkpt lat="46.126539018005133" lon="11.080462010577321">
        <ele>217.81201200000001</ele>
        <time>2026-08-09T22:16:35Z</time>
      </trkpt>
      <trkpt lat="46.124823996797204" lon="11.081100963056087">
        <ele>218.399461</ele>
        <time>2026-08-09T22:17:39Z</time>
      </trkpt>
      <trkpt lat="46.123642986640334" lon="11.08164201490581">
        <ele>219.33305100000001</ele>
        <time>2026-08-09T22:18:35Z</time>
      </trkpt>
      <trkpt lat="46.122872019186616" lon="11.081920964643359">
        <ele>218.599602</ele>
        <time>2026-08-09T22:19:02Z</time>
      </trkpt>
      <trkpt lat="46.122372038662434" lon="11.082357997074723">
        <ele>218.060193</ele>
        <time>2026-08-09T22:19:19Z</time>
      </trkpt>
      <trkpt lat="46.121589001268148" lon="11.082526976242661">
        <ele>213.72930500000001</ele>
        <time>2026-08-09T22:19:38Z</time>
      </trkpt>
      <trkpt lat="46.1211649607867" lon="11.082523036748171">
        <ele>211.203205</ele>
        <time>2026-08-09T22:19:49Z</time>
      </trkpt>
      <trkpt lat="46.120891040191054" lon="11.082728980109096">
        <ele>209.36245400000001</ele>
        <time>2026-08-09T22:19:56Z</time>
      </trkpt>
      <trkpt lat="46.119968025013804" lon="11.08325301669538">
        <ele>205.196788</ele>
        <time>2026-08-09T22:20:22Z</time>
      </trkpt>
      <trkpt lat="46.119564017280936" lon="11.083441022783518">
        <ele>203.82197300000001</ele>
        <time>2026-08-09T22:20:34Z</time>
      </trkpt>
      <trkpt lat="46.118850968778133" lon="11.083772024139762">
        <ele>201.42956699999999</ele>
        <time>2026-08-09T22:20:44Z</time>
      </trkpt>
      <trkpt lat="46.118141021579504" lon="11.084039993584156">
        <ele>200.56894500000001</ele>
        <time>2026-08-09T22:20:55Z</time>
      </trkpt>
      <trkpt lat="46.115996008738875" lon="11.084697972983122">
        <ele>198.74024600000001</ele>
        <time>2026-08-09T22:21:28Z</time>
      </trkpt>
      <trkpt lat="46.11557599157095" lon="11.084848009049892">
        <ele>198.513744</ele>
        <time>2026-08-09T22:21:35Z</time>
      </trkpt>
      <trkpt lat="46.112644001841545" lon="11.085696006193757">
        <ele>198.38788700000001</ele>
        <time>2026-08-09T22:22:29Z</time>
      </trkpt>
      <trkpt lat="46.109778983518481" lon="11.086508966982365">
        <ele>197.34777800000001</ele>
        <time>2026-08-09T22:23:13Z</time>
      </trkpt>
      <trkpt lat="46.109095020219684" lon="11.086703008040786">
        <ele>198.279922</ele>
        <time>2026-08-09T22:23:27Z</time>
      </trkpt>
      <trkpt lat="46.107445964589715" lon="11.087182033807039">
        <ele>201.626758</ele>
        <time>2026-08-09T22:24:18Z</time>
      </trkpt>
      <trkpt lat="46.107118986546993" lon="11.08726903796196">
        <ele>202.48929100000001</ele>
        <time>2026-08-09T22:24:28Z</time>
      </trkpt>
      <trkpt lat="46.10693802125752" lon="11.08731597661972">
        <ele>202.96634399999999</ele>
        <time>2026-08-09T22:24:34Z</time>
      </trkpt>
      <trkpt lat="46.106395041570067" lon="11.087322011590004">
        <ele>204.188447</ele>
        <time>2026-08-09T22:24:49Z</time>
      </trkpt>
      <trkpt lat="46.105632036924362" lon="11.087629962712526">
        <ele>205.142135</ele>
        <time>2026-08-09T22:25:09Z</time>
      </trkpt>
      <trkpt lat="46.104470975697041" lon="11.088150981813669">
        <ele>206.59217899999999</ele>
        <time>2026-08-09T22:25:37Z</time>
      </trkpt>
      <trkpt lat="46.103492975234985" lon="11.088477959856391">
        <ele>207.76117300000001</ele>
        <time>2026-08-09T22:26:05Z</time>
      </trkpt>
      <trkpt lat="46.103219976648688" lon="11.088500004261732">
        <ele>208.07955200000001</ele>
        <time>2026-08-09T22:26:12Z</time>
      </trkpt>
      <trkpt lat="46.102949995547533" lon="11.088573010638356">
        <ele>208.31437299999999</ele>
        <time>2026-08-09T22:26:18Z</time>
      </trkpt>
      <trkpt lat="46.102334009483457" lon="11.088909041136503">
        <ele>208.50445999999999</ele>
        <time>2026-08-09T22:26:31Z</time>
      </trkpt>
      <trkpt lat="46.101865964010358" lon="11.089238030835986">
        <ele>208.654731</ele>
        <time>2026-08-09T22:26:42Z</time>
      </trkpt>
      <trkpt lat="46.101659014821053" lon="11.089341966435313">
        <ele>208.71799899999999</ele>
        <time>2026-08-09T22:26:46Z</time>
      </trkpt>
      <trkpt lat="46.099626990035176" lon="11.090227011591196">
        <ele>209.002769</ele>
        <time>2026-08-09T22:27:32Z</time>
      </trkpt>
      <trkpt lat="46.098697017878294" lon="11.090566981583834">
        <ele>206.64602300000001</ele>
        <time>2026-08-09T22:27:48Z</time>
      </trkpt>
      <trkpt lat="46.098397029563785" lon="11.09064401127398">
        <ele>205.89751200000001</ele>
        <time>2026-08-09T22:27:53Z</time>
      </trkpt>
      <trkpt lat="46.097757993265986" lon="11.090625990182161">
        <ele>203.77931799999999</ele>
        <time>2026-08-09T22:28:02Z</time>
      </trkpt>
      <trkpt lat="46.097654979676008" lon="11.090649962425232">
        <ele>203.06722099999999</ele>
        <time>2026-08-09T22:28:03Z</time>
      </trkpt>
      <trkpt lat="46.097325989976525" lon="11.09096797183156">
        <ele>200.36407</ele>
        <time>2026-08-09T22:28:07Z</time>
      </trkpt>
      <trkpt lat="46.097141001373529" lon="11.091105015948415">
        <ele>198.94468800000001</ele>
        <time>2026-08-09T22:28:10Z</time>
      </trkpt>
      <trkpt lat="46.096164006739855" lon="11.091502988710999">
        <ele>192.17982699999999</ele>
        <time>2026-08-09T22:28:21Z</time>
      </trkpt>
      <trkpt lat="46.095770979300141" lon="11.091711027547717">
        <ele>190.68476100000001</ele>
        <time>2026-08-09T22:28:25Z</time>
      </trkpt>
      <trkpt lat="46.095709959045053" lon="11.091743968427181">
        <ele>190.45208600000001</ele>
        <time>2026-08-09T22:28:26Z</time>
      </trkpt>
      <trkpt lat="46.095262030139565" lon="11.092086033895612">
        <ele>188.64178200000001</ele>
        <time>2026-08-09T22:28:32Z</time>
      </trkpt>
      <trkpt lat="46.09368103556335" lon="11.093404004350305">
        <ele>187.318299</ele>
        <time>2026-08-09T22:29:05Z</time>
      </trkpt>
      <trkpt lat="46.093067983165383" lon="11.093883030116558">
        <ele>188.21980099999999</ele>
        <time>2026-08-09T22:29:27Z</time>
      </trkpt>
      <trkpt lat="46.092405980452895" lon="11.094328025355935">
        <ele>189.04236800000001</ele>
        <time>2026-08-09T22:29:47Z</time>
      </trkpt>
      <trkpt lat="46.090121995657682" lon="11.095915976911783">
        <ele>190.63631599999999</ele>
        <time>2026-08-09T22:30:33Z</time>
      </trkpt>
      <trkpt lat="46.089290007948875" lon="11.096491981297731">
        <ele>190.96603500000001</ele>
        <time>2026-08-09T22:30:51Z</time>
      </trkpt>
      <trkpt lat="46.088498001918197" lon="11.097092963755131">
        <ele>191.34666300000001</ele>
        <time>2026-08-09T22:31:08Z</time>
      </trkpt>
      <trkpt lat="46.087857037782669" lon="11.097655976191163">
        <ele>191.46826999999999</ele>
        <time>2026-08-09T22:31:21Z</time>
      </trkpt>
      <trkpt lat="46.087095038965344" lon="11.098430966958404">
        <ele>191.41084000000001</ele>
        <time>2026-08-09T22:31:37Z</time>
      </trkpt>
      <trkpt lat="46.086129024624825" lon="11.099576018750668">
        <ele>191.23093299999999</ele>
        <time>2026-08-09T22:31:57Z</time>
      </trkpt>
      <trkpt lat="46.085511026903987" lon="11.100452011451125">
        <ele>191.064718</ele>
        <time>2026-08-09T22:32:12Z</time>
      </trkpt>
      <trkpt lat="46.084927981719375" lon="11.101379971951246">
        <ele>191.053405</ele>
        <time>2026-08-09T22:32:27Z</time>
      </trkpt>
      <trkpt lat="46.084230020642281" lon="11.102702971547842">
        <ele>191.077472</ele>
        <time>2026-08-09T22:32:47Z</time>
      </trkpt>
      <trkpt lat="46.083534993231297" lon="11.104150023311377">
        <ele>191.087233</ele>
        <time>2026-08-09T22:33:08Z</time>
      </trkpt>
      <trkpt lat="46.083509009331465" lon="11.104196039959788">
        <ele>191.08756199999999</ele>
        <time>2026-08-09T22:33:08Z</time>
      </trkpt>
      <trkpt lat="46.083463998511434" lon="11.104262005537748">
        <ele>191.088076</ele>
        <time>2026-08-09T22:33:10Z</time>
      </trkpt>
      <trkpt lat="46.083239028230309" lon="11.10458898358047">
        <ele>191.09063</ele>
        <time>2026-08-09T22:33:15Z</time>
      </trkpt>
      <trkpt lat="46.083077006042004" lon="11.104928031563759">
        <ele>191.04585299999999</ele>
        <time>2026-08-09T22:33:20Z</time>
      </trkpt>
      <trkpt lat="46.082846000790596" lon="11.105408985167742">
        <ele>190.95963900000001</ele>
        <time>2026-08-09T22:33:27Z</time>
      </trkpt>
      <trkpt lat="46.082470994442701" lon="11.106336023658514">
        <ele>190.80149800000001</ele>
        <time>2026-08-09T22:33:39Z</time>
      </trkpt>
      <trkpt lat="46.080992007628083" lon="11.109385024756193">
        <ele>190.29295200000001</ele>
        <time>2026-08-09T22:34:21Z</time>
      </trkpt>
      <trkpt lat="46.080493032932281" lon="11.110374005511403">
        <ele>190.27476100000001</ele>
        <time>2026-08-09T22:34:36Z</time>
      </trkpt>
      <trkpt lat="46.080393036827445" lon="11.110571986064315">
        <ele>190.271118</ele>
        <time>2026-08-09T22:34:39Z</time>
      </trkpt>
      <trkpt lat="46.080385996028781" lon="11.11073199659586">
        <ele>190.26873399999999</ele>
        <time>2026-08-09T22:34:43Z</time>
      </trkpt>
      <trkpt lat="46.080305026844144" lon="11.111025027930737">
        <ele>190.26404199999999</ele>
        <time>2026-08-09T22:34:50Z</time>
      </trkpt>
      <trkpt lat="46.080153984948993" lon="11.111358962953091">
        <ele>190.281721</ele>
        <time>2026-08-09T22:35:00Z</time>
      </trkpt>
      <trkpt lat="46.079765986651182" lon="11.112054996192455">
        <ele>190.35289499999999</ele>
        <time>2026-08-09T22:35:21Z</time>
      </trkpt>
      <trkpt lat="46.079579992219806" lon="11.11212900839746">
        <ele>190.375067</ele>
        <time>2026-08-09T22:35:27Z</time>
      </trkpt>
      <trkpt lat="46.079431967809796" lon="11.112176030874252">
        <ele>190.392482</ele>
        <time>2026-08-09T22:35:30Z</time>
      </trkpt>
      <trkpt lat="46.079273968935013" lon="11.112137977033854">
        <ele>190.410889</ele>
        <time>2026-08-09T22:35:33Z</time>
      </trkpt>
      <trkpt lat="46.07903097756207" lon="11.111963968724012">
        <ele>190.44206800000001</ele>
        <time>2026-08-09T22:35:38Z</time>
      </trkpt>
      <trkpt lat="46.079027038067579" lon="11.111962040886283">
        <ele>190.442554</ele>
        <time>2026-08-09T22:35:38Z</time>
      </trkpt>
      <trkpt lat="46.079025026410818" lon="11.111973021179438">
        <ele>190.44346100000001</ele>
        <time>2026-08-09T22:35:38Z</time>
      </trkpt>
      <trkpt lat="46.078968029469252" lon="11.111945025622845">
        <ele>190.45038099999999</ele>
        <time>2026-08-09T22:35:39Z</time>
      </trkpt>
      <trkpt lat="46.078914972022176" lon="11.111919963732362">
        <ele>190.45678899999999</ele>
        <time>2026-08-09T22:35:40Z</time>
      </trkpt>
      <trkpt lat="46.078865015879273" lon="11.111899008974433">
        <ele>190.462773</ele>
        <time>2026-08-09T22:35:41Z</time>
      </trkpt>
      <trkpt lat="46.078818999230862" lon="11.111881993710995">
        <ele>190.46823000000001</ele>
        <time>2026-08-09T22:35:42Z</time>
      </trkpt>
      <trkpt lat="46.078769965097308" lon="11.111861038953066">
        <ele>190.47656699999999</ele>
        <time>2026-08-09T22:35:43Z</time>
      </trkpt>
      <trkpt lat="46.078711962327361" lon="11.111834971234202">
        <ele>190.48661899999999</ele>
        <time>2026-08-09T22:35:45Z</time>
      </trkpt>
      <trkpt lat="46.078667035326362" lon="11.111808987334371">
        <ele>190.494643</ele>
        <time>2026-08-09T22:35:46Z</time>
      </trkpt>
      <trkpt lat="46.078627975657582" lon="11.111789038404822">
        <ele>190.50149400000001</ele>
        <time>2026-08-09T22:35:47Z</time>
      </trkpt>
      <trkpt lat="46.078601991757751" lon="11.111776968464255">
        <ele>190.506012</ele>
        <time>2026-08-09T22:35:47Z</time>
      </trkpt>
      <trkpt lat="46.078575002029538" lon="11.111777974292636">
        <ele>190.510482</ele>
        <time>2026-08-09T22:35:48Z</time>
      </trkpt>
      <trkpt lat="46.078555975109339" lon="11.111792977899313">
        <ele>190.51406800000001</ele>
        <time>2026-08-09T22:35:48Z</time>
      </trkpt>
      <trkpt lat="46.078552035614848" lon="11.111813010647893">
        <ele>190.516457</ele>
        <time>2026-08-09T22:35:49Z</time>
      </trkpt>
      <trkpt lat="46.078552035614848" lon="11.111834971234202">
        <ele>190.51898299999999</ele>
        <time>2026-08-09T22:35:49Z</time>
      </trkpt>
      <trkpt lat="46.078555975109339" lon="11.111859027296305">
        <ele>190.521817</ele>
        <time>2026-08-09T22:35:49Z</time>
      </trkpt>
      <trkpt lat="46.078548012301326" lon="11.11189397983253">
        <ele>190.526048</ele>
        <time>2026-08-09T22:35:50Z</time>
      </trkpt>
      <trkpt lat="46.078533008694649" lon="11.111932033672929">
        <ele>190.53106700000001</ele>
        <time>2026-08-09T22:35:51Z</time>
      </trkpt>
      <trkpt lat="46.078500486910343" lon="11.112365378066897">
        <ele>190.59841399999999</ele>
        <time>2026-08-09T22:35:59Z</time>
      </trkpt>
      <trkpt lat="46.07846268452704" lon="11.112455986440182">
        <ele>190.60351800000001</ele>
        <time>2026-08-09T22:36:00Z</time>
      </trkpt>
      <trkpt lat="46.078280964866281" lon="11.112483981996775">
        <ele>190.607696</ele>
        <time>2026-08-09T22:36:00Z</time>
      </trkpt>
      <trkpt lat="46.078247018158436" lon="11.112481970340014">
        <ele>190.613328</ele>
        <time>2026-08-09T22:36:01Z</time>
      </trkpt>
      <trkpt lat="46.078208964318037" lon="11.112478030845523">
        <ele>190.61963299999999</ele>
        <time>2026-08-09T22:36:02Z</time>
      </trkpt>
      <trkpt lat="46.07817099429667" lon="11.112474007532001">
        <ele>190.62593899999999</ele>
        <time>2026-08-09T22:36:03Z</time>
      </trkpt>
      <trkpt lat="46.078136041760445" lon="11.112471995875239">
        <ele>190.63173699999999</ele>
        <time>2026-08-09T22:36:04Z</time>
      </trkpt>
      <trkpt lat="46.078091030940413" lon="11.112475013360381">
        <ele>190.63919200000001</ele>
        <time>2026-08-09T22:36:04Z</time>
      </trkpt>
      <trkpt lat="46.078049037605524" lon="11.112480964511633">
        <ele>190.64617799999999</ele>
        <time>2026-08-09T22:36:05Z</time>
      </trkpt>
      <trkpt lat="46.078006960451603" lon="11.1124930344522">
        <ele>190.65326400000001</ele>
        <time>2026-08-09T22:36:06Z</time>
      </trkpt>
      <trkpt lat="46.077964967116714" lon="11.112512983381748">
        <ele>190.660585</ele>
        <time>2026-08-09T22:36:07Z</time>
      </trkpt>
      <trkpt lat="46.077966978773475" lon="11.112526981160045">
        <ele>190.662226</ele>
        <time>2026-08-09T22:36:07Z</time>
      </trkpt>
      <trkpt lat="46.07780403457582" lon="11.112588001415133">
        <ele>190.69009700000001</ele>
        <time>2026-08-09T22:36:11Z</time>
      </trkpt>
      <trkpt lat="46.077542016282678" lon="11.112781036645174">
        <ele>190.73879299999999</ele>
        <time>2026-08-09T22:36:16Z</time>
      </trkpt>
      <trkpt lat="46.077286032959819" lon="11.113025033846498">
        <ele>190.714787</ele>
        <time>2026-08-09T22:36:22Z</time>
      </trkpt>
      <trkpt lat="46.077253008261323" lon="11.113192001357675">
        <ele>190.67096900000001</ele>
        <time>2026-08-09T22:36:24Z</time>
      </trkpt>
      <trkpt lat="46.077223001047969" lon="11.113622998818755">
        <ele>190.561665</ele>
        <time>2026-08-09T22:36:28Z</time>
      </trkpt>
      <trkpt lat="46.07722501270473" lon="11.113860961049795">
        <ele>190.50160399999999</ele>
        <time>2026-08-09T22:36:30Z</time>
      </trkpt>
      <trkpt lat="46.077223001047969" lon="11.113937990739942">
        <ele>190.48215999999999</ele>
        <time>2026-08-09T22:36:31Z</time>
      </trkpt>
      <trkpt lat="46.077174972742796" lon="11.114391032606363">
        <ele>190.366524</ele>
        <time>2026-08-09T22:36:36Z</time>
      </trkpt>
      <trkpt lat="46.077156029641628" lon="11.114476025104523">
        <ele>190.34398899999999</ele>
        <time>2026-08-09T22:36:37Z</time>
      </trkpt>
      <trkpt lat="46.077119987457991" lon="11.114499997347593">
        <ele>190.32956100000001</ele>
        <time>2026-08-09T22:36:37Z</time>
      </trkpt>
      <trkpt lat="46.077138008549809" lon="11.114560011774302">
        <ele>190.31306499999999</ele>
        <time>2026-08-09T22:36:38Z</time>
      </trkpt>
      <trkpt lat="46.077162986621261" lon="11.114660007879138">
        <ele>190.28624300000001</ele>
        <time>2026-08-09T22:36:39Z</time>
      </trkpt>
      <trkpt lat="46.077175978571177" lon="11.114699989557266">
        <ele>190.27509599999999</ele>
        <time>2026-08-09T22:36:40Z</time>
      </trkpt>
      <trkpt lat="46.077192993834615" lon="11.114761009812355">
        <ele>190.25850800000001</ele>
        <time>2026-08-09T22:36:40Z</time>
      </trkpt>
      <trkpt lat="46.077475966885686" lon="11.115660974755883">
        <ele>190.70920100000001</ele>
        <time>2026-08-09T22:36:55Z</time>
      </trkpt>
      <trkpt lat="46.077491976320744" lon="11.11575803719461">
        <ele>190.85545099999999</ele>
        <time>2026-08-09T22:36:56Z</time>
      </trkpt>
      <trkpt lat="46.077450988814235" lon="11.115901032462716">
        <ele>191.08241699999999</ele>
        <time>2026-08-09T22:36:59Z</time>
      </trkpt>
      <trkpt lat="46.077350992709398" lon="11.115974960848689">
        <ele>191.32010399999999</ele>
        <time>2026-08-09T22:37:02Z</time>
      </trkpt>
      <trkpt lat="46.077373037114739" lon="11.116056013852358">
        <ele>191.447699</ele>
        <time>2026-08-09T22:37:03Z</time>
      </trkpt>
      <trkpt lat="46.077383011579514" lon="11.116091972216964">
        <ele>191.504582</ele>
        <time>2026-08-09T22:37:04Z</time>
      </trkpt>
      <trkpt lat="46.077474961057305" lon="11.116174031049013">
        <ele>191.73330000000001</ele>
        <time>2026-08-09T22:37:08Z</time>
      </trkpt>
      <trkpt lat="46.07746004126966" lon="11.116287019103765">
        <ele>191.90205900000001</ele>
        <time>2026-08-09T22:37:10Z</time>
      </trkpt>
      <trkpt lat="46.077417964115739" lon="11.116476031020284">
        <ele>192.19316699999999</ele>
        <time>2026-08-09T22:37:15Z</time>
      </trkpt>
      <trkpt lat="46.077382005751133" lon="11.116639981046319">
        <ele>192.44548399999999</ele>
        <time>2026-08-09T22:37:18Z</time>
      </trkpt>
      <trkpt lat="46.077312016859651" lon="11.116956984624267">
        <ele>192.933459</ele>
        <time>2026-08-09T22:37:26Z</time>
      </trkpt>
      <trkpt lat="46.077300030738115" lon="11.11700601875782">
        <ele>193.009682</ele>
        <time>2026-08-09T22:37:27Z</time>
      </trkpt>
      <trkpt lat="46.077293995767832" lon="11.117036025971174">
        <ele>193.05547899999999</ele>
        <time>2026-08-09T22:37:27Z</time>
      </trkpt>
      <trkpt lat="46.077196011319757" lon="11.117460988461971">
        <ele>193.712422</ele>
        <time>2026-08-09T22:37:37Z</time>
      </trkpt>
      <trkpt lat="46.077186958864331" lon="11.117498958483338">
        <ele>193.771321</ele>
        <time>2026-08-09T22:37:38Z</time>
      </trkpt>
      <trkpt lat="46.077180001884699" lon="11.117529971525073">
        <ele>193.819141</ele>
        <time>2026-08-09T22:37:38Z</time>
      </trkpt>
      <trkpt lat="46.077159969136119" lon="11.117619993165135">
        <ele>193.92058399999999</ele>
        <time>2026-08-09T22:37:40Z</time>
      </trkpt>
      <trkpt lat="46.077078999951482" lon="11.117975972592831">
        <ele>193.98991100000001</ele>
        <time>2026-08-09T22:37:47Z</time>
      </trkpt>
      <trkpt lat="46.077067013829947" lon="11.118029030039907">
        <ele>194.00022799999999</ele>
        <time>2026-08-09T22:37:48Z</time>
      </trkpt>
      <trkpt lat="46.077052010223269" lon="11.118096001446247">
        <ele>194.01325499999999</ele>
        <time>2026-08-09T22:37:49Z</time>
      </trkpt>
      <trkpt lat="46.077038012444973" lon="11.118159033358097">
        <ele>194.025496</ele>
        <time>2026-08-09T22:37:50Z</time>
      </trkpt>
      <trkpt lat="46.076966011896729" lon="11.118481988087296">
        <ele>194.08827400000001</ele>
        <time>2026-08-09T22:37:55Z</time>
      </trkpt>
      <trkpt lat="46.076939022168517" lon="11.118606962263584">
        <ele>194.11250000000001</ele>
        <time>2026-08-09T22:37:56Z</time>
      </trkpt>
      <trkpt lat="46.076931981369853" lon="11.118634035810828">
        <ele>194.11783399999999</ele>
        <time>2026-08-09T22:37:57Z</time>
      </trkpt>
      <trkpt lat="46.076925024390221" lon="11.118669994175434">
        <ele>194.124752</ele>
        <time>2026-08-09T22:37:57Z</time>
      </trkpt>
      <trkpt lat="46.076893005520105" lon="11.118812989443541">
        <ele>194.15255500000001</ele>
        <time>2026-08-09T22:37:59Z</time>
      </trkpt>
      <trkpt lat="46.076814970001578" lon="11.119173998013139">
        <ele>194.222521</ele>
        <time>2026-08-09T22:38:03Z</time>
      </trkpt>
      <trkpt lat="46.076729977503419" lon="11.119569037109613">
        <ele>194.299048</ele>
        <time>2026-08-09T22:38:07Z</time>
      </trkpt>
      <trkpt lat="46.076775994151831" lon="11.119588986039162">
        <ele>194.31186500000001</ele>
        <time>2026-08-09T22:38:08Z</time>
      </trkpt>
      <trkpt lat="46.076741963624954" lon="11.119740027934313">
        <ele>194.341241</ele>
        <time>2026-08-09T22:38:10Z</time>
      </trkpt>
      <trkpt lat="46.076707011088729" lon="11.119892997667193">
        <ele>194.37105199999999</ele>
        <time>2026-08-09T22:38:11Z</time>
      </trkpt>
      <trkpt lat="46.076642973348498" lon="11.120182005688548">
        <ele>194.33235500000001</ele>
        <time>2026-08-09T22:38:15Z</time>
      </trkpt>
      <trkpt lat="46.076535014435649" lon="11.120668994262815">
        <ele>194.148213</ele>
        <time>2026-08-09T22:38:20Z</time>
      </trkpt>
      <trkpt lat="46.076519005000591" lon="11.120743006467819">
        <ele>194.12029699999999</ele>
        <time>2026-08-09T22:38:21Z</time>
      </trkpt>
      <trkpt lat="46.076492015272379" lon="11.120864963158965">
        <ele>194.074175</ele>
        <time>2026-08-09T22:38:22Z</time>
      </trkpt>
      <trkpt lat="46.076384978368878" lon="11.12136997282505">
        <ele>193.88399999999999</ele>
        <time>2026-08-09T22:38:28Z</time>
      </trkpt>
      <trkpt lat="46.076377015560865" lon="11.121408026665449">
        <ele>193.869697</ele>
        <time>2026-08-09T22:38:28Z</time>
      </trkpt>
      <trkpt lat="46.076289005577564" lon="11.121835000813007">
        <ele>193.70926600000001</ele>
        <time>2026-08-09T22:38:33Z</time>
      </trkpt>
      <trkpt lat="46.076239971444011" lon="11.122026024386287">
        <ele>193.63592199999999</ele>
        <time>2026-08-09T22:38:35Z</time>
      </trkpt>
      <trkpt lat="46.076124971732497" lon="11.122283013537526">
        <ele>193.52577400000001</ele>
        <time>2026-08-09T22:38:39Z</time>
      </trkpt>
      <trkpt lat="46.075996980071068" lon="11.122462972998619">
        <ele>193.46665300000001</ele>
        <time>2026-08-09T22:38:42Z</time>
      </trkpt>
      <trkpt lat="46.075858008116484" lon="11.122617032378912">
        <ele>193.48433499999999</ele>
        <time>2026-08-09T22:38:45Z</time>
      </trkpt>
      <trkpt lat="46.075823977589607" lon="11.122664976865053">
        <ele>193.489135</ele>
        <time>2026-08-09T22:38:46Z</time>
      </trkpt>
      <trkpt lat="46.075748037546873" lon="11.12278500571847">
        <ele>193.50050400000001</ele>
        <time>2026-08-09T22:38:48Z</time>
      </trkpt>
      <trkpt lat="46.075693974271417" lon="11.122874021530151">
        <ele>193.50877700000001</ele>
        <time>2026-08-09T22:38:50Z</time>
      </trkpt>
      <trkpt lat="46.075344029814005" lon="11.123423036187887">
        <ele>193.560948</ele>
        <time>2026-08-09T22:38:59Z</time>
      </trkpt>
      <trkpt lat="46.075231041759253" lon="11.1236019898206">
        <ele>193.57788199999999</ele>
        <time>2026-08-09T22:39:02Z</time>
      </trkpt>
      <trkpt lat="46.075178990140557" lon="11.123570976778865">
        <ele>193.58355800000001</ele>
        <time>2026-08-09T22:39:03Z</time>
      </trkpt>
      <trkpt lat="46.075109001249075" lon="11.123527977615595">
        <ele>193.59123299999999</ele>
        <time>2026-08-09T22:39:04Z</time>
      </trkpt>
      <trkpt lat="46.074666017666459" lon="11.123231006786227">
        <ele>193.640511</ele>
        <time>2026-08-09T22:39:12Z</time>
      </trkpt>
      <trkpt lat="46.074509024620056" lon="11.123118018731475">
        <ele>193.74042399999999</ele>
        <time>2026-08-09T22:39:16Z</time>
      </trkpt>
      <trkpt lat="46.074450016021729" lon="11.123076025396585">
        <ele>193.78197800000001</ele>
        <time>2026-08-09T22:39:17Z</time>
      </trkpt>
      <trkpt lat="46.07436996884644" lon="11.123012993484735">
        <ele>193.83954499999999</ele>
        <time>2026-08-09T22:39:19Z</time>
      </trkpt>
      <trkpt lat="46.07432696968317" lon="11.12297996878624">
        <ele>193.87030899999999</ele>
        <time>2026-08-09T22:39:20Z</time>
      </trkpt>
      <trkpt lat="46.074296040460467" lon="11.122955996543169">
        <ele>193.89252999999999</ele>
        <time>2026-08-09T22:39:20Z</time>
      </trkpt>
      <trkpt lat="46.07421800494194" lon="11.122903022915125">
        <ele>193.94698500000001</ele>
        <time>2026-08-09T22:39:22Z</time>
      </trkpt>
      <trkpt lat="46.073147971183062" lon="11.122213024646044">
        <ele>194.68722399999999</ele>
        <time>2026-08-09T22:39:47Z</time>
      </trkpt>
      <trkpt lat="46.073073958978057" lon="11.12216399051249">
        <ele>194.73865000000001</ele>
        <time>2026-08-09T22:39:49Z</time>
      </trkpt>
      <trkpt lat="46.073024002835155" lon="11.122130965813994">
        <ele>194.77337700000001</ele>
        <time>2026-08-09T22:39:50Z</time>
      </trkpt>
      <trkpt lat="46.073005981743336" lon="11.12211998552084">
        <ele>194.78139899999999</ele>
        <time>2026-08-09T22:39:50Z</time>
      </trkpt>
      <trkpt lat="46.072694007307291" lon="11.121909013018012">
        <ele>194.870025</ele>
        <time>2026-08-09T22:39:56Z</time>
      </trkpt>
      <trkpt lat="46.072658970952034" lon="11.12188596278429">
        <ele>194.87991700000001</ele>
        <time>2026-08-09T22:39:57Z</time>
      </trkpt>
      <trkpt lat="46.072269966825843" lon="11.121637020260096">
        <ele>194.989373</ele>
        <time>2026-08-09T22:40:04Z</time>
      </trkpt>
      <trkpt lat="46.072080032899976" lon="11.121511962264776">
        <ele>195.043082</ele>
        <time>2026-08-09T22:40:08Z</time>
      </trkpt>
      <trkpt lat="46.072032004594803" lon="11.121451025828719">
        <ele>195.059538</ele>
        <time>2026-08-09T22:40:10Z</time>
      </trkpt>
      <trkpt lat="46.071931002661586" lon="11.121350023895502">
        <ele>195.09115</ele>
        <time>2026-08-09T22:40:12Z</time>
      </trkpt>
      <trkpt lat="46.071882974356413" lon="11.12128296867013">
        <ele>195.10833299999999</ele>
        <time>2026-08-09T22:40:14Z</time>
      </trkpt>
      <trkpt lat="46.071652974933386" lon="11.121121030300856">
        <ele>195.17416399999999</ele>
        <time>2026-08-09T22:40:19Z</time>
      </trkpt>
      <trkpt lat="46.071582986041903" lon="11.121079036965966">
        <ele>195.19366299999999</ele>
        <time>2026-08-09T22:40:21Z</time>
      </trkpt>
      <trkpt lat="46.071448037400842" lon="11.121026985347271">
        <ele>195.22959800000001</ele>
        <time>2026-08-09T22:40:24Z</time>
      </trkpt>
      <trkpt lat="46.071404032409191" lon="11.121137039735913">
        <ele>195.34167400000001</ele>
        <time>2026-08-09T22:40:26Z</time>
      </trkpt>
      <trkpt lat="46.070992983877659" lon="11.121241981163621">
        <ele>196.299924</ele>
        <time>2026-08-09T22:40:37Z</time>
      </trkpt>
      <trkpt lat="46.070873960852623" lon="11.121293026953936">
        <ele>196.584936</ele>
        <time>2026-08-09T22:40:41Z</time>
      </trkpt>
      <trkpt lat="46.07084303162992" lon="11.121321022510529">
        <ele>196.66892200000001</ele>
        <time>2026-08-09T22:40:43Z</time>
      </trkpt>
      <trkpt lat="46.07060800306499" lon="11.121381036937237">
        <ele>197.21681699999999</ele>
        <time>2026-08-09T22:40:51Z</time>
      </trkpt>
      <trkpt lat="46.070542959496379" lon="11.121400985866785">
        <ele>197.36940100000001</ele>
        <time>2026-08-09T22:40:54Z</time>
      </trkpt>
      <trkpt lat="46.070389989763498" lon="11.121449014171958">
        <ele>197.728871</ele>
        <time>2026-08-09T22:40:59Z</time>
      </trkpt>
      <trkpt lat="46.070331986993551" lon="11.121443985030055">
        <ele>197.86226199999999</ele>
        <time>2026-08-09T22:41:01Z</time>
      </trkpt>
      <trkpt lat="46.070265015587211" lon="11.121463011950254">
        <ele>198.019024</ele>
        <time>2026-08-09T22:41:03Z</time>
      </trkpt>
      <trkpt lat="46.070215981453657" lon="11.12147600390017">
        <ele>198.13340500000001</ele>
        <time>2026-08-09T22:41:05Z</time>
      </trkpt>
      <trkpt lat="46.070183962583542" lon="11.121513973921537">
        <ele>198.228588</ele>
        <time>2026-08-09T22:41:06Z</time>
      </trkpt>
      <trkpt lat="46.070063011720777" lon="11.121544986963272">
        <ele>198.51072600000001</ele>
        <time>2026-08-09T22:41:11Z</time>
      </trkpt>
      <trkpt lat="46.069803005084395" lon="11.121612964197993">
        <ele>199.11736200000001</ele>
        <time>2026-08-09T22:41:21Z</time>
      </trkpt>
      <trkpt lat="46.069751037284732" lon="11.12162696197629">
        <ele>199.23880399999999</ele>
        <time>2026-08-09T22:41:23Z</time>
      </trkpt>
      <trkpt lat="46.069728992879391" lon="11.121632996946573">
        <ele>199.29020700000001</ele>
        <time>2026-08-09T22:41:24Z</time>
      </trkpt>
      <trkpt lat="46.069716000929475" lon="11.121508022770286">
        <ele>199.40223800000001</ele>
        <time>2026-08-09T22:41:27Z</time>
      </trkpt>
      <trkpt lat="46.06968498788774" lon="11.12117500975728">
        <ele>199.54365300000001</ele>
        <time>2026-08-09T22:41:36Z</time>
      </trkpt>
      <trkpt lat="46.069516008719802" lon="11.121183978393674">
        <ele>199.64625100000001</ele>
        <time>2026-08-09T22:41:42Z</time>
      </trkpt>
      <trkpt lat="46.069036982953548" lon="11.121208034455776">
        <ele>199.93702099999999</ele>
        <time>2026-08-09T22:41:57Z</time>
      </trkpt>
      <trkpt lat="46.068935981020331" lon="11.121220020577312">
        <ele>199.998503</ele>
        <time>2026-08-09T22:41:59Z</time>
      </trkpt>
      <trkpt lat="46.068841014057398" lon="11.121232006698847">
        <ele>200.05635699999999</ele>
        <time>2026-08-09T22:42:01Z</time>
      </trkpt>
      <trkpt lat="46.068644961342216" lon="11.121274000033736">
        <ele>200.17657199999999</ele>
        <time>2026-08-09T22:42:04Z</time>
      </trkpt>
      <trkpt lat="46.06843801215291" lon="11.121314987540245">
        <ele>200.30333300000001</ele>
        <time>2026-08-09T22:42:08Z</time>
      </trkpt>
      <trkpt lat="46.068264003843069" lon="11.121354969218373">
        <ele>200.41022799999999</ele>
        <time>2026-08-09T22:42:11Z</time>
      </trkpt>
      <trkpt lat="46.068144980818033" lon="11.121381036937237">
        <ele>200.42295200000001</ele>
        <time>2026-08-09T22:42:14Z</time>
      </trkpt>
      <trkpt lat="46.067738039419055" lon="11.121468963101506">
        <ele>199.98500899999999</ele>
        <time>2026-08-09T22:42:22Z</time>
      </trkpt>
      <trkpt lat="46.067662015557289" lon="11.121486984193325">
        <ele>199.903051</ele>
        <time>2026-08-09T22:42:23Z</time>
      </trkpt>
      <trkpt lat="46.067652963101864" lon="11.121248016133904">
        <ele>199.726339</ele>
        <time>2026-08-09T22:42:27Z</time>
      </trkpt>
      <trkpt lat="46.06730000115931" lon="11.121305013075471">
        <ele>199.348355</ele>
        <time>2026-08-09T22:42:33Z</time>
      </trkpt>
      <trkpt lat="46.067053992301226" lon="11.121123963966966">
        <ele>199.05444499999999</ele>
        <time>2026-08-09T22:42:39Z</time>
      </trkpt>
      <trkpt lat="46.06704100035131" lon="11.121027991175652">
        <ele>198.98222999999999</ele>
        <time>2026-08-09T22:42:40Z</time>
      </trkpt>
      <trkpt lat="46.066996995359659" lon="11.121036959812045">
        <ele>198.93494000000001</ele>
        <time>2026-08-09T22:42:41Z</time>
      </trkpt>
      <trkpt lat="46.066871015354991" lon="11.121049029752612">
        <ele>198.800568</ele>
        <time>2026-08-09T22:42:43Z</time>
      </trkpt>
      <trkpt lat="46.066824998706579" lon="11.120618032291532">
        <ele>198.48841899999999</ele>
        <time>2026-08-09T22:43:05Z</time>
      </trkpt>
      <trkpt lat="46.066781999543309" lon="11.120194997638464">
        <ele>198.21778</ele>
        <time>2026-08-09T22:43:25Z</time>
      </trkpt>
      <trkpt lat="46.066687032580376" lon="11.119135022163391">
        <ele>197.54117199999999</ele>
        <time>2026-08-09T22:43:40Z</time>
      </trkpt>
      <trkpt lat="46.066679991781712" lon="11.119024967774749">
        <ele>197.47124400000001</ele>
        <time>2026-08-09T22:43:41Z</time>
      </trkpt>
      <trkpt lat="46.066668005660176" lon="11.118919020518661">
        <ele>197.40325300000001</ele>
        <time>2026-08-09T22:43:42Z</time>
      </trkpt>
      <trkpt lat="46.066616037860513" lon="11.118927989155054">
        <ele>197.355467</ele>
        <time>2026-08-09T22:43:46Z</time>
      </trkpt>
      <trkpt lat="46.066486034542322" lon="11.11758797429502">
        <ele>195.985277</ele>
        <time>2026-08-09T22:44:04Z</time>
      </trkpt>
      <trkpt lat="46.066455021500587" lon="11.117512034252286">
        <ele>195.859093</ele>
        <time>2026-08-09T22:44:05Z</time>
      </trkpt>
      <trkpt lat="46.066452004015446" lon="11.117443973198533">
        <ele>195.76156800000001</ele>
        <time>2026-08-09T22:44:06Z</time>
      </trkpt>
      <trkpt lat="46.066445969045162" lon="11.117370966821909">
        <ele>195.656353</ele>
        <time>2026-08-09T22:44:07Z</time>
      </trkpt>
      <trkpt lat="46.066455021500587" lon="11.117340959608555">
        <ele>195.60957199999999</ele>
        <time>2026-08-09T22:44:07Z</time>
      </trkpt>
      <trkpt lat="46.066452004015446" lon="11.117294020950794">
        <ele>195.54201699999999</ele>
        <time>2026-08-09T22:44:08Z</time>
      </trkpt>
      <trkpt lat="46.066421996802092" lon="11.116992020979524">
        <ele>195.105357</ele>
        <time>2026-08-09T22:44:11Z</time>
      </trkpt>
      <trkpt lat="46.066423002630472" lon="11.116932006552815">
        <ele>195.01945499999999</ele>
        <time>2026-08-09T22:44:11Z</time>
      </trkpt>
      <trkpt lat="46.066426020115614" lon="11.116852965205908">
        <ele>194.90621300000001</ele>
        <time>2026-08-09T22:44:12Z</time>
      </trkpt>
      <trkpt lat="46.066329963505268" lon="11.115878988057375">
        <ele>193.498131</ele>
        <time>2026-08-09T22:44:21Z</time>
      </trkpt>
      <trkpt lat="46.066285958513618" lon="11.115496018901467">
        <ele>192.99772999999999</ele>
        <time>2026-08-09T22:44:24Z</time>
      </trkpt>
      <trkpt lat="46.066277995705605" lon="11.115422006696463">
        <ele>192.91391200000001</ele>
        <time>2026-08-09T22:44:25Z</time>
      </trkpt>
      <trkpt lat="46.066207000985742" lon="11.114805014804006">
        <ele>192.21395100000001</ele>
        <time>2026-08-09T22:44:31Z</time>
      </trkpt>
      <trkpt lat="46.066180011257529" lon="11.114536039531231">
        <ele>191.90976000000001</ele>
        <time>2026-08-09T22:44:33Z</time>
      </trkpt>
      <trkpt lat="46.066150004044175" lon="11.114435037598014">
        <ele>191.786801</ele>
        <time>2026-08-09T22:44:34Z</time>
      </trkpt>
      <trkpt lat="46.066065011546016" lon="11.114351972937584">
        <ele>191.62118799999999</ele>
        <time>2026-08-09T22:44:36Z</time>
      </trkpt>
      <trkpt lat="46.066084038466215" lon="11.11427896656096">
        <ele>191.533929</ele>
        <time>2026-08-09T22:44:36Z</time>
      </trkpt>
      <trkpt lat="46.066107004880905" lon="11.11419296823442">
        <ele>191.430778</ele>
        <time>2026-08-09T22:44:37Z</time>
      </trkpt>
      <trkpt lat="46.065176026895642" lon="11.113707991316915">
        <ele>190.12828300000001</ele>
        <time>2026-08-09T22:44:53Z</time>
      </trkpt>
      <trkpt lat="46.064722985029221" lon="11.113519985228777">
        <ele>189.85379800000001</ele>
        <time>2026-08-09T22:45:00Z</time>
      </trkpt>
      <trkpt lat="46.063331002369523" lon="11.113025033846498">
        <ele>189.03618900000001</ele>
        <time>2026-08-09T22:45:23Z</time>
      </trkpt>
      <trkpt lat="46.062524998560548" lon="11.112826969474554">
        <ele>188.596011</ele>
        <time>2026-08-09T22:45:35Z</time>
      </trkpt>
      <trkpt lat="46.062269015237689" lon="11.112709036096931">
        <ele>188.451313</ele>
        <time>2026-08-09T22:45:40Z</time>
      </trkpt>
      <trkpt lat="46.062131971120834" lon="11.112738037481904">
        <ele>188.376766</ele>
        <time>2026-08-09T22:45:42Z</time>
      </trkpt>
      <trkpt lat="46.061010975390673" lon="11.112627983093262">
        <ele>187.611491</ele>
        <time>2026-08-09T22:46:00Z</time>
      </trkpt>
      <trkpt lat="46.060989014804363" lon="11.112239984795451">
        <ele>187.42007000000001</ele>
        <time>2026-08-09T22:46:06Z</time>
      </trkpt>
      <trkpt lat="46.06048702262342" lon="11.112221041694283">
        <ele>187.06421399999999</ele>
        <time>2026-08-09T22:46:13Z</time>
      </trkpt>
      <trkpt lat="46.059981007128954" lon="11.112184999510646">
        <ele>186.85490200000001</ele>
        <time>2026-08-09T22:46:20Z</time>
      </trkpt>
      <trkpt lat="46.059542968869209" lon="11.112167984247208">
        <ele>186.69977700000001</ele>
        <time>2026-08-09T22:46:27Z</time>
      </trkpt>
      <trkpt lat="46.059481026604772" lon="11.112165972590446">
        <ele>186.67782099999999</ele>
        <time>2026-08-09T22:46:28Z</time>
      </trkpt>
      <trkpt lat="46.059173997491598" lon="11.112107969820499">
        <ele>186.56820099999999</ele>
        <time>2026-08-09T22:46:33Z</time>
      </trkpt>
      <trkpt lat="46.056523974984884" lon="11.111956005915999">
        <ele>186.81323</ele>
        <time>2026-08-09T22:47:22Z</time>
      </trkpt>
      <trkpt lat="46.053187977522612" lon="11.111717959865928">
        <ele>186.82405800000001</ele>
        <time>2026-08-09T22:48:19Z</time>
      </trkpt>
      <trkpt lat="46.052912967279553" lon="11.111730029806495">
        <ele>186.75992299999999</ele>
        <time>2026-08-09T22:48:24Z</time>
      </trkpt>
      <trkpt lat="46.052661007270217" lon="11.111683007329702">
        <ele>186.70068900000001</ele>
        <time>2026-08-09T22:48:28Z</time>
      </trkpt>
      <trkpt lat="46.052484987303615" lon="11.111573958769441">
        <ele>186.65603300000001</ele>
        <time>2026-08-09T22:48:31Z</time>
      </trkpt>
      <trkpt lat="46.051705973222852" lon="11.111376984044909">
        <ele>186.471665</ele>
        <time>2026-08-09T22:48:44Z</time>
      </trkpt>
      <trkpt lat="46.051373966038227" lon="11.111333984881639">
        <ele>186.409852</ele>
        <time>2026-08-09T22:48:49Z</time>
      </trkpt>
      <trkpt lat="46.050870968028903" lon="11.111332979053259">
        <ele>186.397831</ele>
        <time>2026-08-09T22:48:58Z</time>
      </trkpt>
      <trkpt lat="46.050566034391522" lon="11.111358962953091">
        <ele>186.39052899999999</ele>
        <time>2026-08-09T22:49:03Z</time>
      </trkpt>
      <trkpt lat="46.050161020830274" lon="11.111461976543069">
        <ele>186.38070099999999</ele>
        <time>2026-08-09T22:49:10Z</time>
      </trkpt>
      <trkpt lat="46.049738992005587" lon="11.111615030094981">
        <ele>186.37030100000001</ele>
        <time>2026-08-09T22:49:18Z</time>
      </trkpt>
      <trkpt lat="46.0494430270046" lon="11.111763976514339">
        <ele>186.34941900000001</ele>
        <time>2026-08-09T22:49:23Z</time>
      </trkpt>
      <trkpt lat="46.048927959054708" lon="11.112091038376093">
        <ele>186.305316</ele>
        <time>2026-08-09T22:49:32Z</time>
      </trkpt>
      <trkpt lat="46.048271991312504" lon="11.112650027498603">
        <ele>186.24559099999999</ele>
        <time>2026-08-09T22:49:45Z</time>
      </trkpt>
      <trkpt lat="46.048213988542557" lon="11.11270803026855">
        <ele>186.240058</ele>
        <time>2026-08-09T22:49:47Z</time>
      </trkpt>
      <trkpt lat="46.047976026311517" lon="11.112968036904931">
        <ele>186.219503</ele>
        <time>2026-08-09T22:49:52Z</time>
      </trkpt>
      <trkpt lat="46.046782024204731" lon="11.114188022911549">
        <ele>186.13430700000001</ele>
        <time>2026-08-09T22:50:16Z</time>
      </trkpt>
      <trkpt lat="46.046753022819757" lon="11.114223981276155">
        <ele>186.132079</ele>
        <time>2026-08-09T22:50:17Z</time>
      </trkpt>
      <trkpt lat="46.046361001208425" lon="11.114691020920873">
        <ele>186.42783299999999</ele>
        <time>2026-08-09T22:50:26Z</time>
      </trkpt>
      <trkpt lat="46.046282965689898" lon="11.114743994548917">
        <ele>186.50220200000001</ele>
        <time>2026-08-09T22:50:28Z</time>
      </trkpt>
      <trkpt lat="46.046196967363358" lon="11.11466302536428">
        <ele>186.59080499999999</ele>
        <time>2026-08-09T22:50:30Z</time>
      </trkpt>
      <trkpt lat="46.045718025416136" lon="11.113772029057145">
        <ele>187.265368</ele>
        <time>2026-08-09T22:50:46Z</time>
      </trkpt>
      <trkpt lat="46.045702015981078" lon="11.113744033500552">
        <ele>187.28707600000001</ele>
        <time>2026-08-09T22:50:47Z</time>
      </trkpt>
      <trkpt lat="46.045655999332666" lon="11.113793989643455">
        <ele>187.33676700000001</ele>
        <time>2026-08-09T22:50:48Z</time>
      </trkpt>
      <trkpt lat="46.045620962977409" lon="11.113835982978344">
        <ele>187.376048</ele>
        <time>2026-08-09T22:50:49Z</time>
      </trkpt>
      <trkpt lat="46.043230025097728" lon="11.116467984393239">
        <ele>190.97206199999999</ele>
        <time>2026-08-09T22:52:02Z</time>
      </trkpt>
      <trkpt lat="46.043079989030957" lon="11.116639981046319">
        <ele>191.08803700000001</ele>
        <time>2026-08-09T22:52:05Z</time>
      </trkpt>
      <trkpt lat="46.042959960177541" lon="11.116837039589882">
        <ele>191.198095</ele>
        <time>2026-08-09T22:52:08Z</time>
      </trkpt>
      <trkpt lat="46.042858036234975" lon="11.117011969909072">
        <ele>191.294049</ele>
        <time>2026-08-09T22:52:11Z</time>
      </trkpt>
      <trkpt lat="46.042596017941833" lon="11.117335008457303">
        <ele>191.502656</ele>
        <time>2026-08-09T22:52:17Z</time>
      </trkpt>
      <trkpt lat="46.04085098952055" lon="11.119199981912971">
        <ele>189.71522300000001</ele>
        <time>2026-08-09T22:52:49Z</time>
      </trkpt>
      <trkpt lat="46.040285965427756" lon="11.119762994349003">
        <ele>189.07655399999999</ele>
        <time>2026-08-09T22:53:00Z</time>
      </trkpt>
      <trkpt lat="46.039296984672546" lon="11.120576038956642">
        <ele>187.72173699999999</ele>
        <time>2026-08-09T22:53:17Z</time>
      </trkpt>
      <trkpt lat="46.039210986346006" lon="11.120600011199713">
        <ele>187.56494799999999</ele>
        <time>2026-08-09T22:53:18Z</time>
      </trkpt>
      <trkpt lat="46.03915398940444" lon="11.12057201564312">
        <ele>187.45715799999999</ele>
        <time>2026-08-09T22:53:19Z</time>
      </trkpt>
      <trkpt lat="46.039076037704945" lon="11.120435977354646">
        <ele>187.23797200000001</ele>
        <time>2026-08-09T22:53:20Z</time>
      </trkpt>
      <trkpt lat="46.039015017449856" lon="11.120392978191376">
        <ele>187.11642000000001</ele>
        <time>2026-08-09T22:53:21Z</time>
      </trkpt>
      <trkpt lat="46.038928013294935" lon="11.12042399123311">
        <ele>186.95601099999999</ele>
        <time>2026-08-09T22:53:23Z</time>
      </trkpt>
      <trkpt lat="46.038538003340364" lon="11.120968982577324">
        <ele>185.983497</ele>
        <time>2026-08-09T22:53:30Z</time>
      </trkpt>
      <trkpt lat="46.038026036694646" lon="11.12156099639833">
        <ele>185.017009</ele>
        <time>2026-08-09T22:53:39Z</time>
      </trkpt>
      <trkpt lat="46.037745997309685" lon="11.121813040226698">
        <ele>184.82321200000001</ele>
        <time>2026-08-09T22:53:43Z</time>
      </trkpt>
      <trkpt lat="46.036603963002563" lon="11.122212018817663">
        <ele>184.13343399999999</ele>
        <time>2026-08-09T22:54:03Z</time>
      </trkpt>
      <trkpt lat="46.035700980573893" lon="11.12235501408577">
        <ele>184.285617</ele>
        <time>2026-08-09T22:54:21Z</time>
      </trkpt>
      <trkpt lat="46.035597966983914" lon="11.122361971065402">
        <ele>184.314727</ele>
        <time>2026-08-09T22:54:23Z</time>
      </trkpt>
      <trkpt lat="46.03518096730113" lon="11.122288964688778">
        <ele>184.43331900000001</ele>
        <time>2026-08-09T22:54:31Z</time>
      </trkpt>
      <trkpt lat="46.034976029768586" lon="11.122286031022668">
        <ele>184.491197</ele>
        <time>2026-08-09T22:54:34Z</time>
      </trkpt>
      <trkpt lat="46.034408994019032" lon="11.122368006035686">
        <ele>184.52216000000001</ele>
        <time>2026-08-09T22:54:44Z</time>
      </trkpt>
      <trkpt lat="46.010658033192158" lon="11.122219981625676">
        <ele>180.989778</ele>
        <time>2026-08-09T23:01:19Z</time>
      </trkpt>
      <trkpt lat="46.009642984718084" lon="11.122214030474424">
        <ele>181.53977499999999</ele>
        <time>2026-08-09T23:01:41Z</time>
      </trkpt>
      <trkpt lat="46.009593028575182" lon="11.123647000640631">
        <ele>183.59316999999999</ele>
        <time>2026-09-17T12:50:07Z</time>
      </trkpt>
      <trkpt lat="46.009451961144805" lon="11.123636020347476">
        <ele>183.44832500000001</ele>
        <time>2026-09-17T12:50:09Z</time>
      </trkpt>
      <trkpt lat="46.00810800679028" lon="11.123594027012587">
        <ele>182.42798099999999</ele>
        <time>2026-09-17T12:50:29Z</time>
      </trkpt>
      <trkpt lat="46.00707502104342" lon="11.123606013134122">
        <ele>182.06062399999999</ele>
        <time>2026-09-17T12:50:46Z</time>
      </trkpt>
      <trkpt lat="46.006825994700193" lon="11.123702991753817">
        <ele>181.972093</ele>
        <time>2026-09-17T12:50:51Z</time>
      </trkpt>
      <trkpt lat="46.006318973377347" lon="11.123628979548812">
        <ele>181.85027199999999</ele>
        <time>2026-09-17T12:50:59Z</time>
      </trkpt>
      <trkpt lat="46.005999958142638" lon="11.123525965958834">
        <ele>181.772119</ele>
        <time>2026-09-17T12:51:05Z</time>
      </trkpt>
      <trkpt lat="46.005478017032146" lon="11.123289009556174">
        <ele>181.64127500000001</ele>
        <time>2026-09-17T12:51:14Z</time>
      </trkpt>
      <trkpt lat="46.005015000700951" lon="11.123196976259351">
        <ele>181.527647</ele>
        <time>2026-09-17T12:51:21Z</time>
      </trkpt>
      <trkpt lat="45.999937998130918" lon="11.122491974383593">
        <ele>180.31172699999999</ele>
        <time>2026-09-17T12:52:45Z</time>
      </trkpt>
      <trkpt lat="45.997286969795823" lon="11.122109005227685">
        <ele>180.69211200000001</ele>
        <time>2026-09-17T12:53:32Z</time>
      </trkpt>
      <trkpt lat="45.996560007333755" lon="11.121956035494804">
        <ele>180.98345900000001</ele>
        <time>2026-09-17T12:53:46Z</time>
      </trkpt>
      <trkpt lat="45.995837990194559" lon="11.121731987223029">
        <ele>181.17847</ele>
        <time>2026-09-17T12:54:01Z</time>
      </trkpt>
      <trkpt lat="45.99551503546536" lon="11.121600978076458">
        <ele>181.21050500000001</ele>
        <time>2026-09-17T12:54:07Z</time>
      </trkpt>
      <trkpt lat="45.994661003351212" lon="11.121169980615377">
        <ele>181.296896</ele>
        <time>2026-09-17T12:54:23Z</time>
      </trkpt>
      <trkpt lat="45.991532960906625" lon="11.119270976632833">
        <ele>180.63138900000001</ele>
        <time>2026-09-17T12:55:18Z</time>
      </trkpt>
      <trkpt lat="45.990999033674598" lon="11.118927989155054">
        <ele>180.58294599999999</ele>
        <time>2026-09-17T12:55:28Z</time>
      </trkpt>
      <trkpt lat="45.99033803679049" lon="11.118436977267265">
        <ele>180.70769999999999</ele>
        <time>2026-09-17T12:55:42Z</time>
      </trkpt>
      <trkpt lat="45.989696988835931" lon="11.117905983701348">
        <ele>180.83174299999999</ele>
        <time>2026-09-17T12:55:55Z</time>
      </trkpt>
      <trkpt lat="45.988430986180902" lon="11.116734025999904">
        <ele>180.784899</ele>
        <time>2026-09-17T12:56:21Z</time>
      </trkpt>
      <trkpt lat="45.985388020053506" lon="11.113842017948627">
        <ele>179.95380399999999</ele>
        <time>2026-09-17T12:57:21Z</time>
      </trkpt>
      <trkpt lat="45.984993986785412" lon="11.113576982170343">
        <ele>179.852497</ele>
        <time>2026-09-17T12:57:28Z</time>
      </trkpt>
      <trkpt lat="45.984865995123982" lon="11.113356035202742">
        <ele>179.81431799999999</ele>
        <time>2026-09-17T12:57:31Z</time>
      </trkpt>
      <trkpt lat="45.984786031767726" lon="11.113265007734299">
        <ele>179.79484400000001</ele>
        <time>2026-09-17T12:57:33Z</time>
      </trkpt>
      <trkpt lat="45.983073022216558" lon="11.111694993451238">
        <ele>179.452572</ele>
        <time>2026-09-17T12:58:07Z</time>
      </trkpt>
      <trkpt lat="45.981983039528131" lon="11.111001977697015">
        <ele>179.32216600000001</ele>
        <time>2026-09-17T12:58:27Z</time>
      </trkpt>
      <trkpt lat="45.980687029659748" lon="11.110445000231266">
        <ele>179.19570100000001</ele>
        <time>2026-09-17T12:58:50Z</time>
      </trkpt>
      <trkpt lat="45.97675901837647" lon="11.109814010560513">
        <ele>178.30274600000001</ele>
        <time>2026-09-17T12:59:55Z</time>
      </trkpt>
      <trkpt lat="45.974621968343854" lon="11.109543023630977">
        <ele>178.38624899999999</ele>
        <time>2026-09-17T13:00:32Z</time>
      </trkpt>
      <trkpt lat="45.973675986751914" lon="11.109412014484406">
        <ele>178.404595</ele>
        <time>2026-09-17T13:00:48Z</time>
      </trkpt>
      <trkpt lat="45.966395968571305" lon="11.108361007645726">
        <ele>177.70057600000001</ele>
        <time>2026-09-17T13:02:51Z</time>
      </trkpt>
      <trkpt lat="45.96563003025949" lon="11.108331000432372">
        <ele>177.73375100000001</ele>
        <time>2026-09-17T13:03:05Z</time>
      </trkpt>
      <trkpt lat="45.964844981208444" lon="11.108353966847062">
        <ele>177.91198299999999</ele>
        <time>2026-09-17T13:03:19Z</time>
      </trkpt>
      <trkpt lat="45.963473031297326" lon="11.10862797126174">
        <ele>178.45944600000001</ele>
        <time>2026-09-17T13:03:44Z</time>
      </trkpt>
      <trkpt lat="45.96118401736021" lon="11.108981017023325">
        <ele>180.578564</ele>
        <time>2026-09-17T13:04:32Z</time>
      </trkpt>
      <trkpt lat="45.959919020533562" lon="11.109372032806277">
        <ele>182.432489</ele>
        <time>2026-09-17T13:05:06Z</time>
      </trkpt>
      <trkpt lat="45.959156015887856" lon="11.109539000317454">
        <ele>183.68950699999999</ele>
        <time>2026-09-17T13:05:26Z</time>
      </trkpt>
      <trkpt lat="45.958609012886882" lon="11.109570013359189">
        <ele>184.221687</ele>
        <time>2026-09-17T13:05:38Z</time>
      </trkpt>
      <trkpt lat="45.957514001056552" lon="11.109460964798927">
        <ele>183.16333900000001</ele>
        <time>2026-09-17T13:05:55Z</time>
      </trkpt>
      <trkpt lat="45.956762982532382" lon="11.109297014772892">
        <ele>182.22485599999999</ele>
        <time>2026-09-17T13:06:05Z</time>
      </trkpt>
      <trkpt lat="45.956298960372806" lon="11.109083024784923">
        <ele>181.24586500000001</ele>
        <time>2026-09-17T13:06:11Z</time>
      </trkpt>
      <trkpt lat="45.955652967095375" lon="11.10871204175055">
        <ele>179.848331</ele>
        <time>2026-09-17T13:06:21Z</time>
      </trkpt>
      <trkpt lat="45.955194979906082" lon="11.108338963240385">
        <ele>178.946834</ele>
        <time>2026-09-17T13:06:28Z</time>
      </trkpt>
      <trkpt lat="45.954743027687073" lon="11.107916012406349">
        <ele>178.64406099999999</ele>
        <time>2026-09-17T13:06:37Z</time>
      </trkpt>
      <trkpt lat="45.952339014038444" lon="11.105228019878268">
        <ele>177.57762700000001</ele>
        <time>2026-09-17T13:07:27Z</time>
      </trkpt>
      <trkpt lat="45.951628983020782" lon="11.104576997458935">
        <ele>177.626273</ele>
        <time>2026-09-17T13:07:41Z</time>
      </trkpt>
      <trkpt lat="45.951246013864875" lon="11.104303998872638">
        <ele>177.650969</ele>
        <time>2026-09-17T13:07:49Z</time>
      </trkpt>
      <trkpt lat="45.950762964785099" lon="11.104062013328075">
        <ele>177.68862899999999</ele>
        <time>2026-09-17T13:07:58Z</time>
      </trkpt>
      <trkpt lat="45.945981005206704" lon="11.101962011307478">
        <ele>177.93233699999999</ele>
        <time>2026-09-17T13:09:27Z</time>
      </trkpt>
      <trkpt lat="45.945436013862491" lon="11.101706027984619">
        <ele>177.569051</ele>
        <time>2026-09-17T13:09:35Z</time>
      </trkpt>
      <trkpt lat="45.94534900970757" lon="11.101619023829699">
        <ele>177.44739000000001</ele>
        <time>2026-09-17T13:09:37Z</time>
      </trkpt>
      <trkpt lat="45.945618990808725" lon="11.100471038371325">
        <ele>176.479893</ele>
        <time>2026-09-17T13:09:53Z</time>
      </trkpt>
      <trkpt lat="45.942294979467988" lon="11.098971012979746">
        <ele>174.83745500000001</ele>
        <time>2026-09-17T13:10:48Z</time>
      </trkpt>
      <trkpt lat="45.941704977303743" lon="11.098621990531683">
        <ele>174.720133</ele>
        <time>2026-09-17T13:11:00Z</time>
      </trkpt>
      <trkpt lat="45.940993018448353" lon="11.098050009459257">
        <ele>174.747972</ele>
        <time>2026-09-17T13:11:14Z</time>
      </trkpt>
      <trkpt lat="45.940744997933507" lon="11.09782001003623">
        <ele>174.76420400000001</ele>
        <time>2026-09-17T13:11:19Z</time>
      </trkpt>
      <trkpt lat="45.940651036798954" lon="11.097692018374801">
        <ele>174.77132499999999</ele>
        <time>2026-09-17T13:11:21Z</time>
      </trkpt>
      <trkpt lat="45.940431011840701" lon="11.097403010353446">
        <ele>174.78771599999999</ele>
        <time>2026-09-17T13:11:33Z</time>
      </trkpt>
      <trkpt lat="45.940366974100471" lon="11.097350036725402">
        <ele>174.79177899999999</ele>
        <time>2026-09-17T13:11:34Z</time>
      </trkpt>
      <trkpt lat="45.94019397161901" lon="11.097149960696697">
        <ele>174.803989</ele>
        <time>2026-09-17T13:11:38Z</time>
      </trkpt>
      <trkpt lat="45.939878979697824" lon="11.09665903262794">
        <ele>174.823722</ele>
        <time>2026-09-17T13:11:46Z</time>
      </trkpt>
      <trkpt lat="45.939287971705198" lon="11.095439968630672">
        <ele>174.866533</ele>
        <time>2026-09-17T13:12:04Z</time>
      </trkpt>
      <trkpt lat="45.937362983822823" lon="11.090634036809206">
        <ele>174.82736700000001</ele>
        <time>2026-09-17T13:13:09Z</time>
      </trkpt>
      <trkpt lat="45.937171960249543" lon="11.090320972725749">
        <ele>174.79441499999999</ele>
        <time>2026-09-17T13:13:14Z</time>
      </trkpt>
      <trkpt lat="45.936757978051901" lon="11.08976298943162">
        <ele>174.70853600000001</ele>
        <time>2026-09-17T13:13:24Z</time>
      </trkpt>
      <trkpt lat="45.928862979635596" lon="11.08157797716558">
        <ele>173.49506700000001</ele>
        <time>2026-09-17T13:16:06Z</time>
      </trkpt>
      <trkpt lat="45.928652007132769" lon="11.081347977742553">
        <ele>173.500215</ele>
        <time>2026-09-17T13:16:12Z</time>
      </trkpt>
      <trkpt lat="45.92846198938787" lon="11.081087971106172">
        <ele>173.75335799999999</ele>
        <time>2026-09-17T13:16:17Z</time>
      </trkpt>
      <trkpt lat="45.928197959437966" lon="11.080659991130233">
        <ele>174.15806499999999</ele>
        <time>2026-09-17T13:16:25Z</time>
      </trkpt>
      <trkpt lat="45.928023029118776" lon="11.080259000882506">
        <ele>174.492976</ele>
        <time>2026-09-17T13:16:33Z</time>
      </trkpt>
      <trkpt lat="45.927957985550165" lon="11.080192029476166">
        <ele>174.57432499999999</ele>
        <time>2026-09-17T13:16:35Z</time>
      </trkpt>
      <trkpt lat="45.927892019972205" lon="11.080280039459467">
        <ele>174.66587999999999</ele>
        <time>2026-09-17T13:16:36Z</time>
      </trkpt>
      <trkpt lat="45.927214007824659" lon="11.081165000796318">
        <ele>175.272684</ele>
        <time>2026-09-17T13:17:17Z</time>
      </trkpt>
      <trkpt lat="45.927130021154881" lon="11.081256028264761">
        <ele>175.249787</ele>
        <time>2026-09-17T13:17:19Z</time>
      </trkpt>
      <trkpt lat="45.927047040313482" lon="11.081258039921522">
        <ele>175.23171600000001</ele>
        <time>2026-09-17T13:17:20Z</time>
      </trkpt>
      <trkpt lat="45.926980990916491" lon="11.081181010231376">
        <ele>175.213213</ele>
        <time>2026-09-17T13:17:21Z</time>
      </trkpt>
      <trkpt lat="45.926913013681769" lon="11.080836011096835">
        <ele>175.158916</ele>
        <time>2026-09-17T13:17:26Z</time>
      </trkpt>
      <trkpt lat="45.926784016191959" lon="11.080692010000348">
        <ele>175.12336199999999</ele>
        <time>2026-09-17T13:17:28Z</time>
      </trkpt>
      <trkpt lat="45.926650995388627" lon="11.080303005874157">
        <ele>175.057728</ele>
        <time>2026-09-17T13:17:33Z</time>
      </trkpt>
      <trkpt lat="45.926541024819016" lon="11.080136960372329">
        <ele>175.023011</ele>
        <time>2026-09-17T13:17:35Z</time>
      </trkpt>
      <trkpt lat="45.926419990137219" lon="11.079953983426094">
        <ele>174.984779</ele>
        <time>2026-09-17T13:17:38Z</time>
      </trkpt>
      <trkpt lat="45.926327034831047" lon="11.079688025638461">
        <ele>174.93969899999999</ele>
        <time>2026-09-17T13:17:41Z</time>
      </trkpt>
      <trkpt lat="45.926270959898829" lon="11.079320982098579">
        <ele>174.76613399999999</ele>
        <time>2026-09-17T13:17:45Z</time>
      </trkpt>
      <trkpt lat="45.926054958254099" lon="11.078746989369392">
        <ele>174.45979700000001</ele>
        <time>2026-09-17T13:17:51Z</time>
      </trkpt>
      <trkpt lat="45.925838034600019" lon="11.07805497944355">
        <ele>174.103487</ele>
        <time>2026-09-17T13:17:59Z</time>
      </trkpt>
      <trkpt lat="45.925570987164974" lon="11.07697899453342">
        <ele>173.76109099999999</ele>
        <time>2026-09-17T13:18:13Z</time>
      </trkpt>
      <trkpt lat="45.925478031858802" lon="11.07644003815949">
        <ele>173.82156000000001</ele>
        <time>2026-09-17T13:18:20Z</time>
      </trkpt>
      <trkpt lat="45.925382981076837" lon="11.075565973296762">
        <ele>173.91788399999999</ele>
        <time>2026-09-17T13:18:31Z</time>
      </trkpt>
      <trkpt lat="45.925316009670496" lon="11.074688974767923">
        <ele>173.99729199999999</ele>
        <time>2026-09-17T13:18:42Z</time>
      </trkpt>
      <trkpt lat="45.925362026318908" lon="11.072887033224106">
        <ele>173.774462</ele>
        <time>2026-09-17T13:19:03Z</time>
      </trkpt>
      <trkpt lat="45.92543201521039" lon="11.072116987779737">
        <ele>173.681389</ele>
        <time>2026-09-17T13:19:12Z</time>
      </trkpt>
      <trkpt lat="45.925553971901536" lon="11.071278965100646">
        <ele>173.613238</ele>
        <time>2026-09-17T13:19:22Z</time>
      </trkpt>
      <trkpt lat="45.925584984943271" lon="11.07094100676477">
        <ele>173.58609999999999</ele>
        <time>2026-09-17T13:19:26Z</time>
      </trkpt>
      <trkpt lat="45.925682969391346" lon="11.070423005148768">
        <ele>173.54336900000001</ele>
        <time>2026-09-17T13:19:32Z</time>
      </trkpt>
      <trkpt lat="45.926696006208658" lon="11.066325008869171">
        <ele>173.33901700000001</ele>
        <time>2026-09-17T13:20:24Z</time>
      </trkpt>
      <trkpt lat="45.926860040053725" lon="11.065554963424802">
        <ele>173.27184299999999</ele>
        <time>2026-09-17T13:20:33Z</time>
      </trkpt>
      <trkpt lat="45.926970010623336" lon="11.064791036769748">
        <ele>173.206763</ele>
        <time>2026-09-17T13:20:42Z</time>
      </trkpt>
      <trkpt lat="45.927032036706805" lon="11.063971035182476">
        <ele>173.21757099999999</ele>
        <time>2026-09-17T13:20:51Z</time>
      </trkpt>
      <trkpt lat="45.927057014778256" lon="11.063361000269651">
        <ele>173.22729100000001</ele>
        <time>2026-09-17T13:20:59Z</time>
      </trkpt>
      <trkpt lat="45.927045028656721" lon="11.062666978687048">
        <ele>173.23833200000001</ele>
        <time>2026-09-17T13:21:07Z</time>
      </trkpt>
      <trkpt lat="45.926946960389614" lon="11.061429977416992">
        <ele>173.39958799999999</ele>
        <time>2026-09-17T13:21:23Z</time>
      </trkpt>
      <trkpt lat="45.926791978999972" lon="11.060606958344579">
        <ele>173.57060300000001</ele>
        <time>2026-09-17T13:21:34Z</time>
      </trkpt>
      <trkpt lat="45.926552005112171" lon="11.059700036421418">
        <ele>173.76471599999999</ele>
        <time>2026-09-17T13:21:46Z</time>
      </trkpt>
      <trkpt lat="45.92622896656394" lon="11.058908030390739">
        <ele>173.798698</ele>
        <time>2026-09-17T13:21:58Z</time>
      </trkpt>
      <trkpt lat="45.925495969131589" lon="11.057611014693975">
        <ele>173.858643</ele>
        <time>2026-09-17T13:22:18Z</time>
      </trkpt>
      <trkpt lat="45.925105959177017" lon="11.057017995044589">
        <ele>173.65406999999999</ele>
        <time>2026-09-17T13:22:27Z</time>
      </trkpt>
      <trkpt lat="45.925043011084199" lon="11.056874999776483">
        <ele>173.611638</ele>
        <time>2026-09-17T13:22:29Z</time>
      </trkpt>
      <trkpt lat="45.924933040514588" lon="11.056613987311721">
        <ele>173.53513899999999</ele>
        <time>2026-09-17T13:22:33Z</time>
      </trkpt>
      <trkpt lat="45.923882033675909" lon="11.054798969998956">
        <ele>173.0181</ele>
        <time>2026-09-17T13:22:59Z</time>
      </trkpt>
      <trkpt lat="45.92261703684926" lon="11.053063999861479">
        <ele>172.87955600000001</ele>
        <time>2026-09-17T13:23:28Z</time>
      </trkpt>
      <trkpt lat="45.921090021729469" lon="11.051293993368745">
        <ele>173.22266200000001</ele>
        <time>2026-09-17T13:24:05Z</time>
      </trkpt>
      <trkpt lat="45.920404968783259" lon="11.050614975392818">
        <ele>173.34792300000001</ele>
        <time>2026-09-17T13:24:19Z</time>
      </trkpt>
      <trkpt lat="45.92019097879529" lon="11.050247009843588">
        <ele>173.24739700000001</ele>
        <time>2026-09-17T13:24:25Z</time>
      </trkpt>
      <trkpt lat="45.919801974669099" lon="11.049345033243299">
        <ele>172.866399</ele>
        <time>2026-09-17T13:24:36Z</time>
      </trkpt>
      <trkpt lat="45.918960012495518" lon="11.047981968149543">
        <ele>172.275113</ele>
        <time>2026-09-17T13:24:56Z</time>
      </trkpt>
      <trkpt lat="45.917129991576076" lon="11.044030990451574">
        <ele>171.42800199999999</ele>
        <time>2026-09-17T13:25:50Z</time>
      </trkpt>
      <trkpt lat="45.916405962780118" lon="11.0428830049932">
        <ele>171.62685999999999</ele>
        <time>2026-09-17T13:26:09Z</time>
      </trkpt>
      <trkpt lat="45.915973959490657" lon="11.042328961193562">
        <ele>171.73365899999999</ele>
        <time>2026-09-17T13:26:20Z</time>
      </trkpt>
      <trkpt lat="45.915470039471984" lon="11.04176796041429">
        <ele>172.038128</ele>
        <time>2026-09-17T13:26:33Z</time>
      </trkpt>
      <trkpt lat="45.914275031536818" lon="11.040636990219355">
        <ele>172.79396600000001</ele>
        <time>2026-09-17T13:27:00Z</time>
      </trkpt>
      <trkpt lat="45.914224991574883" lon="11.040573036298156">
        <ele>172.84373199999999</ele>
        <time>2026-09-17T13:27:02Z</time>
      </trkpt>
      <trkpt lat="45.914072021842003" lon="11.040198029950261">
        <ele>173.06854300000001</ele>
        <time>2026-09-17T13:27:08Z</time>
      </trkpt>
      <trkpt lat="45.914021981880069" lon="11.040179003030062">
        <ele>173.10698500000001</ele>
        <time>2026-09-17T13:27:09Z</time>
      </trkpt>
      <trkpt lat="45.9139150287956" lon="11.040148995816708">
        <ele>173.188016</ele>
        <time>2026-09-17T13:27:13Z</time>
      </trkpt>
      <trkpt lat="45.913749989122152" lon="11.039885971695185">
        <ele>173.37115399999999</ele>
        <time>2026-09-17T13:27:19Z</time>
      </trkpt>
      <trkpt lat="45.913509009405971" lon="11.039661001414061">
        <ele>173.58475999999999</ele>
        <time>2026-09-17T13:27:25Z</time>
      </trkpt>
      <trkpt lat="45.913402978330851" lon="11.039563016965985">
        <ele>173.67844099999999</ele>
        <time>2026-09-17T13:27:28Z</time>
      </trkpt>
      <trkpt lat="45.912528997287154" lon="11.038747038692236">
        <ele>173.983926</ele>
        <time>2026-09-17T13:27:49Z</time>
      </trkpt>
      <trkpt lat="45.91247602365911" lon="11.038780985400081">
        <ele>173.98817199999999</ele>
        <time>2026-09-17T13:27:50Z</time>
      </trkpt>
      <trkpt lat="45.912334034219384" lon="11.038632038980722">
        <ele>174.00103200000001</ele>
        <time>2026-09-17T13:27:52Z</time>
      </trkpt>
      <trkpt lat="45.91206799261272" lon="11.038301959633827">
        <ele>174.026734</ele>
        <time>2026-09-17T13:27:58Z</time>
      </trkpt>
      <trkpt lat="45.911862971261144" lon="11.038182014599442">
        <ele>174.042925</ele>
        <time>2026-09-17T13:28:02Z</time>
      </trkpt>
      <trkpt lat="45.911773033440113" lon="11.038202969357371">
        <ele>174.04959400000001</ele>
        <time>2026-09-17T13:28:03Z</time>
      </trkpt>
      <trkpt lat="45.911713019013405" lon="11.038266001269221">
        <ele>174.05502999999999</ele>
        <time>2026-09-17T13:28:04Z</time>
      </trkpt>
      <trkpt lat="45.911653004586697" lon="11.038116971030831">
        <ele>174.06379100000001</ele>
        <time>2026-09-17T13:28:06Z</time>
      </trkpt>
      <trkpt lat="45.911599025130272" lon="11.038066009059548">
        <ele>174.064111</ele>
        <time>2026-09-17T13:28:07Z</time>
      </trkpt>
      <trkpt lat="45.911384029313922" lon="11.037956960499287">
        <ele>174.06344999999999</ele>
        <time>2026-09-17T13:28:11Z</time>
      </trkpt>
      <trkpt lat="45.910621024668217" lon="11.03777096606791">
        <ele>174.061205</ele>
        <time>2026-09-17T13:28:24Z</time>
      </trkpt>
      <trkpt lat="45.909591978415847" lon="11.036949036642909">
        <ele>173.95643200000001</ele>
        <time>2026-09-17T13:28:46Z</time>
      </trkpt>
      <trkpt lat="45.908855041489005" lon="11.03656598366797">
        <ele>173.77298400000001</ele>
        <time>2026-09-17T13:28:59Z</time>
      </trkpt>
      <trkpt lat="45.908635016530752" lon="11.036125011742115">
        <ele>173.68460400000001</ele>
        <time>2026-09-17T13:29:05Z</time>
      </trkpt>
      <trkpt lat="45.907936971634626" lon="11.03501801379025">
        <ele>173.19676799999999</ele>
        <time>2026-09-17T13:29:21Z</time>
      </trkpt>
      <trkpt lat="45.907801017165184" lon="11.034861020743847">
        <ele>173.105189</ele>
        <time>2026-09-17T13:29:23Z</time>
      </trkpt>
      <trkpt lat="45.907712001353502" lon="11.034816009923816">
        <ele>173.05565899999999</ele>
        <time>2026-09-17T13:29:25Z</time>
      </trkpt>
      <trkpt lat="45.906049031764269" lon="11.034971997141838">
        <ele>172.62179499999999</ele>
        <time>2026-09-17T13:29:52Z</time>
      </trkpt>
      <trkpt lat="45.90517396107316" lon="11.034816009923816">
        <ele>172.55768900000001</ele>
        <time>2026-09-17T13:30:08Z</time>
      </trkpt>
      <trkpt lat="45.904134018346667" lon="11.034519039094448">
        <ele>172.49445800000001</ele>
        <time>2026-09-17T13:30:26Z</time>
      </trkpt>
      <trkpt lat="45.903236987069249" lon="11.034211004152894">
        <ele>172.332099</ele>
        <time>2026-09-17T13:30:41Z</time>
      </trkpt>
      <trkpt lat="45.902452021837234" lon="11.033894000574946">
        <ele>171.92503400000001</ele>
        <time>2026-09-17T13:30:54Z</time>
      </trkpt>
      <trkpt lat="45.902129989117384" lon="11.033694008365273">
        <ele>171.74991199999999</ele>
        <time>2026-09-17T13:31:00Z</time>
      </trkpt>
      <trkpt lat="45.902409022673965" lon="11.032572006806731">
        <ele>171.318692</ele>
        <time>2026-09-17T13:31:13Z</time>
      </trkpt>
      <trkpt lat="45.902549000456929" lon="11.032007988542318">
        <ele>171.09431599999999</ele>
        <time>2026-09-17T13:31:19Z</time>
      </trkpt>
      <trkpt lat="45.902547994628549" lon="11.031810007989407">
        <ele>171.02012300000001</ele>
        <time>2026-09-17T13:31:21Z</time>
      </trkpt>
      <trkpt lat="45.902429977431893" lon="11.031019007787108">
        <ele>170.71699899999999</ele>
        <time>2026-09-17T13:31:30Z</time>
      </trkpt>
      <trkpt lat="45.902409022673965" lon="11.030896967276931">
        <ele>170.66990699999999</ele>
        <time>2026-09-17T13:31:32Z</time>
      </trkpt>
      <trkpt lat="45.902327969670296" lon="11.030759001150727">
        <ele>170.60226</ele>
        <time>2026-09-17T13:31:34Z</time>
      </trkpt>
      <trkpt lat="45.901331026107073" lon="11.030186014249921">
        <ele>170.61585400000001</ele>
        <time>2026-09-17T13:31:52Z</time>
      </trkpt>
      <trkpt lat="45.9011310338974" lon="11.030027009546757">
        <ele>170.62202099999999</ele>
        <time>2026-09-17T13:31:56Z</time>
      </trkpt>
      <trkpt lat="45.900803972035646" lon="11.02969198487699">
        <ele>170.632857</ele>
        <time>2026-09-17T13:32:03Z</time>
      </trkpt>
      <trkpt lat="45.900229979306459" lon="11.029293006286025">
        <ele>170.877106</ele>
        <time>2026-09-17T13:32:15Z</time>
      </trkpt>
      <trkpt lat="45.898862974718213" lon="11.027829023078084">
        <ele>171.61065400000001</ele>
        <time>2026-09-17T13:32:48Z</time>
      </trkpt>
      <trkpt lat="45.898759961128235" lon="11.027658032253385">
        <ele>171.660686</ele>
        <time>2026-09-17T13:32:51Z</time>
      </trkpt>
      <trkpt lat="45.898645967245102" lon="11.027314038947225">
        <ele>171.74497700000001</ele>
        <time>2026-09-17T13:32:56Z</time>
      </trkpt>
      <trkpt lat="45.898289987817407" lon="11.026460006833076">
        <ele>171.96521000000001</ele>
        <time>2026-09-17T13:33:09Z</time>
      </trkpt>
      <trkpt lat="45.897928979247808" lon="11.025705970823765">
        <ele>172.12641199999999</ele>
        <time>2026-09-17T13:33:20Z</time>
      </trkpt>
      <trkpt lat="45.897665033116937" lon="11.025219988077879">
        <ele>172.21566300000001</ele>
        <time>2026-09-17T13:33:28Z</time>
      </trkpt>
      <trkpt lat="45.897439979016781" lon="11.024711960926652">
        <ele>172.30283499999999</ele>
        <time>2026-09-17T13:33:35Z</time>
      </trkpt>
      <trkpt lat="45.897374013438821" lon="11.024482967332006">
        <ele>172.338717</ele>
        <time>2026-09-17T13:33:39Z</time>
      </trkpt>
      <trkpt lat="45.89726303704083" lon="11.024291021749377">
        <ele>172.374852</ele>
        <time>2026-09-17T13:33:42Z</time>
      </trkpt>
      <trkpt lat="45.896391989663243" lon="11.023226017132401">
        <ele>172.33727999999999</ele>
        <time>2026-09-17T13:34:03Z</time>
      </trkpt>
      <trkpt lat="45.895822020247579" lon="11.022574994713068">
        <ele>172.269521</ele>
        <time>2026-09-17T13:34:15Z</time>
      </trkpt>
      <trkpt lat="45.895715989172459" lon="11.02223502472043">
        <ele>172.17419599999999</ele>
        <time>2026-09-17T13:34:19Z</time>
      </trkpt>
      <trkpt lat="45.894599016755819" lon="11.020775986835361">
        <ele>170.99777399999999</ele>
        <time>2026-09-17T13:34:41Z</time>
      </trkpt>
      <trkpt lat="45.894057964906096" lon="11.020152037963271">
        <ele>170.748637</ele>
        <time>2026-09-17T13:34:52Z</time>
      </trkpt>
      <trkpt lat="45.893855039030313" lon="11.019879961386323">
        <ele>170.691474</ele>
        <time>2026-09-17T13:34:57Z</time>
      </trkpt>
      <trkpt lat="45.893360003829002" lon="11.019063983112574">
        <ele>170.53632500000001</ele>
        <time>2026-09-17T13:35:09Z</time>
      </trkpt>
      <trkpt lat="45.893217008560896" lon="11.018757037818432">
        <ele>170.48337599999999</ele>
        <time>2026-09-17T13:35:14Z</time>
      </trkpt>
      <trkpt lat="45.893031014129519" lon="11.018484039232135">
        <ele>170.598479</ele>
        <time>2026-09-17T13:35:19Z</time>
      </trkpt>
      <trkpt lat="45.892779976129532" lon="11.018196037039161">
        <ele>170.73922200000001</ele>
        <time>2026-09-17T13:35:25Z</time>
      </trkpt>
      <trkpt lat="45.892274966463447" lon="11.017736038193107">
        <ele>171.00121100000001</ele>
        <time>2026-09-17T13:35:36Z</time>
      </trkpt>
      <trkpt lat="45.891264025121927" lon="11.016960041597486">
        <ele>171.45700600000001</ele>
        <time>2026-09-17T13:35:59Z</time>
      </trkpt>
      <trkpt lat="45.890371017158031" lon="11.016421001404524">
        <ele>171.796626</ele>
        <time>2026-09-17T13:36:17Z</time>
      </trkpt>
      <trkpt lat="45.889847986400127" lon="11.016299966722727">
        <ele>171.71162699999999</ele>
        <time>2026-09-17T13:36:26Z</time>
      </trkpt>
      <trkpt lat="45.889364015311003" lon="11.016271971166134">
        <ele>171.31166999999999</ele>
        <time>2026-09-17T13:36:34Z</time>
      </trkpt>
      <trkpt lat="45.888977022841573" lon="11.016146996989846">
        <ele>170.98415199999999</ele>
        <time>2026-09-17T13:36:40Z</time>
      </trkpt>
      <trkpt lat="45.888657001778483" lon="11.016165018081665">
        <ele>170.719729</ele>
        <time>2026-09-17T13:36:45Z</time>
      </trkpt>
      <trkpt lat="45.888494979590178" lon="11.016173986718059">
        <ele>170.585868</ele>
        <time>2026-09-17T13:36:47Z</time>
      </trkpt>
      <trkpt lat="45.88830797933042" lon="11.016166023910046">
        <ele>170.43139500000001</ele>
        <time>2026-09-17T13:36:50Z</time>
      </trkpt>
      <trkpt lat="45.887972032651305" lon="11.0160699672997">
        <ele>170.14254800000001</ele>
        <time>2026-09-17T13:36:55Z</time>
      </trkpt>
      <trkpt lat="45.887634996324778" lon="11.015907023102045">
        <ele>169.84239099999999</ele>
        <time>2026-09-17T13:37:00Z</time>
      </trkpt>
      <trkpt lat="45.887159993872046" lon="11.015967959538102">
        <ele>169.43983600000001</ele>
        <time>2026-09-17T13:37:07Z</time>
      </trkpt>
      <trkpt lat="45.886675016954541" lon="11.016124030575156">
        <ele>169.02030199999999</ele>
        <time>2026-09-17T13:37:15Z</time>
      </trkpt>
      <trkpt lat="45.886244019493461" lon="11.016357969492674">
        <ele>169.11173700000001</ele>
        <time>2026-09-17T13:37:23Z</time>
      </trkpt>
      <trkpt lat="45.885474979877472" lon="11.017030030488968">
        <ele>169.71938299999999</ele>
        <time>2026-09-17T13:37:42Z</time>
      </trkpt>
      <trkpt lat="45.885008024051785" lon="11.017451975494623">
        <ele>170.091835</ele>
        <time>2026-09-17T13:37:54Z</time>
      </trkpt>
      <trkpt lat="45.884750029072165" lon="11.017682980746031">
        <ele>170.46205499999999</ele>
        <time>2026-09-17T13:38:00Z</time>
      </trkpt>
      <trkpt lat="45.884734019637108" lon="11.017696978524327">
        <ele>170.48600999999999</ele>
        <time>2026-09-17T13:38:01Z</time>
      </trkpt>
      <trkpt lat="45.884627988561988" lon="11.01783100515604">
        <ele>170.666551</ele>
        <time>2026-09-17T13:38:04Z</time>
      </trkpt>
      <trkpt lat="45.884609967470169" lon="11.01782999932766">
        <ele>170.689584</ele>
        <time>2026-09-17T13:38:04Z</time>
      </trkpt>
      <trkpt lat="45.884592030197382" lon="11.017834022641182">
        <ele>170.712874</ele>
        <time>2026-09-17T13:38:05Z</time>
      </trkpt>
      <trkpt lat="45.884553976356983" lon="11.017862018197775">
        <ele>170.767481</ele>
        <time>2026-09-17T13:38:06Z</time>
      </trkpt>
      <trkpt lat="45.884261028841138" lon="11.017937958240509">
        <ele>171.14818199999999</ele>
        <time>2026-09-17T13:38:14Z</time>
      </trkpt>
      <trkpt lat="45.883581005036831" lon="11.018208023160696">
        <ele>172.050262</ele>
        <time>2026-09-17T13:38:30Z</time>
      </trkpt>
      <trkpt lat="45.883448990061879" lon="11.018327968195081">
        <ele>172.250001</ele>
        <time>2026-09-17T13:38:34Z</time>
      </trkpt>
      <trkpt lat="45.883374977856874" lon="11.018459983170033">
        <ele>172.400856</ele>
        <time>2026-09-17T13:38:36Z</time>
      </trkpt>
      <trkpt lat="45.88329803198576" lon="11.01883901283145">
        <ele>172.96622400000001</ele>
        <time>2026-09-17T13:38:43Z</time>
      </trkpt>
      <trkpt lat="45.883270036429167" lon="11.019085021689534">
        <ele>173.327741</ele>
        <time>2026-09-17T13:38:48Z</time>
      </trkpt>
      <trkpt lat="45.883254026994109" lon="11.019232962280512">
        <ele>173.544962</ele>
        <time>2026-09-17T13:38:51Z</time>
      </trkpt>
      <trkpt lat="45.883302977308631" lon="11.019484000280499">
        <ele>173.923036</ele>
        <time>2026-09-17T13:38:56Z</time>
      </trkpt>
      <trkpt lat="45.883498024195433" lon="11.020057993009686">
        <ele>174.84936400000001</ele>
        <time>2026-09-17T13:39:09Z</time>
      </trkpt>
      <trkpt lat="45.88355602696538" lon="11.020229989662766">
        <ele>175.12654499999999</ele>
        <time>2026-09-17T13:39:12Z</time>
      </trkpt>
      <trkpt lat="45.883607994765043" lon="11.020366027951241">
        <ele>175.35158300000001</ele>
        <time>2026-09-17T13:39:15Z</time>
      </trkpt>
      <trkpt lat="45.883654011413455" lon="11.020493013784289">
        <ele>175.559214</ele>
        <time>2026-09-17T13:39:18Z</time>
      </trkpt>
      <trkpt lat="45.883696004748344" lon="11.020601978525519">
        <ele>175.73990000000001</ele>
        <time>2026-09-17T13:39:20Z</time>
      </trkpt>
      <trkpt lat="45.883779991418123" lon="11.020828038454056">
        <ele>176.11146600000001</ele>
        <time>2026-09-17T13:39:25Z</time>
      </trkpt>
      <trkpt lat="45.883823996409774" lon="11.020949995145202">
        <ele>176.21937</ele>
        <time>2026-09-17T13:39:27Z</time>
      </trkpt>
      <trkpt lat="45.883918963372707" lon="11.02116197347641">
        <ele>176.36382699999999</ele>
        <time>2026-09-17T13:39:32Z</time>
      </trkpt>
      <trkpt lat="45.883953999727964" lon="11.021231962367892">
        <ele>176.413208</ele>
        <time>2026-09-17T13:39:33Z</time>
      </trkpt>
      <trkpt lat="45.884010996669531" lon="11.021318966522813">
        <ele>176.48166000000001</ele>
        <time>2026-09-17T13:39:35Z</time>
      </trkpt>
      <trkpt lat="45.88409498333931" lon="11.021447964012623">
        <ele>176.58286799999999</ele>
        <time>2026-09-17T13:39:38Z</time>
      </trkpt>
      <trkpt lat="45.884188022464514" lon="11.021572016179562">
        <ele>176.68730300000001</ele>
        <time>2026-09-17T13:39:41Z</time>
      </trkpt>
      <trkpt lat="45.88452598080039" lon="11.022379025816917">
        <ele>177.22691499999999</ele>
        <time>2026-09-17T13:39:55Z</time>
      </trkpt>
      <trkpt lat="45.884665958583355" lon="11.023119986057281">
        <ele>177.64011600000001</ele>
        <time>2026-09-17T13:40:04Z</time>
      </trkpt>
      <trkpt lat="45.884738964959979" lon="11.023364989086986">
        <ele>177.64011600000001</ele>
        <time>2026-09-17T13:40:07Z</time>
      </trkpt>
      <trkpt lat="45.88482404127717" lon="11.023700013756752">
        <ele>177.64011600000001</ele>
        <time>2026-09-17T13:40:11Z</time>
      </trkpt>
      <trkpt lat="45.884769978001714" lon="11.023727003484964">
        <ele>177.64011600000001</ele>
        <time>2026-09-17T13:40:11Z</time>
      </trkpt>
      <trkpt lat="45.884741982445121" lon="11.023645028471947">
        <ele>177.64011600000001</ele>
        <time>2026-09-17T13:40:13Z</time>
      </trkpt>
      <trkpt lat="45.883992975577712" lon="11.024170992895961">
        <ele>177.64011600000001</ele>
        <time>2026-09-17T13:40:31Z</time>
      </trkpt>
      <trkpt lat="45.883244974538684" lon="11.024697041139007">
        <ele>177.64011600000001</ele>
        <time>2026-09-17T13:40:48Z</time>
      </trkpt>
    </trkseg>
  </trk>

</gpx>