<?xml version="1.0" encoding="utf-8"?><gpx creator="Garmin Desktop App" version="1.1" xsi:schemaLocation="http://www.topografix.com/GPX/1/1 http://www.topografix.com/GPX/1/1/gpx.xsd http://www.garmin.com/xmlschemas/WaypointExtension/v1 http://www8.garmin.com/xmlschemas/WaypointExtensionv1.xsd http://www.garmin.com/xmlschemas/TrackPointExtension/v1 http://www.garmin.com/xmlschemas/TrackPointExtensionv1.xsd http://www.garmin.com/xmlschemas/GpxExtensions/v3 http://www8.garmin.com/xmlschemas/GpxExtensionsv3.xsd http://www.garmin.com/xmlschemas/ActivityExtension/v1 http://www8.garmin.com/xmlschemas/ActivityExtensionv1.xsd http://www.garmin.com/xmlschemas/AdventuresExtensions/v1 http://www8.garmin.com/xmlschemas/AdventuresExtensionv1.xsd http://www.garmin.com/xmlschemas/PressureExtension/v1 http://www.garmin.com/xmlschemas/PressureExtensionv1.xsd http://www.garmin.com/xmlschemas/TripExtensions/v1 http://www.garmin.com/xmlschemas/TripExtensionsv1.xsd http://www.garmin.com/xmlschemas/TripMetaDataExtensions/v1 http://www.garmin.com/xmlschemas/TripMetaDataExtensionsv1.xsd http://www.garmin.com/xmlschemas/ViaPointTransportationModeExtensions/v1 http://www.garmin.com/xmlschemas/ViaPointTransportationModeExtensionsv1.xsd http://www.garmin.com/xmlschemas/CreationTimeExtension/v1 http://www.garmin.com/xmlschemas/CreationTimeExtensionsv1.xsd http://www.garmin.com/xmlschemas/AccelerationExtension/v1 http://www.garmin.com/xmlschemas/AccelerationExtensionv1.xsd http://www.garmin.com/xmlschemas/PowerExtension/v1 http://www.garmin.com/xmlschemas/PowerExtensionv1.xsd http://www.garmin.com/xmlschemas/VideoExtension/v1 http://www.garmin.com/xmlschemas/VideoExtensionv1.xsd" xmlns="http://www.topografix.com/GPX/1/1" xmlns:xsi="http://www.w3.org/2001/XMLSchema-instance" xmlns:wptx1="http://www.garmin.com/xmlschemas/WaypointExtension/v1" xmlns:gpxtrx="http://www.garmin.com/xmlschemas/GpxExtensions/v3" xmlns:gpxtpx="http://www.garmin.com/xmlschemas/TrackPointExtension/v1" xmlns:gpxx="http://www.garmin.com/xmlschemas/GpxExtensions/v3" xmlns:trp="http://www.garmin.com/xmlschemas/TripExtensions/v1" xmlns:adv="http://www.garmin.com/xmlschemas/AdventuresExtensions/v1" xmlns:prs="http://www.garmin.com/xmlschemas/PressureExtension/v1" xmlns:tmd="http://www.garmin.com/xmlschemas/TripMetaDataExtensions/v1" xmlns:vptm="http://www.garmin.com/xmlschemas/ViaPointTransportationModeExtensions/v1" xmlns:ctx="http://www.garmin.com/xmlschemas/CreationTimeExtension/v1" xmlns:gpxacc="http://www.garmin.com/xmlschemas/AccelerationExtension/v1" xmlns:gpxpx="http://www.garmin.com/xmlschemas/PowerExtension/v1" xmlns:vidx1="http://www.garmin.com/xmlschemas/VideoExtension/v1">

  <metadata>
    <link href="http://www.garmin.com">
      <text>Garmin International</text>
    </link>
    <time>2026-09-17T09:08:39Z</time>
    <bounds maxlat="46.344620967283845" maxlon="11.602016966789961" minlat="45.851263990625739" minlon="10.872817039489746" />
  </metadata>

  <trk>
    <name>TG26 long 1</name>
    <extensions>
      <gpxx:TrackExtension>
        <gpxx:DisplayColor>Green</gpxx:DisplayColor>
      </gpxx:TrackExtension>
    </extensions>
    <trkseg>
      <trkpt lat="45.884769978001714" lon="11.023727003484964">
        <ele>176.546998</ele>
        <time>2026-09-16T12:54:48Z</time>
      </trkpt>
      <trkpt lat="45.884688002988696" lon="11.023775031790137">
        <ele>176.546998</ele>
        <time>2026-09-16T12:54:49Z</time>
      </trkpt>
      <trkpt lat="45.8843959774822" lon="11.024075020104647">
        <ele>176.546998</ele>
        <time>2026-09-16T12:54:54Z</time>
      </trkpt>
      <trkpt lat="45.884387008845806" lon="11.024094969034195">
        <ele>176.546998</ele>
        <time>2026-09-16T12:54:54Z</time>
      </trkpt>
      <trkpt lat="45.884297993034124" lon="11.02421198040247">
        <ele>176.546998</ele>
        <time>2026-09-16T12:54:56Z</time>
      </trkpt>
      <trkpt lat="45.883972020819783" lon="11.024415995925665">
        <ele>176.50709499999999</ele>
        <time>2026-09-16T12:55:01Z</time>
      </trkpt>
      <trkpt lat="45.882149040699005" lon="11.025557024404407">
        <ele>174.52071000000001</ele>
        <time>2026-09-16T12:55:31Z</time>
      </trkpt>
      <trkpt lat="45.882115010172129" lon="11.025197021663189">
        <ele>174.21766500000001</ele>
        <time>2026-09-16T12:55:35Z</time>
      </trkpt>
      <trkpt lat="45.881879981607199" lon="11.024400992318988">
        <ele>173.49643900000001</ele>
        <time>2026-09-16T12:55:44Z</time>
      </trkpt>
      <trkpt lat="45.881649982184172" lon="11.023938981816173">
        <ele>173.02265499999999</ele>
        <time>2026-09-16T12:55:49Z</time>
      </trkpt>
      <trkpt lat="45.881583010777831" lon="11.023715017363429">
        <ele>172.819287</ele>
        <time>2026-09-16T12:55:52Z</time>
      </trkpt>
      <trkpt lat="45.881551997736096" lon="11.023321989923716">
        <ele>172.46784199999999</ele>
        <time>2026-09-16T12:55:56Z</time>
      </trkpt>
      <trkpt lat="45.881467005237937" lon="11.023057959973812">
        <ele>172.191033</ele>
        <time>2026-09-16T12:55:59Z</time>
      </trkpt>
      <trkpt lat="45.881355023011565" lon="11.022919993847609">
        <ele>171.98931400000001</ele>
        <time>2026-09-16T12:56:01Z</time>
      </trkpt>
      <trkpt lat="45.881304983049631" lon="11.02279300801456">
        <ele>171.85046299999999</ele>
        <time>2026-09-16T12:56:02Z</time>
      </trkpt>
      <trkpt lat="45.881148995831609" lon="11.022271988913417">
        <ele>171.31072499999999</ele>
        <time>2026-09-16T12:56:08Z</time>
      </trkpt>
      <trkpt lat="45.881147990003228" lon="11.022094963118434">
        <ele>171.14227299999999</ele>
        <time>2026-09-16T12:56:10Z</time>
      </trkpt>
      <trkpt lat="45.881084958091378" lon="11.022135028615594">
        <ele>171.04811100000001</ele>
        <time>2026-09-16T12:56:11Z</time>
      </trkpt>
      <trkpt lat="45.880839033052325" lon="11.022295961156487">
        <ele>170.67855700000001</ele>
        <time>2026-09-16T12:56:15Z</time>
      </trkpt>
      <trkpt lat="45.880796033889055" lon="11.022324040532112">
        <ele>170.61401599999999</ele>
        <time>2026-09-16T12:56:15Z</time>
      </trkpt>
      <trkpt lat="45.880778012797236" lon="11.022271988913417">
        <ele>170.55874800000001</ele>
        <time>2026-09-16T12:56:16Z</time>
      </trkpt>
      <trkpt lat="45.880762003362179" lon="11.022223960608244">
        <ele>170.50810100000001</ele>
        <time>2026-09-16T12:56:16Z</time>
      </trkpt>
      <trkpt lat="45.880771977826953" lon="11.022150032222271">
        <ele>170.436362</ele>
        <time>2026-09-16T12:56:17Z</time>
      </trkpt>
      <trkpt lat="45.880774995312095" lon="11.022100998088717">
        <ele>170.38955000000001</ele>
        <time>2026-09-16T12:56:18Z</time>
      </trkpt>
      <trkpt lat="45.880524963140488" lon="11.021366994827986">
        <ele>169.72022799999999</ele>
        <time>2026-09-16T12:56:26Z</time>
      </trkpt>
      <trkpt lat="45.880410969257355" lon="11.021095002070069">
        <ele>169.47536199999999</ele>
        <time>2026-09-16T12:56:29Z</time>
      </trkpt>
      <trkpt lat="45.879865977913141" lon="11.020068973302841">
        <ele>168.48000200000001</ele>
        <time>2026-09-16T12:56:42Z</time>
      </trkpt>
      <trkpt lat="45.879634972661734" lon="11.01985196582973">
        <ele>168.18969799999999</ele>
        <time>2026-09-16T12:56:46Z</time>
      </trkpt>
      <trkpt lat="45.87749800644815" lon="11.018139040097594">
        <ele>168.17342500000001</ele>
        <time>2026-09-16T12:57:29Z</time>
      </trkpt>
      <trkpt lat="45.877135992050171" lon="11.017899988219142">
        <ele>168.231844</ele>
        <time>2026-09-16T12:57:36Z</time>
      </trkpt>
      <trkpt lat="45.87696198374033" lon="11.017866041511297">
        <ele>168.25759300000001</ele>
        <time>2026-09-16T12:57:39Z</time>
      </trkpt>
      <trkpt lat="45.876714969053864" lon="11.017682980746031">
        <ele>168.29834500000001</ele>
        <time>2026-09-16T12:57:44Z</time>
      </trkpt>
      <trkpt lat="45.8747289609164" lon="11.016078013926744">
        <ele>168.64989299999999</ele>
        <time>2026-09-16T12:58:25Z</time>
      </trkpt>
      <trkpt lat="45.874700965359807" lon="11.016023028641939">
        <ele>168.65110200000001</ele>
        <time>2026-09-16T12:58:26Z</time>
      </trkpt>
      <trkpt lat="45.874646985903382" lon="11.015885984525084">
        <ele>168.65389500000001</ele>
        <time>2026-09-16T12:58:27Z</time>
      </trkpt>
      <trkpt lat="45.874516982585192" lon="11.015755981206894">
        <ele>168.65793099999999</ele>
        <time>2026-09-16T12:58:30Z</time>
      </trkpt>
      <trkpt lat="45.873436974361539" lon="11.015044022351503">
        <ele>168.68821</ele>
        <time>2026-09-16T12:58:51Z</time>
      </trkpt>
      <trkpt lat="45.872123027220368" lon="11.014109021052718">
        <ele>168.11582999999999</ele>
        <time>2026-09-16T12:59:15Z</time>
      </trkpt>
      <trkpt lat="45.871296990662813" lon="11.013582972809672">
        <ele>167.57310799999999</ele>
        <time>2026-09-16T12:59:29Z</time>
      </trkpt>
      <trkpt lat="45.871112002059817" lon="11.013405025005341">
        <ele>167.40281200000001</ele>
        <time>2026-09-16T12:59:32Z</time>
      </trkpt>
      <trkpt lat="45.869714990258217" lon="11.012605978175998">
        <ele>166.57347899999999</ele>
        <time>2026-09-16T12:59:55Z</time>
      </trkpt>
      <trkpt lat="45.869341995567083" lon="11.012343037873507">
        <ele>166.58791299999999</ele>
        <time>2026-09-16T13:00:02Z</time>
      </trkpt>
      <trkpt lat="45.868761967867613" lon="11.011832999065518">
        <ele>166.611538</ele>
        <time>2026-09-16T13:00:14Z</time>
      </trkpt>
      <trkpt lat="45.868395008146763" lon="11.011411976069212">
        <ele>166.70188400000001</ele>
        <time>2026-09-16T13:00:24Z</time>
      </trkpt>
      <trkpt lat="45.867921011522412" lon="11.010769000276923">
        <ele>167.01232400000001</ele>
        <time>2026-09-16T13:00:38Z</time>
      </trkpt>
      <trkpt lat="45.867570983245969" lon="11.010167011991143">
        <ele>167.27232599999999</ele>
        <time>2026-09-16T13:00:49Z</time>
      </trkpt>
      <trkpt lat="45.867255991324782" lon="11.009514983743429">
        <ele>167.47847200000001</ele>
        <time>2026-09-16T13:00:58Z</time>
      </trkpt>
      <trkpt lat="45.867005959153175" lon="11.00882900878787">
        <ele>167.47884099999999</ele>
        <time>2026-09-16T13:01:06Z</time>
      </trkpt>
      <trkpt lat="45.866817031055689" lon="11.008188966661692">
        <ele>167.47917200000001</ele>
        <time>2026-09-16T13:01:14Z</time>
      </trkpt>
      <trkpt lat="45.86677897721529" lon="11.008008001372218">
        <ele>167.47926200000001</ele>
        <time>2026-09-16T13:01:17Z</time>
      </trkpt>
      <trkpt lat="45.866678981110454" lon="11.007501985877752">
        <ele>167.479512</ele>
        <time>2026-09-16T13:01:23Z</time>
      </trkpt>
      <trkpt lat="45.866515031084418" lon="11.006391970440745">
        <ele>167.90957</ele>
        <time>2026-09-16T13:01:40Z</time>
      </trkpt>
      <trkpt lat="45.866467002779245" lon="11.004861015826464">
        <ele>168.63512700000001</ele>
        <time>2026-09-16T13:02:03Z</time>
      </trkpt>
      <trkpt lat="45.86641201749444" lon="11.004168000072241">
        <ele>168.51996800000001</ele>
        <time>2026-09-16T13:02:11Z</time>
      </trkpt>
      <trkpt lat="45.866270028054714" lon="11.003512032330036">
        <ele>168.29409999999999</ele>
        <time>2026-09-16T13:02:19Z</time>
      </trkpt>
      <trkpt lat="45.865974985063076" lon="11.002774005755782">
        <ele>168.01431400000001</ele>
        <time>2026-09-16T13:02:28Z</time>
      </trkpt>
      <trkpt lat="45.865643983706832" lon="11.002267990261316">
        <ele>167.784448</ele>
        <time>2026-09-16T13:02:35Z</time>
      </trkpt>
      <trkpt lat="45.865225978195667" lon="11.001840010285378">
        <ele>167.53627399999999</ele>
        <time>2026-09-16T13:02:43Z</time>
      </trkpt>
      <trkpt lat="45.862500015646219" lon="10.999514032155275">
        <ele>166.80481399999999</ele>
        <time>2026-09-16T13:03:35Z</time>
      </trkpt>
      <trkpt lat="45.862463973462582" lon="10.999518977478147">
        <ele>166.81034099999999</ele>
        <time>2026-09-16T13:03:36Z</time>
      </trkpt>
      <trkpt lat="45.862364983186126" lon="10.9998460393399">
        <ele>166.84828200000001</ele>
        <time>2026-09-16T13:03:41Z</time>
      </trkpt>
      <trkpt lat="45.862304968759418" lon="10.999893983826041">
        <ele>166.858777</ele>
        <time>2026-09-16T13:03:42Z</time>
      </trkpt>
      <trkpt lat="45.862089972943068" lon="10.999900018796325">
        <ele>166.89163500000001</ele>
        <time>2026-09-16T13:03:47Z</time>
      </trkpt>
      <trkpt lat="45.861929962411523" lon="10.999797005206347">
        <ele>166.91842700000001</ele>
        <time>2026-09-16T13:03:51Z</time>
      </trkpt>
      <trkpt lat="45.861722007393837" lon="10.999589972198009">
        <ele>166.95709600000001</ele>
        <time>2026-09-16T13:03:56Z</time>
      </trkpt>
      <trkpt lat="45.861656963825226" lon="10.999470027163625">
        <ele>166.97327300000001</ele>
        <time>2026-09-16T13:03:58Z</time>
      </trkpt>
      <trkpt lat="45.861626034602523" lon="10.999430967494845">
        <ele>166.97957</ele>
        <time>2026-09-16T13:03:59Z</time>
      </trkpt>
      <trkpt lat="45.861656041815877" lon="10.999349998310208">
        <ele>166.98933199999999</ele>
        <time>2026-09-16T13:04:00Z</time>
      </trkpt>
      <trkpt lat="45.862063989043236" lon="10.999908987432718">
        <ele>166.79143099999999</ele>
        <time>2026-09-16T13:04:08Z</time>
      </trkpt>
      <trkpt lat="45.86218100041151" lon="10.999704971909523">
        <ele>166.56091599999999</ele>
        <time>2026-09-16T13:04:11Z</time>
      </trkpt>
      <trkpt lat="45.862237997353077" lon="10.999575974419713">
        <ele>166.42765800000001</ele>
        <time>2026-09-16T13:04:12Z</time>
      </trkpt>
      <trkpt lat="45.862274039536715" lon="10.999604975804687">
        <ele>166.375957</ele>
        <time>2026-09-16T13:04:13Z</time>
      </trkpt>
      <trkpt lat="45.862303040921688" lon="10.999532975256443">
        <ele>166.30340799999999</ele>
        <time>2026-09-16T13:04:14Z</time>
      </trkpt>
      <trkpt lat="45.862726997584105" lon="10.998400999233127">
        <ele>165.182275</ele>
        <time>2026-09-16T13:04:28Z</time>
      </trkpt>
      <trkpt lat="45.862740995362401" lon="10.998359005898237">
        <ele>165.141661</ele>
        <time>2026-09-16T13:04:29Z</time>
      </trkpt>
      <trkpt lat="45.862140012905002" lon="10.997991962358356">
        <ele>165.00271699999999</ele>
        <time>2026-09-16T13:04:39Z</time>
      </trkpt>
      <trkpt lat="45.861554034054279" lon="10.997579991817474">
        <ele>165.37099599999999</ele>
        <time>2026-09-16T13:04:51Z</time>
      </trkpt>
      <trkpt lat="45.861508017405868" lon="10.997518971562386">
        <ele>165.40633800000001</ele>
        <time>2026-09-16T13:04:52Z</time>
      </trkpt>
      <trkpt lat="45.861337026581168" lon="10.996286999434233">
        <ele>166.12413599999999</ele>
        <time>2026-09-16T13:05:12Z</time>
      </trkpt>
      <trkpt lat="45.86134297773242" lon="10.996171999722719">
        <ele>166.278491</ele>
        <time>2026-09-16T13:05:15Z</time>
      </trkpt>
      <trkpt lat="45.861466024070978" lon="10.995603958144784">
        <ele>167.07464899999999</ele>
        <time>2026-09-16T13:05:29Z</time>
      </trkpt>
      <trkpt lat="45.861409027129412" lon="10.9950349945575">
        <ele>167.844077</ele>
        <time>2026-09-16T13:05:42Z</time>
      </trkpt>
      <trkpt lat="45.861372984945774" lon="10.994917983189225">
        <ele>168.01528200000001</ele>
        <time>2026-09-16T13:05:44Z</time>
      </trkpt>
      <trkpt lat="45.861296961084008" lon="10.994355976581573">
        <ele>168.781554</ele>
        <time>2026-09-16T13:05:53Z</time>
      </trkpt>
      <trkpt lat="45.861182967200875" lon="10.994045007973909">
        <ele>169.25196299999999</ele>
        <time>2026-09-16T13:05:57Z</time>
      </trkpt>
      <trkpt lat="45.86114801466465" lon="10.994344996288419">
        <ele>168.941327</ele>
        <time>2026-09-16T13:06:01Z</time>
      </trkpt>
      <trkpt lat="45.860969983041286" lon="10.994694018736482">
        <ele>168.46853899999999</ele>
        <time>2026-09-16T13:06:06Z</time>
      </trkpt>
      <trkpt lat="45.860753981396556" lon="10.994999958202243">
        <ele>167.99234200000001</ele>
        <time>2026-09-16T13:06:10Z</time>
      </trkpt>
      <trkpt lat="45.860209995880723" lon="10.995425004512072">
        <ele>167.020409</ele>
        <time>2026-09-16T13:06:18Z</time>
      </trkpt>
      <trkpt lat="45.860154004767537" lon="10.995519971475005">
        <ele>166.884377</ele>
        <time>2026-09-16T13:06:19Z</time>
      </trkpt>
      <trkpt lat="45.860074041411281" lon="10.995756005868316">
        <ele>166.597508</ele>
        <time>2026-09-16T13:06:22Z</time>
      </trkpt>
      <trkpt lat="45.860034981742501" lon="10.995801016688347">
        <ele>166.518989</ele>
        <time>2026-09-16T13:06:22Z</time>
      </trkpt>
      <trkpt lat="45.859869020059705" lon="10.995876034721732">
        <ele>166.21963</ele>
        <time>2026-09-16T13:06:25Z</time>
      </trkpt>
      <trkpt lat="45.859442967921495" lon="10.995790958404541">
        <ele>165.45393100000001</ele>
        <time>2026-09-16T13:06:31Z</time>
      </trkpt>
      <trkpt lat="45.859252028167248" lon="10.995856001973152">
        <ele>165.10447199999999</ele>
        <time>2026-09-16T13:06:33Z</time>
      </trkpt>
      <trkpt lat="45.859023034572601" lon="10.996052976697683">
        <ele>164.62921399999999</ele>
        <time>2026-09-16T13:06:37Z</time>
      </trkpt>
      <trkpt lat="45.858896970748901" lon="10.996032021939754">
        <ele>164.403389</ele>
        <time>2026-09-16T13:06:39Z</time>
      </trkpt>
      <trkpt lat="45.858264975249767" lon="10.995756005868316">
        <ele>163.233619</ele>
        <time>2026-09-16T13:06:48Z</time>
      </trkpt>
      <trkpt lat="45.85762501694262" lon="10.995695991441607">
        <ele>162.704308</ele>
        <time>2026-09-16T13:06:58Z</time>
      </trkpt>
      <trkpt lat="45.855920976027846" lon="10.995383011177182">
        <ele>161.717479</ele>
        <time>2026-09-16T13:07:24Z</time>
      </trkpt>
      <trkpt lat="45.851803030818701" lon="10.99462604150176">
        <ele>162.714842</ele>
        <time>2026-09-16T13:08:37Z</time>
      </trkpt>
      <trkpt lat="45.851846029981971" lon="10.994337033480406">
        <ele>162.934327</ele>
        <time>2026-09-16T13:08:41Z</time>
      </trkpt>
      <trkpt lat="45.851986007764935" lon="10.993571011349559">
        <ele>163.90482800000001</ele>
        <time>2026-09-16T13:08:56Z</time>
      </trkpt>
      <trkpt lat="45.85201702080667" lon="10.993216037750244">
        <ele>165.35721100000001</ele>
        <time>2026-09-16T13:09:04Z</time>
      </trkpt>
      <trkpt lat="45.852004028856754" lon="10.993066001683474">
        <ele>165.970823</ele>
        <time>2026-09-16T13:09:09Z</time>
      </trkpt>
      <trkpt lat="45.852019032463431" lon="10.992820998653769">
        <ele>166.969221</ele>
        <time>2026-09-16T13:09:16Z</time>
      </trkpt>
      <trkpt lat="45.852209972217679" lon="10.99224298261106">
        <ele>169.56625</ele>
        <time>2026-09-16T13:09:38Z</time>
      </trkpt>
      <trkpt lat="45.852217013016343" lon="10.992096969857812">
        <ele>170.16032899999999</ele>
        <time>2026-09-16T13:09:43Z</time>
      </trkpt>
      <trkpt lat="45.852208966389298" lon="10.99174601957202">
        <ele>171.58595</ele>
        <time>2026-09-16T13:09:55Z</time>
      </trkpt>
      <trkpt lat="45.852236039936543" lon="10.991591960191727">
        <ele>172.230602</ele>
        <time>2026-09-16T13:10:01Z</time>
      </trkpt>
      <trkpt lat="45.852347016334534" lon="10.991330025717616">
        <ele>173.475471</ele>
        <time>2026-09-16T13:10:12Z</time>
      </trkpt>
      <trkpt lat="45.852463021874428" lon="10.991154005751014">
        <ele>174.332292</ele>
        <time>2026-09-16T13:10:20Z</time>
      </trkpt>
      <trkpt lat="45.852593025192618" lon="10.991065995767713">
        <ele>174.97299699999999</ele>
        <time>2026-09-16T13:10:27Z</time>
      </trkpt>
      <trkpt lat="45.852673994377255" lon="10.991105977445841">
        <ele>175.35484600000001</ele>
        <time>2026-09-16T13:10:31Z</time>
      </trkpt>
      <trkpt lat="45.852819001302123" lon="10.991204967722297">
        <ele>176.07060200000001</ele>
        <time>2026-09-16T13:10:38Z</time>
      </trkpt>
      <trkpt lat="45.853023016825318" lon="10.991315022110939">
        <ele>177.04202699999999</ele>
        <time>2026-09-16T13:10:48Z</time>
      </trkpt>
      <trkpt lat="45.853312024846673" lon="10.991238998249173">
        <ele>178.35178099999999</ele>
        <time>2026-09-16T13:10:59Z</time>
      </trkpt>
      <trkpt lat="45.853439010679722" lon="10.991152999922633">
        <ele>178.97774000000001</ele>
        <time>2026-09-16T13:11:03Z</time>
      </trkpt>
      <trkpt lat="45.853659035637975" lon="10.990906991064548">
        <ele>180.220809</ele>
        <time>2026-09-16T13:11:12Z</time>
      </trkpt>
      <trkpt lat="45.853958018124104" lon="10.990571966394782">
        <ele>181.911517</ele>
        <time>2026-09-16T13:11:23Z</time>
      </trkpt>
      <trkpt lat="45.854033958166838" lon="10.990521004423499">
        <ele>182.05696800000001</ele>
        <time>2026-09-16T13:11:24Z</time>
      </trkpt>
      <trkpt lat="45.854255994781852" lon="10.990455038845539">
        <ele>182.40319</ele>
        <time>2026-09-16T13:11:30Z</time>
      </trkpt>
      <trkpt lat="45.854652961716056" lon="10.990255968645215">
        <ele>183.04535999999999</ele>
        <time>2026-09-16T13:11:40Z</time>
      </trkpt>
      <trkpt lat="45.854813978075981" lon="10.990142980590463">
        <ele>183.31903800000001</ele>
        <time>2026-09-16T13:11:45Z</time>
      </trkpt>
      <trkpt lat="45.855041965842247" lon="10.98985699005425">
        <ele>183.781397</ele>
        <time>2026-09-16T13:11:54Z</time>
      </trkpt>
      <trkpt lat="45.855280011892319" lon="10.989349968731403">
        <ele>184.431712</ele>
        <time>2026-09-16T13:12:04Z</time>
      </trkpt>
      <trkpt lat="45.855324016883969" lon="10.989230023697019">
        <ele>184.57595499999999</ele>
        <time>2026-09-16T13:12:05Z</time>
      </trkpt>
      <trkpt lat="45.855466006323695" lon="10.988861974328756">
        <ele>184.53471500000001</ele>
        <time>2026-09-16T13:12:10Z</time>
      </trkpt>
      <trkpt lat="45.855611013248563" lon="10.988709004595876">
        <ele>184.413025</ele>
        <time>2026-09-16T13:12:12Z</time>
      </trkpt>
      <trkpt lat="45.855630040168762" lon="10.988673968240619">
        <ele>184.392124</ele>
        <time>2026-09-16T13:12:13Z</time>
      </trkpt>
      <trkpt lat="45.855558961629868" lon="10.988640021532774">
        <ele>184.34151</ele>
        <time>2026-09-16T13:12:14Z</time>
      </trkpt>
      <trkpt lat="45.855525014922023" lon="10.988687966018915">
        <ele>184.30926400000001</ele>
        <time>2026-09-16T13:12:15Z</time>
      </trkpt>
      <trkpt lat="45.855415966361761" lon="10.988507000729442">
        <ele>184.196564</ele>
        <time>2026-09-16T13:12:18Z</time>
      </trkpt>
      <trkpt lat="45.855298032984138" lon="10.988462995737791">
        <ele>184.11411699999999</ele>
        <time>2026-09-16T13:12:19Z</time>
      </trkpt>
      <trkpt lat="45.855290992185473" lon="10.98846198990941">
        <ele>184.10936000000001</ele>
        <time>2026-09-16T13:12:20Z</time>
      </trkpt>
      <trkpt lat="45.855178004130721" lon="10.988442040979862">
        <ele>184.032364</ele>
        <time>2026-09-16T13:12:21Z</time>
      </trkpt>
      <trkpt lat="45.855022016912699" lon="10.988390995189548">
        <ele>183.92416700000001</ele>
        <time>2026-09-16T13:12:23Z</time>
      </trkpt>
      <trkpt lat="45.855011958628893" lon="10.988382026553154">
        <ele>183.91618500000001</ele>
        <time>2026-09-16T13:12:24Z</time>
      </trkpt>
      <trkpt lat="45.854816995561123" lon="10.98811699077487">
        <ele>183.734611</ele>
        <time>2026-09-16T13:12:27Z</time>
      </trkpt>
      <trkpt lat="45.854714987799525" lon="10.988048007711768">
        <ele>183.65835999999999</ele>
        <time>2026-09-16T13:12:29Z</time>
      </trkpt>
      <trkpt lat="45.853826003149152" lon="10.988486967980862">
        <ele>185.43964800000001</ele>
        <time>2026-09-16T13:12:44Z</time>
      </trkpt>
      <trkpt lat="45.853711003437638" lon="10.988496020436287">
        <ele>185.78408999999999</ele>
        <time>2026-09-16T13:12:48Z</time>
      </trkpt>
      <trkpt lat="45.853594997897744" lon="10.988379009068012">
        <ele>186.20805899999999</ele>
        <time>2026-09-16T13:12:52Z</time>
      </trkpt>
      <trkpt lat="45.853572031483054" lon="10.988301979377866">
        <ele>186.38257899999999</ele>
        <time>2026-09-16T13:12:54Z</time>
      </trkpt>
      <trkpt lat="45.853568008169532" lon="10.988194020465016">
        <ele>186.60786200000001</ele>
        <time>2026-09-16T13:12:56Z</time>
      </trkpt>
      <trkpt lat="45.853653000667691" lon="10.987725974991918">
        <ele>187.61530999999999</ele>
        <time>2026-09-16T13:13:10Z</time>
      </trkpt>
      <trkpt lat="45.853599021211267" lon="10.987639976665378">
        <ele>187.85649900000001</ele>
        <time>2026-09-16T13:13:13Z</time>
      </trkpt>
      <trkpt lat="45.85349902510643" lon="10.987593960016966">
        <ele>188.17054400000001</ele>
        <time>2026-09-16T13:13:18Z</time>
      </trkpt>
      <trkpt lat="45.853309007361531" lon="10.987542998045683">
        <ele>188.74862400000001</ele>
        <time>2026-09-16T13:13:27Z</time>
      </trkpt>
      <trkpt lat="45.853079007938504" lon="10.987392961978912">
        <ele>190.11130499999999</ele>
        <time>2026-09-16T13:13:39Z</time>
      </trkpt>
      <trkpt lat="45.85298303514719" lon="10.987299000844359">
        <ele>190.78020699999999</ele>
        <time>2026-09-16T13:13:45Z</time>
      </trkpt>
      <trkpt lat="45.852866023778915" lon="10.987105965614319">
        <ele>191.806073</ele>
        <time>2026-09-16T13:13:54Z</time>
      </trkpt>
      <trkpt lat="45.852801986038685" lon="10.986837996169925">
        <ele>192.94199599999999</ele>
        <time>2026-09-16T13:14:03Z</time>
      </trkpt>
      <trkpt lat="45.852824030444026" lon="10.98646298982203">
        <ele>194.45084700000001</ele>
        <time>2026-09-16T13:14:15Z</time>
      </trkpt>
      <trkpt lat="45.852900976315141" lon="10.986014977097511">
        <ele>196.30094099999999</ele>
        <time>2026-09-16T13:14:30Z</time>
      </trkpt>
      <trkpt lat="45.85277097299695" lon="10.985398991033435">
        <ele>198.88161700000001</ele>
        <time>2026-09-16T13:14:48Z</time>
      </trkpt>
      <trkpt lat="45.852524964138865" lon="10.984750986099243">
        <ele>200.05048199999999</ele>
        <time>2026-09-16T13:15:04Z</time>
      </trkpt>
      <trkpt lat="45.852412981912494" lon="10.984430965036154">
        <ele>200.51244199999999</ele>
        <time>2026-09-16T13:15:10Z</time>
      </trkpt>
      <trkpt lat="45.852389009669423" lon="10.984266009181738">
        <ele>200.729871</ele>
        <time>2026-09-16T13:15:13Z</time>
      </trkpt>
      <trkpt lat="45.852363025769591" lon="10.984154026955366">
        <ele>200.88215600000001</ele>
        <time>2026-09-16T13:15:15Z</time>
      </trkpt>
      <trkpt lat="45.852319020777941" lon="10.984028968960047">
        <ele>201.06281799999999</ele>
        <time>2026-09-16T13:15:17Z</time>
      </trkpt>
      <trkpt lat="45.852280966937542" lon="10.983923021703959">
        <ele>201.216598</ele>
        <time>2026-09-16T13:15:19Z</time>
      </trkpt>
      <trkpt lat="45.852233022451401" lon="10.983784971758723">
        <ele>201.41557</ele>
        <time>2026-09-16T13:15:21Z</time>
      </trkpt>
      <trkpt lat="45.851907972246408" lon="10.982909984886646">
        <ele>202.534862</ele>
        <time>2026-09-16T13:15:35Z</time>
      </trkpt>
      <trkpt lat="45.851789033040404" lon="10.982813006266952">
        <ele>202.53861699999999</ele>
        <time>2026-09-16T13:15:37Z</time>
      </trkpt>
      <trkpt lat="45.8516959939152" lon="10.982557022944093">
        <ele>202.54413400000001</ele>
        <time>2026-09-16T13:15:41Z</time>
      </trkpt>
      <trkpt lat="45.851661041378975" lon="10.982457026839256">
        <ele>202.54627300000001</ele>
        <time>2026-09-16T13:15:42Z</time>
      </trkpt>
      <trkpt lat="45.851560039445758" lon="10.98212200216949">
        <ele>202.55324899999999</ele>
        <time>2026-09-16T13:15:47Z</time>
      </trkpt>
      <trkpt lat="45.851536989212036" lon="10.982056958600879">
        <ele>202.554642</ele>
        <time>2026-09-16T13:15:47Z</time>
      </trkpt>
      <trkpt lat="45.851509999483824" lon="10.981976995244622">
        <ele>202.556341</ele>
        <time>2026-09-16T13:15:49Z</time>
      </trkpt>
      <trkpt lat="45.85150103084743" lon="10.98195101134479">
        <ele>202.55689599999999</ele>
        <time>2026-09-16T13:15:49Z</time>
      </trkpt>
      <trkpt lat="45.851485021412373" lon="10.981902983039618">
        <ele>202.55791300000001</ele>
        <time>2026-09-16T13:15:50Z</time>
      </trkpt>
      <trkpt lat="45.851270025596023" lon="10.981286996975541">
        <ele>202.57107999999999</ele>
        <time>2026-09-16T13:15:58Z</time>
      </trkpt>
      <trkpt lat="45.851263990625739" lon="10.98117602057755">
        <ele>202.57320799999999</ele>
        <time>2026-09-16T13:16:00Z</time>
      </trkpt>
      <trkpt lat="45.851282011717558" lon="10.981117011979222">
        <ele>202.57443799999999</ele>
        <time>2026-09-16T13:16:01Z</time>
      </trkpt>
      <trkpt lat="45.851315036416054" lon="10.981035036966205">
        <ele>202.57624799999999</ele>
        <time>2026-09-16T13:16:02Z</time>
      </trkpt>
      <trkpt lat="45.851825997233391" lon="10.980580989271402">
        <ele>202.13791499999999</ele>
        <time>2026-09-16T13:16:11Z</time>
      </trkpt>
      <trkpt lat="45.851924987509847" lon="10.980451991781592">
        <ele>201.98892599999999</ele>
        <time>2026-09-16T13:16:13Z</time>
      </trkpt>
      <trkpt lat="45.851997993886471" lon="10.980162983760238">
        <ele>201.75030899999999</ele>
        <time>2026-09-16T13:16:16Z</time>
      </trkpt>
      <trkpt lat="45.851987013593316" lon="10.980142029002309">
        <ele>201.72991400000001</ele>
        <time>2026-09-16T13:16:16Z</time>
      </trkpt>
      <trkpt lat="45.851979972794652" lon="10.980130964890122">
        <ele>201.71834899999999</ele>
        <time>2026-09-16T13:16:16Z</time>
      </trkpt>
      <trkpt lat="45.851985001936555" lon="10.980077991262078">
        <ele>201.67683500000001</ele>
        <time>2026-09-16T13:16:17Z</time>
      </trkpt>
      <trkpt lat="45.852005034685135" lon="10.979831982403994">
        <ele>201.48459399999999</ele>
        <time>2026-09-16T13:16:19Z</time>
      </trkpt>
      <trkpt lat="45.851988019421697" lon="10.979698039591312">
        <ele>201.378873</ele>
        <time>2026-09-16T13:16:21Z</time>
      </trkpt>
      <trkpt lat="45.851936973631382" lon="10.97965101711452">
        <ele>201.31133700000001</ele>
        <time>2026-09-16T13:16:22Z</time>
      </trkpt>
      <trkpt lat="45.851895986124873" lon="10.979657974094152">
        <ele>201.26532499999999</ele>
        <time>2026-09-16T13:16:22Z</time>
      </trkpt>
      <trkpt lat="45.851863967254758" lon="10.979696027934551">
        <ele>201.21904599999999</ele>
        <time>2026-09-16T13:16:23Z</time>
      </trkpt>
      <trkpt lat="45.851850975304842" lon="10.979765010997653">
        <ele>201.16356400000001</ele>
        <time>2026-09-16T13:16:23Z</time>
      </trkpt>
      <trkpt lat="45.851865978911519" lon="10.9798230137676">
        <ele>201.11554100000001</ele>
        <time>2026-09-16T13:16:24Z</time>
      </trkpt>
      <trkpt lat="45.851907972246408" lon="10.979861989617348">
        <ele>201.0598</ele>
        <time>2026-09-16T13:16:25Z</time>
      </trkpt>
      <trkpt lat="45.851981984451413" lon="10.979827037081122">
        <ele>200.97297499999999</ele>
        <time>2026-09-16T13:16:26Z</time>
      </trkpt>
      <trkpt lat="45.852160016074777" lon="10.979511961340904">
        <ele>200.65812700000001</ele>
        <time>2026-09-16T13:16:30Z</time>
      </trkpt>
      <trkpt lat="45.852183988317847" lon="10.979429986327887">
        <ele>200.589088</ele>
        <time>2026-09-16T13:16:31Z</time>
      </trkpt>
      <trkpt lat="45.852176025509834" lon="10.979281961917877">
        <ele>200.52678399999999</ele>
        <time>2026-09-16T13:16:32Z</time>
      </trkpt>
      <trkpt lat="45.852166973054409" lon="10.979110971093178">
        <ele>200.461713</ele>
        <time>2026-09-16T13:16:34Z</time>
      </trkpt>
      <trkpt lat="45.852096984162927" lon="10.978820035234094">
        <ele>200.34489199999999</ele>
        <time>2026-09-16T13:16:38Z</time>
      </trkpt>
      <trkpt lat="45.852063959464431" lon="10.978690031915903">
        <ele>200.29238799999999</ele>
        <time>2026-09-16T13:16:40Z</time>
      </trkpt>
      <trkpt lat="45.852033030241728" lon="10.978538990020752">
        <ele>200.232654</ele>
        <time>2026-09-16T13:16:43Z</time>
      </trkpt>
      <trkpt lat="45.851998999714851" lon="10.978017970919609">
        <ele>200.03409199999999</ele>
        <time>2026-09-16T13:16:50Z</time>
      </trkpt>
      <trkpt lat="45.851994976401329" lon="10.977931972593069">
        <ele>200.001386</ele>
        <time>2026-09-16T13:16:51Z</time>
      </trkpt>
      <trkpt lat="45.852034036070108" lon="10.977909006178379">
        <ele>199.97841600000001</ele>
        <time>2026-09-16T13:16:52Z</time>
      </trkpt>
      <trkpt lat="45.852052979171276" lon="10.977856032550335">
        <ele>199.95579799999999</ele>
        <time>2026-09-16T13:16:53Z</time>
      </trkpt>
      <trkpt lat="45.852043004706502" lon="10.977799035608768">
        <ele>199.933493</ele>
        <time>2026-09-16T13:16:54Z</time>
      </trkpt>
      <trkpt lat="45.852139983326197" lon="10.977509021759033">
        <ele>199.81142</ele>
        <time>2026-09-16T13:16:59Z</time>
      </trkpt>
      <trkpt lat="45.852166973054409" lon="10.977463005110621">
        <ele>199.78859399999999</ele>
        <time>2026-09-16T13:17:00Z</time>
      </trkpt>
      <trkpt lat="45.852363025769591" lon="10.977109959349036">
        <ele>199.61729399999999</ele>
        <time>2026-09-16T13:17:07Z</time>
      </trkpt>
      <trkpt lat="45.85238398052752" lon="10.97707299515605">
        <ele>199.59918300000001</ele>
        <time>2026-09-16T13:17:08Z</time>
      </trkpt>
      <trkpt lat="45.852464027702808" lon="10.976933017373085">
        <ele>199.615757</ele>
        <time>2026-09-16T13:17:11Z</time>
      </trkpt>
      <trkpt lat="45.852517001330853" lon="10.976827992126346">
        <ele>199.62914900000001</ele>
        <time>2026-09-16T13:17:12Z</time>
      </trkpt>
      <trkpt lat="45.852581039071083" lon="10.976695977151394">
        <ele>199.645759</ele>
        <time>2026-09-16T13:17:14Z</time>
      </trkpt>
      <trkpt lat="45.852679023519158" lon="10.976427001878619">
        <ele>199.67711</ele>
        <time>2026-09-16T13:17:18Z</time>
      </trkpt>
      <trkpt lat="45.852843979373574" lon="10.975970020517707">
        <ele>199.73027099999999</ele>
        <time>2026-09-16T13:17:25Z</time>
      </trkpt>
      <trkpt lat="45.852904999628663" lon="10.975800035521388">
        <ele>199.750021</ele>
        <time>2026-09-16T13:17:28Z</time>
      </trkpt>
      <trkpt lat="45.852998960763216" lon="10.975519996136427">
        <ele>199.78212099999999</ele>
        <time>2026-09-16T13:17:32Z</time>
      </trkpt>
      <trkpt lat="45.85304799489677" lon="10.975384041666985">
        <ele>199.797934</ele>
        <time>2026-09-16T13:17:34Z</time>
      </trkpt>
      <trkpt lat="45.853099040687084" lon="10.975240962579846">
        <ele>199.814526</ele>
        <time>2026-09-16T13:17:36Z</time>
      </trkpt>
      <trkpt lat="45.853115972131491" lon="10.975192012265325">
        <ele>199.820179</ele>
        <time>2026-09-16T13:17:36Z</time>
      </trkpt>
      <trkpt lat="45.853129969909787" lon="10.975156975910068">
        <ele>199.82434799999999</ele>
        <time>2026-09-16T13:17:37Z</time>
      </trkpt>
      <trkpt lat="45.853236000984907" lon="10.974864028394222">
        <ele>199.85844499999999</ele>
        <time>2026-09-16T13:17:41Z</time>
      </trkpt>
      <trkpt lat="45.853247987106442" lon="10.974831003695726">
        <ele>199.86229</ele>
        <time>2026-09-16T13:17:41Z</time>
      </trkpt>
      <trkpt lat="45.853299032896757" lon="10.974689014256001">
        <ele>199.88694100000001</ele>
        <time>2026-09-16T13:17:43Z</time>
      </trkpt>
      <trkpt lat="45.853318981826305" lon="10.974635034799576">
        <ele>199.89678799999999</ele>
        <time>2026-09-16T13:17:44Z</time>
      </trkpt>
      <trkpt lat="45.853632967919111" lon="10.973745966330171">
        <ele>200.057265</ele>
        <time>2026-09-16T13:17:55Z</time>
      </trkpt>
      <trkpt lat="45.853826003149152" lon="10.973194018006325">
        <ele>200.15670299999999</ele>
        <time>2026-09-16T13:18:03Z</time>
      </trkpt>
      <trkpt lat="45.853720977902412" lon="10.973165016621351">
        <ele>200.18141800000001</ele>
        <time>2026-09-16T13:18:05Z</time>
      </trkpt>
      <trkpt lat="45.85319995880127" lon="10.973154036328197">
        <ele>200.30971299999999</ele>
        <time>2026-09-16T13:18:16Z</time>
      </trkpt>
      <trkpt lat="45.853060986846685" lon="10.973148001357913">
        <ele>200.35338300000001</ele>
        <time>2026-09-16T13:18:19Z</time>
      </trkpt>
      <trkpt lat="45.852394960820675" lon="10.973121011629701">
        <ele>200.56261000000001</ele>
        <time>2026-09-16T13:18:33Z</time>
      </trkpt>
      <trkpt lat="45.852270992472768" lon="10.973091004416347">
        <ele>200.60209900000001</ele>
        <time>2026-09-16T13:18:35Z</time>
      </trkpt>
      <trkpt lat="45.852162027731538" lon="10.973026966676116">
        <ele>200.63908000000001</ele>
        <time>2026-09-16T13:18:38Z</time>
      </trkpt>
      <trkpt lat="45.851766988635063" lon="10.972731001675129">
        <ele>200.77900199999999</ele>
        <time>2026-09-16T13:18:45Z</time>
      </trkpt>
      <trkpt lat="45.851684007793665" lon="10.972473006695509">
        <ele>200.841162</ele>
        <time>2026-09-16T13:18:49Z</time>
      </trkpt>
      <trkpt lat="45.85163002833724" lon="10.972427995875478">
        <ele>200.786224</ele>
        <time>2026-09-16T13:18:51Z</time>
      </trkpt>
      <trkpt lat="45.851636985316873" lon="10.972408968955278">
        <ele>200.768992</ele>
        <time>2026-09-16T13:18:51Z</time>
      </trkpt>
      <trkpt lat="45.852000005543232" lon="10.971475979313254">
        <ele>199.912252</ele>
        <time>2026-09-16T13:19:02Z</time>
      </trkpt>
      <trkpt lat="45.852348022162914" lon="10.970591017976403">
        <ele>199.097521</ele>
        <time>2026-09-16T13:19:12Z</time>
      </trkpt>
      <trkpt lat="45.852348022162914" lon="10.970528991892934">
        <ele>199.04781800000001</ele>
        <time>2026-09-16T13:19:12Z</time>
      </trkpt>
      <trkpt lat="45.852364031597972" lon="10.970484986901283">
        <ele>199.008027</ele>
        <time>2026-09-16T13:19:13Z</time>
      </trkpt>
      <trkpt lat="45.852376017719507" lon="10.970452968031168">
        <ele>198.978892</ele>
        <time>2026-09-16T13:19:13Z</time>
      </trkpt>
      <trkpt lat="45.852431003004313" lon="10.97039001993835">
        <ele>198.89791</ele>
        <time>2026-09-16T13:19:14Z</time>
      </trkpt>
      <trkpt lat="45.852434020489454" lon="10.97013202495873">
        <ele>198.75398899999999</ele>
        <time>2026-09-16T13:19:17Z</time>
      </trkpt>
      <trkpt lat="45.85246897302568" lon="10.970073016360402">
        <ele>198.73866200000001</ele>
        <time>2026-09-16T13:19:17Z</time>
      </trkpt>
      <trkpt lat="45.852470984682441" lon="10.969985006377101">
        <ele>198.72125</ele>
        <time>2026-09-16T13:19:18Z</time>
      </trkpt>
      <trkpt lat="45.85249001160264" lon="10.969986012205482">
        <ele>198.71585200000001</ele>
        <time>2026-09-16T13:19:19Z</time>
      </trkpt>
      <trkpt lat="45.852513983845711" lon="10.969985006377101">
        <ele>198.709034</ele>
        <time>2026-09-16T13:19:19Z</time>
      </trkpt>
      <trkpt lat="45.85251297801733" lon="10.969631960615516">
        <ele>198.63922299999999</ele>
        <time>2026-09-16T13:19:23Z</time>
      </trkpt>
      <trkpt lat="45.85251197218895" lon="10.969372959807515">
        <ele>198.58800199999999</ele>
        <time>2026-09-16T13:19:26Z</time>
      </trkpt>
      <trkpt lat="45.85251197218895" lon="10.969331972301006">
        <ele>198.579893</ele>
        <time>2026-09-16T13:19:26Z</time>
      </trkpt>
      <trkpt lat="45.852510966360569" lon="10.969083029776812">
        <ele>198.53064900000001</ele>
        <time>2026-09-16T13:19:29Z</time>
      </trkpt>
      <trkpt lat="45.852509960532188" lon="10.968838026747108">
        <ele>198.48219700000001</ele>
        <time>2026-09-16T13:19:32Z</time>
      </trkpt>
      <trkpt lat="45.852508032694459" lon="10.968428989872336">
        <ele>198.401309</ele>
        <time>2026-09-16T13:19:37Z</time>
      </trkpt>
      <trkpt lat="45.852508032694459" lon="10.968340979889035">
        <ele>198.383906</ele>
        <time>2026-09-16T13:19:38Z</time>
      </trkpt>
      <trkpt lat="45.852506021037698" lon="10.968211982399225">
        <ele>198.35838799999999</ele>
        <time>2026-09-16T13:19:39Z</time>
      </trkpt>
      <trkpt lat="45.852480959147215" lon="10.967834964394569">
        <ele>198.28349499999999</ele>
        <time>2026-09-16T13:19:44Z</time>
      </trkpt>
      <trkpt lat="45.852465033531189" lon="10.967619968578219">
        <ele>198.31412599999999</ele>
        <time>2026-09-16T13:19:47Z</time>
      </trkpt>
      <trkpt lat="45.85244600661099" lon="10.967440009117126">
        <ele>198.39218199999999</ele>
        <time>2026-09-16T13:19:50Z</time>
      </trkpt>
      <trkpt lat="45.852423962205648" lon="10.967162987217307">
        <ele>198.51171400000001</ele>
        <time>2026-09-16T13:19:54Z</time>
      </trkpt>
      <trkpt lat="45.852402001619339" lon="10.966880014166236">
        <ele>198.633802</ele>
        <time>2026-09-16T13:19:58Z</time>
      </trkpt>
      <trkpt lat="45.852385992184281" lon="10.966685973107815">
        <ele>198.71755999999999</ele>
        <time>2026-09-16T13:20:01Z</time>
      </trkpt>
      <trkpt lat="45.852374006062746" lon="10.966538032516837">
        <ele>198.781443</ele>
        <time>2026-09-16T13:20:03Z</time>
      </trkpt>
      <trkpt lat="45.852322038263083" lon="10.965519966557622">
        <ele>199.219078</ele>
        <time>2026-09-16T13:20:17Z</time>
      </trkpt>
      <trkpt lat="45.852370988577604" lon="10.963821960613132">
        <ele>199.59438499999999</ele>
        <time>2026-09-16T13:20:40Z</time>
      </trkpt>
      <trkpt lat="45.852365959435701" lon="10.963324997574091">
        <ele>199.67691199999999</ele>
        <time>2026-09-16T13:20:46Z</time>
      </trkpt>
      <trkpt lat="45.852236039936543" lon="10.96134502440691">
        <ele>199.890749</ele>
        <time>2026-09-16T13:21:09Z</time>
      </trkpt>
      <trkpt lat="45.852295970544219" lon="10.960670029744506">
        <ele>199.94030100000001</ele>
        <time>2026-09-16T13:21:18Z</time>
      </trkpt>
      <trkpt lat="45.852278033271432" lon="10.960472971200943">
        <ele>199.954769</ele>
        <time>2026-09-16T13:21:20Z</time>
      </trkpt>
      <trkpt lat="45.852260012179613" lon="10.960308015346527">
        <ele>199.96693099999999</ele>
        <time>2026-09-16T13:21:22Z</time>
      </trkpt>
      <trkpt lat="45.852278033271432" lon="10.959448032081127">
        <ele>200.158299</ele>
        <time>2026-09-16T13:21:33Z</time>
      </trkpt>
      <trkpt lat="45.852343998849392" lon="10.959092974662781">
        <ele>200.26765</ele>
        <time>2026-09-16T13:21:38Z</time>
      </trkpt>
      <trkpt lat="45.852375011891127" lon="10.958030987530947">
        <ele>200.58399199999999</ele>
        <time>2026-09-16T13:21:52Z</time>
      </trkpt>
      <trkpt lat="45.852542985230684" lon="10.955419018864632">
        <ele>201.81966600000001</ele>
        <time>2026-09-16T13:22:29Z</time>
      </trkpt>
      <trkpt lat="45.852538961917162" lon="10.954908980056643">
        <ele>202.08501000000001</ele>
        <time>2026-09-16T13:22:36Z</time>
      </trkpt>
      <trkpt lat="45.852610040456057" lon="10.954512013122439">
        <ele>202.36514600000001</ele>
        <time>2026-09-16T13:22:43Z</time>
      </trkpt>
      <trkpt lat="45.853054029867053" lon="10.953448014333844">
        <ele>203.22807599999999</ele>
        <time>2026-09-16T13:23:02Z</time>
      </trkpt>
      <trkpt lat="45.853415038436651" lon="10.952935963869095">
        <ele>203.734937</ele>
        <time>2026-09-16T13:23:13Z</time>
      </trkpt>
      <trkpt lat="45.853556022047997" lon="10.952653996646404">
        <ele>203.948959</ele>
        <time>2026-09-16T13:23:18Z</time>
      </trkpt>
      <trkpt lat="45.85362802259624" lon="10.952452998608351">
        <ele>204.05213000000001</ele>
        <time>2026-09-16T13:23:21Z</time>
      </trkpt>
      <trkpt lat="45.853793984279037" lon="10.951556973159313">
        <ele>204.47533799999999</ele>
        <time>2026-09-16T13:23:34Z</time>
      </trkpt>
      <trkpt lat="45.853866990655661" lon="10.950857000425458">
        <ele>204.798419</ele>
        <time>2026-09-16T13:23:44Z</time>
      </trkpt>
      <trkpt lat="45.854099001735449" lon="10.94843496568501">
        <ele>205.72537</ele>
        <time>2026-09-16T13:24:18Z</time>
      </trkpt>
      <trkpt lat="45.854104030877352" lon="10.948171019554138">
        <ele>205.81876600000001</ele>
        <time>2026-09-16T13:24:21Z</time>
      </trkpt>
      <trkpt lat="45.854048961773515" lon="10.947559978812933">
        <ele>205.99605500000001</ele>
        <time>2026-09-16T13:24:29Z</time>
      </trkpt>
      <trkpt lat="45.854035969823599" lon="10.947433998808265">
        <ele>206.00308200000001</ele>
        <time>2026-09-16T13:24:31Z</time>
      </trkpt>
      <trkpt lat="45.853920970112085" lon="10.946146035566926">
        <ele>206.07472000000001</ele>
        <time>2026-09-16T13:24:46Z</time>
      </trkpt>
      <trkpt lat="45.853892974555492" lon="10.945608001202345">
        <ele>206.10448299999999</ele>
        <time>2026-09-16T13:24:52Z</time>
      </trkpt>
      <trkpt lat="45.853856010362506" lon="10.944724967703223">
        <ele>206.404167</ele>
        <time>2026-09-16T13:25:03Z</time>
      </trkpt>
      <trkpt lat="45.853857016190886" lon="10.943940002471209">
        <ele>206.93550500000001</ele>
        <time>2026-09-16T13:25:14Z</time>
      </trkpt>
      <trkpt lat="45.853853998705745" lon="10.943585028871894">
        <ele>207.17580799999999</ele>
        <time>2026-09-16T13:25:20Z</time>
      </trkpt>
      <trkpt lat="45.853888029232621" lon="10.943060992285609">
        <ele>207.53201999999999</ele>
        <time>2026-09-16T13:25:28Z</time>
      </trkpt>
      <trkpt lat="45.854010991752148" lon="10.94200998544693">
        <ele>208.77283700000001</ele>
        <time>2026-09-16T13:25:46Z</time>
      </trkpt>
      <trkpt lat="45.854351967573166" lon="10.940493028610945">
        <ele>211.34878399999999</ele>
        <time>2026-09-16T13:26:17Z</time>
      </trkpt>
      <trkpt lat="45.854542991146445" lon="10.939664980396628">
        <ele>212.923598</ele>
        <time>2026-09-16T13:26:36Z</time>
      </trkpt>
      <trkpt lat="45.854588001966476" lon="10.939376978203654">
        <ele>213.51222799999999</ele>
        <time>2026-09-16T13:26:42Z</time>
      </trkpt>
      <trkpt lat="45.854603005573153" lon="10.939005995169282">
        <ele>214.253353</ele>
        <time>2026-09-16T13:26:50Z</time>
      </trkpt>
      <trkpt lat="45.854508960619569" lon="10.93861598521471">
        <ele>215.07638</ele>
        <time>2026-09-16T13:26:59Z</time>
      </trkpt>
      <trkpt lat="45.854068994522095" lon="10.937339002266526">
        <ele>217.95788899999999</ele>
        <time>2026-09-16T13:27:28Z</time>
      </trkpt>
      <trkpt lat="45.854093972593546" lon="10.936393020674586">
        <ele>219.951943</ele>
        <time>2026-09-16T13:27:48Z</time>
      </trkpt>
      <trkpt lat="45.854220958426595" lon="10.935720037668943">
        <ele>221.420635</ele>
        <time>2026-09-16T13:28:04Z</time>
      </trkpt>
      <trkpt lat="45.854385998100042" lon="10.934943035244942">
        <ele>222.91746800000001</ele>
        <time>2026-09-16T13:28:22Z</time>
      </trkpt>
      <trkpt lat="45.854475013911724" lon="10.934531986713409">
        <ele>223.42756900000001</ele>
        <time>2026-09-16T13:28:31Z</time>
      </trkpt>
      <trkpt lat="45.854482976719737" lon="10.934493010863662">
        <ele>223.47575399999999</ele>
        <time>2026-09-16T13:28:32Z</time>
      </trkpt>
      <trkpt lat="45.854838034138083" lon="10.932948980480433">
        <ele>225.40276800000001</ele>
        <time>2026-09-16T13:28:58Z</time>
      </trkpt>
      <trkpt lat="45.854908023029566" lon="10.932603981345892">
        <ele>225.71084200000001</ele>
        <time>2026-09-16T13:29:03Z</time>
      </trkpt>
      <trkpt lat="45.854901988059282" lon="10.93238303437829">
        <ele>225.72809699999999</ele>
        <time>2026-09-16T13:29:05Z</time>
      </trkpt>
      <trkpt lat="45.854833004996181" lon="10.93208497390151">
        <ele>225.75259800000001</ele>
        <time>2026-09-16T13:29:10Z</time>
      </trkpt>
      <trkpt lat="45.854819007217884" lon="10.932021019980311">
        <ele>225.75783100000001</ele>
        <time>2026-09-16T13:29:10Z</time>
      </trkpt>
      <trkpt lat="45.854909028857946" lon="10.931582981720567">
        <ele>225.79345900000001</ele>
        <time>2026-09-16T13:29:16Z</time>
      </trkpt>
      <trkpt lat="45.854944987222552" lon="10.931516010314226">
        <ele>225.800061</ele>
        <time>2026-09-16T13:29:17Z</time>
      </trkpt>
      <trkpt lat="45.855273976922035" lon="10.931089958176017">
        <ele>225.84968699999999</ele>
        <time>2026-09-16T13:29:25Z</time>
      </trkpt>
      <trkpt lat="45.855417978018522" lon="10.930936988443136">
        <ele>225.869754</ele>
        <time>2026-09-16T13:29:28Z</time>
      </trkpt>
      <trkpt lat="45.855428958311677" lon="10.930893989279866">
        <ele>225.87332799999999</ele>
        <time>2026-09-16T13:29:28Z</time>
      </trkpt>
      <trkpt lat="45.855529960244894" lon="10.930457962676883">
        <ele>225.84903299999999</ele>
        <time>2026-09-16T13:29:34Z</time>
      </trkpt>
      <trkpt lat="45.855603972449899" lon="10.930238021537662">
        <ele>225.64573200000001</ele>
        <time>2026-09-16T13:29:37Z</time>
      </trkpt>
      <trkpt lat="45.855875965207815" lon="10.928965983912349">
        <ele>224.538498</ele>
        <time>2026-09-16T13:29:50Z</time>
      </trkpt>
      <trkpt lat="45.855876971036196" lon="10.928959026932716">
        <ele>224.53255200000001</ele>
        <time>2026-09-16T13:29:50Z</time>
      </trkpt>
      <trkpt lat="45.856034969910979" lon="10.928176995366812">
        <ele>223.85500099999999</ele>
        <time>2026-09-16T13:29:58Z</time>
      </trkpt>
      <trkpt lat="45.856134966015816" lon="10.927690006792545">
        <ele>223.75350399999999</ele>
        <time>2026-09-16T13:30:03Z</time>
      </trkpt>
      <trkpt lat="45.8568299934268" lon="10.924666989594698">
        <ele>224.85103599999999</ele>
        <time>2026-09-16T13:30:45Z</time>
      </trkpt>
      <trkpt lat="45.857541030272841" lon="10.921499971300364">
        <ele>229.87328600000001</ele>
        <time>2026-09-16T13:31:49Z</time>
      </trkpt>
      <trkpt lat="45.857683019712567" lon="10.921139968559146">
        <ele>230.646231</ele>
        <time>2026-09-16T13:32:00Z</time>
      </trkpt>
      <trkpt lat="45.857706991955638" lon="10.92112697660923">
        <ele>230.71504100000001</ele>
        <time>2026-09-16T13:32:00Z</time>
      </trkpt>
      <trkpt lat="45.857757031917572" lon="10.921069979667664">
        <ele>230.886301</ele>
        <time>2026-09-16T13:32:03Z</time>
      </trkpt>
      <trkpt lat="45.857855016365647" lon="10.920894965529442">
        <ele>231.305825</ele>
        <time>2026-09-16T13:32:08Z</time>
      </trkpt>
      <trkpt lat="45.857932968065143" lon="10.920758005231619">
        <ele>231.49807999999999</ele>
        <time>2026-09-16T13:32:12Z</time>
      </trkpt>
      <trkpt lat="45.857975967228413" lon="10.920639988034964">
        <ele>231.551974</ele>
        <time>2026-09-16T13:32:15Z</time>
      </trkpt>
      <trkpt lat="45.858176965266466" lon="10.920429015532136">
        <ele>231.696652</ele>
        <time>2026-09-16T13:32:23Z</time>
      </trkpt>
      <trkpt lat="45.860621966421604" lon="10.918453987687826">
        <ele>231.50421600000001</ele>
        <time>2026-09-16T13:33:08Z</time>
      </trkpt>
      <trkpt lat="45.861230995506048" lon="10.917899021878839">
        <ele>230.57478</ele>
        <time>2026-09-16T13:33:18Z</time>
      </trkpt>
      <trkpt lat="45.861698035150766" lon="10.917557962238789">
        <ele>229.55240900000001</ele>
        <time>2026-09-16T13:33:25Z</time>
      </trkpt>
      <trkpt lat="45.862786006182432" lon="10.917071979492903">
        <ele>228.222982</ele>
        <time>2026-09-16T13:33:40Z</time>
      </trkpt>
      <trkpt lat="45.86304098367691" lon="10.916996039450169">
        <ele>228.869834</ele>
        <time>2026-09-16T13:33:44Z</time>
      </trkpt>
      <trkpt lat="45.863492013886571" lon="10.916992016136646">
        <ele>229.99002400000001</ele>
        <time>2026-09-16T13:33:54Z</time>
      </trkpt>
      <trkpt lat="45.863755038008094" lon="10.916967038065195">
        <ele>230.644679</ele>
        <time>2026-09-16T13:34:03Z</time>
      </trkpt>
      <trkpt lat="45.864099031314254" lon="10.916779031977057">
        <ele>231.55886899999999</ele>
        <time>2026-09-16T13:34:19Z</time>
      </trkpt>
      <trkpt lat="45.86499203927815" lon="10.916114011779428">
        <ele>233.730234</ele>
        <time>2026-09-16T13:35:09Z</time>
      </trkpt>
      <trkpt lat="45.865626968443394" lon="10.915391994640231">
        <ele>235.38958500000001</ele>
        <time>2026-09-16T13:35:26Z</time>
      </trkpt>
      <trkpt lat="45.86623901501298" lon="10.915036015212536">
        <ele>233.97206600000001</ele>
        <time>2026-09-16T13:35:34Z</time>
      </trkpt>
      <trkpt lat="45.866671018302441" lon="10.914938030764461">
        <ele>232.00750199999999</ele>
        <time>2026-09-16T13:35:38Z</time>
      </trkpt>
      <trkpt lat="45.867751026526093" lon="10.914896037429571">
        <ele>228.240317</ele>
        <time>2026-09-16T13:35:51Z</time>
      </trkpt>
      <trkpt lat="45.867828978225589" lon="10.914880027994514">
        <ele>228.48610500000001</ele>
        <time>2026-09-16T13:35:53Z</time>
      </trkpt>
      <trkpt lat="45.867942972108722" lon="10.914793023839593">
        <ele>228.88881599999999</ele>
        <time>2026-09-16T13:35:56Z</time>
      </trkpt>
      <trkpt lat="45.868170959874988" lon="10.914459004998207">
        <ele>229.904785</ele>
        <time>2026-09-16T13:36:08Z</time>
      </trkpt>
      <trkpt lat="45.868274979293346" lon="10.914132026955485">
        <ele>230.68565100000001</ele>
        <time>2026-09-16T13:36:18Z</time>
      </trkpt>
      <trkpt lat="45.868285959586501" lon="10.913867997005582">
        <ele>231.26011399999999</ele>
        <time>2026-09-16T13:36:27Z</time>
      </trkpt>
      <trkpt lat="45.868237009271979" lon="10.913352007046342">
        <ele>232.3913</ele>
        <time>2026-09-16T13:36:44Z</time>
      </trkpt>
      <trkpt lat="45.868285037577152" lon="10.913070961833">
        <ele>233.01976300000001</ele>
        <time>2026-09-16T13:36:53Z</time>
      </trkpt>
      <trkpt lat="45.86854001507163" lon="10.912479031831026">
        <ele>232.78496100000001</ele>
        <time>2026-09-16T13:37:09Z</time>
      </trkpt>
      <trkpt lat="45.868890965357423" lon="10.911897998303175">
        <ele>231.863088</ele>
        <time>2026-09-16T13:37:17Z</time>
      </trkpt>
      <trkpt lat="45.868923990055919" lon="10.911793978884816">
        <ele>231.72611499999999</ele>
        <time>2026-09-16T13:37:18Z</time>
      </trkpt>
      <trkpt lat="45.869061034172773" lon="10.911442022770643">
        <ele>231.24281999999999</ele>
        <time>2026-09-16T13:37:21Z</time>
      </trkpt>
      <trkpt lat="45.869199000298977" lon="10.911228032782674">
        <ele>230.89325299999999</ele>
        <time>2026-09-16T13:37:23Z</time>
      </trkpt>
      <trkpt lat="45.869260020554066" lon="10.91107003390789">
        <ele>230.67673400000001</ele>
        <time>2026-09-16T13:37:25Z</time>
      </trkpt>
      <trkpt lat="45.869318023324013" lon="10.910815978422761">
        <ele>230.356371</ele>
        <time>2026-09-16T13:37:27Z</time>
      </trkpt>
      <trkpt lat="45.869507035240531" lon="10.910026989877224">
        <ele>229.89557300000001</ele>
        <time>2026-09-16T13:37:34Z</time>
      </trkpt>
      <trkpt lat="45.869536958634853" lon="10.909708980470896">
        <ele>229.728376</ele>
        <time>2026-09-16T13:37:37Z</time>
      </trkpt>
      <trkpt lat="45.869525978341699" lon="10.909513011574745">
        <ele>229.62592599999999</ele>
        <time>2026-09-16T13:37:39Z</time>
      </trkpt>
      <trkpt lat="45.86948499083519" lon="10.908784037455916">
        <ele>229.244868</ele>
        <time>2026-09-16T13:37:49Z</time>
      </trkpt>
      <trkpt lat="45.869540981948376" lon="10.908658979460597">
        <ele>229.16742500000001</ele>
        <time>2026-09-16T13:37:52Z</time>
      </trkpt>
      <trkpt lat="45.869623962789774" lon="10.908589996397495">
        <ele>229.095664</ele>
        <time>2026-09-16T13:37:54Z</time>
      </trkpt>
      <trkpt lat="45.869717001914978" lon="10.908564012497663">
        <ele>229.02476799999999</ele>
        <time>2026-09-16T13:37:57Z</time>
      </trkpt>
      <trkpt lat="45.870591988787055" lon="10.908666020259261">
        <ele>231.23001300000001</ele>
        <time>2026-09-16T13:38:28Z</time>
      </trkpt>
      <trkpt lat="45.870810002088547" lon="10.908655961975455">
        <ele>231.84989899999999</ele>
        <time>2026-09-16T13:38:35Z</time>
      </trkpt>
      <trkpt lat="45.871545011177659" lon="10.908563006669283">
        <ele>233.94690700000001</ele>
        <time>2026-09-16T13:38:55Z</time>
      </trkpt>
      <trkpt lat="45.871861008927226" lon="10.908603994175792">
        <ele>235.73730699999999</ele>
        <time>2026-09-16T13:39:02Z</time>
      </trkpt>
      <trkpt lat="45.871941978111863" lon="10.90868697501719">
        <ele>236.34544500000001</ele>
        <time>2026-09-16T13:39:04Z</time>
      </trkpt>
      <trkpt lat="45.87227800861001" lon="10.909224003553391">
        <ele>239.41775999999999</ele>
        <time>2026-09-16T13:39:22Z</time>
      </trkpt>
      <trkpt lat="45.872415974736214" lon="10.90937303379178">
        <ele>240.472938</ele>
        <time>2026-09-16T13:39:30Z</time>
      </trkpt>
      <trkpt lat="45.872533991932869" lon="10.909429024904966">
        <ele>241.232484</ele>
        <time>2026-09-16T13:39:36Z</time>
      </trkpt>
      <trkpt lat="45.872668018564582" lon="10.909446040168405">
        <ele>242.054655</ele>
        <time>2026-09-16T13:39:43Z</time>
      </trkpt>
      <trkpt lat="45.872815037146211" lon="10.909407986328006">
        <ele>242.96752799999999</ele>
        <time>2026-09-16T13:39:52Z</time>
      </trkpt>
      <trkpt lat="45.872990973293781" lon="10.909292986616492">
        <ele>244.149292</ele>
        <time>2026-09-16T13:40:03Z</time>
      </trkpt>
      <trkpt lat="45.873088035732508" lon="10.909162983298302">
        <ele>244.960151</ele>
        <time>2026-09-16T13:40:12Z</time>
      </trkpt>
      <trkpt lat="45.873194988816977" lon="10.908924015238881">
        <ele>246.95964699999999</ele>
        <time>2026-09-16T13:40:25Z</time>
      </trkpt>
      <trkpt lat="45.873262966051698" lon="10.908844973891973">
        <ele>247.87823900000001</ele>
        <time>2026-09-16T13:40:32Z</time>
      </trkpt>
      <trkpt lat="45.873425994068384" lon="10.908885039389133">
        <ele>249.61501999999999</ele>
        <time>2026-09-16T13:40:44Z</time>
      </trkpt>
      <trkpt lat="45.873532025143504" lon="10.908876992762089">
        <ele>250.72986399999999</ele>
        <time>2026-09-16T13:40:52Z</time>
      </trkpt>
      <trkpt lat="45.873608971014619" lon="10.908826030790806">
        <ele>251.62043600000001</ele>
        <time>2026-09-16T13:40:59Z</time>
      </trkpt>
      <trkpt lat="45.873651970177889" lon="10.908753024414182">
        <ele>252.31966800000001</ele>
        <time>2026-09-16T13:41:04Z</time>
      </trkpt>
      <trkpt lat="45.873699998483062" lon="10.908579016104341">
        <ele>253.68828999999999</ele>
        <time>2026-09-16T13:41:14Z</time>
      </trkpt>
      <trkpt lat="45.873678037896752" lon="10.908303000032902">
        <ele>255.719741</ele>
        <time>2026-09-16T13:41:28Z</time>
      </trkpt>
      <trkpt lat="45.873601008206606" lon="10.907874014228582">
        <ele>258.95940000000002</ele>
        <time>2026-09-16T13:41:49Z</time>
      </trkpt>
      <trkpt lat="45.873477961868048" lon="10.907576959580183">
        <ele>261.48640799999998</ele>
        <time>2026-09-16T13:42:03Z</time>
      </trkpt>
      <trkpt lat="45.873391041532159" lon="10.907521974295378">
        <ele>262.484758</ele>
        <time>2026-09-16T13:42:08Z</time>
      </trkpt>
      <trkpt lat="45.873308982700109" lon="10.907520968466997">
        <ele>263.34602699999999</ele>
        <time>2026-09-16T13:42:13Z</time>
      </trkpt>
      <trkpt lat="45.873267995193601" lon="10.907459026202559">
        <ele>263.96323100000001</ele>
        <time>2026-09-16T13:42:16Z</time>
      </trkpt>
      <trkpt lat="45.873273024335504" lon="10.907404962927103">
        <ele>264.07228500000002</ele>
        <time>2026-09-16T13:42:18Z</time>
      </trkpt>
      <trkpt lat="45.873335972428322" lon="10.90729096904397">
        <ele>264.363652</ele>
        <time>2026-09-16T13:42:23Z</time>
      </trkpt>
      <trkpt lat="45.873433034867048" lon="10.907201031222939">
        <ele>264.69568600000002</ele>
        <time>2026-09-16T13:42:28Z</time>
      </trkpt>
      <trkpt lat="45.873669991269708" lon="10.90703004039824">
        <ele>265.45827500000001</ele>
        <time>2026-09-16T13:42:40Z</time>
      </trkpt>
      <trkpt lat="45.874009039252996" lon="10.906506003811955">
        <ele>266.89020699999998</ele>
        <time>2026-09-16T13:42:56Z</time>
      </trkpt>
      <trkpt lat="45.874079028144479" lon="10.906340964138508">
        <ele>267.27700399999998</ele>
        <time>2026-09-16T13:43:00Z</time>
      </trkpt>
      <trkpt lat="45.874346997588873" lon="10.905906027182937">
        <ele>268.439797</ele>
        <time>2026-09-16T13:43:08Z</time>
      </trkpt>
      <trkpt lat="45.874616978690028" lon="10.905635040253401">
        <ele>268.92989699999998</ele>
        <time>2026-09-16T13:43:13Z</time>
      </trkpt>
      <trkpt lat="45.874810013920069" lon="10.905521968379617">
        <ele>268.45577900000001</ele>
        <time>2026-09-16T13:43:15Z</time>
      </trkpt>
      <trkpt lat="45.875055016949773" lon="10.90546103194356">
        <ele>267.89013499999999</ele>
        <time>2026-09-16T13:43:18Z</time>
      </trkpt>
      <trkpt lat="45.875081000849605" lon="10.905817011371255">
        <ele>267.32321200000001</ele>
        <time>2026-09-16T13:43:21Z</time>
      </trkpt>
      <trkpt lat="45.875108996406198" lon="10.905847018584609">
        <ele>267.24374699999998</ele>
        <time>2026-09-16T13:43:22Z</time>
      </trkpt>
      <trkpt lat="45.875139003619552" lon="10.905832014977932">
        <ele>267.17148600000002</ele>
        <time>2026-09-16T13:43:22Z</time>
      </trkpt>
      <trkpt lat="45.875155013054609" lon="10.905801001936197">
        <ele>267.11036899999999</ele>
        <time>2026-09-16T13:43:22Z</time>
      </trkpt>
      <trkpt lat="45.875145038589835" lon="10.905607966706157">
        <ele>266.80385200000001</ele>
        <time>2026-09-16T13:43:24Z</time>
      </trkpt>
      <trkpt lat="45.875191977247596" lon="10.905379978939891">
        <ele>266.42725300000001</ele>
        <time>2026-09-16T13:43:27Z</time>
      </trkpt>
      <trkpt lat="45.875248974189162" lon="10.905230026692152">
        <ele>266.15660200000002</ele>
        <time>2026-09-16T13:43:29Z</time>
      </trkpt>
      <trkpt lat="45.875431029126048" lon="10.905130030587316">
        <ele>265.713325</ele>
        <time>2026-09-16T13:43:32Z</time>
      </trkpt>
      <trkpt lat="45.875711990520358" lon="10.905066998675466">
        <ele>265.06635799999998</ele>
        <time>2026-09-16T13:43:36Z</time>
      </trkpt>
      <trkpt lat="45.875967973843217" lon="10.90496901422739">
        <ele>263.43027699999999</ele>
        <time>2026-09-16T13:43:39Z</time>
      </trkpt>
      <trkpt lat="45.876238960772753" lon="10.904757035896182">
        <ele>261.46992</ele>
        <time>2026-09-16T13:43:43Z</time>
      </trkpt>
      <trkpt lat="45.876495027914643" lon="10.904390998184681">
        <ele>259.17532799999998</ele>
        <time>2026-09-16T13:43:47Z</time>
      </trkpt>
      <trkpt lat="45.876598041504622" lon="10.904076006263494">
        <ele>257.636144</ele>
        <time>2026-09-16T13:43:50Z</time>
      </trkpt>
      <trkpt lat="45.876627964898944" lon="10.903735030442476">
        <ele>256.11598300000003</ele>
        <time>2026-09-16T13:43:52Z</time>
      </trkpt>
      <trkpt lat="45.876620002090931" lon="10.903032040223479">
        <ele>252.78576699999999</ele>
        <time>2026-09-16T13:43:57Z</time>
      </trkpt>
      <trkpt lat="45.87666098959744" lon="10.902660973370075">
        <ele>250.521187</ele>
        <time>2026-09-16T13:44:00Z</time>
      </trkpt>
      <trkpt lat="45.876310961320996" lon="10.902244979515672">
        <ele>246.58743000000001</ele>
        <time>2026-09-16T13:44:05Z</time>
      </trkpt>
      <trkpt lat="45.876250024884939" lon="10.902085974812508">
        <ele>245.49299099999999</ele>
        <time>2026-09-16T13:44:06Z</time>
      </trkpt>
      <trkpt lat="45.876237032935023" lon="10.901968041434884">
        <ele>244.77277000000001</ele>
        <time>2026-09-16T13:44:07Z</time>
      </trkpt>
      <trkpt lat="45.876259999349713" lon="10.901833008974791">
        <ele>243.934901</ele>
        <time>2026-09-16T13:44:08Z</time>
      </trkpt>
      <trkpt lat="45.876368964090943" lon="10.901590017601848">
        <ele>242.19223700000001</ele>
        <time>2026-09-16T13:44:10Z</time>
      </trkpt>
      <trkpt lat="45.876386985182762" lon="10.901419026777148">
        <ele>241.149641</ele>
        <time>2026-09-16T13:44:12Z</time>
      </trkpt>
      <trkpt lat="45.876367036253214" lon="10.901329005137086">
        <ele>240.58010400000001</ele>
        <time>2026-09-16T13:44:13Z</time>
      </trkpt>
      <trkpt lat="45.876090014353395" lon="10.900856014341116">
        <ele>237.38916499999999</ele>
        <time>2026-09-16T13:44:17Z</time>
      </trkpt>
      <trkpt lat="45.875933021306992" lon="10.900576980784535">
        <ele>236.20298199999999</ele>
        <time>2026-09-16T13:44:20Z</time>
      </trkpt>
      <trkpt lat="45.875751972198486" lon="10.900143971666694">
        <ele>234.533008</ele>
        <time>2026-09-16T13:44:24Z</time>
      </trkpt>
      <trkpt lat="45.875712996348739" lon="10.900012962520123">
        <ele>234.06191000000001</ele>
        <time>2026-09-16T13:44:25Z</time>
      </trkpt>
      <trkpt lat="45.875723976641893" lon="10.899792015552521">
        <ele>233.32929799999999</ele>
        <time>2026-09-16T13:44:27Z</time>
      </trkpt>
      <trkpt lat="45.875977026298642" lon="10.898817032575607">
        <ele>229.888779</ele>
        <time>2026-09-16T13:44:36Z</time>
      </trkpt>
      <trkpt lat="45.876046009361744" lon="10.898628020659089">
        <ele>229.32512399999999</ele>
        <time>2026-09-16T13:44:38Z</time>
      </trkpt>
      <trkpt lat="45.876304004341364" lon="10.898129967972636">
        <ele>228.20115799999999</ele>
        <time>2026-09-16T13:44:43Z</time>
      </trkpt>
      <trkpt lat="45.876409029588103" lon="10.897809024900198">
        <ele>227.55898500000001</ele>
        <time>2026-09-16T13:44:47Z</time>
      </trkpt>
      <trkpt lat="45.876438030973077" lon="10.897610038518906">
        <ele>227.19085699999999</ele>
        <time>2026-09-16T13:44:49Z</time>
      </trkpt>
      <trkpt lat="45.876433001831174" lon="10.897226985543966">
        <ele>226.49725599999999</ele>
        <time>2026-09-16T13:44:52Z</time>
      </trkpt>
      <trkpt lat="45.87640299461782" lon="10.897067980840802">
        <ele>226.19897800000001</ele>
        <time>2026-09-16T13:44:54Z</time>
      </trkpt>
      <trkpt lat="45.87644599378109" lon="10.89659096673131">
        <ele>225.32808900000001</ele>
        <time>2026-09-16T13:44:58Z</time>
      </trkpt>
      <trkpt lat="45.87653199210763" lon="10.896282009780407">
        <ele>224.780449</ele>
        <time>2026-09-16T13:45:01Z</time>
      </trkpt>
      <trkpt lat="45.876674987375736" lon="10.895931981503963">
        <ele>224.47636499999999</ele>
        <time>2026-09-16T13:45:05Z</time>
      </trkpt>
      <trkpt lat="45.876828040927649" lon="10.895649008452892">
        <ele>224.20788200000001</ele>
        <time>2026-09-16T13:45:08Z</time>
      </trkpt>
      <trkpt lat="45.876841032877564" lon="10.895557980984449">
        <ele>224.13827499999999</ele>
        <time>2026-09-16T13:45:09Z</time>
      </trkpt>
      <trkpt lat="45.876858970150352" lon="10.895390007644892">
        <ele>224.010909</ele>
        <time>2026-09-16T13:45:11Z</time>
      </trkpt>
      <trkpt lat="45.876844972372055" lon="10.895271990448236">
        <ele>223.92121599999999</ele>
        <time>2026-09-16T13:45:12Z</time>
      </trkpt>
      <trkpt lat="45.876728966832161" lon="10.894884997978806">
        <ele>223.60550000000001</ele>
        <time>2026-09-16T13:45:17Z</time>
      </trkpt>
      <trkpt lat="45.876635005697608" lon="10.894605964422226">
        <ele>223.37325000000001</ele>
        <time>2026-09-16T13:45:20Z</time>
      </trkpt>
      <trkpt lat="45.876642968505621" lon="10.894434973597527">
        <ele>223.24482900000001</ele>
        <time>2026-09-16T13:45:22Z</time>
      </trkpt>
      <trkpt lat="45.87679099291563" lon="10.894124004989862">
        <ele>222.96255600000001</ele>
        <time>2026-09-16T13:45:26Z</time>
      </trkpt>
      <trkpt lat="45.876804990693927" lon="10.894088968634605">
        <ele>222.93231</ele>
        <time>2026-09-16T13:45:27Z</time>
      </trkpt>
      <trkpt lat="45.877085030078888" lon="10.893425960093737">
        <ele>223.006011</ele>
        <time>2026-09-16T13:45:37Z</time>
      </trkpt>
      <trkpt lat="45.877307988703251" lon="10.89293796569109">
        <ele>223.106819</ele>
        <time>2026-09-16T13:45:45Z</time>
      </trkpt>
      <trkpt lat="45.87732701562345" lon="10.89272003620863">
        <ele>223.14476099999999</ele>
        <time>2026-09-16T13:45:48Z</time>
      </trkpt>
      <trkpt lat="45.877379989251494" lon="10.892600007355213">
        <ele>223.16930300000001</ele>
        <time>2026-09-16T13:45:51Z</time>
      </trkpt>
      <trkpt lat="45.877417959272861" lon="10.892370007932186">
        <ele>223.210126</ele>
        <time>2026-09-16T13:45:54Z</time>
      </trkpt>
      <trkpt lat="45.877450983971357" lon="10.891982009634376">
        <ele>223.27762999999999</ele>
        <time>2026-09-16T13:46:00Z</time>
      </trkpt>
      <trkpt lat="45.877475962042809" lon="10.891710016876459">
        <ele>223.32500999999999</ele>
        <time>2026-09-16T13:46:05Z</time>
      </trkpt>
      <trkpt lat="45.877546034753323" lon="10.89154296554625">
        <ele>223.444624</ele>
        <time>2026-09-16T13:46:08Z</time>
      </trkpt>
      <trkpt lat="45.877625998109579" lon="10.891204001381993">
        <ele>223.68878000000001</ele>
        <time>2026-09-16T13:46:14Z</time>
      </trkpt>
      <trkpt lat="45.877722976729274" lon="10.891009960323572">
        <ele>223.85169999999999</ele>
        <time>2026-09-16T13:46:19Z</time>
      </trkpt>
      <trkpt lat="45.87777997367084" lon="10.890882974490523">
        <ele>223.954768</ele>
        <time>2026-09-16T13:46:21Z</time>
      </trkpt>
      <trkpt lat="45.877814004197717" lon="10.890841986984015">
        <ele>223.99826200000001</ele>
        <time>2026-09-16T13:46:22Z</time>
      </trkpt>
      <trkpt lat="45.877674026414752" lon="10.890685999765992">
        <ele>224.171863</ele>
        <time>2026-09-16T13:46:27Z</time>
      </trkpt>
      <trkpt lat="45.87739197537303" lon="10.890419958159328">
        <ele>224.50240500000001</ele>
        <time>2026-09-16T13:46:36Z</time>
      </trkpt>
      <trkpt lat="45.877212015911937" lon="10.890258019790053">
        <ele>224.710521</ele>
        <time>2026-09-16T13:46:42Z</time>
      </trkpt>
      <trkpt lat="45.877031972631812" lon="10.890149977058172">
        <ele>224.901646</ele>
        <time>2026-09-16T13:46:48Z</time>
      </trkpt>
      <trkpt lat="45.876770038157701" lon="10.890026008710265">
        <ele>225.26636300000001</ele>
        <time>2026-09-16T13:46:56Z</time>
      </trkpt>
      <trkpt lat="45.876417998224497" lon="10.889824004843831">
        <ele>226.07539499999999</ele>
        <time>2026-09-16T13:47:07Z</time>
      </trkpt>
      <trkpt lat="45.876195961609483" lon="10.889675980433822">
        <ele>226.597769</ele>
        <time>2026-09-16T13:47:15Z</time>
      </trkpt>
      <trkpt lat="45.87607903406024" lon="10.889618983492255">
        <ele>226.86146099999999</ele>
        <time>2026-09-16T13:47:19Z</time>
      </trkpt>
      <trkpt lat="45.87599596939981" lon="10.889585958793759">
        <ele>227.04527300000001</ele>
        <time>2026-09-16T13:47:22Z</time>
      </trkpt>
      <trkpt lat="45.875797988846898" lon="10.889618983492255">
        <ele>227.470709</ele>
        <time>2026-09-16T13:47:30Z</time>
      </trkpt>
      <trkpt lat="45.8757150080055" lon="10.889603979885578">
        <ele>227.64925700000001</ele>
        <time>2026-09-16T13:47:33Z</time>
      </trkpt>
      <trkpt lat="45.87556597776711" lon="10.88947799988091">
        <ele>228.01829699999999</ele>
        <time>2026-09-16T13:47:39Z</time>
      </trkpt>
      <trkpt lat="45.875459024682641" lon="10.88943500071764">
        <ele>228.25544300000001</ele>
        <time>2026-09-16T13:47:42Z</time>
      </trkpt>
      <trkpt lat="45.875165993347764" lon="10.889495015144348">
        <ele>228.88713000000001</ele>
        <time>2026-09-16T13:47:50Z</time>
      </trkpt>
      <trkpt lat="45.875059040263295" lon="10.88958403095603">
        <ele>229.10209599999999</ele>
        <time>2026-09-16T13:47:54Z</time>
      </trkpt>
      <trkpt lat="45.874902969226241" lon="10.88967296294868">
        <ele>229.38078400000001</ele>
        <time>2026-09-16T13:47:58Z</time>
      </trkpt>
      <trkpt lat="45.874549001455307" lon="10.890072025358677">
        <ele>230.12788499999999</ele>
        <time>2026-09-16T13:48:10Z</time>
      </trkpt>
      <trkpt lat="45.87423300370574" lon="10.890248967334628">
        <ele>230.69101800000001</ele>
        <time>2026-09-16T13:48:19Z</time>
      </trkpt>
      <trkpt lat="45.874000992625952" lon="10.890325997024775">
        <ele>231.086353</ele>
        <time>2026-09-16T13:48:23Z</time>
      </trkpt>
      <trkpt lat="45.873941984027624" lon="10.890348041430116">
        <ele>231.187557</ele>
        <time>2026-09-16T13:48:24Z</time>
      </trkpt>
      <trkpt lat="45.873702010139823" lon="10.890241004526615">
        <ele>231.60478000000001</ele>
        <time>2026-09-16T13:48:29Z</time>
      </trkpt>
      <trkpt lat="45.873447032645345" lon="10.889973035082221">
        <ele>232.70286999999999</ele>
        <time>2026-09-16T13:48:36Z</time>
      </trkpt>
      <trkpt lat="45.873259026557207" lon="10.889678997918963">
        <ele>234.40997899999999</ele>
        <time>2026-09-16T13:48:44Z</time>
      </trkpt>
      <trkpt lat="45.872868010774255" lon="10.888814991340041">
        <ele>238.816824</ele>
        <time>2026-09-16T13:49:16Z</time>
      </trkpt>
      <trkpt lat="45.872817970812321" lon="10.888742990791798">
        <ele>239.251712</ele>
        <time>2026-09-16T13:49:20Z</time>
      </trkpt>
      <trkpt lat="45.872656032443047" lon="10.888625979423523">
        <ele>240.365476</ele>
        <time>2026-09-16T13:49:30Z</time>
      </trkpt>
      <trkpt lat="45.872415974736214" lon="10.888541992753744">
        <ele>241.88275400000001</ele>
        <time>2026-09-16T13:49:44Z</time>
      </trkpt>
      <trkpt lat="45.872243978083134" lon="10.888422969728708">
        <ele>243.07617999999999</ele>
        <time>2026-09-16T13:49:56Z</time>
      </trkpt>
      <trkpt lat="45.872139036655426" lon="10.888335965573788">
        <ele>243.991187</ele>
        <time>2026-09-16T13:50:03Z</time>
      </trkpt>
      <trkpt lat="45.871909037232399" lon="10.888237981125712">
        <ele>245.802086</ele>
        <time>2026-09-16T13:50:19Z</time>
      </trkpt>
      <trkpt lat="45.871798982843757" lon="10.888232029974461">
        <ele>246.63299900000001</ele>
        <time>2026-09-16T13:50:26Z</time>
      </trkpt>
      <trkpt lat="45.871573006734252" lon="10.888312999159098">
        <ele>248.391231</ele>
        <time>2026-09-16T13:50:41Z</time>
      </trkpt>
      <trkpt lat="45.870977975428104" lon="10.888165980577469">
        <ele>252.948441</ele>
        <time>2026-09-16T13:51:14Z</time>
      </trkpt>
      <trkpt lat="45.870438013225794" lon="10.887942016124725">
        <ele>256.28933899999998</ele>
        <time>2026-09-16T13:51:36Z</time>
      </trkpt>
      <trkpt lat="45.870014978572726" lon="10.887730959802866">
        <ele>254.97825599999999</ele>
        <time>2026-09-16T13:51:47Z</time>
      </trkpt>
      <trkpt lat="45.869948007166386" lon="10.887648984789848">
        <ele>254.720518</ele>
        <time>2026-09-16T13:51:48Z</time>
      </trkpt>
      <trkpt lat="45.869460012763739" lon="10.88709301315248">
        <ele>252.896682</ele>
        <time>2026-09-16T13:51:57Z</time>
      </trkpt>
      <trkpt lat="45.869222972542048" lon="10.886842980980873">
        <ele>252.03570099999999</ele>
        <time>2026-09-16T13:52:01Z</time>
      </trkpt>
      <trkpt lat="45.868963971734047" lon="10.886282986029983">
        <ele>248.23081400000001</ele>
        <time>2026-09-16T13:52:06Z</time>
      </trkpt>
      <trkpt lat="45.86890697479248" lon="10.886140996590257">
        <ele>246.56309899999999</ele>
        <time>2026-09-16T13:52:08Z</time>
      </trkpt>
      <trkpt lat="45.868827011436224" lon="10.885778982192278">
        <ele>242.69874799999999</ele>
        <time>2026-09-16T13:52:11Z</time>
      </trkpt>
      <trkpt lat="45.868612015619874" lon="10.885228961706161">
        <ele>236.28099499999999</ele>
        <time>2026-09-16T13:52:16Z</time>
      </trkpt>
      <trkpt lat="45.868573961779475" lon="10.885176993906498">
        <ele>235.514003</ele>
        <time>2026-09-16T13:52:16Z</time>
      </trkpt>
      <trkpt lat="45.868242960423231" lon="10.884640971198678">
        <ele>228.224424</ele>
        <time>2026-09-16T13:52:22Z</time>
      </trkpt>
      <trkpt lat="45.868203984573483" lon="10.884491018950939">
        <ele>226.59525400000001</ele>
        <time>2026-09-16T13:52:23Z</time>
      </trkpt>
      <trkpt lat="45.868216976523399" lon="10.884231012314558">
        <ele>223.83410699999999</ele>
        <time>2026-09-16T13:52:25Z</time>
      </trkpt>
      <trkpt lat="45.868125027045608" lon="10.883879978209734">
        <ele>219.62215800000001</ele>
        <time>2026-09-16T13:52:28Z</time>
      </trkpt>
      <trkpt lat="45.868117986246943" lon="10.883490974083543">
        <ele>215.25201300000001</ele>
        <time>2026-09-16T13:52:31Z</time>
      </trkpt>
      <trkpt lat="45.868097031489015" lon="10.883262986317277">
        <ele>212.66914199999999</ele>
        <time>2026-09-16T13:52:32Z</time>
      </trkpt>
      <trkpt lat="45.868057971820235" lon="10.883112028241158">
        <ele>210.86042599999999</ele>
        <time>2026-09-16T13:52:34Z</time>
      </trkpt>
      <trkpt lat="45.867940960451961" lon="10.882913041859865">
        <ele>207.935419</ele>
        <time>2026-09-16T13:52:36Z</time>
      </trkpt>
      <trkpt lat="45.867857979610562" lon="10.882710032165051">
        <ele>205.29163399999999</ele>
        <time>2026-09-16T13:52:37Z</time>
      </trkpt>
      <trkpt lat="45.867845993489027" lon="10.882610036060214">
        <ele>204.152018</ele>
        <time>2026-09-16T13:52:38Z</time>
      </trkpt>
      <trkpt lat="45.867883041501045" lon="10.882421024143696">
        <ele>201.94713999999999</ele>
        <time>2026-09-16T13:52:40Z</time>
      </trkpt>
      <trkpt lat="45.867874994874001" lon="10.882308036088943">
        <ele>200.671539</ele>
        <time>2026-09-16T13:52:41Z</time>
      </trkpt>
      <trkpt lat="45.867844987660646" lon="10.882222037762403">
        <ele>193.31330500000001</ele>
        <time>2026-09-16T13:52:57Z</time>
      </trkpt>
      <trkpt lat="45.867801988497376" lon="10.882179960608482">
        <ele>193.07734099999999</ele>
        <time>2026-09-16T13:52:58Z</time>
      </trkpt>
      <trkpt lat="45.867753038182855" lon="10.882140984758735">
        <ele>192.823139</ele>
        <time>2026-09-16T13:52:59Z</time>
      </trkpt>
      <trkpt lat="45.867698974907398" lon="10.882101003080606">
        <ele>192.547439</ele>
        <time>2026-09-16T13:53:00Z</time>
      </trkpt>
      <trkpt lat="45.867637032642961" lon="10.882075019180775">
        <ele>192.25436400000001</ele>
        <time>2026-09-16T13:53:02Z</time>
      </trkpt>
      <trkpt lat="45.867577018216252" lon="10.882064960896969">
        <ele>191.98028500000001</ele>
        <time>2026-09-16T13:53:03Z</time>
      </trkpt>
      <trkpt lat="45.867528989911079" lon="10.882093962281942">
        <ele>191.74399500000001</ele>
        <time>2026-09-16T13:53:04Z</time>
      </trkpt>
      <trkpt lat="45.867494959384203" lon="10.882142996415496">
        <ele>191.525432</ele>
        <time>2026-09-16T13:53:05Z</time>
      </trkpt>
      <trkpt lat="45.867468975484371" lon="10.882214996963739">
        <ele>191.269171</ele>
        <time>2026-09-16T13:53:07Z</time>
      </trkpt>
      <trkpt lat="45.867450032383204" lon="10.882308036088943">
        <ele>190.96294399999999</ele>
        <time>2026-09-16T13:53:08Z</time>
      </trkpt>
      <trkpt lat="45.867448020726442" lon="10.88240803219378">
        <ele>190.64685600000001</ele>
        <time>2026-09-16T13:53:09Z</time>
      </trkpt>
      <trkpt lat="45.867463024333119" lon="10.882506016641855">
        <ele>190.329826</ele>
        <time>2026-09-16T13:53:11Z</time>
      </trkpt>
      <trkpt lat="45.867482973262668" lon="10.882598971948028">
        <ele>190.022291</ele>
        <time>2026-09-16T13:53:12Z</time>
      </trkpt>
      <trkpt lat="45.867514992132783" lon="10.882685976102948">
        <ele>189.71141499999999</ele>
        <time>2026-09-16T13:53:14Z</time>
      </trkpt>
      <trkpt lat="45.867555979639292" lon="10.882769040763378">
        <ele>189.389883</ele>
        <time>2026-09-16T13:53:15Z</time>
      </trkpt>
      <trkpt lat="45.867594033479691" lon="10.882858978584409">
        <ele>189.05733000000001</ele>
        <time>2026-09-16T13:53:17Z</time>
      </trkpt>
      <trkpt lat="45.867587998509407" lon="10.882866019383073">
        <ele>189.02225300000001</ele>
        <time>2026-09-16T13:53:17Z</time>
      </trkpt>
      <trkpt lat="45.867649018764496" lon="10.882975989952683">
        <ele>188.57795100000001</ele>
        <time>2026-09-16T13:53:18Z</time>
      </trkpt>
      <trkpt lat="45.867643989622593" lon="10.883094007149339">
        <ele>188.20443299999999</ele>
        <time>2026-09-16T13:53:19Z</time>
      </trkpt>
      <trkpt lat="45.867609959095716" lon="10.88314002379775">
        <ele>187.99247800000001</ele>
        <time>2026-09-16T13:53:20Z</time>
      </trkpt>
      <trkpt lat="45.86725196801126" lon="10.883276984095573">
        <ele>185.48787999999999</ele>
        <time>2026-09-16T13:53:26Z</time>
      </trkpt>
      <trkpt lat="45.867075026035309" lon="10.883305985480547">
        <ele>184.23862199999999</ele>
        <time>2026-09-16T13:53:29Z</time>
      </trkpt>
      <trkpt lat="45.866605974733829" lon="10.883293999359012">
        <ele>180.94925599999999</ele>
        <time>2026-09-16T13:53:35Z</time>
      </trkpt>
      <trkpt lat="45.866216970607638" lon="10.883517041802406">
        <ele>178.0121</ele>
        <time>2026-09-16T13:53:40Z</time>
      </trkpt>
      <trkpt lat="45.865980014204979" lon="10.883535984903574">
        <ele>176.34755899999999</ele>
        <time>2026-09-16T13:53:43Z</time>
      </trkpt>
      <trkpt lat="45.865778010338545" lon="10.883338004350662">
        <ele>174.37163699999999</ele>
        <time>2026-09-16T13:53:46Z</time>
      </trkpt>
      <trkpt lat="45.865696035325527" lon="10.883167013525963">
        <ele>172.898312</ele>
        <time>2026-09-16T13:53:47Z</time>
      </trkpt>
      <trkpt lat="45.865691006183624" lon="10.883087972179055">
        <ele>172.335409</ele>
        <time>2026-09-16T13:53:48Z</time>
      </trkpt>
      <trkpt lat="45.865653958171606" lon="10.883019994944334">
        <ele>171.72302999999999</ele>
        <time>2026-09-16T13:53:49Z</time>
      </trkpt>
      <trkpt lat="45.865485984832048" lon="10.882898038253188">
        <ele>169.80457799999999</ele>
        <time>2026-09-16T13:53:51Z</time>
      </trkpt>
      <trkpt lat="45.865397974848747" lon="10.882844980806112">
        <ele>168.83213799999999</ele>
        <time>2026-09-16T13:53:52Z</time>
      </trkpt>
      <trkpt lat="45.865311976522207" lon="10.882665021345019">
        <ele>167.283085</ele>
        <time>2026-09-16T13:53:54Z</time>
      </trkpt>
      <trkpt lat="45.865324968472123" lon="10.882635014131665">
        <ele>167.03234599999999</ele>
        <time>2026-09-16T13:53:54Z</time>
      </trkpt>
      <trkpt lat="45.865392023697495" lon="10.882572988048196">
        <ele>166.22010499999999</ele>
        <time>2026-09-16T13:53:56Z</time>
      </trkpt>
      <trkpt lat="45.865585980936885" lon="10.882521020248532">
        <ele>164.20899900000001</ele>
        <time>2026-09-16T13:54:00Z</time>
      </trkpt>
      <trkpt lat="45.86570299230516" lon="10.882448013871908">
        <ele>162.90903700000001</ele>
        <time>2026-09-16T13:54:03Z</time>
      </trkpt>
      <trkpt lat="45.865787984803319" lon="10.882376013323665">
        <ele>161.90338600000001</ele>
        <time>2026-09-16T13:54:05Z</time>
      </trkpt>
      <trkpt lat="45.865899967029691" lon="10.882170991972089">
        <ele>160.05438599999999</ele>
        <time>2026-09-16T13:54:10Z</time>
      </trkpt>
      <trkpt lat="45.865935003384948" lon="10.882064960896969">
        <ele>159.221923</ele>
        <time>2026-09-16T13:54:11Z</time>
      </trkpt>
      <trkpt lat="45.865992000326514" lon="10.881877038627863">
        <ele>157.76689099999999</ele>
        <time>2026-09-16T13:54:15Z</time>
      </trkpt>
      <trkpt lat="45.866000968962908" lon="10.881532039493322">
        <ele>155.458676</ele>
        <time>2026-09-16T13:54:20Z</time>
      </trkpt>
      <trkpt lat="45.866042040288448" lon="10.880980007350445">
        <ele>151.87664000000001</ele>
        <time>2026-09-16T13:54:24Z</time>
      </trkpt>
      <trkpt lat="45.866113035008311" lon="10.88036603294313">
        <ele>147.86049600000001</ele>
        <time>2026-09-16T13:54:29Z</time>
      </trkpt>
      <trkpt lat="45.866142036393285" lon="10.880320016294718">
        <ele>147.46010200000001</ele>
        <time>2026-09-16T13:54:30Z</time>
      </trkpt>
      <trkpt lat="45.866221999749541" lon="10.880333008244634">
        <ele>146.714054</ele>
        <time>2026-09-16T13:54:30Z</time>
      </trkpt>
      <trkpt lat="45.866400031372905" lon="10.880664009600878">
        <ele>144.01549</ele>
        <time>2026-09-16T13:54:34Z</time>
      </trkpt>
      <trkpt lat="45.866463985294104" lon="10.880843969061971">
        <ele>142.71138300000001</ele>
        <time>2026-09-16T13:54:35Z</time>
      </trkpt>
      <trkpt lat="45.866557024419308" lon="10.880891997367144">
        <ele>141.795635</ele>
        <time>2026-09-16T13:54:36Z</time>
      </trkpt>
      <trkpt lat="45.866665989160538" lon="10.880772974342108">
        <ele>140.52686299999999</ele>
        <time>2026-09-16T13:54:38Z</time>
      </trkpt>
      <trkpt lat="45.866877967491746" lon="10.880200993269682">
        <ele>135.767438</ele>
        <time>2026-09-16T13:54:42Z</time>
      </trkpt>
      <trkpt lat="45.866886014118791" lon="10.880064032971859">
        <ele>134.74764500000001</ele>
        <time>2026-09-16T13:54:43Z</time>
      </trkpt>
      <trkpt lat="45.866927001625299" lon="10.880026984959841">
        <ele>134.23181299999999</ele>
        <time>2026-09-16T13:54:44Z</time>
      </trkpt>
      <trkpt lat="45.866946028545499" lon="10.879963031038642">
        <ele>133.715735</ele>
        <time>2026-09-16T13:54:44Z</time>
      </trkpt>
      <trkpt lat="45.866935970261693" lon="10.879844008013606">
        <ele>132.82662500000001</ele>
        <time>2026-09-16T13:54:45Z</time>
      </trkpt>
      <trkpt lat="45.866833962500095" lon="10.879105981439352">
        <ele>127.245566</ele>
        <time>2026-09-16T13:54:50Z</time>
      </trkpt>
      <trkpt lat="45.866798004135489" lon="10.878995005041361">
        <ele>126.337271</ele>
        <time>2026-09-16T13:54:51Z</time>
      </trkpt>
      <trkpt lat="45.866769002750516" lon="10.878955023363233">
        <ele>125.908936</ele>
        <time>2026-09-16T13:54:52Z</time>
      </trkpt>
      <trkpt lat="45.866382010281086" lon="10.87858303450048">
        <ele>120.978651</ele>
        <time>2026-09-16T13:54:57Z</time>
      </trkpt>
      <trkpt lat="45.866336999461055" lon="10.8785439748317">
        <ele>120.58370600000001</ele>
        <time>2026-09-16T13:54:57Z</time>
      </trkpt>
      <trkpt lat="45.866080010309815" lon="10.878339037299156">
        <ele>118.374641</ele>
        <time>2026-09-16T13:55:00Z</time>
      </trkpt>
      <trkpt lat="45.865904996171594" lon="10.87819897569716">
        <ele>116.86937399999999</ele>
        <time>2026-09-16T13:55:03Z</time>
      </trkpt>
      <trkpt lat="45.86570399813354" lon="10.878080958500504">
        <ele>115.23768099999999</ele>
        <time>2026-09-16T13:55:05Z</time>
      </trkpt>
      <trkpt lat="45.865568965673447" lon="10.878042988479137">
        <ele>114.203954</ele>
        <time>2026-09-16T13:55:07Z</time>
      </trkpt>
      <trkpt lat="45.865548010915518" lon="10.877969982102513">
        <ele>112.17433200000001</ele>
        <time>2026-09-16T13:55:10Z</time>
      </trkpt>
      <trkpt lat="45.865557985380292" lon="10.877937963232398">
        <ele>111.990803</ele>
        <time>2026-09-16T13:55:10Z</time>
      </trkpt>
      <trkpt lat="45.865628980100155" lon="10.877927988767624">
        <ele>111.45473200000001</ele>
        <time>2026-09-16T13:55:11Z</time>
      </trkpt>
      <trkpt lat="45.866333981975913" lon="10.878080036491156">
        <ele>106.629019</ele>
        <time>2026-09-16T13:55:18Z</time>
      </trkpt>
      <trkpt lat="45.866414029151201" lon="10.87809101678431">
        <ele>106.24813</ele>
        <time>2026-09-16T13:55:19Z</time>
      </trkpt>
      <trkpt lat="45.866769002750516" lon="10.878151031211019">
        <ele>104.554018</ele>
        <time>2026-09-16T13:55:23Z</time>
      </trkpt>
      <trkpt lat="45.866916021332145" lon="10.878213979303837">
        <ele>103.826959</ele>
        <time>2026-09-16T13:55:25Z</time>
      </trkpt>
      <trkpt lat="45.867204023525119" lon="10.87843400426209">
        <ele>102.280916</ele>
        <time>2026-09-16T13:55:29Z</time>
      </trkpt>
      <trkpt lat="45.867676008492708" lon="10.878708008676767">
        <ele>99.868055999999996</ele>
        <time>2026-09-16T13:55:35Z</time>
      </trkpt>
      <trkpt lat="45.868154028430581" lon="10.87894999422133">
        <ele>98.184719000000001</ele>
        <time>2026-09-16T13:55:42Z</time>
      </trkpt>
      <trkpt lat="45.868624001741409" lon="10.879326006397605">
        <ele>96.820498000000001</ele>
        <time>2026-09-16T13:55:49Z</time>
      </trkpt>
      <trkpt lat="45.86954902857542" lon="10.880076019093394">
        <ele>93.819246000000007</ele>
        <time>2026-09-16T13:56:03Z</time>
      </trkpt>
      <trkpt lat="45.869638966396451" lon="10.880091022700071">
        <ele>93.371261000000004</ele>
        <time>2026-09-16T13:56:05Z</time>
      </trkpt>
      <trkpt lat="45.869773998856544" lon="10.879890024662018">
        <ele>92.409796</ele>
        <time>2026-09-16T13:56:07Z</time>
      </trkpt>
      <trkpt lat="45.869797971099615" lon="10.879845013841987">
        <ele>92.214646999999999</ele>
        <time>2026-09-16T13:56:07Z</time>
      </trkpt>
      <trkpt lat="45.87025897577405" lon="10.878966003656387">
        <ele>88.426066000000006</ele>
        <time>2026-09-16T13:56:17Z</time>
      </trkpt>
      <trkpt lat="45.870272973552346" lon="10.878938008099794">
        <ele>88.307389999999998</ele>
        <time>2026-09-16T13:56:17Z</time>
      </trkpt>
      <trkpt lat="45.870317984372377" lon="10.878851003944874">
        <ele>87.934273000000005</ele>
        <time>2026-09-16T13:56:18Z</time>
      </trkpt>
      <trkpt lat="45.870207007974386" lon="10.878560990095139">
        <ele>86.794972000000001</ele>
        <time>2026-09-16T13:56:20Z</time>
      </trkpt>
      <trkpt lat="45.870113968849182" lon="10.878376001492143">
        <ele>86.009416999999999</ele>
        <time>2026-09-16T13:56:22Z</time>
      </trkpt>
      <trkpt lat="45.870019001886249" lon="10.878297965973616">
        <ele>85.422623999999999</ele>
        <time>2026-09-16T13:56:24Z</time>
      </trkpt>
      <trkpt lat="45.869853040203452" lon="10.878020022064447">
        <ele>83.516036999999997</ele>
        <time>2026-09-16T13:56:28Z</time>
      </trkpt>
      <trkpt lat="45.869781039655209" lon="10.877851964905858">
        <ele>82.489024999999998</ele>
        <time>2026-09-16T13:56:30Z</time>
      </trkpt>
      <trkpt lat="45.869697974994779" lon="10.877560023218393">
        <ele>80.847066999999996</ele>
        <time>2026-09-16T13:56:33Z</time>
      </trkpt>
      <trkpt lat="45.869686994701624" lon="10.877240002155304">
        <ele>79.179100000000005</ele>
        <time>2026-09-16T13:56:36Z</time>
      </trkpt>
      <trkpt lat="45.869713984429836" lon="10.877162972465158">
        <ele>78.730271000000002</ele>
        <time>2026-09-16T13:56:37Z</time>
      </trkpt>
      <trkpt lat="45.869694035500288" lon="10.87710496969521">
        <ele>78.393321</ele>
        <time>2026-09-16T13:56:38Z</time>
      </trkpt>
      <trkpt lat="45.869461018592119" lon="10.87693297304213">
        <ele>76.434562999999997</ele>
        <time>2026-09-16T13:56:42Z</time>
      </trkpt>
      <trkpt lat="45.869191959500313" lon="10.876649999991059">
        <ele>73.941396999999995</ele>
        <time>2026-09-16T13:56:47Z</time>
      </trkpt>
      <trkpt lat="45.869278963655233" lon="10.876503987237811">
        <ele>72.940963999999994</ele>
        <time>2026-09-16T13:56:49Z</time>
      </trkpt>
      <trkpt lat="45.869350964203477" lon="10.876364009454846">
        <ele>72.090351999999996</ele>
        <time>2026-09-16T13:56:51Z</time>
      </trkpt>
      <trkpt lat="45.869265971705317" lon="10.876122023910284">
        <ele>71.728369000000001</ele>
        <time>2026-09-16T13:56:54Z</time>
      </trkpt>
      <trkpt lat="45.869583981111646" lon="10.875884983688593">
        <ele>71.041207999999997</ele>
        <time>2026-09-16T13:56:59Z</time>
      </trkpt>
      <trkpt lat="45.869680037721992" lon="10.875825975090265">
        <ele>70.840929000000003</ele>
        <time>2026-09-16T13:57:00Z</time>
      </trkpt>
      <trkpt lat="45.869717001914978" lon="10.875807031989098">
        <ele>70.765562000000003</ele>
        <time>2026-09-16T13:57:01Z</time>
      </trkpt>
      <trkpt lat="45.869781961664557" lon="10.875781970098615">
        <ele>70.636499000000001</ele>
        <time>2026-09-16T13:57:02Z</time>
      </trkpt>
      <trkpt lat="45.869973991066217" lon="10.875786999240518">
        <ele>70.268180999999998</ele>
        <time>2026-09-16T13:57:05Z</time>
      </trkpt>
      <trkpt lat="45.870045991614461" lon="10.875808037817478">
        <ele>70.127264999999994</ele>
        <time>2026-09-16T13:57:06Z</time>
      </trkpt>
      <trkpt lat="45.870274985209107" lon="10.875880038365722">
        <ele>69.677639999999997</ele>
        <time>2026-09-16T13:57:10Z</time>
      </trkpt>
      <trkpt lat="45.8704739715904" lon="10.875958995893598">
        <ele>69.281644</ele>
        <time>2026-09-16T13:57:14Z</time>
      </trkpt>
      <trkpt lat="45.870509007945657" lon="10.875997971743345">
        <ele>69.196678000000006</ele>
        <time>2026-09-16T13:57:14Z</time>
      </trkpt>
      <trkpt lat="45.87064596824348" lon="10.876148007810116">
        <ele>68.866262000000006</ele>
        <time>2026-09-16T13:57:17Z</time>
      </trkpt>
      <trkpt lat="45.870673041790724" lon="10.876230988651514">
        <ele>68.743917999999994</ele>
        <time>2026-09-16T13:57:18Z</time>
      </trkpt>
      <trkpt lat="45.870727021247149" lon="10.876279016956687">
        <ele>68.640350999999995</ele>
        <time>2026-09-16T13:57:19Z</time>
      </trkpt>
      <trkpt lat="45.870791980996728" lon="10.876278011128306">
        <ele>68.576184999999995</ele>
        <time>2026-09-16T13:57:20Z</time>
      </trkpt>
      <trkpt lat="45.870847972109914" lon="10.87622101418674">
        <ele>68.508431999999999</ele>
        <time>2026-09-16T13:57:21Z</time>
      </trkpt>
      <trkpt lat="45.870871022343636" lon="10.876101991161704">
        <ele>68.423550000000006</ele>
        <time>2026-09-16T13:57:22Z</time>
      </trkpt>
      <trkpt lat="45.87096699513495" lon="10.875867968425155">
        <ele>68.236879999999999</ele>
        <time>2026-09-16T13:57:25Z</time>
      </trkpt>
      <trkpt lat="45.871015023440123" lon="10.875716004520655">
        <ele>68.122167000000005</ele>
        <time>2026-09-16T13:57:27Z</time>
      </trkpt>
      <trkpt lat="45.871063973754644" lon="10.875627994537354">
        <ele>68.044723000000005</ele>
        <time>2026-09-16T13:57:28Z</time>
      </trkpt>
      <trkpt lat="45.871195988729596" lon="10.875419033691287">
        <ele>67.850785000000002</ele>
        <time>2026-09-16T13:57:31Z</time>
      </trkpt>
      <trkpt lat="45.871363962069154" lon="10.875241002067924">
        <ele>67.644706999999997</ele>
        <time>2026-09-16T13:57:34Z</time>
      </trkpt>
      <trkpt lat="45.87139799259603" lon="10.875219041481614">
        <ele>67.607896999999994</ele>
        <time>2026-09-16T13:57:34Z</time>
      </trkpt>
      <trkpt lat="45.871572000905871" lon="10.875141005963087">
        <ele>67.427966999999995</ele>
        <time>2026-09-16T13:57:37Z</time>
      </trkpt>
      <trkpt lat="45.872064018622041" lon="10.875049978494644">
        <ele>66.938298000000003</ele>
        <time>2026-09-16T13:57:44Z</time>
      </trkpt>
      <trkpt lat="45.872142976149917" lon="10.875048972666264">
        <ele>66.883015999999998</ele>
        <time>2026-09-16T13:57:45Z</time>
      </trkpt>
      <trkpt lat="45.872205002233386" lon="10.875078979879618">
        <ele>66.879739000000001</ele>
        <time>2026-09-16T13:57:46Z</time>
      </trkpt>
      <trkpt lat="45.872226040810347" lon="10.875048972666264">
        <ele>66.878254999999996</ele>
        <time>2026-09-16T13:57:47Z</time>
      </trkpt>
      <trkpt lat="45.872223023325205" lon="10.874984012916684">
        <ele>66.875983000000005</ele>
        <time>2026-09-16T13:57:48Z</time>
      </trkpt>
      <trkpt lat="45.872267028316855" lon="10.874901032075286">
        <ele>66.872344999999996</ele>
        <time>2026-09-16T13:57:49Z</time>
      </trkpt>
      <trkpt lat="45.87246903218329" lon="10.874664997681975">
        <ele>66.859302999999997</ele>
        <time>2026-09-16T13:57:53Z</time>
      </trkpt>
      <trkpt lat="45.87277396582067" lon="10.874367021024227">
        <ele>66.840826000000007</ele>
        <time>2026-09-16T13:58:00Z</time>
      </trkpt>
      <trkpt lat="45.872985022142529" lon="10.874240035191178">
        <ele>66.829367000000005</ele>
        <time>2026-09-16T13:58:04Z</time>
      </trkpt>
      <trkpt lat="45.873151989653707" lon="10.874134004116058">
        <ele>66.820221000000004</ele>
        <time>2026-09-16T13:58:07Z</time>
      </trkpt>
      <trkpt lat="45.873210998252034" lon="10.874099973589182">
        <ele>66.817036999999999</ele>
        <time>2026-09-16T13:58:08Z</time>
      </trkpt>
      <trkpt lat="45.873399004340172" lon="10.873998971655965">
        <ele>66.806983000000002</ele>
        <time>2026-09-16T13:58:12Z</time>
      </trkpt>
      <trkpt lat="45.873778034001589" lon="10.873781964182854">
        <ele>66.756124999999997</ele>
        <time>2026-09-16T13:58:19Z</time>
      </trkpt>
      <trkpt lat="45.874135019257665" lon="10.873540984466672">
        <ele>66.657183000000003</ele>
        <time>2026-09-16T13:58:26Z</time>
      </trkpt>
      <trkpt lat="45.874381028115749" lon="10.87331903167069">
        <ele>66.584311999999997</ele>
        <time>2026-09-16T13:58:31Z</time>
      </trkpt>
      <trkpt lat="45.874464008957148" lon="10.87323596701026">
        <ele>66.558944999999994</ele>
        <time>2026-09-16T13:58:33Z</time>
      </trkpt>
      <trkpt lat="45.87483499199152" lon="10.87282600812614">
        <ele>66.441531999999995</ele>
        <time>2026-09-16T13:58:40Z</time>
      </trkpt>
      <trkpt lat="45.874842032790184" lon="10.872817039489746">
        <ele>66.439175000000006</ele>
        <time>2026-09-16T13:58:40Z</time>
      </trkpt>
      <trkpt lat="45.874862987548113" lon="10.872865989804268">
        <ele>66.429126999999994</ele>
        <time>2026-09-16T13:58:41Z</time>
      </trkpt>
      <trkpt lat="45.874983016401529" lon="10.873134965077043">
        <ele>66.373335999999995</ele>
        <time>2026-09-16T13:58:44Z</time>
      </trkpt>
      <trkpt lat="45.875349976122379" lon="10.873711975291371">
        <ele>66.312665999999993</ele>
        <time>2026-09-16T13:58:53Z</time>
      </trkpt>
      <trkpt lat="45.875983983278275" lon="10.874614035710692">
        <ele>66.248710000000003</ele>
        <time>2026-09-16T13:59:08Z</time>
      </trkpt>
      <trkpt lat="45.876140976324677" lon="10.874536000192165">
        <ele>66.236802999999995</ele>
        <time>2026-09-16T13:59:11Z</time>
      </trkpt>
      <trkpt lat="45.876261005178094" lon="10.874525019899011">
        <ele>66.228184999999996</ele>
        <time>2026-09-16T13:59:13Z</time>
      </trkpt>
      <trkpt lat="45.876344991847873" lon="10.874598026275635">
        <ele>66.221148999999997</ele>
        <time>2026-09-16T13:59:15Z</time>
      </trkpt>
      <trkpt lat="45.876459991559386" lon="10.874800030142069">
        <ele>66.235881000000006</ele>
        <time>2026-09-16T13:59:18Z</time>
      </trkpt>
      <trkpt lat="45.87653199210763" lon="10.875015025958419">
        <ele>66.279449999999997</ele>
        <time>2026-09-16T13:59:21Z</time>
      </trkpt>
      <trkpt lat="45.876645985990763" lon="10.875539984554052">
        <ele>66.37988</ele>
        <time>2026-09-16T13:59:28Z</time>
      </trkpt>
      <trkpt lat="45.878814971074462" lon="10.878210039809346">
        <ele>67.142741000000001</ele>
        <time>2026-09-16T14:00:21Z</time>
      </trkpt>
      <trkpt lat="45.879168016836047" lon="10.878761988133192">
        <ele>67.387450999999999</ele>
        <time>2026-09-16T14:00:31Z</time>
      </trkpt>
      <trkpt lat="45.879274969920516" lon="10.879003973677754">
        <ele>67.491473999999997</ele>
        <time>2026-09-16T14:00:34Z</time>
      </trkpt>
      <trkpt lat="45.879655005410314" lon="10.879806037992239">
        <ele>67.843485999999999</ele>
        <time>2026-09-16T14:00:47Z</time>
      </trkpt>
      <trkpt lat="45.879882993176579" lon="10.880209039896727">
        <ele>68.031912000000005</ele>
        <time>2026-09-16T14:00:55Z</time>
      </trkpt>
      <trkpt lat="45.880217012017965" lon="10.880685970187187">
        <ele>68.454460999999995</ele>
        <time>2026-09-16T14:01:04Z</time>
      </trkpt>
      <trkpt lat="45.880569973960519" lon="10.881049996241927">
        <ele>68.919931000000005</ele>
        <time>2026-09-16T14:01:14Z</time>
      </trkpt>
      <trkpt lat="45.880988985300064" lon="10.881282007321715">
        <ele>69.400948999999997</ele>
        <time>2026-09-16T14:01:24Z</time>
      </trkpt>
      <trkpt lat="45.881267013028264" lon="10.881326012313366">
        <ele>69.700541999999999</ele>
        <time>2026-09-16T14:01:30Z</time>
      </trkpt>
      <trkpt lat="45.881617041304708" lon="10.881446963176131">
        <ele>70.071223000000003</ele>
        <time>2026-09-16T14:01:38Z</time>
      </trkpt>
      <trkpt lat="45.88166699744761" lon="10.88137898594141">
        <ele>70.122889000000001</ele>
        <time>2026-09-16T14:01:40Z</time>
      </trkpt>
      <trkpt lat="45.881790965795517" lon="10.880827959626913">
        <ele>70.425379000000007</ele>
        <time>2026-09-16T14:01:49Z</time>
      </trkpt>
      <trkpt lat="45.881887022405863" lon="10.880692005157471">
        <ele>70.526553000000007</ele>
        <time>2026-09-16T14:01:52Z</time>
      </trkpt>
      <trkpt lat="45.881992969661951" lon="10.880671972408891">
        <ele>70.606775999999996</ele>
        <time>2026-09-16T14:01:54Z</time>
      </trkpt>
      <trkpt lat="45.882395971566439" lon="10.88084002956748">
        <ele>70.921653000000006</ele>
        <time>2026-09-16T14:02:03Z</time>
      </trkpt>
      <trkpt lat="45.882824035361409" lon="10.880942037329078">
        <ele>71.247202000000001</ele>
        <time>2026-09-16T14:02:11Z</time>
      </trkpt>
      <trkpt lat="45.883342958986759" lon="10.881001967936754">
        <ele>71.251748000000006</ele>
        <time>2026-09-16T14:02:20Z</time>
      </trkpt>
      <trkpt lat="45.88351403363049" lon="10.881066005676985">
        <ele>71.181134</ele>
        <time>2026-09-16T14:02:23Z</time>
      </trkpt>
      <trkpt lat="45.883881999179721" lon="10.881080003455281">
        <ele>71.034028000000006</ele>
        <time>2026-09-16T14:02:29Z</time>
      </trkpt>
      <trkpt lat="45.88411501608789" lon="10.88114102371037">
        <ele>70.939386999999996</ele>
        <time>2026-09-16T14:02:33Z</time>
      </trkpt>
      <trkpt lat="45.884168995544314" lon="10.881190979853272">
        <ele>70.913713999999999</ele>
        <time>2026-09-16T14:02:34Z</time>
      </trkpt>
      <trkpt lat="45.884203026071191" lon="10.881287036463618">
        <ele>70.883752000000001</ele>
        <time>2026-09-16T14:02:35Z</time>
      </trkpt>
      <trkpt lat="45.884208977222443" lon="10.881416033953428">
        <ele>70.847789000000006</ele>
        <time>2026-09-16T14:02:37Z</time>
      </trkpt>
      <trkpt lat="45.884232027456164" lon="10.881617031991482">
        <ele>70.791126000000006</ele>
        <time>2026-09-16T14:02:39Z</time>
      </trkpt>
      <trkpt lat="45.884431013837457" lon="10.882206028327346">
        <ele>70.574077000000003</ele>
        <time>2026-09-16T14:02:46Z</time>
      </trkpt>
      <trkpt lat="45.884576020762324" lon="10.882455976679921">
        <ele>70.429215999999997</ele>
        <time>2026-09-16T14:02:49Z</time>
      </trkpt>
      <trkpt lat="45.88523400016129" lon="10.882831988856196">
        <ele>69.976348000000002</ele>
        <time>2026-09-16T14:03:00Z</time>
      </trkpt>
      <trkpt lat="45.885787960141897" lon="10.883062994107604">
        <ele>69.607436000000007</ele>
        <time>2026-09-16T14:03:09Z</time>
      </trkpt>
      <trkpt lat="45.886391960084438" lon="10.883255023509264">
        <ele>69.427841000000001</ele>
        <time>2026-09-16T14:03:19Z</time>
      </trkpt>
      <trkpt lat="45.886645009741187" lon="10.88333498686552">
        <ele>69.379464999999996</ele>
        <time>2026-09-16T14:03:24Z</time>
      </trkpt>
      <trkpt lat="45.887282034382224" lon="10.883450992405415">
        <ele>69.259562000000003</ele>
        <time>2026-09-16T14:03:34Z</time>
      </trkpt>
      <trkpt lat="45.888502020388842" lon="10.883498014882207">
        <ele>69.413291000000001</ele>
        <time>2026-09-16T14:03:55Z</time>
      </trkpt>
      <trkpt lat="45.888931006193161" lon="10.883456021547318">
        <ele>69.538110000000003</ele>
        <time>2026-09-16T14:04:03Z</time>
      </trkpt>
      <trkpt lat="45.893012993037701" lon="10.882780021056533">
        <ele>72.624520000000004</ele>
        <time>2026-09-16T14:05:29Z</time>
      </trkpt>
      <trkpt lat="45.893280040472746" lon="10.882698968052864">
        <ele>72.738337999999999</ele>
        <time>2026-09-16T14:05:34Z</time>
      </trkpt>
      <trkpt lat="45.893778009340167" lon="10.882462011650205">
        <ele>72.903092000000001</ele>
        <time>2026-09-16T14:05:44Z</time>
      </trkpt>
      <trkpt lat="45.8948590233922" lon="10.881673023104668">
        <ele>73.299305000000004</ele>
        <time>2026-09-16T14:06:05Z</time>
      </trkpt>
      <trkpt lat="45.895342994481325" lon="10.88144201785326">
        <ele>73.510418000000001</ele>
        <time>2026-09-16T14:06:15Z</time>
      </trkpt>
      <trkpt lat="45.896043973043561" lon="10.881179999560118">
        <ele>73.810248000000001</ele>
        <time>2026-09-16T14:06:29Z</time>
      </trkpt>
      <trkpt lat="45.89739496819675" lon="10.880683036521077">
        <ele>74.629121999999995</ele>
        <time>2026-09-16T14:06:56Z</time>
      </trkpt>
      <trkpt lat="45.898500038310885" lon="10.880297971889377">
        <ele>75.354427999999999</ele>
        <time>2026-09-16T14:07:20Z</time>
      </trkpt>
      <trkpt lat="45.898967999964952" lon="10.880171991884708">
        <ele>75.632503999999997</ele>
        <time>2026-09-16T14:07:29Z</time>
      </trkpt>
      <trkpt lat="45.899344012141228" lon="10.880147013813257">
        <ele>75.852329999999995</ele>
        <time>2026-09-16T14:07:36Z</time>
      </trkpt>
      <trkpt lat="45.899750031530857" lon="10.88019696995616">
        <ele>76.090311</ele>
        <time>2026-09-16T14:07:44Z</time>
      </trkpt>
      <trkpt lat="45.899961004033685" lon="10.880254972726107">
        <ele>76.215772999999999</ele>
        <time>2026-09-16T14:07:48Z</time>
      </trkpt>
      <trkpt lat="45.900367023423314" lon="10.880438033491373">
        <ele>76.536452999999995</ele>
        <time>2026-09-16T14:07:57Z</time>
      </trkpt>
      <trkpt lat="45.900713028386235" lon="10.880655040964484">
        <ele>76.821072000000001</ele>
        <time>2026-09-16T14:08:05Z</time>
      </trkpt>
      <trkpt lat="45.901246033608913" lon="10.881074974313378">
        <ele>77.279362000000006</ele>
        <time>2026-09-16T14:08:18Z</time>
      </trkpt>
      <trkpt lat="45.902689984068274" lon="10.882633002474904">
        <ele>78.430907000000005</ele>
        <time>2026-09-16T14:08:54Z</time>
      </trkpt>
      <trkpt lat="45.902861980721354" lon="10.88275202549994">
        <ele>78.546566999999996</ele>
        <time>2026-09-16T14:08:58Z</time>
      </trkpt>
      <trkpt lat="45.90308896265924" lon="10.882828971371055">
        <ele>78.676136999999997</ele>
        <time>2026-09-16T14:09:02Z</time>
      </trkpt>
      <trkpt lat="45.903272023424506" lon="10.88283902965486">
        <ele>78.736819999999994</ele>
        <time>2026-09-16T14:09:05Z</time>
      </trkpt>
      <trkpt lat="45.903534963726997" lon="10.882748002186418">
        <ele>78.826459999999997</ele>
        <time>2026-09-16T14:09:10Z</time>
      </trkpt>
      <trkpt lat="45.903665972873569" lon="10.882662003859878">
        <ele>78.874184</ele>
        <time>2026-09-16T14:09:13Z</time>
      </trkpt>
      <trkpt lat="45.903815003111959" lon="10.882486989721656">
        <ele>78.937950000000001</ele>
        <time>2026-09-16T14:09:16Z</time>
      </trkpt>
      <trkpt lat="45.904261004179716" lon="10.881916014477611">
        <ele>79.135880999999998</ele>
        <time>2026-09-16T14:09:28Z</time>
      </trkpt>
      <trkpt lat="45.905243027955294" lon="10.880527971312404">
        <ele>79.429411999999999</ele>
        <time>2026-09-16T14:09:53Z</time>
      </trkpt>
      <trkpt lat="45.905504040420055" lon="10.880213985219598">
        <ele>79.487251000000001</ele>
        <time>2026-09-16T14:09:58Z</time>
      </trkpt>
      <trkpt lat="45.90579497627914" lon="10.87998297996819">
        <ele>79.543740999999997</ele>
        <time>2026-09-16T14:10:04Z</time>
      </trkpt>
      <trkpt lat="45.906179035082459" lon="10.879761027172208">
        <ele>79.665045000000006</ele>
        <time>2026-09-16T14:10:12Z</time>
      </trkpt>
      <trkpt lat="45.906712962314487" lon="10.879771001636982">
        <ele>79.847432999999995</ele>
        <time>2026-09-16T14:10:21Z</time>
      </trkpt>
      <trkpt lat="45.907080005854368" lon="10.879881978034973">
        <ele>79.975517999999994</ele>
        <time>2026-09-16T14:10:29Z</time>
      </trkpt>
      <trkpt lat="45.907357027754188" lon="10.880047017708421">
        <ele>80.077923999999996</ele>
        <time>2026-09-16T14:10:35Z</time>
      </trkpt>
      <trkpt lat="45.90766497887671" lon="10.880278022959828">
        <ele>80.193246000000002</ele>
        <time>2026-09-16T14:10:41Z</time>
      </trkpt>
      <trkpt lat="45.908253975212574" lon="10.880746990442276">
        <ele>80.382267999999996</ele>
        <time>2026-09-16T14:10:53Z</time>
      </trkpt>
      <trkpt lat="45.908858980983496" lon="10.881286030635238">
        <ele>80.582085000000006</ele>
        <time>2026-09-16T14:11:06Z</time>
      </trkpt>
      <trkpt lat="45.909019997343421" lon="10.881498008966446">
        <ele>80.643381000000005</ele>
        <time>2026-09-16T14:11:10Z</time>
      </trkpt>
      <trkpt lat="45.909171961247921" lon="10.881734965369105">
        <ele>80.717228000000006</ele>
        <time>2026-09-16T14:11:15Z</time>
      </trkpt>
      <trkpt lat="45.909891966730356" lon="10.882600983604789">
        <ele>81.102638999999996</ele>
        <time>2026-09-16T14:11:33Z</time>
      </trkpt>
      <trkpt lat="45.910638961941004" lon="10.883365999907255">
        <ele>81.467337000000001</ele>
        <time>2026-09-16T14:11:50Z</time>
      </trkpt>
      <trkpt lat="45.912041002884507" lon="10.884225983172655">
        <ele>81.965500000000006</ele>
        <time>2026-09-16T14:12:18Z</time>
      </trkpt>
      <trkpt lat="45.912466971203685" lon="10.884627979248762">
        <ele>82.066016000000005</ele>
        <time>2026-09-16T14:12:28Z</time>
      </trkpt>
      <trkpt lat="45.912740975618362" lon="10.88494598865509">
        <ele>82.119377999999998</ele>
        <time>2026-09-16T14:12:34Z</time>
      </trkpt>
      <trkpt lat="45.912910038605332" lon="10.885190991684794">
        <ele>82.155749</ele>
        <time>2026-09-16T14:12:38Z</time>
      </trkpt>
      <trkpt lat="45.913220001384616" lon="10.88571997359395">
        <ele>82.228662999999997</ele>
        <time>2026-09-16T14:12:46Z</time>
      </trkpt>
      <trkpt lat="45.913837999105453" lon="10.887041967362165">
        <ele>82.684290000000004</ele>
        <time>2026-09-16T14:13:06Z</time>
      </trkpt>
      <trkpt lat="45.914058024063706" lon="10.887482017278671">
        <ele>82.884208000000001</ele>
        <time>2026-09-16T14:13:14Z</time>
      </trkpt>
      <trkpt lat="45.91404402628541" lon="10.887496015056968">
        <ele>82.893252000000004</ele>
        <time>2026-09-16T14:13:14Z</time>
      </trkpt>
      <trkpt lat="45.913739008828998" lon="10.887816958129406">
        <ele>83.093725000000006</ele>
        <time>2026-09-16T14:13:23Z</time>
      </trkpt>
      <trkpt lat="45.913724005222321" lon="10.887832967564464">
        <ele>83.103630999999993</ele>
        <time>2026-09-16T14:13:24Z</time>
      </trkpt>
      <trkpt lat="45.913787037134171" lon="10.887966994196177">
        <ele>83.163302000000002</ele>
        <time>2026-09-16T14:13:26Z</time>
      </trkpt>
      <trkpt lat="45.913761975243688" lon="10.887990966439247">
        <ele>83.179244999999995</ele>
        <time>2026-09-16T14:13:27Z</time>
      </trkpt>
      <trkpt lat="45.913782007992268" lon="10.888031031936407">
        <ele>83.197419999999994</ele>
        <time>2026-09-16T14:13:27Z</time>
      </trkpt>
      <trkpt lat="45.913802962750196" lon="10.888072019442916">
        <ele>83.216204000000005</ele>
        <time>2026-09-16T14:13:28Z</time>
      </trkpt>
      <trkpt lat="45.913806986063719" lon="10.888120969757438">
        <ele>83.234408000000002</ele>
        <time>2026-09-16T14:13:29Z</time>
      </trkpt>
      <trkpt lat="45.913802040740848" lon="10.888176960870624">
        <ele>83.241921000000005</ele>
        <time>2026-09-16T14:13:30Z</time>
      </trkpt>
      <trkpt lat="45.913791982457042" lon="10.888233035802841">
        <ele>83.248987</ele>
        <time>2026-09-16T14:13:31Z</time>
      </trkpt>
      <trkpt lat="45.913791982457042" lon="10.888291038572788">
        <ele>83.256075999999993</ele>
        <time>2026-09-16T14:13:32Z</time>
      </trkpt>
      <trkpt lat="45.913791982457042" lon="10.888352980837226">
        <ele>83.263654000000002</ele>
        <time>2026-09-16T14:13:32Z</time>
      </trkpt>
      <trkpt lat="45.913800029084086" lon="10.888417018577456">
        <ele>83.271601000000004</ele>
        <time>2026-09-16T14:13:33Z</time>
      </trkpt>
      <trkpt lat="45.913812015205622" lon="10.888482984155416">
        <ele>83.279938000000001</ele>
        <time>2026-09-16T14:13:34Z</time>
      </trkpt>
      <trkpt lat="45.913826012983918" lon="10.888545010238886">
        <ele>83.287904999999995</ele>
        <time>2026-09-16T14:13:35Z</time>
      </trkpt>
      <trkpt lat="45.913837999105453" lon="10.888611981645226">
        <ele>83.296361000000005</ele>
        <time>2026-09-16T14:13:36Z</time>
      </trkpt>
      <trkpt lat="45.913848979398608" lon="10.888677025213838">
        <ele>83.304536999999996</ele>
        <time>2026-09-16T14:13:37Z</time>
      </trkpt>
      <trkpt lat="45.913861971348524" lon="10.888751037418842">
        <ele>83.313865000000007</ele>
        <time>2026-09-16T14:13:39Z</time>
      </trkpt>
      <trkpt lat="45.913882004097104" lon="10.888819014653563">
        <ele>83.322888000000006</ele>
        <time>2026-09-16T14:13:40Z</time>
      </trkpt>
      <trkpt lat="45.91391796246171" lon="10.88887601159513">
        <ele>83.332296999999997</ele>
        <time>2026-09-16T14:13:41Z</time>
      </trkpt>
      <trkpt lat="45.913962973281741" lon="10.888912975788116">
        <ele>83.341403999999997</ele>
        <time>2026-09-16T14:13:42Z</time>
      </trkpt>
      <trkpt lat="45.914017036557198" lon="10.888938959687948">
        <ele>83.351408000000006</ele>
        <time>2026-09-16T14:13:43Z</time>
      </trkpt>
      <trkpt lat="45.914070010185242" lon="10.888964021578431">
        <ele>83.361206999999993</ele>
        <time>2026-09-16T14:13:44Z</time>
      </trkpt>
      <trkpt lat="45.914123989641666" lon="10.888988999649882">
        <ele>83.371172999999999</ele>
        <time>2026-09-16T14:13:46Z</time>
      </trkpt>
      <trkpt lat="45.914181992411613" lon="10.889014983549714">
        <ele>83.381845999999996</ele>
        <time>2026-09-16T14:13:47Z</time>
      </trkpt>
      <trkpt lat="45.914242006838322" lon="10.889039039611816">
        <ele>83.392786999999998</ele>
        <time>2026-09-16T14:13:48Z</time>
      </trkpt>
      <trkpt lat="45.914300009608269" lon="10.889064017683268">
        <ele>83.403424000000001</ele>
        <time>2026-09-16T14:13:49Z</time>
      </trkpt>
      <trkpt lat="45.914361029863358" lon="10.889086984097958">
        <ele>83.414502999999996</ele>
        <time>2026-09-16T14:13:51Z</time>
      </trkpt>
      <trkpt lat="45.914419032633305" lon="10.889108022674918">
        <ele>83.42501</ele>
        <time>2026-09-16T14:13:52Z</time>
      </trkpt>
      <trkpt lat="45.914479969069362" lon="10.889127971604466">
        <ele>83.436001000000005</ele>
        <time>2026-09-16T14:13:53Z</time>
      </trkpt>
      <trkpt lat="45.91453998349607" lon="10.889148004353046">
        <ele>83.446821</ele>
        <time>2026-09-16T14:13:55Z</time>
      </trkpt>
      <trkpt lat="45.914601003751159" lon="10.889166025444865">
        <ele>83.457759999999993</ele>
        <time>2026-09-16T14:13:56Z</time>
      </trkpt>
      <trkpt lat="45.914658000692725" lon="10.889185974374413">
        <ele>83.468067000000005</ele>
        <time>2026-09-16T14:13:57Z</time>
      </trkpt>
      <trkpt lat="45.91471198014915" lon="10.889206007122993">
        <ele>83.477862999999999</ele>
        <time>2026-09-16T14:13:59Z</time>
      </trkpt>
      <trkpt lat="45.914765037596226" lon="10.889221010729671">
        <ele>83.487352000000001</ele>
        <time>2026-09-16T14:14:00Z</time>
      </trkpt>
      <trkpt lat="45.91481801122427" lon="10.889222016558051">
        <ele>83.496663999999996</ele>
        <time>2026-09-16T14:14:01Z</time>
      </trkpt>
      <trkpt lat="45.914866961538792" lon="10.889200977981091">
        <ele>83.505645999999999</ele>
        <time>2026-09-16T14:14:02Z</time>
      </trkpt>
      <trkpt lat="45.914903003722429" lon="10.889148004353046">
        <ele>83.514698999999993</ele>
        <time>2026-09-16T14:14:03Z</time>
      </trkpt>
      <trkpt lat="45.914913984015584" lon="10.889080027118325">
        <ele>83.523230999999996</ele>
        <time>2026-09-16T14:14:04Z</time>
      </trkpt>
      <trkpt lat="45.914929993450642" lon="10.889021018519998">
        <ele>83.530969999999996</ele>
        <time>2026-09-16T14:14:05Z</time>
      </trkpt>
      <trkpt lat="45.914946002885699" lon="10.888976007699966">
        <ele>83.537147000000004</ele>
        <time>2026-09-16T14:14:06Z</time>
      </trkpt>
      <trkpt lat="45.914973998442292" lon="10.888956980779767">
        <ele>83.542586</ele>
        <time>2026-09-16T14:14:06Z</time>
      </trkpt>
      <trkpt lat="45.915011968463659" lon="10.888958992436528">
        <ele>83.549266000000003</ele>
        <time>2026-09-16T14:14:07Z</time>
      </trkpt>
      <trkpt lat="45.915050022304058" lon="10.888968966901302">
        <ele>83.560299000000001</ele>
        <time>2026-09-16T14:14:08Z</time>
      </trkpt>
      <trkpt lat="45.915092015638947" lon="10.888977013528347">
        <ele>83.574377999999996</ele>
        <time>2026-09-16T14:14:09Z</time>
      </trkpt>
      <trkpt lat="45.915134008973837" lon="10.888980031013489">
        <ele>83.588352999999998</ele>
        <time>2026-09-16T14:14:10Z</time>
      </trkpt>
      <trkpt lat="45.915180025622249" lon="10.88898497633636">
        <ele>83.603684000000001</ele>
        <time>2026-09-16T14:14:11Z</time>
      </trkpt>
      <trkpt lat="45.915225958451629" lon="10.888992017135024">
        <ele>83.619056</ele>
        <time>2026-09-16T14:14:12Z</time>
      </trkpt>
      <trkpt lat="45.915226964280009" lon="10.888951029628515">
        <ele>83.628540999999998</ele>
        <time>2026-09-16T14:14:12Z</time>
      </trkpt>
      <trkpt lat="45.91567900031805" lon="10.888979025185108">
        <ele>83.778890000000004</ele>
        <time>2026-09-16T14:14:20Z</time>
      </trkpt>
      <trkpt lat="45.915950993075967" lon="10.889088995754719">
        <ele>83.872791000000007</ele>
        <time>2026-09-16T14:14:25Z</time>
      </trkpt>
      <trkpt lat="45.916480980813503" lon="10.889181029051542">
        <ele>84.050201999999999</ele>
        <time>2026-09-16T14:14:35Z</time>
      </trkpt>
      <trkpt lat="45.916719026863575" lon="10.889214975759387">
        <ele>84.129683999999997</ele>
        <time>2026-09-16T14:14:40Z</time>
      </trkpt>
      <trkpt lat="45.916721960529685" lon="10.889098970219493">
        <ele>84.200680000000006</ele>
        <time>2026-09-16T14:14:42Z</time>
      </trkpt>
      <trkpt lat="45.916780969128013" lon="10.888913981616497">
        <ele>84.524693999999997</ele>
        <time>2026-09-16T14:14:45Z</time>
      </trkpt>
      <trkpt lat="45.916847018525004" lon="10.88885597884655">
        <ele>84.701725999999994</ele>
        <time>2026-09-16T14:14:47Z</time>
      </trkpt>
      <trkpt lat="45.917109036818147" lon="10.888737961649895">
        <ele>85.330055000000002</ele>
        <time>2026-09-16T14:14:54Z</time>
      </trkpt>
      <trkpt lat="45.91714097186923" lon="10.888709966093302">
        <ele>85.415788000000006</ele>
        <time>2026-09-16T14:14:55Z</time>
      </trkpt>
      <trkpt lat="45.917167039588094" lon="10.888599995523691">
        <ele>85.600751000000002</ele>
        <time>2026-09-16T14:14:57Z</time>
      </trkpt>
      <trkpt lat="45.91720400378108" lon="10.888149971142411">
        <ele>86.322181999999998</ele>
        <time>2026-09-16T14:15:06Z</time>
      </trkpt>
      <trkpt lat="45.917231999337673" lon="10.887999013066292">
        <ele>86.570982000000001</ele>
        <time>2026-09-16T14:15:10Z</time>
      </trkpt>
      <trkpt lat="45.91748203150928" lon="10.887440023943782">
        <ele>87.628995000000003</ele>
        <time>2026-09-16T14:15:23Z</time>
      </trkpt>
      <trkpt lat="45.917522013187408" lon="10.887475982308388">
        <ele>87.736998</ele>
        <time>2026-09-16T14:15:25Z</time>
      </trkpt>
      <trkpt lat="45.917571969330311" lon="10.887342961505055">
        <ele>87.977684999999994</ele>
        <time>2026-09-16T14:15:29Z</time>
      </trkpt>
      <trkpt lat="45.917723011225462" lon="10.886936020106077">
        <ele>89.229709</ele>
        <time>2026-09-16T14:15:45Z</time>
      </trkpt>
      <trkpt lat="45.917754024267197" lon="10.886882040649652">
        <ele>89.359651999999997</ele>
        <time>2026-09-16T14:15:46Z</time>
      </trkpt>
      <trkpt lat="45.917780008167028" lon="10.886828983202577">
        <ele>89.480018000000001</ele>
        <time>2026-09-16T14:15:47Z</time>
      </trkpt>
      <trkpt lat="45.917801968753338" lon="10.886781038716435">
        <ele>89.586703</ele>
        <time>2026-09-16T14:15:48Z</time>
      </trkpt>
      <trkpt lat="45.917820995673537" lon="10.886738961562514">
        <ele>89.679687999999999</ele>
        <time>2026-09-16T14:15:49Z</time>
      </trkpt>
      <trkpt lat="45.917837005108595" lon="10.886697974056005">
        <ele>89.766938999999994</ele>
        <time>2026-09-16T14:15:49Z</time>
      </trkpt>
      <trkpt lat="45.917856032028794" lon="10.886652041226625">
        <ele>89.866230000000002</ele>
        <time>2026-09-16T14:15:50Z</time>
      </trkpt>
      <trkpt lat="45.917871035635471" lon="10.886618010699749">
        <ele>89.940954000000005</ele>
        <time>2026-09-16T14:15:51Z</time>
      </trkpt>
      <trkpt lat="45.917886961251497" lon="10.886567970737815">
        <ele>90.043102000000005</ele>
        <time>2026-09-16T14:15:52Z</time>
      </trkpt>
      <trkpt lat="45.917913028970361" lon="10.886492030695081">
        <ele>90.200292000000005</ele>
        <time>2026-09-16T14:15:53Z</time>
      </trkpt>
      <trkpt lat="45.917926020920277" lon="10.886422041803598">
        <ele>90.334762999999995</ele>
        <time>2026-09-16T14:15:54Z</time>
      </trkpt>
      <trkpt lat="45.917917974293232" lon="10.886365966871381">
        <ele>90.440869000000006</ele>
        <time>2026-09-16T14:15:55Z</time>
      </trkpt>
      <trkpt lat="45.917901964858174" lon="10.88632196187973">
        <ele>90.533017000000001</ele>
        <time>2026-09-16T14:15:56Z</time>
      </trkpt>
      <trkpt lat="45.917878998443484" lon="10.886288015171885">
        <ele>90.621036000000004</ele>
        <time>2026-09-16T14:15:56Z</time>
      </trkpt>
      <trkpt lat="45.917856032028794" lon="10.886264964938164">
        <ele>90.695785999999998</ele>
        <time>2026-09-16T14:15:57Z</time>
      </trkpt>
      <trkpt lat="45.917832981795073" lon="10.886238981038332">
        <ele>90.773848999999998</ele>
        <time>2026-09-16T14:15:57Z</time>
      </trkpt>
      <trkpt lat="45.917811021208763" lon="10.886207967996597">
        <ele>90.856041000000005</ele>
        <time>2026-09-16T14:15:58Z</time>
      </trkpt>
      <trkpt lat="45.917798029258847" lon="10.88616999797523">
        <ele>90.934635999999998</ele>
        <time>2026-09-16T14:15:59Z</time>
      </trkpt>
      <trkpt lat="45.917810015380383" lon="10.886109983548522">
        <ele>91.050506999999996</ele>
        <time>2026-09-16T14:16:00Z</time>
      </trkpt>
      <trkpt lat="45.917833987623453" lon="10.886061033234">
        <ele>91.161731000000003</ele>
        <time>2026-09-16T14:16:01Z</time>
      </trkpt>
      <trkpt lat="45.917859971523285" lon="10.886024991050363">
        <ele>91.258043000000001</ele>
        <time>2026-09-16T14:16:01Z</time>
      </trkpt>
      <trkpt lat="45.917886961251497" lon="10.88601803407073">
        <ele>91.331238999999997</ele>
        <time>2026-09-16T14:16:02Z</time>
      </trkpt>
      <trkpt lat="45.917917974293232" lon="10.886033037677407">
        <ele>91.418503000000001</ele>
        <time>2026-09-16T14:16:03Z</time>
      </trkpt>
      <trkpt lat="45.917948987334967" lon="10.88606002740562">
        <ele>91.515204999999995</ele>
        <time>2026-09-16T14:16:03Z</time>
      </trkpt>
      <trkpt lat="45.917982012033463" lon="10.886077964678407">
        <ele>91.609370999999996</ele>
        <time>2026-09-16T14:16:04Z</time>
      </trkpt>
      <trkpt lat="45.918013025075197" lon="10.886094979941845">
        <ele>91.697890000000001</ele>
        <time>2026-09-16T14:16:05Z</time>
      </trkpt>
      <trkpt lat="45.91804001480341" lon="10.886114006862044">
        <ele>91.778092000000001</ele>
        <time>2026-09-16T14:16:06Z</time>
      </trkpt>
      <trkpt lat="45.918070022016764" lon="10.886129010468721">
        <ele>91.862831999999997</ele>
        <time>2026-09-16T14:16:06Z</time>
      </trkpt>
      <trkpt lat="45.918097011744976" lon="10.886138984933496">
        <ele>91.937218000000001</ele>
        <time>2026-09-16T14:16:07Z</time>
      </trkpt>
      <trkpt lat="45.918128024786711" lon="10.88614895939827">
        <ele>92.021979000000002</ele>
        <time>2026-09-16T14:16:07Z</time>
      </trkpt>
      <trkpt lat="45.918161971494555" lon="10.88614996522665">
        <ele>92.112707</ele>
        <time>2026-09-16T14:16:08Z</time>
      </trkpt>
      <trkpt lat="45.918193990364671" lon="10.88614703156054">
        <ele>92.198260000000005</ele>
        <time>2026-09-16T14:16:09Z</time>
      </trkpt>
      <trkpt lat="45.91823598369956" lon="10.886138984933496">
        <ele>92.311290999999997</ele>
        <time>2026-09-16T14:16:10Z</time>
      </trkpt>
      <trkpt lat="45.918286023661494" lon="10.886161029338837">
        <ele>92.450794999999999</ele>
        <time>2026-09-16T14:16:11Z</time>
      </trkpt>
      <trkpt lat="45.918344026431441" lon="10.886200005188584">
        <ele>92.621626000000006</ele>
        <time>2026-09-16T14:16:12Z</time>
      </trkpt>
      <trkpt lat="45.918399011716247" lon="10.886225989088416">
        <ele>92.776090999999994</ele>
        <time>2026-09-16T14:16:14Z</time>
      </trkpt>
      <trkpt lat="45.918429018929601" lon="10.886224983260036">
        <ele>92.856149000000002</ele>
        <time>2026-09-16T14:16:14Z</time>
      </trkpt>
      <trkpt lat="45.918459026142955" lon="10.886229006573558">
        <ele>92.936528999999993</ele>
        <time>2026-09-16T14:16:15Z</time>
      </trkpt>
      <trkpt lat="45.918486015871167" lon="10.88623596355319">
        <ele>93.009725000000003</ele>
        <time>2026-09-16T14:16:15Z</time>
      </trkpt>
      <trkpt lat="45.918507976457477" lon="10.886234035715461">
        <ele>93.067246999999995</ele>
        <time>2026-09-16T14:16:16Z</time>
      </trkpt>
      <trkpt lat="45.918529015034437" lon="10.886223977431655">
        <ele>93.110271999999995</ele>
        <time>2026-09-16T14:16:16Z</time>
      </trkpt>
      <trkpt lat="45.918562039732933" lon="10.886220037937164">
        <ele>93.174679999999995</ele>
        <time>2026-09-16T14:16:17Z</time>
      </trkpt>
      <trkpt lat="45.918590035289526" lon="10.886218026280403">
        <ele>93.229202000000001</ele>
        <time>2026-09-16T14:16:18Z</time>
      </trkpt>
      <trkpt lat="45.918625993654132" lon="10.886214002966881">
        <ele>93.299425999999997</ele>
        <time>2026-09-16T14:16:18Z</time>
      </trkpt>
      <trkpt lat="45.918646026402712" lon="10.886217020452023">
        <ele>93.338533999999996</ele>
        <time>2026-09-16T14:16:19Z</time>
      </trkpt>
      <trkpt lat="45.918673016130924" lon="10.886220959946513">
        <ele>93.391323</ele>
        <time>2026-09-16T14:16:19Z</time>
      </trkpt>
      <trkpt lat="45.918838223442435" lon="10.885929269716144">
        <ele>91.1796875</ele>
      </trkpt>
      <trkpt lat="45.919053805992007" lon="10.88592566549778">
        <ele>91.62109375</ele>
      </trkpt>
      <trkpt lat="45.919083394110203" lon="10.886136721819639">
        <ele>91.26953125</ele>
      </trkpt>
      <trkpt lat="45.919115748256445" lon="10.886422879993916">
        <ele>90.72265625</ele>
      </trkpt>
      <trkpt lat="45.919115748256445" lon="10.886869970709085">
        <ele>91.69140625</ele>
      </trkpt>
      <trkpt lat="45.919115748256445" lon="10.886905761435628">
        <ele>91.6796875</ele>
      </trkpt>
      <trkpt lat="45.919185820966959" lon="10.88730993680656">
        <ele>90.95703125</ele>
      </trkpt>
      <trkpt lat="45.9192855656147" lon="10.887567512691021">
        <ele>91.2265625</ele>
      </trkpt>
      <trkpt lat="45.919304424896836" lon="10.887603219598532">
        <ele>91.3203125</ele>
      </trkpt>
      <trkpt lat="45.919398721307516" lon="10.887796422466636">
        <ele>91.6796875</ele>
      </trkpt>
      <trkpt lat="45.919662835076451" lon="10.888007478788495">
        <ele>92.38671875</ele>
      </trkpt>
      <trkpt lat="45.919800968840718" lon="10.888028014451265">
        <ele>97.333138000000005</ele>
        <time>2026-09-16T14:17:24Z</time>
      </trkpt>
      <trkpt lat="45.919827958568931" lon="10.888067996129394">
        <ele>97.354647</ele>
        <time>2026-09-16T14:17:25Z</time>
      </trkpt>
      <trkpt lat="45.919851008802652" lon="10.888106971979141">
        <ele>97.374379000000005</ele>
        <time>2026-09-16T14:17:26Z</time>
      </trkpt>
      <trkpt lat="45.919873975217342" lon="10.888138990849257">
        <ele>97.392135999999994</ele>
        <time>2026-09-16T14:17:26Z</time>
      </trkpt>
      <trkpt lat="45.919899959117174" lon="10.888166986405849">
        <ele>97.410158999999993</ele>
        <time>2026-09-16T14:17:27Z</time>
      </trkpt>
      <trkpt lat="45.919931977987289" lon="10.888191964477301">
        <ele>97.430363</ele>
        <time>2026-09-16T14:17:28Z</time>
      </trkpt>
      <trkpt lat="45.919971959665418" lon="10.888294978067279">
        <ele>97.475887999999998</ele>
        <time>2026-09-16T14:17:30Z</time>
      </trkpt>
      <trkpt lat="45.920042032375932" lon="10.888396985828876">
        <ele>97.531182999999999</ele>
        <time>2026-09-16T14:17:36Z</time>
      </trkpt>
      <trkpt lat="45.920069022104144" lon="10.888433028012514">
        <ele>97.551613000000003</ele>
        <time>2026-09-16T14:17:39Z</time>
      </trkpt>
      <trkpt lat="45.920442016795278" lon="10.888786995783448">
        <ele>95.841435000000004</ele>
        <time>2026-09-16T14:18:10Z</time>
      </trkpt>
      <trkpt lat="45.920659024268389" lon="10.889047002419829">
        <ele>94.020039999999995</ele>
        <time>2026-09-16T14:18:20Z</time>
      </trkpt>
      <trkpt lat="45.920756757259369" lon="10.889237774536014">
        <ele>92.424390000000002</ele>
        <time>2026-09-16T14:18:29Z</time>
      </trkpt>
      <trkpt lat="45.920742005109787" lon="10.889571961015463">
        <ele>92.308396000000002</ele>
        <time>2026-09-16T14:18:29Z</time>
      </trkpt>
      <trkpt lat="45.920753991231322" lon="10.889613032341003">
        <ele>92.185444000000004</ele>
        <time>2026-09-16T14:18:30Z</time>
      </trkpt>
      <trkpt lat="45.920773018151522" lon="10.88965100236237">
        <ele>92.056089</ele>
        <time>2026-09-16T14:18:30Z</time>
      </trkpt>
      <trkpt lat="45.92079296708107" lon="10.889677992090583">
        <ele>91.947068999999999</ele>
        <time>2026-09-16T14:18:31Z</time>
      </trkpt>
      <trkpt lat="45.920821968466043" lon="10.88969400152564">
        <ele>91.823642000000007</ele>
        <time>2026-09-16T14:18:32Z</time>
      </trkpt>
      <trkpt lat="45.920858010649681" lon="10.889703975990415">
        <ele>91.677950999999993</ele>
        <time>2026-09-16T14:18:33Z</time>
      </trkpt>
      <trkpt lat="45.920895980671048" lon="10.889718979597092">
        <ele>91.521370000000005</ele>
        <time>2026-09-16T14:18:33Z</time>
      </trkpt>
      <trkpt lat="45.920934034511447" lon="10.889739012345672">
        <ele>91.360575999999995</ele>
        <time>2026-09-16T14:18:34Z</time>
      </trkpt>
      <trkpt lat="45.920979967340827" lon="10.889775976538658">
        <ele>91.151128</ele>
        <time>2026-09-16T14:18:35Z</time>
      </trkpt>
      <trkpt lat="45.921024978160858" lon="10.88980196043849">
        <ele>90.958419000000006</ele>
        <time>2026-09-16T14:18:36Z</time>
      </trkpt>
      <trkpt lat="45.921067977324128" lon="10.889824004843831">
        <ele>90.777061000000003</ele>
        <time>2026-09-16T14:18:37Z</time>
      </trkpt>
      <trkpt lat="45.921112988144159" lon="10.889857029542327">
        <ele>90.576331999999994</ele>
        <time>2026-09-16T14:18:38Z</time>
      </trkpt>
      <trkpt lat="45.921159004792571" lon="10.88988795876503">
        <ele>90.394408999999996</ele>
        <time>2026-09-16T14:18:40Z</time>
      </trkpt>
      <trkpt lat="45.921208960935473" lon="10.889924000948668">
        <ele>90.287774999999996</ele>
        <time>2026-09-16T14:18:41Z</time>
      </trkpt>
      <trkpt lat="45.92126696370542" lon="10.889967000111938">
        <ele>90.163335000000004</ele>
        <time>2026-09-16T14:18:42Z</time>
      </trkpt>
      <trkpt lat="45.921266041696072" lon="10.889969011768699">
        <ele>90.160067999999995</ele>
        <time>2026-09-16T14:18:42Z</time>
      </trkpt>
      <trkpt lat="45.921619003638625" lon="10.890246033668518">
        <ele>89.393186</ele>
        <time>2026-09-16T14:18:47Z</time>
      </trkpt>
      <trkpt lat="45.921901976689696" lon="10.890517020598054">
        <ele>88.744771999999998</ele>
        <time>2026-09-16T14:18:52Z</time>
      </trkpt>
      <trkpt lat="45.922025023028255" lon="10.890635959804058">
        <ele>88.462056000000004</ele>
        <time>2026-09-16T14:18:55Z</time>
      </trkpt>
      <trkpt lat="45.922213029116392" lon="10.890839975327253">
        <ele>88.012900000000002</ele>
        <time>2026-09-16T14:18:58Z</time>
      </trkpt>
      <trkpt lat="45.92257303185761" lon="10.891400976106524">
        <ele>87.000473</ele>
        <time>2026-09-16T14:19:07Z</time>
      </trkpt>
      <trkpt lat="45.922727007418871" lon="10.891589988023043">
        <ele>86.997698999999997</ele>
        <time>2026-09-16T14:19:10Z</time>
      </trkpt>
      <trkpt lat="45.922928005456924" lon="10.891724014654756">
        <ele>87.014493000000002</ele>
        <time>2026-09-16T14:19:14Z</time>
      </trkpt>
      <trkpt lat="45.923504009842873" lon="10.89199198409915">
        <ele>87.060382000000004</ele>
        <time>2026-09-16T14:19:26Z</time>
      </trkpt>
      <trkpt lat="45.92349898070097" lon="10.892021991312504">
        <ele>87.062008000000006</ele>
        <time>2026-09-16T14:19:26Z</time>
      </trkpt>
      <trkpt lat="45.923351040109992" lon="10.892781978473067">
        <ele>87.103621000000004</ele>
        <time>2026-09-16T14:19:36Z</time>
      </trkpt>
      <trkpt lat="45.923356991261244" lon="10.892836963757873">
        <ele>87.106555999999998</ele>
        <time>2026-09-16T14:19:37Z</time>
      </trkpt>
      <trkpt lat="45.923392027616501" lon="10.892869988456368">
        <ele>87.109729000000002</ele>
        <time>2026-09-16T14:19:37Z</time>
      </trkpt>
      <trkpt lat="45.923475008457899" lon="10.89285003952682">
        <ele>87.116107999999997</ele>
        <time>2026-09-16T14:19:39Z</time>
      </trkpt>
      <trkpt lat="45.923553965985775" lon="10.892832018435001">
        <ele>87.119587999999993</ele>
        <time>2026-09-16T14:19:40Z</time>
      </trkpt>
      <trkpt lat="45.924334991723299" lon="10.8928959723562">
        <ele>87.124086000000005</ele>
        <time>2026-09-16T14:19:53Z</time>
      </trkpt>
      <trkpt lat="45.924635985866189" lon="10.892992028966546">
        <ele>87.125859000000005</ele>
        <time>2026-09-16T14:19:58Z</time>
      </trkpt>
      <trkpt lat="45.925052985548973" lon="10.893227979540825">
        <ele>87.128435999999994</ele>
        <time>2026-09-16T14:20:06Z</time>
      </trkpt>
      <trkpt lat="45.925418017432094" lon="10.893536014482379">
        <ele>87.193758000000003</ele>
        <time>2026-09-16T14:20:14Z</time>
      </trkpt>
      <trkpt lat="45.92560401186347" lon="10.89364598505199">
        <ele>87.258094999999997</ele>
        <time>2026-09-16T14:20:18Z</time>
      </trkpt>
      <trkpt lat="45.925925960764289" lon="10.893776994198561">
        <ele>87.365144999999998</ele>
        <time>2026-09-16T14:20:24Z</time>
      </trkpt>
      <trkpt lat="45.926697012037039" lon="10.893858969211578">
        <ele>87.612454999999997</ele>
        <time>2026-09-16T14:20:39Z</time>
      </trkpt>
      <trkpt lat="45.926909996196628" lon="10.893786968663335">
        <ele>87.682450000000003</ele>
        <time>2026-09-16T14:20:43Z</time>
      </trkpt>
      <trkpt lat="45.927582979202271" lon="10.893426965922117">
        <ele>87.856037000000001</ele>
        <time>2026-09-16T14:20:56Z</time>
      </trkpt>
      <trkpt lat="45.928490990772843" lon="10.893598962575197">
        <ele>88.069609999999997</ele>
        <time>2026-09-16T14:21:12Z</time>
      </trkpt>
      <trkpt lat="45.929242009297013" lon="10.893342979252338">
        <ele>88.285669999999996</ele>
        <time>2026-09-16T14:21:26Z</time>
      </trkpt>
      <trkpt lat="45.930368034169078" lon="10.893604997545481">
        <ele>88.628388000000001</ele>
        <time>2026-09-16T14:21:47Z</time>
      </trkpt>
      <trkpt lat="45.930752009153366" lon="10.893727960065007">
        <ele>88.887484999999998</ele>
        <time>2026-09-16T14:21:55Z</time>
      </trkpt>
      <trkpt lat="45.930901039391756" lon="10.893854023888707">
        <ele>89.029043999999999</ele>
        <time>2026-09-16T14:21:58Z</time>
      </trkpt>
      <trkpt lat="45.931447958573699" lon="10.894214026629925">
        <ele>89.521688999999995</ele>
        <time>2026-09-16T14:22:11Z</time>
      </trkpt>
      <trkpt lat="45.932557974010706" lon="10.894537987187505">
        <ele>90.423185000000004</ele>
        <time>2026-09-16T14:22:35Z</time>
      </trkpt>
      <trkpt lat="45.932930968701839" lon="10.894587021321058">
        <ele>90.704257999999996</ele>
        <time>2026-09-16T14:22:43Z</time>
      </trkpt>
      <trkpt lat="45.933427009731531" lon="10.89469900354743">
        <ele>91.081029000000001</ele>
        <time>2026-09-16T14:22:53Z</time>
      </trkpt>
      <trkpt lat="45.933992033824325" lon="10.894876029342413">
        <ele>91.524427000000003</ele>
        <time>2026-09-16T14:23:04Z</time>
      </trkpt>
      <trkpt lat="45.934359999373555" lon="10.895140981301665">
        <ele>91.940134999999998</ele>
        <time>2026-09-16T14:23:13Z</time>
      </trkpt>
      <trkpt lat="45.93447801657021" lon="10.895183980464935">
        <ele>92.063089000000005</ele>
        <time>2026-09-16T14:23:16Z</time>
      </trkpt>
      <trkpt lat="45.934986965730786" lon="10.895167971029878">
        <ele>92.577326999999997</ele>
        <time>2026-09-16T14:23:27Z</time>
      </trkpt>
      <trkpt lat="45.935133984312415" lon="10.895211976021528">
        <ele>92.728987000000004</ele>
        <time>2026-09-16T14:23:31Z</time>
      </trkpt>
      <trkpt lat="45.935647040605545" lon="10.895685972645879">
        <ele>93.322114999999997</ele>
        <time>2026-09-16T14:23:44Z</time>
      </trkpt>
      <trkpt lat="45.93604501336813" lon="10.895968023687601">
        <ele>93.518536999999995</ele>
        <time>2026-09-16T14:23:53Z</time>
      </trkpt>
      <trkpt lat="45.936639038845897" lon="10.896575963124633">
        <ele>93.841316000000006</ele>
        <time>2026-09-16T14:24:07Z</time>
      </trkpt>
      <trkpt lat="45.93666703440249" lon="10.896643018350005">
        <ele>93.865381999999997</ele>
        <time>2026-09-16T14:24:08Z</time>
      </trkpt>
      <trkpt lat="45.936671979725361" lon="10.897044008597732">
        <ele>93.988857999999993</ele>
        <time>2026-09-16T14:24:13Z</time>
      </trkpt>
      <trkpt lat="45.936729982495308" lon="10.897350031882524">
        <ele>94.086502999999993</ele>
        <time>2026-09-16T14:24:16Z</time>
      </trkpt>
      <trkpt lat="45.936805000528693" lon="10.897585982456803">
        <ele>94.175443999999999</ele>
        <time>2026-09-16T14:24:20Z</time>
      </trkpt>
      <trkpt lat="45.936985965818167" lon="10.89800700545311">
        <ele>94.348794999999996</ele>
        <time>2026-09-16T14:24:26Z</time>
      </trkpt>
      <trkpt lat="45.937295006588101" lon="10.898520983755589">
        <ele>94.586753999999999</ele>
        <time>2026-09-16T14:24:36Z</time>
      </trkpt>
      <trkpt lat="45.93761301599443" lon="10.898982994258404">
        <ele>94.814415999999994</ele>
        <time>2026-09-16T14:24:45Z</time>
      </trkpt>
      <trkpt lat="45.93800101429224" lon="10.899430001154542">
        <ele>95.007930999999999</ele>
        <time>2026-09-16T14:24:55Z</time>
      </trkpt>
      <trkpt lat="45.938996030017734" lon="10.900204991921782">
        <ele>95.022829999999999</ele>
        <time>2026-09-16T14:25:15Z</time>
      </trkpt>
      <trkpt lat="45.939802033826709" lon="10.900473967194557">
        <ele>95.170378999999997</ele>
        <time>2026-09-16T14:25:28Z</time>
      </trkpt>
      <trkpt lat="45.940054999664426" lon="10.900487964972854">
        <ele>95.298925999999994</ele>
        <time>2026-09-16T14:25:32Z</time>
      </trkpt>
      <trkpt lat="45.940315006300807" lon="10.900462986901402">
        <ele>95.431227000000007</ele>
        <time>2026-09-16T14:25:37Z</time>
      </trkpt>
      <trkpt lat="45.941182030364871" lon="10.90019996277988">
        <ele>95.881105000000005</ele>
        <time>2026-09-16T14:25:56Z</time>
      </trkpt>
      <trkpt lat="45.941836992278695" lon="10.900191999971867">
        <ele>96.476151999999999</ele>
        <time>2026-09-16T14:26:11Z</time>
      </trkpt>
      <trkpt lat="45.941974958404899" lon="10.900158975273371">
        <ele>96.616129000000001</ele>
        <time>2026-09-16T14:26:14Z</time>
      </trkpt>
      <trkpt lat="45.942373014986515" lon="10.900202980265021">
        <ele>97.015539000000004</ele>
        <time>2026-09-16T14:26:23Z</time>
      </trkpt>
      <trkpt lat="45.942607959732413" lon="10.900443037971854">
        <ele>97.303940999999995</ele>
        <time>2026-09-16T14:26:29Z</time>
      </trkpt>
      <trkpt lat="45.943734990432858" lon="10.901808030903339">
        <ele>98.408178000000007</ele>
        <time>2026-09-16T14:26:58Z</time>
      </trkpt>
      <trkpt lat="45.944263972342014" lon="10.90237095952034">
        <ele>98.831275000000005</ele>
        <time>2026-09-16T14:27:11Z</time>
      </trkpt>
      <trkpt lat="45.944477962329984" lon="10.902503980323672">
        <ele>98.979910000000004</ele>
        <time>2026-09-16T14:27:16Z</time>
      </trkpt>
      <trkpt lat="45.944759007543325" lon="10.902610011398792">
        <ele>99.163839999999993</ele>
        <time>2026-09-16T14:27:22Z</time>
      </trkpt>
      <trkpt lat="45.944761019200087" lon="10.902611017227173">
        <ele>99.165180000000007</ele>
        <time>2026-09-16T14:27:22Z</time>
      </trkpt>
      <trkpt lat="45.945590995252132" lon="10.90292701497674">
        <ele>99.708785000000006</ele>
        <time>2026-09-16T14:27:56Z</time>
      </trkpt>
      <trkpt lat="45.945839015766978" lon="10.902954004704952">
        <ele>99.866252000000003</ele>
        <time>2026-09-16T14:28:01Z</time>
      </trkpt>
      <trkpt lat="45.946056023240089" lon="10.902925003319979">
        <ele>100.004234</ele>
        <time>2026-09-16T14:28:05Z</time>
      </trkpt>
      <trkpt lat="45.946725988760591" lon="10.902726016938686">
        <ele>100.783267</ele>
        <time>2026-09-16T14:28:19Z</time>
      </trkpt>
      <trkpt lat="45.947285983711481" lon="10.902401972562075">
        <ele>101.49651</ele>
        <time>2026-09-16T14:28:33Z</time>
      </trkpt>
      <trkpt lat="45.947837010025978" lon="10.901927975937724">
        <ele>102.317919</ele>
        <time>2026-09-16T14:28:49Z</time>
      </trkpt>
      <trkpt lat="45.948222996667027" lon="10.902413036674261">
        <ele>103.33789299999999</ele>
        <time>2026-09-16T14:29:01Z</time>
      </trkpt>
      <trkpt lat="45.948866978287697" lon="10.902021015062928">
        <ele>104.729479</ele>
        <time>2026-09-16T14:29:18Z</time>
      </trkpt>
      <trkpt lat="45.949126984924078" lon="10.901873996481299">
        <ele>105.285411</ele>
        <time>2026-09-16T14:29:26Z</time>
      </trkpt>
      <trkpt lat="45.949208959937096" lon="10.901822028681636">
        <ele>105.463746</ele>
        <time>2026-09-16T14:29:29Z</time>
      </trkpt>
      <trkpt lat="45.949573991820216" lon="10.901608960703015">
        <ele>106.082966</ele>
        <time>2026-09-16T14:29:41Z</time>
      </trkpt>
      <trkpt lat="45.9500100184232" lon="10.901394970715046">
        <ele>106.70082600000001</ele>
        <time>2026-09-16T14:29:55Z</time>
      </trkpt>
      <trkpt lat="45.950043965131044" lon="10.901379967108369">
        <ele>106.74852199999999</ele>
        <time>2026-09-16T14:29:56Z</time>
      </trkpt>
      <trkpt lat="45.950072966516018" lon="10.901365969330072">
        <ele>106.78954899999999</ele>
        <time>2026-09-16T14:29:57Z</time>
      </trkpt>
      <trkpt lat="45.950163993984461" lon="10.901327999308705">
        <ele>106.916634</ele>
        <time>2026-09-16T14:29:59Z</time>
      </trkpt>
      <trkpt lat="45.950445961207151" lon="10.901218028739095">
        <ele>107.308505</ele>
        <time>2026-09-16T14:30:06Z</time>
      </trkpt>
      <trkpt lat="45.95054998062551" lon="10.901186009868979">
        <ele>107.451142</ele>
        <time>2026-09-16T14:30:09Z</time>
      </trkpt>
      <trkpt lat="45.950547968968749" lon="10.901134964078665">
        <ele>107.498774</ele>
        <time>2026-09-16T14:30:09Z</time>
      </trkpt>
      <trkpt lat="45.950536988675594" lon="10.900820977985859">
        <ele>107.791945</ele>
        <time>2026-09-16T14:30:13Z</time>
      </trkpt>
      <trkpt lat="45.950531959533691" lon="10.900675971060991">
        <ele>107.92732100000001</ele>
        <time>2026-09-16T14:30:15Z</time>
      </trkpt>
      <trkpt lat="45.950595997273922" lon="10.90045896358788">
        <ele>108.147122</ele>
        <time>2026-09-16T14:30:17Z</time>
      </trkpt>
      <trkpt lat="45.950704040005803" lon="10.900279004126787">
        <ele>108.410358</ele>
        <time>2026-09-16T14:30:20Z</time>
      </trkpt>
      <trkpt lat="45.950908977538347" lon="10.900060990825295">
        <ele>108.818676</ele>
        <time>2026-09-16T14:30:23Z</time>
      </trkpt>
      <trkpt lat="45.950921969488263" lon="10.899938028305769">
        <ele>108.95721399999999</ele>
        <time>2026-09-16T14:30:24Z</time>
      </trkpt>
      <trkpt lat="45.95091400668025" lon="10.89989704079926">
        <ele>109.004633</ele>
        <time>2026-09-16T14:30:25Z</time>
      </trkpt>
      <trkpt lat="45.950857009738684" lon="10.899707023054361">
        <ele>109.23506</ele>
        <time>2026-09-16T14:30:27Z</time>
      </trkpt>
      <trkpt lat="45.950823985040188" lon="10.899596968665719">
        <ele>109.368465</ele>
        <time>2026-09-16T14:30:28Z</time>
      </trkpt>
      <trkpt lat="45.950511004775763" lon="10.898578986525536">
        <ele>110.60794300000001</ele>
        <time>2026-09-16T14:30:53Z</time>
      </trkpt>
      <trkpt lat="45.950466999784112" lon="10.898547973483801">
        <ele>110.686413</ele>
        <time>2026-09-16T14:30:55Z</time>
      </trkpt>
      <trkpt lat="45.950149996206164" lon="10.898282015696168">
        <ele>111.103668</ele>
        <time>2026-09-16T14:31:11Z</time>
      </trkpt>
      <trkpt lat="45.950046982616186" lon="10.898181013762951">
        <ele>111.160628</ele>
        <time>2026-09-16T14:31:16Z</time>
      </trkpt>
      <trkpt lat="45.950028961524367" lon="10.898122005164623">
        <ele>111.18109699999999</ele>
        <time>2026-09-16T14:31:17Z</time>
      </trkpt>
      <trkpt lat="45.950014963746071" lon="10.898016979917884">
        <ele>111.215063</ele>
        <time>2026-09-16T14:31:20Z</time>
      </trkpt>
      <trkpt lat="45.950030973181129" lon="10.897796032950282">
        <ele>111.285652</ele>
        <time>2026-09-16T14:31:25Z</time>
      </trkpt>
      <trkpt lat="45.950061986222863" lon="10.897713974118233">
        <ele>111.315305</ele>
        <time>2026-09-16T14:31:26Z</time>
      </trkpt>
      <trkpt lat="45.950135998427868" lon="10.897624958306551">
        <ele>111.359381</ele>
        <time>2026-09-16T14:31:29Z</time>
      </trkpt>
      <trkpt lat="45.950814010575414" lon="10.897281970828772">
        <ele>111.687781</ele>
        <time>2026-09-16T14:31:44Z</time>
      </trkpt>
      <trkpt lat="45.951174013316631" lon="10.89714802801609">
        <ele>111.856404</ele>
        <time>2026-09-16T14:31:48Z</time>
      </trkpt>
      <trkpt lat="45.951461009681225" lon="10.897149033844471">
        <ele>111.327625</ele>
        <time>2026-09-16T14:31:51Z</time>
      </trkpt>
      <trkpt lat="45.952038019895554" lon="10.897316001355648">
        <ele>110.243234</ele>
        <time>2026-09-16T14:31:59Z</time>
      </trkpt>
      <trkpt lat="45.952529031783342" lon="10.897636022418737">
        <ele>109.25006500000001</ele>
        <time>2026-09-16T14:32:07Z</time>
      </trkpt>
      <trkpt lat="45.952878976240754" lon="10.897606015205383">
        <ele>108.604071</ele>
        <time>2026-09-16T14:32:14Z</time>
      </trkpt>
      <trkpt lat="45.953110987320542" lon="10.897672986611724">
        <ele>108.78812499999999</ele>
        <time>2026-09-16T14:32:20Z</time>
      </trkpt>
      <trkpt lat="45.953289018943906" lon="10.897573996335268">
        <ele>109.017149</ele>
        <time>2026-09-16T14:32:25Z</time>
      </trkpt>
      <trkpt lat="45.953510971739888" lon="10.897426977753639">
        <ele>109.31043699999999</ele>
        <time>2026-09-16T14:32:31Z</time>
      </trkpt>
      <trkpt lat="45.953759998083115" lon="10.897326981648803">
        <ele>109.620681</ele>
        <time>2026-09-16T14:32:38Z</time>
      </trkpt>
      <trkpt lat="45.953985974192619" lon="10.897424966096878">
        <ele>109.90395100000001</ele>
        <time>2026-09-16T14:32:44Z</time>
      </trkpt>
      <trkpt lat="45.95437103882432" lon="10.89781497605145">
        <ele>110.469052</ele>
        <time>2026-09-16T14:32:55Z</time>
      </trkpt>
      <trkpt lat="45.954812010750175" lon="10.898153018206358">
        <ele>111.389911</ele>
        <time>2026-09-16T14:33:06Z</time>
      </trkpt>
      <trkpt lat="45.954960035160184" lon="10.898277992382646">
        <ele>111.776287</ele>
        <time>2026-09-16T14:33:10Z</time>
      </trkpt>
      <trkpt lat="45.95521098934114" lon="10.89850396849215">
        <ele>112.442927</ele>
        <time>2026-09-16T14:33:19Z</time>
      </trkpt>
      <trkpt lat="45.955510977655649" lon="10.898527018725872">
        <ele>113.119257</ele>
        <time>2026-09-16T14:33:28Z</time>
      </trkpt>
      <trkpt lat="45.956293009221554" lon="10.898508997634053">
        <ele>114.91082299999999</ele>
        <time>2026-09-16T14:33:55Z</time>
      </trkpt>
      <trkpt lat="45.956770023331046" lon="10.898530036211014">
        <ele>116.24280400000001</ele>
        <time>2026-09-16T14:34:12Z</time>
      </trkpt>
      <trkpt lat="45.956966998055577" lon="10.898664984852076">
        <ele>116.851861</ele>
        <time>2026-09-16T14:34:20Z</time>
      </trkpt>
      <trkpt lat="45.957199009135365" lon="10.898837987333536">
        <ele>117.581236</ele>
        <time>2026-09-16T14:34:28Z</time>
      </trkpt>
      <trkpt lat="45.957521963864565" lon="10.899278037250042">
        <ele>118.822869</ele>
        <time>2026-09-16T14:34:43Z</time>
      </trkpt>
      <trkpt lat="45.957695972174406" lon="10.899567967280746">
        <ele>119.56616699999999</ele>
        <time>2026-09-16T14:34:51Z</time>
      </trkpt>
      <trkpt lat="45.95811196602881" lon="10.899843983352184">
        <ele>119.392675</ele>
        <time>2026-09-16T14:35:03Z</time>
      </trkpt>
      <trkpt lat="45.958281029015779" lon="10.899901986122131">
        <ele>119.221566</ele>
        <time>2026-09-16T14:35:08Z</time>
      </trkpt>
      <trkpt lat="45.958377001807094" lon="10.900003993883729">
        <ele>119.104028</ele>
        <time>2026-09-16T14:35:10Z</time>
      </trkpt>
      <trkpt lat="45.959001034498215" lon="10.900387968868017">
        <ele>118.43561800000001</ele>
        <time>2026-09-16T14:35:22Z</time>
      </trkpt>
      <trkpt lat="45.95946597866714" lon="10.900769010186195">
        <ele>117.759816</ele>
        <time>2026-09-16T14:35:29Z</time>
      </trkpt>
      <trkpt lat="45.959841990843415" lon="10.901369992643595">
        <ele>116.305825</ele>
        <time>2026-09-16T14:35:37Z</time>
      </trkpt>
      <trkpt lat="45.95995900221169" lon="10.901933005079627">
        <ele>115.24913100000001</ele>
        <time>2026-09-16T14:35:43Z</time>
      </trkpt>
      <trkpt lat="45.960239041596651" lon="10.902663990855217">
        <ele>113.748262</ele>
        <time>2026-09-16T14:35:53Z</time>
      </trkpt>
      <trkpt lat="45.960512962192297" lon="10.902980994433165">
        <ele>113.770488</ele>
        <time>2026-09-16T14:36:00Z</time>
      </trkpt>
      <trkpt lat="45.960659980773926" lon="10.903071016073227">
        <ele>114.114385</ele>
        <time>2026-09-16T14:36:04Z</time>
      </trkpt>
      <trkpt lat="45.960765006020665" lon="10.903219962492585">
        <ele>114.431871</ele>
        <time>2026-09-16T14:36:07Z</time>
      </trkpt>
      <trkpt lat="45.96090598963201" lon="10.903467983007431">
        <ele>114.91128399999999</ele>
        <time>2026-09-16T14:36:14Z</time>
      </trkpt>
      <trkpt lat="45.961072035133839" lon="10.903718015179038">
        <ele>115.428613</ele>
        <time>2026-09-16T14:36:21Z</time>
      </trkpt>
      <trkpt lat="45.961514012888074" lon="10.904248002916574">
        <ele>116.66724499999999</ele>
        <time>2026-09-16T14:36:40Z</time>
      </trkpt>
      <trkpt lat="45.961697995662689" lon="10.90434598736465">
        <ele>117.089596</ele>
        <time>2026-09-16T14:36:48Z</time>
      </trkpt>
      <trkpt lat="45.962254973128438" lon="10.904829036444426">
        <ele>119.035436</ele>
        <time>2026-09-16T14:37:14Z</time>
      </trkpt>
      <trkpt lat="45.962392017245293" lon="10.904899025335908">
        <ele>119.482843</ele>
        <time>2026-09-16T14:37:20Z</time>
      </trkpt>
      <trkpt lat="45.962538029998541" lon="10.90488201007247">
        <ele>119.93361299999999</ele>
        <time>2026-09-16T14:37:26Z</time>
      </trkpt>
      <trkpt lat="45.962565019726753" lon="10.904866000637412">
        <ele>120.023476</ele>
        <time>2026-09-16T14:37:27Z</time>
      </trkpt>
      <trkpt lat="45.962712960317731" lon="10.904782013967633">
        <ele>120.513097</ele>
        <time>2026-09-16T14:37:33Z</time>
      </trkpt>
      <trkpt lat="45.962846986949444" lon="10.904809003695846">
        <ele>120.92949400000001</ele>
        <time>2026-09-16T14:37:38Z</time>
      </trkpt>
      <trkpt lat="45.962960980832577" lon="10.904901036992669">
        <ele>121.331749</ele>
        <time>2026-09-16T14:37:42Z</time>
      </trkpt>
      <trkpt lat="45.963121997192502" lon="10.905088959261775">
        <ele>121.969885</ele>
        <time>2026-09-16T14:37:49Z</time>
      </trkpt>
      <trkpt lat="45.963318971917033" lon="10.905166994780302">
        <ele>122.598676</ele>
        <time>2026-09-16T14:37:54Z</time>
      </trkpt>
      <trkpt lat="45.963556012138724" lon="10.905391965061426">
        <ele>122.21124399999999</ele>
        <time>2026-09-16T14:38:00Z</time>
      </trkpt>
      <trkpt lat="45.963586019352078" lon="10.9054209664464">
        <ele>122.12718</ele>
        <time>2026-09-16T14:38:00Z</time>
      </trkpt>
      <trkpt lat="45.963748041540384" lon="10.905600003898144">
        <ele>121.652089</ele>
        <time>2026-09-16T14:38:04Z</time>
      </trkpt>
      <trkpt lat="45.96384602598846" lon="10.905841989442706">
        <ele>121.19929399999999</ele>
        <time>2026-09-16T14:38:07Z</time>
      </trkpt>
      <trkpt lat="45.963906962424517" lon="10.90610601939261">
        <ele>120.749522</ele>
        <time>2026-09-16T14:38:10Z</time>
      </trkpt>
      <trkpt lat="45.963838985189795" lon="10.906256977468729">
        <ele>120.458645</ele>
        <time>2026-09-16T14:38:11Z</time>
      </trkpt>
      <trkpt lat="45.963596999645233" lon="10.906646987423301">
        <ele>119.613454</ele>
        <time>2026-09-16T14:38:17Z</time>
      </trkpt>
      <trkpt lat="45.963604962453246" lon="10.906772967427969">
        <ele>119.4089</ele>
        <time>2026-09-16T14:38:18Z</time>
      </trkpt>
      <trkpt lat="45.963613009080291" lon="10.906782019883394">
        <ele>119.38527999999999</ele>
        <time>2026-09-16T14:38:18Z</time>
      </trkpt>
      <trkpt lat="45.964000001549721" lon="10.907386019825935">
        <ele>118.66897400000001</ele>
        <time>2026-09-16T14:38:26Z</time>
      </trkpt>
      <trkpt lat="45.964051969349384" lon="10.907531026750803">
        <ele>118.719373</ele>
        <time>2026-09-16T14:38:28Z</time>
      </trkpt>
      <trkpt lat="45.964176021516323" lon="10.907573020085692">
        <ele>118.775982</ele>
        <time>2026-09-16T14:38:30Z</time>
      </trkpt>
      <trkpt lat="45.964379031211138" lon="10.908018015325069">
        <ele>118.94039600000001</ele>
        <time>2026-09-16T14:38:35Z</time>
      </trkpt>
      <trkpt lat="45.964739033952355" lon="10.908838016912341">
        <ele>119.239975</ele>
        <time>2026-09-16T14:38:52Z</time>
      </trkpt>
      <trkpt lat="45.964787984266877" lon="10.908831981942058">
        <ele>119.26182799999999</ele>
        <time>2026-09-16T14:38:54Z</time>
      </trkpt>
      <trkpt lat="45.965149998664856" lon="10.908957039937377">
        <ele>119.991863</ele>
        <time>2026-09-16T14:39:07Z</time>
      </trkpt>
      <trkpt lat="45.965274972841144" lon="10.908909011632204">
        <ele>120.617422</ele>
        <time>2026-09-16T14:39:12Z</time>
      </trkpt>
      <trkpt lat="45.965387038886547" lon="10.908708013594151">
        <ele>121.483232</ele>
        <time>2026-09-16T14:39:22Z</time>
      </trkpt>
      <trkpt lat="45.965461973100901" lon="10.908654034137726">
        <ele>121.888751</ele>
        <time>2026-09-16T14:39:27Z</time>
      </trkpt>
      <trkpt lat="45.965597005560994" lon="10.908551020547748">
        <ele>122.62761399999999</ele>
        <time>2026-09-16T14:39:37Z</time>
      </trkpt>
      <trkpt lat="45.965636987239122" lon="10.908467033877969">
        <ele>122.969825</ele>
        <time>2026-09-16T14:39:41Z</time>
      </trkpt>
      <trkpt lat="45.965727008879185" lon="10.908429985865951">
        <ele>123.42241199999999</ele>
        <time>2026-09-16T14:39:47Z</time>
      </trkpt>
      <trkpt lat="45.966394040733576" lon="10.908781019970775">
        <ele>126.856464</ele>
        <time>2026-09-16T14:40:29Z</time>
      </trkpt>
      <trkpt lat="45.966605013236403" lon="10.908807003870606">
        <ele>127.880425</ele>
        <time>2026-09-16T14:40:41Z</time>
      </trkpt>
      <trkpt lat="45.966905001550913" lon="10.909020993858576">
        <ele>129.137405</ele>
        <time>2026-09-16T14:40:56Z</time>
      </trkpt>
      <trkpt lat="45.967043973505497" lon="10.909070027992129">
        <ele>129.65447900000001</ele>
        <time>2026-09-16T14:41:03Z</time>
      </trkpt>
      <trkpt lat="45.967389978468418" lon="10.909385019913316">
        <ele>131.13387499999999</ele>
        <time>2026-09-16T14:41:21Z</time>
      </trkpt>
      <trkpt lat="45.967506989836693" lon="10.909528015181422">
        <ele>131.68855400000001</ele>
        <time>2026-09-16T14:41:28Z</time>
      </trkpt>
      <trkpt lat="45.967744030058384" lon="10.909930011257529">
        <ele>133.01235500000001</ele>
        <time>2026-09-16T14:41:46Z</time>
      </trkpt>
      <trkpt lat="45.96786699257791" lon="10.910205021500587">
        <ele>133.83360099999999</ele>
        <time>2026-09-16T14:41:58Z</time>
      </trkpt>
      <trkpt lat="45.968384994193912" lon="10.910823019221425">
        <ele>137.74834200000001</ele>
        <time>2026-09-16T14:42:35Z</time>
      </trkpt>
      <trkpt lat="45.968795036897063" lon="10.911126025021076">
        <ele>140.867391</ele>
        <time>2026-09-16T14:43:05Z</time>
      </trkpt>
      <trkpt lat="45.968925040215254" lon="10.911320988088846">
        <ele>142.13823300000001</ele>
        <time>2026-09-16T14:43:18Z</time>
      </trkpt>
      <trkpt lat="45.969012966379523" lon="10.911536989733577">
        <ele>143.31581600000001</ele>
        <time>2026-09-16T14:43:31Z</time>
      </trkpt>
      <trkpt lat="45.969036016613245" lon="10.911701023578644">
        <ele>144.10270700000001</ele>
        <time>2026-09-16T14:43:40Z</time>
      </trkpt>
      <trkpt lat="45.96911103464663" lon="10.911828009411693">
        <ele>144.88652400000001</ele>
        <time>2026-09-16T14:43:48Z</time>
      </trkpt>
      <trkpt lat="45.96932896412909" lon="10.911977961659431">
        <ele>146.52173300000001</ele>
        <time>2026-09-16T14:44:06Z</time>
      </trkpt>
      <trkpt lat="45.969423009082675" lon="10.912086004391313">
        <ele>147.150057</ele>
        <time>2026-09-16T14:44:14Z</time>
      </trkpt>
      <trkpt lat="45.969549994915724" lon="10.912121962755919">
        <ele>147.75439700000001</ele>
        <time>2026-09-16T14:44:22Z</time>
      </trkpt>
      <trkpt lat="45.969947967678308" lon="10.912009980529547">
        <ele>149.64779899999999</ele>
        <time>2026-09-16T14:44:47Z</time>
      </trkpt>
      <trkpt lat="45.970020974054933" lon="10.91203797608614">
        <ele>150.00052700000001</ele>
        <time>2026-09-16T14:44:51Z</time>
      </trkpt>
      <trkpt lat="45.970091968774796" lon="10.912147024646401">
        <ele>150.485285</ele>
        <time>2026-09-16T14:44:57Z</time>
      </trkpt>
      <trkpt lat="45.970238987356424" lon="10.912265041843057">
        <ele>151.27119300000001</ele>
        <time>2026-09-16T14:45:07Z</time>
      </trkpt>
      <trkpt lat="45.970503017306328" lon="10.912614986300468">
        <ele>152.94724199999999</ele>
        <time>2026-09-16T14:45:24Z</time>
      </trkpt>
      <trkpt lat="45.970696974545717" lon="10.913195013999939">
        <ele>155.03592800000001</ele>
        <time>2026-09-16T14:45:44Z</time>
      </trkpt>
      <trkpt lat="45.970823038369417" lon="10.913421995937824">
        <ele>155.85645199999999</ele>
        <time>2026-09-16T14:45:52Z</time>
      </trkpt>
      <trkpt lat="45.9708740003407" lon="10.913615031167865">
        <ele>156.42951400000001</ele>
        <time>2026-09-16T14:45:58Z</time>
      </trkpt>
      <trkpt lat="45.97098003141582" lon="10.91373598203063">
        <ele>156.96983499999999</ele>
        <time>2026-09-16T14:46:04Z</time>
      </trkpt>
      <trkpt lat="45.971221011132002" lon="10.913918036967516">
        <ele>158.056715</ele>
        <time>2026-09-16T14:46:16Z</time>
      </trkpt>
      <trkpt lat="45.971737001091242" lon="10.914185000583529">
        <ele>160.24642900000001</ele>
        <time>2026-09-16T14:46:44Z</time>
      </trkpt>
      <trkpt lat="45.971782011911273" lon="10.914225988090038">
        <ele>160.45912300000001</ele>
        <time>2026-09-16T14:46:48Z</time>
      </trkpt>
      <trkpt lat="45.971907991915941" lon="10.914446013048291">
        <ele>161.250302</ele>
        <time>2026-09-16T14:46:59Z</time>
      </trkpt>
      <trkpt lat="45.972085017710924" lon="10.914649022743106">
        <ele>162.15417600000001</ele>
        <time>2026-09-16T14:47:14Z</time>
      </trkpt>
      <trkpt lat="45.972387017682195" lon="10.914852032437921">
        <ele>164.270455</ele>
        <time>2026-09-16T14:47:36Z</time>
      </trkpt>
      <trkpt lat="45.972557002678514" lon="10.915008019655943">
        <ele>165.61670100000001</ele>
        <time>2026-09-16T14:47:48Z</time>
      </trkpt>
      <trkpt lat="45.972789013758302" lon="10.915155038237572">
        <ele>167.309258</ele>
        <time>2026-09-16T14:48:03Z</time>
      </trkpt>
      <trkpt lat="45.973092019557953" lon="10.915236007422209">
        <ele>169.36694299999999</ele>
        <time>2026-09-16T14:48:24Z</time>
      </trkpt>
      <trkpt lat="45.9731500223279" lon="10.915266014635563">
        <ele>169.778458</ele>
        <time>2026-09-16T14:48:28Z</time>
      </trkpt>
      <trkpt lat="45.973541038110852" lon="10.915704974904656">
        <ele>173.08982</ele>
        <time>2026-09-16T14:49:00Z</time>
      </trkpt>
      <trkpt lat="45.973654026165605" lon="10.915762977674603">
        <ele>173.890863</ele>
        <time>2026-09-16T14:49:08Z</time>
      </trkpt>
      <trkpt lat="45.973776988685131" lon="10.915713021531701">
        <ele>174.942352</ele>
        <time>2026-09-16T14:49:16Z</time>
      </trkpt>
      <trkpt lat="45.97388100810349" lon="10.915650995448232">
        <ele>176.04994500000001</ele>
        <time>2026-09-16T14:49:23Z</time>
      </trkpt>
      <trkpt lat="45.973894000053406" lon="10.915685025975108">
        <ele>176.31529499999999</ele>
        <time>2026-09-16T14:49:25Z</time>
      </trkpt>
      <trkpt lat="45.973964994773269" lon="10.915820980444551">
        <ele>177.47839500000001</ele>
        <time>2026-09-16T14:49:32Z</time>
      </trkpt>
      <trkpt lat="45.974143026396632" lon="10.916112000122666">
        <ele>180.129153</ele>
        <time>2026-09-16T14:49:49Z</time>
      </trkpt>
      <trkpt lat="45.974260037764907" lon="10.916224988177419">
        <ele>181.515579</ele>
        <time>2026-09-16T14:49:59Z</time>
      </trkpt>
      <trkpt lat="45.974371014162898" lon="10.916623966768384">
        <ele>184.454342</ele>
        <time>2026-09-16T14:50:22Z</time>
      </trkpt>
      <trkpt lat="45.974442008882761" lon="10.916735026985407">
        <ele>185.48587900000001</ele>
        <time>2026-09-16T14:50:31Z</time>
      </trkpt>
      <trkpt lat="45.97452700138092" lon="10.91680996119976">
        <ele>186.466903</ele>
        <time>2026-09-16T14:50:40Z</time>
      </trkpt>
      <trkpt lat="45.974700003862381" lon="10.916818007826805">
        <ele>188.16990999999999</ele>
        <time>2026-09-16T14:50:53Z</time>
      </trkpt>
      <trkpt lat="45.975210964679718" lon="10.916925966739655">
        <ele>193.49145300000001</ele>
        <time>2026-09-16T14:51:39Z</time>
      </trkpt>
      <trkpt lat="45.975466025993228" lon="10.916717005893588">
        <ele>196.942542</ele>
        <time>2026-09-16T14:52:07Z</time>
      </trkpt>
      <trkpt lat="45.975766014307737" lon="10.916755981743336">
        <ele>200.48484199999999</ele>
        <time>2026-09-16T14:52:37Z</time>
      </trkpt>
      <trkpt lat="45.976141020655632" lon="10.917020011693239">
        <ele>205.394263</ele>
        <time>2026-09-16T14:53:17Z</time>
      </trkpt>
      <trkpt lat="45.976272029802203" lon="10.917167030274868">
        <ele>207.34785099999999</ele>
        <time>2026-09-16T14:53:31Z</time>
      </trkpt>
      <trkpt lat="45.976882986724377" lon="10.917392000555992">
        <ele>213.298959</ele>
        <time>2026-09-16T14:54:18Z</time>
      </trkpt>
      <trkpt lat="45.976912993937731" lon="10.917579000815749">
        <ele>213.421944</ele>
        <time>2026-09-16T14:54:25Z</time>
      </trkpt>
      <trkpt lat="45.976952975615859" lon="10.917660975828767">
        <ele>213.48614499999999</ele>
        <time>2026-09-16T14:54:29Z</time>
      </trkpt>
      <trkpt lat="45.977165959775448" lon="10.917873959988356">
        <ele>213.725326</ele>
        <time>2026-09-16T14:54:42Z</time>
      </trkpt>
      <trkpt lat="45.97744700498879" lon="10.9180529974401">
        <ele>214.00869399999999</ele>
        <time>2026-09-16T14:54:53Z</time>
      </trkpt>
      <trkpt lat="45.977697037160397" lon="10.918060038238764">
        <ele>214.23926599999999</ele>
        <time>2026-09-16T14:55:00Z</time>
      </trkpt>
      <trkpt lat="45.977888982743025" lon="10.918100019916892">
        <ele>214.41815800000001</ele>
        <time>2026-09-16T14:55:06Z</time>
      </trkpt>
      <trkpt lat="45.978301959112287" lon="10.91805400326848">
        <ele>214.800129</ele>
        <time>2026-09-16T14:55:16Z</time>
      </trkpt>
      <trkpt lat="45.978666990995407" lon="10.918273022398353">
        <ele>213.38929300000001</ele>
        <time>2026-09-16T14:55:25Z</time>
      </trkpt>
      <trkpt lat="45.979608027264476" lon="10.918388022109866">
        <ele>209.60274200000001</ele>
        <time>2026-09-16T14:55:48Z</time>
      </trkpt>
      <trkpt lat="45.980449989438057" lon="10.918721035122871">
        <ele>207.35709600000001</ele>
        <time>2026-09-16T14:56:12Z</time>
      </trkpt>
      <trkpt lat="45.980856008827686" lon="10.918736960738897">
        <ele>207.07417699999999</ele>
        <time>2026-09-16T14:56:23Z</time>
      </trkpt>
      <trkpt lat="45.981007972732186" lon="10.918742995709181">
        <ele>206.96825699999999</ele>
        <time>2026-09-16T14:56:27Z</time>
      </trkpt>
      <trkpt lat="45.981448022648692" lon="10.918915998190641">
        <ele>206.65052600000001</ele>
        <time>2026-09-16T14:56:41Z</time>
      </trkpt>
      <trkpt lat="45.98155103623867" lon="10.919017000123858">
        <ele>206.563705</ele>
        <time>2026-09-16T14:56:45Z</time>
      </trkpt>
      <trkpt lat="45.981757985427976" lon="10.919115990400314">
        <ele>206.41175799999999</ele>
        <time>2026-09-16T14:56:53Z</time>
      </trkpt>
      <trkpt lat="45.981919001787901" lon="10.919152032583952">
        <ele>207.00541100000001</ele>
        <time>2026-09-16T14:57:00Z</time>
      </trkpt>
      <trkpt lat="45.981997037306428" lon="10.919005014002323">
        <ele>207.82129499999999</ele>
        <time>2026-09-16T14:57:06Z</time>
      </trkpt>
      <trkpt lat="45.98223801702261" lon="10.918938964605331">
        <ele>209.37865199999999</ele>
        <time>2026-09-16T14:57:18Z</time>
      </trkpt>
      <trkpt lat="45.982494000345469" lon="10.918791024014354">
        <ele>211.130008</ele>
        <time>2026-09-16T14:57:34Z</time>
      </trkpt>
      <trkpt lat="45.982821984216571" lon="10.918754981830716">
        <ele>213.218245</ele>
        <time>2026-09-16T14:57:55Z</time>
      </trkpt>
      <trkpt lat="45.982965985313058" lon="10.918706031516194">
        <ele>214.15758299999999</ele>
        <time>2026-09-16T14:58:06Z</time>
      </trkpt>
      <trkpt lat="45.983199002221227" lon="10.918677030131221">
        <ele>215.64222100000001</ele>
        <time>2026-09-16T14:58:24Z</time>
      </trkpt>
      <trkpt lat="45.983583983033895" lon="10.918788006529212">
        <ele>218.297203</ele>
        <time>2026-09-16T14:58:55Z</time>
      </trkpt>
      <trkpt lat="45.984462993219495" lon="10.918702008202672">
        <ele>226.49540500000001</ele>
        <time>2026-09-16T15:00:03Z</time>
      </trkpt>
      <trkpt lat="45.984635995700955" lon="10.918761016801">
        <ele>228.149798</ele>
        <time>2026-09-16T15:00:16Z</time>
      </trkpt>
      <trkpt lat="45.984705984592438" lon="10.91886998154223">
        <ele>229.109475</ele>
        <time>2026-09-16T15:00:24Z</time>
      </trkpt>
      <trkpt lat="45.984692992642522" lon="10.919239036738873">
        <ele>231.49840599999999</ele>
        <time>2026-09-16T15:00:43Z</time>
      </trkpt>
      <trkpt lat="45.984761975705624" lon="10.919331992045045">
        <ele>232.37807900000001</ele>
        <time>2026-09-16T15:00:50Z</time>
      </trkpt>
      <trkpt lat="45.984901031479239" lon="10.919420002028346">
        <ele>233.79112900000001</ele>
        <time>2026-09-16T15:01:02Z</time>
      </trkpt>
      <trkpt lat="45.984979989007115" lon="10.919527038931847">
        <ele>234.73452</ele>
        <time>2026-09-16T15:01:10Z</time>
      </trkpt>
      <trkpt lat="45.985077973455191" lon="10.919897016137838">
        <ele>236.685182</ele>
        <time>2026-09-16T15:01:30Z</time>
      </trkpt>
      <trkpt lat="45.985173024237156" lon="10.919987037777901">
        <ele>237.49153899999999</ele>
        <time>2026-09-16T15:01:39Z</time>
      </trkpt>
      <trkpt lat="45.985438982024789" lon="10.920018972828984">
        <ele>239.38399200000001</ele>
        <time>2026-09-16T15:01:58Z</time>
      </trkpt>
      <trkpt lat="45.985521962866187" lon="10.920106982812285">
        <ele>240.11488499999999</ele>
        <time>2026-09-16T15:02:05Z</time>
      </trkpt>
      <trkpt lat="45.985679039731622" lon="10.920388028025627">
        <ele>241.89116999999999</ele>
        <time>2026-09-16T15:02:22Z</time>
      </trkpt>
      <trkpt lat="45.986096961423755" lon="10.920799998566508">
        <ele>245.48306700000001</ele>
        <time>2026-09-16T15:02:54Z</time>
      </trkpt>
      <trkpt lat="45.98617197945714" lon="10.921353958547115">
        <ele>247.886258</ele>
        <time>2026-09-16T15:03:15Z</time>
      </trkpt>
      <trkpt lat="45.98623501136899" lon="10.921843964606524">
        <ele>249.40422799999999</ele>
        <time>2026-09-16T15:03:31Z</time>
      </trkpt>
      <trkpt lat="45.986296031624079" lon="10.922038005664945">
        <ele>250.05288200000001</ele>
        <time>2026-09-16T15:03:39Z</time>
      </trkpt>
      <trkpt lat="45.986313968896866" lon="10.922191981226206">
        <ele>250.52858499999999</ele>
        <time>2026-09-16T15:03:44Z</time>
      </trkpt>
      <trkpt lat="45.986318998038769" lon="10.922533962875605">
        <ele>251.57060999999999</ele>
        <time>2026-09-16T15:03:56Z</time>
      </trkpt>
      <trkpt lat="45.986268036067486" lon="10.922803021967411">
        <ele>252.41999000000001</ele>
        <time>2026-09-16T15:04:06Z</time>
      </trkpt>
      <trkpt lat="45.986380018293858" lon="10.923023968935013">
        <ele>253.25323800000001</ele>
        <time>2026-09-16T15:04:17Z</time>
      </trkpt>
      <trkpt lat="45.986627032980323" lon="10.923244999721646">
        <ele>254.52830700000001</ele>
        <time>2026-09-16T15:04:33Z</time>
      </trkpt>
      <trkpt lat="45.986719988286495" lon="10.92325204052031">
        <ele>254.93658199999999</ele>
        <time>2026-09-16T15:04:38Z</time>
      </trkpt>
      <trkpt lat="45.986901037395" lon="10.923170987516642">
        <ele>255.800318</ele>
        <time>2026-09-16T15:04:49Z</time>
      </trkpt>
      <trkpt lat="45.987147968262434" lon="10.923197977244854">
        <ele>256.94486499999999</ele>
        <time>2026-09-16T15:05:04Z</time>
      </trkpt>
      <trkpt lat="45.987372016534209" lon="10.923453038558364">
        <ele>258.26448299999998</ele>
        <time>2026-09-16T15:05:20Z</time>
      </trkpt>
      <trkpt lat="45.987516017630696" lon="10.923687983304262">
        <ele>259.27040099999999</ele>
        <time>2026-09-16T15:05:33Z</time>
      </trkpt>
      <trkpt lat="45.987636968493462" lon="10.923956036567688">
        <ele>260.29647399999999</ele>
        <time>2026-09-16T15:05:45Z</time>
      </trkpt>
      <trkpt lat="45.987773006781936" lon="10.924123004078865">
        <ele>261.12249200000002</ele>
        <time>2026-09-16T15:05:55Z</time>
      </trkpt>
      <trkpt lat="45.987908039242029" lon="10.924184024333954">
        <ele>261.776276</ele>
        <time>2026-09-16T15:06:02Z</time>
      </trkpt>
      <trkpt lat="45.988075006753206" lon="10.92419701628387">
        <ele>262.54902499999997</ele>
        <time>2026-09-16T15:06:10Z</time>
      </trkpt>
      <trkpt lat="45.988196963444352" lon="10.924163991585374">
        <ele>263.12259299999999</ele>
        <time>2026-09-16T15:06:16Z</time>
      </trkpt>
      <trkpt lat="45.988773973658681" lon="10.923257991671562">
        <ele>265.85961300000002</ele>
        <time>2026-09-16T15:06:58Z</time>
      </trkpt>
      <trkpt lat="45.989004978910089" lon="10.92312497086823">
        <ele>266.62296099999998</ele>
        <time>2026-09-16T15:07:10Z</time>
      </trkpt>
      <trkpt lat="45.98919901996851" lon="10.923183979466558">
        <ele>267.23132500000003</ele>
        <time>2026-09-16T15:07:19Z</time>
      </trkpt>
      <trkpt lat="45.989356013014913" lon="10.923050958663225">
        <ele>267.79026900000002</ele>
        <time>2026-09-16T15:07:27Z</time>
      </trkpt>
      <trkpt lat="45.989429019391537" lon="10.922916010022163">
        <ele>268.15493800000002</ele>
        <time>2026-09-16T15:07:32Z</time>
      </trkpt>
      <trkpt lat="45.989559022709727" lon="10.922828000038862">
        <ele>268.595709</ele>
        <time>2026-09-16T15:07:39Z</time>
      </trkpt>
      <trkpt lat="45.989619959145784" lon="10.922788018360734">
        <ele>268.80137500000001</ele>
        <time>2026-09-16T15:07:41Z</time>
      </trkpt>
      <trkpt lat="45.989658012986183" lon="10.922765973955393">
        <ele>268.92704400000002</ele>
        <time>2026-09-16T15:07:43Z</time>
      </trkpt>
      <trkpt lat="45.989790027961135" lon="10.922734960913658">
        <ele>269.210083</ele>
        <time>2026-09-16T15:07:50Z</time>
      </trkpt>
      <trkpt lat="45.990110971033573" lon="10.922829005867243">
        <ele>269.84734500000002</ele>
        <time>2026-09-16T15:08:05Z</time>
      </trkpt>
      <trkpt lat="45.990240974351764" lon="10.922835962846875">
        <ele>270.10042099999998</ele>
        <time>2026-09-16T15:08:12Z</time>
      </trkpt>
      <trkpt lat="45.990441972389817" lon="10.922776032239199">
        <ele>270.49976400000003</ele>
        <time>2026-09-16T15:08:22Z</time>
      </trkpt>
      <trkpt lat="45.990585973486304" lon="10.922607975080609">
        <ele>270.86036999999999</ele>
        <time>2026-09-16T15:08:31Z</time>
      </trkpt>
      <trkpt lat="45.990757970139384" lon="10.92219902202487">
        <ele>271.50655499999999</ele>
        <time>2026-09-16T15:08:45Z</time>
      </trkpt>
      <trkpt lat="45.990872969850898" lon="10.922056026756763">
        <ele>271.80220100000003</ele>
        <time>2026-09-16T15:08:51Z</time>
      </trkpt>
      <trkpt lat="45.991116967052221" lon="10.922011015936732">
        <ele>272.280755</ele>
        <time>2026-09-16T15:09:01Z</time>
      </trkpt>
      <trkpt lat="45.991307990625501" lon="10.92189802788198">
        <ele>272.43098500000002</ele>
        <time>2026-09-16T15:09:08Z</time>
      </trkpt>
      <trkpt lat="45.991466995328665" lon="10.921871038153768">
        <ele>272.33855499999999</ele>
        <time>2026-09-16T15:09:13Z</time>
      </trkpt>
      <trkpt lat="45.991541007533669" lon="10.921911019831896">
        <ele>272.29291999999998</ele>
        <time>2026-09-16T15:09:15Z</time>
      </trkpt>
      <trkpt lat="45.991950966417789" lon="10.92241401784122">
        <ele>271.98190199999999</ele>
        <time>2026-09-16T15:09:30Z</time>
      </trkpt>
      <trkpt lat="45.992169985547662" lon="10.922547960653901">
        <ele>271.84451899999999</ele>
        <time>2026-09-16T15:09:36Z</time>
      </trkpt>
      <trkpt lat="45.992794018238783" lon="10.923056993633509">
        <ele>271.59597200000002</ele>
        <time>2026-09-16T15:10:01Z</time>
      </trkpt>
      <trkpt lat="45.993083026260138" lon="10.923143997788429">
        <ele>272.857395</ele>
        <time>2026-09-16T15:10:18Z</time>
      </trkpt>
      <trkpt lat="45.993255022913218" lon="10.92316503636539">
        <ele>273.594877</ele>
        <time>2026-09-16T15:10:29Z</time>
      </trkpt>
      <trkpt lat="45.993422996252775" lon="10.923143997788429">
        <ele>274.31533200000001</ele>
        <time>2026-09-16T15:10:40Z</time>
      </trkpt>
      <trkpt lat="45.993511006236076" lon="10.923083983361721">
        <ele>274.73134499999998</ele>
        <time>2026-09-16T15:10:47Z</time>
      </trkpt>
      <trkpt lat="45.993897998705506" lon="10.922575034201145">
        <ele>276.97103600000003</ele>
        <time>2026-09-16T15:11:23Z</time>
      </trkpt>
      <trkpt lat="45.994026996195316" lon="10.922476965934038">
        <ele>277.59421900000001</ele>
        <time>2026-09-16T15:11:31Z</time>
      </trkpt>
      <trkpt lat="45.994426980614662" lon="10.9224150236696">
        <ele>278.89628299999998</ele>
        <time>2026-09-16T15:11:51Z</time>
      </trkpt>
      <trkpt lat="45.994755970314145" lon="10.922278985381126">
        <ele>276.94363800000002</ele>
        <time>2026-09-16T15:12:01Z</time>
      </trkpt>
      <trkpt lat="45.994884967803955" lon="10.922327013686299">
        <ele>276.18356599999998</ele>
        <time>2026-09-16T15:12:04Z</time>
      </trkpt>
      <trkpt lat="45.99549600854516" lon="10.922876028344035">
        <ele>272.07478099999997</ele>
        <time>2026-09-16T15:12:21Z</time>
      </trkpt>
      <trkpt lat="45.995807982981205" lon="10.922903018072248">
        <ele>270.29175800000002</ele>
        <time>2026-09-16T15:12:28Z</time>
      </trkpt>
      <trkpt lat="45.995901022106409" lon="10.92290704138577">
        <ele>269.76100200000002</ele>
        <time>2026-09-16T15:12:30Z</time>
      </trkpt>
      <trkpt lat="45.996059020981193" lon="10.922905029729009">
        <ele>268.865724</ele>
        <time>2026-09-16T15:12:34Z</time>
      </trkpt>
      <trkpt lat="45.996148958802223" lon="10.922938976436853">
        <ele>268.55668800000001</ele>
        <time>2026-09-16T15:12:36Z</time>
      </trkpt>
      <trkpt lat="45.996404020115733" lon="10.923224966973066">
        <ele>267.48303700000002</ele>
        <time>2026-09-16T15:12:44Z</time>
      </trkpt>
      <trkpt lat="45.996640976518393" lon="10.923298979178071">
        <ele>266.677593</ele>
        <time>2026-09-16T15:12:51Z</time>
      </trkpt>
      <trkpt lat="45.996939959004521" lon="10.923332003876567">
        <ele>265.68162100000001</ele>
        <time>2026-09-16T15:13:00Z</time>
      </trkpt>
      <trkpt lat="45.997226033359766" lon="10.92316503636539">
        <ele>264.656565</ele>
        <time>2026-09-16T15:13:09Z</time>
      </trkpt>
      <trkpt lat="45.997598022222519" lon="10.922657009214163">
        <ele>262.95355000000001</ele>
        <time>2026-09-16T15:13:25Z</time>
      </trkpt>
      <trkpt lat="45.99762199446559" lon="10.922705037519336">
        <ele>262.78186499999998</ele>
        <time>2026-09-16T15:13:27Z</time>
      </trkpt>
      <trkpt lat="45.998056009411812" lon="10.922585008665919">
        <ele>260.69340399999999</ele>
        <time>2026-09-16T15:13:41Z</time>
      </trkpt>
      <trkpt lat="45.998191041871905" lon="10.92260998673737">
        <ele>260.05017199999998</ele>
        <time>2026-09-16T15:13:45Z</time>
      </trkpt>
      <trkpt lat="45.998308975249529" lon="10.922547960653901">
        <ele>259.45655099999999</ele>
        <time>2026-09-16T15:13:49Z</time>
      </trkpt>
      <trkpt lat="45.998516008257866" lon="10.922378981485963">
        <ele>258.33194500000002</ele>
        <time>2026-09-16T15:13:55Z</time>
      </trkpt>
      <trkpt lat="45.998686999082565" lon="10.922357020899653">
        <ele>257.520624</ele>
        <time>2026-09-16T15:13:59Z</time>
      </trkpt>
      <trkpt lat="45.998880034312606" lon="10.922189969569445">
        <ele>256.45646799999997</ele>
        <time>2026-09-16T15:14:05Z</time>
      </trkpt>
      <trkpt lat="45.999010959640145" lon="10.922146970406175">
        <ele>255.821506</ele>
        <time>2026-09-16T15:14:08Z</time>
      </trkpt>
      <trkpt lat="45.999114979058504" lon="10.922175971791148">
        <ele>255.32089400000001</ele>
        <time>2026-09-16T15:14:10Z</time>
      </trkpt>
      <trkpt lat="45.99942896515131" lon="10.922424998134375">
        <ele>253.392582</ele>
        <time>2026-09-16T15:14:19Z</time>
      </trkpt>
      <trkpt lat="45.999660976231098" lon="10.92275901697576">
        <ele>251.372728</ele>
        <time>2026-09-16T15:14:26Z</time>
      </trkpt>
      <trkpt lat="46.000147964805365" lon="10.923376008868217">
        <ele>247.37903399999999</ele>
        <time>2026-09-16T15:14:41Z</time>
      </trkpt>
      <trkpt lat="46.000251984223723" lon="10.923910019919276">
        <ele>245.007429</ele>
        <time>2026-09-16T15:14:52Z</time>
      </trkpt>
      <trkpt lat="46.000327002257109" lon="10.923976991325617">
        <ele>244.46405300000001</ele>
        <time>2026-09-16T15:14:54Z</time>
      </trkpt>
      <trkpt lat="46.00091096945107" lon="10.92426298186183">
        <ele>244.46386899999999</ele>
        <time>2026-09-16T15:15:17Z</time>
      </trkpt>
      <trkpt lat="46.001067962497473" lon="10.924228029325604">
        <ele>244.881271</ele>
        <time>2026-09-16T15:15:25Z</time>
      </trkpt>
      <trkpt lat="46.001215986907482" lon="10.924308998510242">
        <ele>245.29726299999999</ele>
        <time>2026-09-16T15:15:33Z</time>
      </trkpt>
      <trkpt lat="46.001432994380593" lon="10.924495998769999">
        <ele>245.961727</ele>
        <time>2026-09-16T15:15:48Z</time>
      </trkpt>
      <trkpt lat="46.001991983503103" lon="10.925059011206031">
        <ele>247.754121</ele>
        <time>2026-09-16T15:16:26Z</time>
      </trkpt>
      <trkpt lat="46.002356009557843" lon="10.92559402808547">
        <ele>248.34404799999999</ele>
        <time>2026-09-16T15:16:46Z</time>
      </trkpt>
      <trkpt lat="46.002503028139472" lon="10.925676003098488">
        <ele>248.45677499999999</ele>
        <time>2026-09-16T15:16:51Z</time>
      </trkpt>
      <trkpt lat="46.002684999257326" lon="10.925872977823019">
        <ele>248.619596</ele>
        <time>2026-09-16T15:16:58Z</time>
      </trkpt>
      <trkpt lat="46.002945005893707" lon="10.92681803740561">
        <ele>249.124448</ele>
        <time>2026-09-16T15:17:21Z</time>
      </trkpt>
      <trkpt lat="46.003665011376143" lon="10.928629031404853">
        <ele>251.99386999999999</ele>
        <time>2026-09-16T15:18:18Z</time>
      </trkpt>
      <trkpt lat="46.003802977502346" lon="10.928914016112685">
        <ele>252.551604</ele>
        <time>2026-09-16T15:18:30Z</time>
      </trkpt>
      <trkpt lat="46.00402400828898" lon="10.92963402159512">
        <ele>254.04711900000001</ele>
        <time>2026-09-16T15:19:00Z</time>
      </trkpt>
      <trkpt lat="46.004232969135046" lon="10.930132996290922">
        <ele>255.66327699999999</ele>
        <time>2026-09-16T15:19:23Z</time>
      </trkpt>
      <trkpt lat="46.004441007971764" lon="10.930428961291909">
        <ele>256.83110299999998</ele>
        <time>2026-09-16T15:19:39Z</time>
      </trkpt>
      <trkpt lat="46.004723981022835" lon="10.930595006793737">
        <ele>258.05132400000002</ele>
        <time>2026-09-16T15:19:56Z</time>
      </trkpt>
      <trkpt lat="46.004847027361393" lon="10.930699026212096">
        <ele>258.62090599999999</ele>
        <time>2026-09-16T15:20:04Z</time>
      </trkpt>
      <trkpt lat="46.00494802929461" lon="10.930799022316933">
        <ele>259.11036799999999</ele>
        <time>2026-09-16T15:20:11Z</time>
      </trkpt>
      <trkpt lat="46.005097981542349" lon="10.93109498731792">
        <ele>260.12660299999999</ele>
        <time>2026-09-16T15:20:23Z</time>
      </trkpt>
      <trkpt lat="46.005157995969057" lon="10.931168999522924">
        <ele>260.44207599999999</ele>
        <time>2026-09-16T15:20:27Z</time>
      </trkpt>
      <trkpt lat="46.005706004798412" lon="10.931572001427412">
        <ele>259.82158800000002</ele>
        <time>2026-09-16T15:20:51Z</time>
      </trkpt>
      <trkpt lat="46.006144965067506" lon="10.931915994733572">
        <ele>259.05113</ele>
        <time>2026-09-16T15:21:05Z</time>
      </trkpt>
      <trkpt lat="46.006183018907905" lon="10.931983971968293">
        <ele>258.95768399999997</ele>
        <time>2026-09-16T15:21:07Z</time>
      </trkpt>
      <trkpt lat="46.006233980879188" lon="10.93206100165844">
        <ele>258.84376500000002</ele>
        <time>2026-09-16T15:21:09Z</time>
      </trkpt>
      <trkpt lat="46.006363984197378" lon="10.93221103772521">
        <ele>258.58695499999999</ele>
        <time>2026-09-16T15:21:13Z</time>
      </trkpt>
      <trkpt lat="46.006622985005379" lon="10.932402983307838">
        <ele>258.13789100000002</ele>
        <time>2026-09-16T15:21:21Z</time>
      </trkpt>
      <trkpt lat="46.006805961951613" lon="10.932538015767932">
        <ele>257.81145299999997</ele>
        <time>2026-09-16T15:21:27Z</time>
      </trkpt>
      <trkpt lat="46.007218016311526" lon="10.932820988819003">
        <ele>257.02962100000002</ele>
        <time>2026-09-16T15:21:39Z</time>
      </trkpt>
      <trkpt lat="46.007305020466447" lon="10.932844039052725">
        <ele>256.87812400000001</ele>
        <time>2026-09-16T15:21:41Z</time>
      </trkpt>
      <trkpt lat="46.007536025717854" lon="10.93277002684772">
        <ele>256.47281299999997</ele>
        <time>2026-09-16T15:21:48Z</time>
      </trkpt>
      <trkpt lat="46.007734006270766" lon="10.93281302601099">
        <ele>256.12986000000001</ele>
        <time>2026-09-16T15:21:54Z</time>
      </trkpt>
      <trkpt lat="46.007823022082448" lon="10.932873962447047">
        <ele>255.961038</ele>
        <time>2026-09-16T15:21:57Z</time>
      </trkpt>
      <trkpt lat="46.007881024852395" lon="10.932936994358897">
        <ele>255.836602</ele>
        <time>2026-09-16T15:21:59Z</time>
      </trkpt>
      <trkpt lat="46.007986972108483" lon="10.933172022923827">
        <ele>255.50327300000001</ele>
        <time>2026-09-16T15:22:06Z</time>
      </trkpt>
      <trkpt lat="46.008088979870081" lon="10.933248968794942">
        <ele>255.30601999999999</ele>
        <time>2026-09-16T15:22:10Z</time>
      </trkpt>
      <trkpt lat="46.008266005665064" lon="10.933298002928495">
        <ele>254.99731700000001</ele>
        <time>2026-09-16T15:22:17Z</time>
      </trkpt>
      <trkpt lat="46.008396008983254" lon="10.933337984606624">
        <ele>254.83443</ele>
        <time>2026-09-16T15:22:21Z</time>
      </trkpt>
      <trkpt lat="46.008554007858038" lon="10.933442004024982">
        <ele>254.88126800000001</ele>
        <time>2026-09-16T15:22:25Z</time>
      </trkpt>
      <trkpt lat="46.008890960365534" lon="10.933874007314444">
        <ele>255.002917</ele>
        <time>2026-09-16T15:22:37Z</time>
      </trkpt>
      <trkpt lat="46.009234031662345" lon="10.934142982587218">
        <ele>255.10821999999999</ele>
        <time>2026-09-16T15:22:46Z</time>
      </trkpt>
      <trkpt lat="46.009319024160504" lon="10.934288995340466">
        <ele>255.14389199999999</ele>
        <time>2026-09-16T15:22:49Z</time>
      </trkpt>
      <trkpt lat="46.009174017235637" lon="10.934822000563145">
        <ele>255.25108</ele>
        <time>2026-09-16T15:23:02Z</time>
      </trkpt>
      <trkpt lat="46.009262027218938" lon="10.935054011642933">
        <ele>255.300579</ele>
        <time>2026-09-16T15:23:07Z</time>
      </trkpt>
      <trkpt lat="46.009405022487044" lon="10.935289040207863">
        <ele>255.096566</ele>
        <time>2026-09-16T15:23:14Z</time>
      </trkpt>
      <trkpt lat="46.009528990834951" lon="10.935355005785823">
        <ele>254.93946600000001</ele>
        <time>2026-09-16T15:23:18Z</time>
      </trkpt>
      <trkpt lat="46.009755972772837" lon="10.935509987175465">
        <ele>254.640916</ele>
        <time>2026-09-16T15:23:25Z</time>
      </trkpt>
      <trkpt lat="46.009903997182846" lon="10.935725988820195">
        <ele>254.39049</ele>
        <time>2026-09-16T15:23:31Z</time>
      </trkpt>
      <trkpt lat="46.00995596498251" lon="10.935941990464926">
        <ele>254.20181099999999</ele>
        <time>2026-09-16T15:23:36Z</time>
      </trkpt>
      <trkpt lat="46.0100859683007" lon="10.936107030138373">
        <ele>253.99587299999999</ele>
        <time>2026-09-16T15:23:41Z</time>
      </trkpt>
      <trkpt lat="46.010224018245935" lon="10.93618699349463">
        <ele>253.81908999999999</ele>
        <time>2026-09-16T15:23:46Z</time>
      </trkpt>
      <trkpt lat="46.010700026527047" lon="10.936295036226511">
        <ele>253.24646200000001</ele>
        <time>2026-09-16T15:24:01Z</time>
      </trkpt>
      <trkpt lat="46.010926002636552" lon="10.936607010662556">
        <ele>252.94931500000001</ele>
        <time>2026-09-16T15:24:12Z</time>
      </trkpt>
      <trkpt lat="46.011068997904658" lon="10.936685968190432">
        <ele>252.812949</ele>
        <time>2026-09-16T15:24:17Z</time>
      </trkpt>
      <trkpt lat="46.011199001222849" lon="10.936685968190432">
        <ele>252.69720699999999</ele>
        <time>2026-09-16T15:24:21Z</time>
      </trkpt>
      <trkpt lat="46.011526985093951" lon="10.936527969315648">
        <ele>252.38927100000001</ele>
        <time>2026-09-16T15:24:32Z</time>
      </trkpt>
      <trkpt lat="46.011597979813814" lon="10.936525035649538">
        <ele>252.32603</ele>
        <time>2026-09-16T15:24:35Z</time>
      </trkpt>
      <trkpt lat="46.011742986738682" lon="10.936582032591105">
        <ele>252.19220799999999</ele>
        <time>2026-09-16T15:24:39Z</time>
      </trkpt>
      <trkpt lat="46.011800989508629" lon="10.93663802370429">
        <ele>252.13003399999999</ele>
        <time>2026-09-16T15:24:41Z</time>
      </trkpt>
      <trkpt lat="46.011859998106956" lon="10.936751011759043">
        <ele>252.042619</ele>
        <time>2026-09-16T15:24:45Z</time>
      </trkpt>
      <trkpt lat="46.012063007801771" lon="10.937303965911269">
        <ele>251.65585100000001</ele>
        <time>2026-09-16T15:24:59Z</time>
      </trkpt>
      <trkpt lat="46.012170966714621" lon="10.937472023069859">
        <ele>251.476281</ele>
        <time>2026-09-16T15:25:03Z</time>
      </trkpt>
      <trkpt lat="46.012399038299918" lon="10.937647959217429">
        <ele>251.09358499999999</ele>
        <time>2026-09-16T15:25:10Z</time>
      </trkpt>
      <trkpt lat="46.012712018564343" lon="10.93777502886951">
        <ele>250.612527</ele>
        <time>2026-09-16T15:25:19Z</time>
      </trkpt>
      <trkpt lat="46.012851996347308" lon="10.938168978318572">
        <ele>250.15783400000001</ele>
        <time>2026-09-16T15:25:23Z</time>
      </trkpt>
      <trkpt lat="46.012835986912251" lon="10.938262017443776">
        <ele>250.05940000000001</ele>
        <time>2026-09-16T15:25:24Z</time>
      </trkpt>
      <trkpt lat="46.013241000473499" lon="10.938905999064445">
        <ele>249.16681800000001</ele>
        <time>2026-09-16T15:25:33Z</time>
      </trkpt>
      <trkpt lat="46.013492038473487" lon="10.93925996683538">
        <ele>248.95614800000001</ele>
        <time>2026-09-16T15:25:39Z</time>
      </trkpt>
      <trkpt lat="46.013635033741593" lon="10.939407991245389">
        <ele>249.00070299999999</ele>
        <time>2026-09-16T15:25:43Z</time>
      </trkpt>
      <trkpt lat="46.014198968186975" lon="10.939910989254713">
        <ele>249.16854900000001</ele>
        <time>2026-09-16T15:25:59Z</time>
      </trkpt>
      <trkpt lat="46.014413964003325" lon="10.939991036430001">
        <ele>249.22473099999999</ele>
        <time>2026-09-16T15:26:03Z</time>
      </trkpt>
      <trkpt lat="46.014677993953228" lon="10.940040992572904">
        <ele>249.29209900000001</ele>
        <time>2026-09-16T15:26:08Z</time>
      </trkpt>
      <trkpt lat="46.014748988673091" lon="10.940117016434669">
        <ele>249.314482</ele>
        <time>2026-09-16T15:26:09Z</time>
      </trkpt>
      <trkpt lat="46.014792993664742" lon="10.940172001719475">
        <ele>249.32922300000001</ele>
        <time>2026-09-16T15:26:10Z</time>
      </trkpt>
      <trkpt lat="46.015143021941185" lon="10.940576009452343">
        <ele>248.89652100000001</ele>
        <time>2026-09-16T15:26:17Z</time>
      </trkpt>
      <trkpt lat="46.015316024422646" lon="10.940872980281711">
        <ele>248.47927100000001</ele>
        <time>2026-09-16T15:26:21Z</time>
      </trkpt>
      <trkpt lat="46.0157569963485" lon="10.941232983022928">
        <ele>247.69355200000001</ele>
        <time>2026-09-16T15:26:27Z</time>
      </trkpt>
      <trkpt lat="46.015980038791895" lon="10.941415959969163">
        <ele>247.295728</ele>
        <time>2026-09-16T15:26:31Z</time>
      </trkpt>
      <trkpt lat="46.016122028231621" lon="10.941662974655628">
        <ele>246.95058700000001</ele>
        <time>2026-09-16T15:26:34Z</time>
      </trkpt>
      <trkpt lat="46.016180031001568" lon="10.941814016550779">
        <ele>246.76485099999999</ele>
        <time>2026-09-16T15:26:36Z</time>
      </trkpt>
      <trkpt lat="46.016252031549811" lon="10.942188017070293">
        <ele>246.33996099999999</ele>
        <time>2026-09-16T15:26:40Z</time>
      </trkpt>
      <trkpt lat="46.016662996262312" lon="10.94269897788763">
        <ele>245.47231600000001</ele>
        <time>2026-09-16T15:26:47Z</time>
      </trkpt>
      <trkpt lat="46.01691797375679" lon="10.942987985908985">
        <ele>244.95379800000001</ele>
        <time>2026-09-16T15:26:52Z</time>
      </trkpt>
      <trkpt lat="46.016967007890344" lon="10.943043977022171">
        <ele>244.85383999999999</ele>
        <time>2026-09-16T15:26:53Z</time>
      </trkpt>
      <trkpt lat="46.01700296625495" lon="10.943312030285597">
        <ele>244.55094600000001</ele>
        <time>2026-09-16T15:26:55Z</time>
      </trkpt>
      <trkpt lat="46.017013024538755" lon="10.943444967269897">
        <ele>244.402502</ele>
        <time>2026-09-16T15:26:57Z</time>
      </trkpt>
      <trkpt lat="46.017015036195517" lon="10.943469023332">
        <ele>244.37567999999999</ele>
        <time>2026-09-16T15:26:57Z</time>
      </trkpt>
      <trkpt lat="46.017019981518388" lon="10.943601038306952">
        <ele>244.22899100000001</ele>
        <time>2026-09-16T15:26:58Z</time>
      </trkpt>
      <trkpt lat="46.017057029530406" lon="10.943596009165049">
        <ele>244.16961000000001</ele>
        <time>2026-09-16T15:26:59Z</time>
      </trkpt>
      <trkpt lat="46.017866972833872" lon="10.943751996383071">
        <ele>243.452608</ele>
        <time>2026-09-16T15:27:12Z</time>
      </trkpt>
      <trkpt lat="46.018385980278254" lon="10.943998005241156">
        <ele>243.19117499999999</ele>
        <time>2026-09-16T15:27:22Z</time>
      </trkpt>
      <trkpt lat="46.018663002178073" lon="10.94420000910759">
        <ele>243.04261299999999</ele>
        <time>2026-09-16T15:27:29Z</time>
      </trkpt>
      <trkpt lat="46.018924014642835" lon="10.944436965510249">
        <ele>242.89497700000001</ele>
        <time>2026-09-16T15:27:35Z</time>
      </trkpt>
      <trkpt lat="46.019114032387733" lon="10.944663025438786">
        <ele>242.922932</ele>
        <time>2026-09-16T15:27:41Z</time>
      </trkpt>
      <trkpt lat="46.019679978489876" lon="10.945473974570632">
        <ele>243.37742</ele>
        <time>2026-09-16T15:28:00Z</time>
      </trkpt>
      <trkpt lat="46.020067976787686" lon="10.945974960923195">
        <ele>243.674057</ele>
        <time>2026-09-16T15:28:12Z</time>
      </trkpt>
      <trkpt lat="46.020050961524248" lon="10.945991976186633">
        <ele>243.68583799999999</ele>
        <time>2026-09-16T15:28:13Z</time>
      </trkpt>
      <trkpt lat="46.019686013460159" lon="10.946578038856387">
        <ele>243.85051300000001</ele>
        <time>2026-09-16T15:28:22Z</time>
      </trkpt>
      <trkpt lat="46.019671009853482" lon="10.946601005271077">
        <ele>243.84887699999999</ele>
        <time>2026-09-16T15:28:23Z</time>
      </trkpt>
      <trkpt lat="46.020399983972311" lon="10.947613036260009">
        <ele>243.77327399999999</ele>
        <time>2026-09-16T15:28:39Z</time>
      </trkpt>
      <trkpt lat="46.021087970584631" lon="10.948358019813895">
        <ele>243.83229700000001</ele>
        <time>2026-09-16T15:28:54Z</time>
      </trkpt>
      <trkpt lat="46.021178998053074" lon="10.948483999818563">
        <ele>243.870892</ele>
        <time>2026-09-16T15:28:57Z</time>
      </trkpt>
      <trkpt lat="46.021185033023357" lon="10.948544014245272">
        <ele>243.88376099999999</ele>
        <time>2026-09-16T15:28:57Z</time>
      </trkpt>
      <trkpt lat="46.021116971969604" lon="10.948826987296343">
        <ele>243.94733600000001</ele>
        <time>2026-09-16T15:29:02Z</time>
      </trkpt>
      <trkpt lat="46.021143961697817" lon="10.949110966175795">
        <ele>244.00819000000001</ele>
        <time>2026-09-16T15:29:06Z</time>
      </trkpt>
      <trkpt lat="46.021575964987278" lon="10.949165029451251">
        <ele>244.140761</ele>
        <time>2026-09-16T15:29:15Z</time>
      </trkpt>
      <trkpt lat="46.02190101519227" lon="10.949166035279632">
        <ele>244.24012200000001</ele>
        <time>2026-09-16T15:29:21Z</time>
      </trkpt>
      <trkpt lat="46.021983996033669" lon="10.949151031672955">
        <ele>244.26569699999999</ele>
        <time>2026-09-16T15:29:23Z</time>
      </trkpt>
      <trkpt lat="46.02215901017189" lon="10.949256978929043">
        <ele>244.31106199999999</ele>
        <time>2026-09-16T15:29:26Z</time>
      </trkpt>
      <trkpt lat="46.024510972201824" lon="10.950670000165701">
        <ele>244.841217</ele>
        <time>2026-09-16T15:30:12Z</time>
      </trkpt>
      <trkpt lat="46.025026040151715" lon="10.950917014852166">
        <ele>244.95174700000001</ele>
        <time>2026-09-16T15:30:22Z</time>
      </trkpt>
      <trkpt lat="46.025534989312291" lon="10.951117007061839">
        <ele>245.03905</ele>
        <time>2026-09-16T15:30:31Z</time>
      </trkpt>
      <trkpt lat="46.026060031726956" lon="10.951152965426445">
        <ele>245.077586</ele>
        <time>2026-09-16T15:30:40Z</time>
      </trkpt>
      <trkpt lat="46.026835022494197" lon="10.951050035655499">
        <ele>245.13465099999999</ele>
        <time>2026-09-16T15:30:53Z</time>
      </trkpt>
      <trkpt lat="46.027592997997999" lon="10.950829004868865">
        <ele>245.23306099999999</ele>
        <time>2026-09-16T15:31:07Z</time>
      </trkpt>
      <trkpt lat="46.028912980109453" lon="10.949837006628513">
        <ele>245.49625399999999</ele>
        <time>2026-09-16T15:31:34Z</time>
      </trkpt>
      <trkpt lat="46.030203038826585" lon="10.948916003108025">
        <ele>245.864836</ele>
        <time>2026-09-16T15:32:00Z</time>
      </trkpt>
      <trkpt lat="46.031765006482601" lon="10.94770397990942">
        <ele>246.904437</ele>
        <time>2026-09-16T15:32:35Z</time>
      </trkpt>
      <trkpt lat="46.03219298645854" lon="10.947396028786898">
        <ele>247.255518</ele>
        <time>2026-09-16T15:32:45Z</time>
      </trkpt>
      <trkpt lat="46.032592970877886" lon="10.947201987728477">
        <ele>247.614105</ele>
        <time>2026-09-16T15:32:54Z</time>
      </trkpt>
      <trkpt lat="46.032723980024457" lon="10.947236018255353">
        <ele>247.72719499999999</ele>
        <time>2026-09-16T15:32:57Z</time>
      </trkpt>
      <trkpt lat="46.032929001376033" lon="10.947192013263702">
        <ele>247.90328500000001</ele>
        <time>2026-09-16T15:33:02Z</time>
      </trkpt>
      <trkpt lat="46.033084988594055" lon="10.947227971628308">
        <ele>248.03751299999999</ele>
        <time>2026-09-16T15:33:06Z</time>
      </trkpt>
      <trkpt lat="46.03318003937602" lon="10.947195030748844">
        <ele>248.12053800000001</ele>
        <time>2026-09-16T15:33:08Z</time>
      </trkpt>
      <trkpt lat="46.033296966925263" lon="10.947069972753525">
        <ele>248.24430000000001</ele>
        <time>2026-09-16T15:33:11Z</time>
      </trkpt>
      <trkpt lat="46.033814968541265" lon="10.946783982217312">
        <ele>248.592106</ele>
        <time>2026-09-16T15:33:23Z</time>
      </trkpt>
      <trkpt lat="46.03406198322773" lon="10.946578960865736">
        <ele>248.57999699999999</ele>
        <time>2026-09-16T15:33:29Z</time>
      </trkpt>
      <trkpt lat="46.03419098071754" lon="10.9464340377599">
        <ele>248.57304600000001</ele>
        <time>2026-09-16T15:33:32Z</time>
      </trkpt>
      <trkpt lat="46.034733960404992" lon="10.946191968396306">
        <ele>248.548901</ele>
        <time>2026-09-16T15:33:42Z</time>
      </trkpt>
      <trkpt lat="46.035181973129511" lon="10.946055008098483">
        <ele>248.529447</ele>
        <time>2026-09-16T15:33:49Z</time>
      </trkpt>
      <trkpt lat="46.036071963608265" lon="10.946017960086465">
        <ele>248.184282</ele>
        <time>2026-09-16T15:34:02Z</time>
      </trkpt>
      <trkpt lat="46.036603040993214" lon="10.946032963693142">
        <ele>247.930271</ele>
        <time>2026-09-16T15:34:11Z</time>
      </trkpt>
      <trkpt lat="46.037094974890351" lon="10.946071017533541">
        <ele>247.694624</ele>
        <time>2026-09-16T15:34:19Z</time>
      </trkpt>
      <trkpt lat="46.037641977891326" lon="10.946163972839713">
        <ele>247.699793</ele>
        <time>2026-09-16T15:34:29Z</time>
      </trkpt>
      <trkpt lat="46.038073981180787" lon="10.946324989199638">
        <ele>247.735445</ele>
        <time>2026-09-16T15:34:37Z</time>
      </trkpt>
      <trkpt lat="46.038355026394129" lon="10.94650000333786">
        <ele>247.75990400000001</ele>
        <time>2026-09-16T15:34:42Z</time>
      </trkpt>
      <trkpt lat="46.038791975006461" lon="10.946841984987259">
        <ele>247.79963900000001</ele>
        <time>2026-09-16T15:34:51Z</time>
      </trkpt>
      <trkpt lat="46.039315005764365" lon="10.947351017966866">
        <ele>247.988223</ele>
        <time>2026-09-16T15:35:02Z</time>
      </trkpt>
      <trkpt lat="46.03979897685349" lon="10.947899026796222">
        <ele>248.188356</ele>
        <time>2026-09-16T15:35:13Z</time>
      </trkpt>
      <trkpt lat="46.040966995060444" lon="10.949388993903995">
        <ele>249.03366500000001</ele>
        <time>2026-09-16T15:35:45Z</time>
      </trkpt>
      <trkpt lat="46.041636038571596" lon="10.94987103715539">
        <ele>249.545748</ele>
        <time>2026-09-16T15:36:00Z</time>
      </trkpt>
      <trkpt lat="46.041896967217326" lon="10.94991696998477">
        <ele>249.732133</ele>
        <time>2026-09-16T15:36:05Z</time>
      </trkpt>
      <trkpt lat="46.044028988108039" lon="10.950006991624832">
        <ele>251.321485</ele>
        <time>2026-09-16T15:36:49Z</time>
      </trkpt>
      <trkpt lat="46.044523017480969" lon="10.949890986084938">
        <ele>251.72633999999999</ele>
        <time>2026-09-16T15:36:59Z</time>
      </trkpt>
      <trkpt lat="46.044738013297319" lon="10.949811022728682">
        <ele>251.90595400000001</ele>
        <time>2026-09-16T15:37:03Z</time>
      </trkpt>
      <trkpt lat="46.045054011046886" lon="10.949641037732363">
        <ele>252.17879500000001</ele>
        <time>2026-09-16T15:37:10Z</time>
      </trkpt>
      <trkpt lat="46.045375959947705" lon="10.94935898669064">
        <ele>252.40749700000001</ele>
        <time>2026-09-16T15:37:19Z</time>
      </trkpt>
      <trkpt lat="46.045979959890246" lon="10.948505038395524">
        <ele>252.577358</ele>
        <time>2026-09-16T15:37:36Z</time>
      </trkpt>
      <trkpt lat="46.04607299901545" lon="10.948404958471656">
        <ele>252.60065</ele>
        <time>2026-09-16T15:37:39Z</time>
      </trkpt>
      <trkpt lat="46.046120021492243" lon="10.948387021198869">
        <ele>252.610412</ele>
        <time>2026-09-16T15:37:39Z</time>
      </trkpt>
      <trkpt lat="46.046180035918951" lon="10.948424991220236">
        <ele>252.62356700000001</ele>
        <time>2026-09-16T15:37:41Z</time>
      </trkpt>
      <trkpt lat="46.046443982049823" lon="10.948782982304692">
        <ele>252.696336</ele>
        <time>2026-09-16T15:37:47Z</time>
      </trkpt>
      <trkpt lat="46.046462003141642" lon="10.948795974254608">
        <ele>252.700377</ele>
        <time>2026-09-16T15:37:47Z</time>
      </trkpt>
      <trkpt lat="46.046488992869854" lon="10.948774013668299">
        <ele>252.706603</ele>
        <time>2026-09-16T15:37:48Z</time>
      </trkpt>
      <trkpt lat="46.046613967046142" lon="10.949081964790821">
        <ele>252.65676199999999</ele>
        <time>2026-09-16T15:37:51Z</time>
      </trkpt>
      <trkpt lat="46.046732990071177" lon="10.949452025815845">
        <ele>252.27544399999999</ele>
        <time>2026-09-16T15:37:55Z</time>
      </trkpt>
      <trkpt lat="46.04684698395431" lon="10.950190974399447">
        <ele>251.56756200000001</ele>
        <time>2026-09-16T15:38:02Z</time>
      </trkpt>
      <trkpt lat="46.046967012807727" lon="10.951036959886551">
        <ele>250.76013900000001</ele>
        <time>2026-09-16T15:38:11Z</time>
      </trkpt>
      <trkpt lat="46.046991990879178" lon="10.951170986518264">
        <ele>250.630392</ele>
        <time>2026-09-16T15:38:12Z</time>
      </trkpt>
      <trkpt lat="46.047015963122249" lon="10.951299984008074">
        <ele>250.50550899999999</ele>
        <time>2026-09-16T15:38:14Z</time>
      </trkpt>
      <trkpt lat="46.047078995034099" lon="10.951631991192698">
        <ele>250.158805</ele>
        <time>2026-09-16T15:38:22Z</time>
      </trkpt>
      <trkpt lat="46.047095004469156" lon="10.95174003392458">
        <ele>250.09737999999999</ele>
        <time>2026-09-16T15:38:23Z</time>
      </trkpt>
      <trkpt lat="46.047129034996033" lon="10.95193600282073">
        <ele>249.985006</ele>
        <time>2026-09-16T15:38:25Z</time>
      </trkpt>
      <trkpt lat="46.047136997804046" lon="10.951980007812381">
        <ele>249.95970600000001</ele>
        <time>2026-09-16T15:38:25Z</time>
      </trkpt>
      <trkpt lat="46.047149989753962" lon="10.952231967821717">
        <ele>249.81915000000001</ele>
        <time>2026-09-16T15:38:28Z</time>
      </trkpt>
      <trkpt lat="46.047090981155634" lon="10.952234985306859">
        <ele>249.771838</ele>
        <time>2026-09-16T15:38:29Z</time>
      </trkpt>
      <trkpt lat="46.047062985599041" lon="10.952316960319877">
        <ele>249.72100599999999</ele>
        <time>2026-09-16T15:38:30Z</time>
      </trkpt>
      <trkpt lat="46.047100033611059" lon="10.952388038858771">
        <ele>249.67162099999999</ele>
        <time>2026-09-16T15:38:31Z</time>
      </trkpt>
      <trkpt lat="46.047160970047116" lon="10.952374041080475">
        <ele>249.622119</ele>
        <time>2026-09-16T15:38:32Z</time>
      </trkpt>
      <trkpt lat="46.047400021925569" lon="10.952935963869095">
        <ele>249.25550799999999</ele>
        <time>2026-09-16T15:38:39Z</time>
      </trkpt>
      <trkpt lat="46.047529019415379" lon="10.953204017132521">
        <ele>249.07409999999999</ele>
        <time>2026-09-16T15:38:42Z</time>
      </trkpt>
      <trkpt lat="46.04755500331521" lon="10.953249027952552">
        <ele>249.04153299999999</ele>
        <time>2026-09-16T15:38:43Z</time>
      </trkpt>
      <trkpt lat="46.047530025243759" lon="10.953280040994287">
        <ele>249.01509899999999</ele>
        <time>2026-09-16T15:38:45Z</time>
      </trkpt>
      <trkpt lat="46.04774703271687" lon="10.953629985451698">
        <ele>248.85465300000001</ele>
        <time>2026-09-16T15:39:08Z</time>
      </trkpt>
      <trkpt lat="46.048125978559256" lon="10.954242032021284">
        <ele>248.766424</ele>
        <time>2026-09-16T15:39:47Z</time>
      </trkpt>
      <trkpt lat="46.048716986551881" lon="10.955164963379502">
        <ele>248.63133999999999</ele>
        <time>2026-09-16T15:40:48Z</time>
      </trkpt>
      <trkpt lat="46.048991996794939" lon="10.955595038831234">
        <ele>248.64743999999999</ele>
        <time>2026-09-16T15:41:16Z</time>
      </trkpt>
      <trkpt lat="46.049174973741174" lon="10.955876000225544">
        <ele>248.709732</ele>
        <time>2026-09-16T15:41:35Z</time>
      </trkpt>
      <trkpt lat="46.049394998699427" lon="10.956213036552072">
        <ele>248.78452300000001</ele>
        <time>2026-09-16T15:41:57Z</time>
      </trkpt>
      <trkpt lat="46.049437997862697" lon="10.95627598464489">
        <ele>248.79880700000001</ele>
        <time>2026-09-16T15:42:01Z</time>
      </trkpt>
      <trkpt lat="46.049468005076051" lon="10.95631998963654">
        <ele>248.80877799999999</ele>
        <time>2026-09-16T15:42:02Z</time>
      </trkpt>
      <trkpt lat="46.04957303032279" lon="10.956470025703311">
        <ele>248.84321800000001</ele>
        <time>2026-09-16T15:42:05Z</time>
      </trkpt>
      <trkpt lat="46.049798000603914" lon="10.956698013469577">
        <ele>248.90728899999999</ele>
        <time>2026-09-16T15:42:09Z</time>
      </trkpt>
      <trkpt lat="46.051472034305334" lon="10.958322007209063">
        <ele>250.09442899999999</ele>
        <time>2026-09-16T15:42:51Z</time>
      </trkpt>
      <trkpt lat="46.051631961017847" lon="10.958416974171996">
        <ele>250.215385</ele>
        <time>2026-09-16T15:42:55Z</time>
      </trkpt>
      <trkpt lat="46.051982995122671" lon="10.958525016903877">
        <ele>250.36431999999999</ele>
        <time>2026-09-16T15:43:01Z</time>
      </trkpt>
      <trkpt lat="46.052045021206141" lon="10.958541026338935">
        <ele>250.38474199999999</ele>
        <time>2026-09-16T15:43:03Z</time>
      </trkpt>
      <trkpt lat="46.052110986784101" lon="10.958570027723908">
        <ele>250.40711300000001</ele>
        <time>2026-09-16T15:43:05Z</time>
      </trkpt>
      <trkpt lat="46.0522819776088" lon="10.958733977749944">
        <ele>250.47371200000001</ele>
        <time>2026-09-16T15:43:13Z</time>
      </trkpt>
      <trkpt lat="46.052412986755371" lon="10.958765996620059">
        <ele>250.51679100000001</ele>
        <time>2026-09-16T15:43:18Z</time>
      </trkpt>
      <trkpt lat="46.052500996738672" lon="10.958738001063466">
        <ele>250.54601</ele>
        <time>2026-09-16T15:43:22Z</time>
      </trkpt>
      <trkpt lat="46.052949009463191" lon="10.958888037130237">
        <ele>250.69513000000001</ele>
        <time>2026-09-16T15:43:40Z</time>
      </trkpt>
      <trkpt lat="46.053800024092197" lon="10.959207974374294">
        <ele>250.36373599999999</ele>
        <time>2026-09-16T15:44:13Z</time>
      </trkpt>
      <trkpt lat="46.053923992440104" lon="10.959309982135892">
        <ele>250.174138</ele>
        <time>2026-09-16T15:44:18Z</time>
      </trkpt>
      <trkpt lat="46.05408500880003" lon="10.959589015692472">
        <ele>249.83975799999999</ele>
        <time>2026-09-16T15:44:27Z</time>
      </trkpt>
      <trkpt lat="46.054098000749946" lon="10.959673002362251">
        <ele>249.76044899999999</ele>
        <time>2026-09-16T15:44:29Z</time>
      </trkpt>
      <trkpt lat="46.054178969934583" lon="10.959860002622008">
        <ele>249.557311</ele>
        <time>2026-09-16T15:44:34Z</time>
      </trkpt>
      <trkpt lat="46.054396983236074" lon="10.960168959572911">
        <ele>249.15125599999999</ele>
        <time>2026-09-16T15:44:44Z</time>
      </trkpt>
      <trkpt lat="46.0545389726758" lon="10.960498033091426">
        <ele>248.79422299999999</ele>
        <time>2026-09-16T15:44:52Z</time>
      </trkpt>
      <trkpt lat="46.055152025073767" lon="10.962240966036916">
        <ele>246.588368</ele>
        <time>2026-09-16T15:45:36Z</time>
      </trkpt>
      <trkpt lat="46.055387975648046" lon="10.962812025099993">
        <ele>245.807973</ele>
        <time>2026-09-16T15:45:51Z</time>
      </trkpt>
      <trkpt lat="46.055691987276077" lon="10.963413007557392">
        <ele>245.53730100000001</ele>
        <time>2026-09-16T15:46:10Z</time>
      </trkpt>
      <trkpt lat="46.056242007762194" lon="10.964338034391403">
        <ele>245.856101</ele>
        <time>2026-09-16T15:46:44Z</time>
      </trkpt>
      <trkpt lat="46.05634099803865" lon="10.964598041027784">
        <ele>245.933718</ele>
        <time>2026-09-16T15:46:49Z</time>
      </trkpt>
      <trkpt lat="46.05627603828907" lon="10.965260965749621">
        <ele>246.102251</ele>
        <time>2026-09-16T15:47:00Z</time>
      </trkpt>
      <trkpt lat="46.05629900470376" lon="10.96557897515595">
        <ele>246.00777099999999</ele>
        <time>2026-09-16T15:47:05Z</time>
      </trkpt>
      <trkpt lat="46.05629799887538" lon="10.965610994026065">
        <ele>245.99830499999999</ele>
        <time>2026-09-16T15:47:05Z</time>
      </trkpt>
      <trkpt lat="46.056238990277052" lon="10.967005994170904">
        <ele>245.58530999999999</ele>
        <time>2026-09-16T15:47:23Z</time>
      </trkpt>
      <trkpt lat="46.056114016100764" lon="10.967110013589263">
        <ele>245.52384599999999</ele>
        <time>2026-09-16T15:47:25Z</time>
      </trkpt>
      <trkpt lat="46.056138994172215" lon="10.967170028015971">
        <ele>245.503165</ele>
        <time>2026-09-16T15:47:27Z</time>
      </trkpt>
      <trkpt lat="46.056088032200933" lon="10.967212021350861">
        <ele>245.47815199999999</ele>
        <time>2026-09-16T15:47:29Z</time>
      </trkpt>
      <trkpt lat="46.056664036586881" lon="10.968365035951138">
        <ele>244.68282199999999</ele>
        <time>2026-09-16T15:48:02Z</time>
      </trkpt>
      <trkpt lat="46.057047005742788" lon="10.969214038923383">
        <ele>243.98451</ele>
        <time>2026-09-16T15:48:26Z</time>
      </trkpt>
      <trkpt lat="46.057441039010882" lon="10.96983396448195">
        <ele>243.46068700000001</ele>
        <time>2026-09-16T15:48:47Z</time>
      </trkpt>
      <trkpt lat="46.057625021785498" lon="10.970065975561738">
        <ele>243.30969200000001</ele>
        <time>2026-09-16T15:48:56Z</time>
      </trkpt>
      <trkpt lat="46.057752007618546" lon="10.970126995816827">
        <ele>243.22701599999999</ele>
        <time>2026-09-16T15:49:01Z</time>
      </trkpt>
      <trkpt lat="46.057832976803184" lon="10.970230009406805">
        <ele>243.16029900000001</ele>
        <time>2026-09-16T15:49:05Z</time>
      </trkpt>
      <trkpt lat="46.058222986757755" lon="10.970795033499599">
        <ele>242.81876500000001</ele>
        <time>2026-09-16T15:49:25Z</time>
      </trkpt>
      <trkpt lat="46.058344021439552" lon="10.97101204097271">
        <ele>242.69946200000001</ele>
        <time>2026-09-16T15:49:31Z</time>
      </trkpt>
      <trkpt lat="46.058413004502654" lon="10.971290990710258">
        <ele>242.57252600000001</ele>
        <time>2026-09-16T15:49:39Z</time>
      </trkpt>
      <trkpt lat="46.058410992845893" lon="10.971481008455157">
        <ele>242.49108899999999</ele>
        <time>2026-09-16T15:49:43Z</time>
      </trkpt>
      <trkpt lat="46.058333041146398" lon="10.971757024526596">
        <ele>242.37588299999999</ele>
        <time>2026-09-16T15:49:50Z</time>
      </trkpt>
      <trkpt lat="46.058261040598154" lon="10.971860960125923">
        <ele>242.32298499999999</ele>
        <time>2026-09-16T15:49:53Z</time>
      </trkpt>
      <trkpt lat="46.058174958452582" lon="10.971927009522915">
        <ele>242.272425</ele>
        <time>2026-09-16T15:49:57Z</time>
      </trkpt>
      <trkpt lat="46.057794000953436" lon="10.972062963992357">
        <ele>242.068747</ele>
        <time>2026-09-16T15:50:10Z</time>
      </trkpt>
      <trkpt lat="46.057647988200188" lon="10.972156003117561">
        <ele>241.98591500000001</ele>
        <time>2026-09-16T15:50:16Z</time>
      </trkpt>
      <trkpt lat="46.057557966560125" lon="10.972370998933911">
        <ele>241.895501</ele>
        <time>2026-09-16T15:50:21Z</time>
      </trkpt>
      <trkpt lat="46.057532988488674" lon="10.972772995010018">
        <ele>241.75016500000001</ele>
        <time>2026-09-16T15:50:31Z</time>
      </trkpt>
      <trkpt lat="46.057587973773479" lon="10.973329972475767">
        <ele>241.54757599999999</ele>
        <time>2026-09-16T15:50:46Z</time>
      </trkpt>
      <trkpt lat="46.057701967656612" lon="10.974081996828318">
        <ele>242.29767000000001</ele>
        <time>2026-09-16T15:51:09Z</time>
      </trkpt>
      <trkpt lat="46.057891985401511" lon="10.975456964224577">
        <ele>243.97243800000001</ele>
        <time>2026-09-16T15:51:56Z</time>
      </trkpt>
      <trkpt lat="46.058014025911689" lon="10.975782014429569">
        <ele>244.41383400000001</ele>
        <time>2026-09-16T15:52:08Z</time>
      </trkpt>
      <trkpt lat="46.05840596370399" lon="10.976465977728367">
        <ele>245.03869299999999</ele>
        <time>2026-09-16T15:52:34Z</time>
      </trkpt>
      <trkpt lat="46.058676028624177" lon="10.976851964369416">
        <ele>245.36576600000001</ele>
        <time>2026-09-16T15:52:49Z</time>
      </trkpt>
      <trkpt lat="46.058805026113987" lon="10.977132003754377">
        <ele>245.56633400000001</ele>
        <time>2026-09-16T15:52:59Z</time>
      </trkpt>
      <trkpt lat="46.058885995298624" lon="10.977247003465891">
        <ele>245.66412</ele>
        <time>2026-09-16T15:53:03Z</time>
      </trkpt>
      <trkpt lat="46.058906028047204" lon="10.977422017604113">
        <ele>245.76996</ele>
        <time>2026-09-16T15:53:08Z</time>
      </trkpt>
      <trkpt lat="46.058931006118655" lon="10.977787971496582">
        <ele>245.98943</ele>
        <time>2026-09-16T15:53:18Z</time>
      </trkpt>
      <trkpt lat="46.058931006118655" lon="10.977843040600419">
        <ele>246.02225200000001</ele>
        <time>2026-09-16T15:53:19Z</time>
      </trkpt>
      <trkpt lat="46.058788010850549" lon="10.979059003293514">
        <ele>247.14267899999999</ele>
        <time>2026-09-16T15:53:35Z</time>
      </trkpt>
      <trkpt lat="46.058725984767079" lon="10.97960801795125">
        <ele>247.684876</ele>
        <time>2026-09-16T15:53:44Z</time>
      </trkpt>
      <trkpt lat="46.058703018352389" lon="10.979813961312175">
        <ele>247.88826399999999</ele>
        <time>2026-09-16T15:53:54Z</time>
      </trkpt>
      <trkpt lat="46.05861802585423" lon="10.980549976229668">
        <ele>248.61557400000001</ele>
        <time>2026-09-16T15:54:30Z</time>
      </trkpt>
      <trkpt lat="46.058607967570424" lon="10.980791039764881">
        <ele>249.36587499999999</ele>
        <time>2026-09-16T15:54:41Z</time>
      </trkpt>
      <trkpt lat="46.058592963963747" lon="10.981171997264028">
        <ele>250.84592599999999</ele>
        <time>2026-09-16T15:55:00Z</time>
      </trkpt>
      <trkpt lat="46.058505037799478" lon="10.981947993859649">
        <ele>253.8955</ele>
        <time>2026-09-16T15:55:38Z</time>
      </trkpt>
      <trkpt lat="46.058534039184451" lon="10.981956040486693">
        <ele>254.06052700000001</ele>
        <time>2026-09-16T15:55:39Z</time>
      </trkpt>
      <trkpt lat="46.058531021699309" lon="10.982029968872666">
        <ele>254.34801899999999</ele>
        <time>2026-09-16T15:55:42Z</time>
      </trkpt>
      <trkpt lat="46.058525992557406" lon="10.982157960534096">
        <ele>254.84524200000001</ele>
        <time>2026-09-16T15:55:46Z</time>
      </trkpt>
      <trkpt lat="46.058558011427522" lon="10.982420984655619">
        <ele>255.88082700000001</ele>
        <time>2026-09-16T15:55:55Z</time>
      </trkpt>
      <trkpt lat="46.05866395868361" lon="10.982710998505354">
        <ele>257.15205800000001</ele>
        <time>2026-09-16T15:56:07Z</time>
      </trkpt>
      <trkpt lat="46.058686003088951" lon="10.982757015153766">
        <ele>257.36873400000002</ele>
        <time>2026-09-16T15:56:09Z</time>
      </trkpt>
      <trkpt lat="46.058721039444208" lon="10.98283102735877">
        <ele>257.71606200000002</ele>
        <time>2026-09-16T15:56:12Z</time>
      </trkpt>
      <trkpt lat="46.058900998905301" lon="10.983141995966434">
        <ele>259.381373</ele>
        <time>2026-09-16T15:56:26Z</time>
      </trkpt>
      <trkpt lat="46.05900602415204" lon="10.983403008431196">
        <ele>260.75066800000002</ele>
        <time>2026-09-16T15:56:37Z</time>
      </trkpt>
      <trkpt lat="46.059440961107612" lon="10.984349995851517">
        <ele>265.905236</ele>
        <time>2026-09-16T15:57:21Z</time>
      </trkpt>
      <trkpt lat="46.059849997982383" lon="10.985202016308904">
        <ele>270.535753</ele>
        <time>2026-09-16T15:57:49Z</time>
      </trkpt>
      <trkpt lat="46.060052001848817" lon="10.985569981858134">
        <ele>271.30416600000001</ele>
        <time>2026-09-16T15:57:59Z</time>
      </trkpt>
      <trkpt lat="46.060389038175344" lon="10.986005002632737">
        <ele>272.37188600000002</ele>
        <time>2026-09-16T15:58:10Z</time>
      </trkpt>
      <trkpt lat="46.061251033097506" lon="10.986931035295129">
        <ele>274.94464499999998</ele>
        <time>2026-09-16T15:58:37Z</time>
      </trkpt>
      <trkpt lat="46.061353962868452" lon="10.987180983647704">
        <ele>275.52050700000001</ele>
        <time>2026-09-16T15:58:42Z</time>
      </trkpt>
      <trkpt lat="46.06145697645843" lon="10.987758999690413">
        <ele>276.70245699999998</ele>
        <time>2026-09-16T15:58:54Z</time>
      </trkpt>
      <trkpt lat="46.061621010303497" lon="10.988007020205259">
        <ele>277.38099</ele>
        <time>2026-09-16T15:59:01Z</time>
      </trkpt>
      <trkpt lat="46.061655040830374" lon="10.987972989678383">
        <ele>277.49911400000002</ele>
        <time>2026-09-16T15:59:02Z</time>
      </trkpt>
      <trkpt lat="46.061674989759922" lon="10.987948011606932">
        <ele>277.57468399999999</ele>
        <time>2026-09-16T15:59:03Z</time>
      </trkpt>
      <trkpt lat="46.061701979488134" lon="10.987921021878719">
        <ele>277.66848900000002</ele>
        <time>2026-09-16T15:59:03Z</time>
      </trkpt>
      <trkpt lat="46.061736010015011" lon="10.987893026322126">
        <ele>277.78026499999999</ele>
        <time>2026-09-16T15:59:04Z</time>
      </trkpt>
      <trkpt lat="46.061766017228365" lon="10.987854972481728">
        <ele>277.894271</ele>
        <time>2026-09-16T15:59:05Z</time>
      </trkpt>
      <trkpt lat="46.061787977814674" lon="10.987814990803599">
        <ele>277.99536499999999</ele>
        <time>2026-09-16T15:59:06Z</time>
      </trkpt>
      <trkpt lat="46.061798958107829" lon="10.98777299746871">
        <ele>278.08427899999998</ele>
        <time>2026-09-16T15:59:07Z</time>
      </trkpt>
      <trkpt lat="46.061977995559573" lon="10.987865030765533">
        <ele>280.24598400000002</ele>
        <time>2026-09-16T15:59:27Z</time>
      </trkpt>
      <trkpt lat="46.062094001099467" lon="10.987851032987237">
        <ele>280.49942499999997</ele>
        <time>2026-09-16T15:59:30Z</time>
      </trkpt>
      <trkpt lat="46.062217969447374" lon="10.987876011058688">
        <ele>280.77202899999997</ele>
        <time>2026-09-16T15:59:34Z</time>
      </trkpt>
      <trkpt lat="46.062334980815649" lon="10.988072985783219">
        <ele>281.163771</ele>
        <time>2026-09-16T15:59:40Z</time>
      </trkpt>
      <trkpt lat="46.062524998560548" lon="10.988487973809242">
        <ele>281.91489200000001</ele>
        <time>2026-09-16T15:59:52Z</time>
      </trkpt>
      <trkpt lat="46.062681991606951" lon="10.988802965730429">
        <ele>282.50080800000001</ele>
        <time>2026-09-16T16:00:01Z</time>
      </trkpt>
      <trkpt lat="46.06276597827673" lon="10.989028019830585">
        <ele>282.88679400000001</ele>
        <time>2026-09-16T16:00:06Z</time>
      </trkpt>
      <trkpt lat="46.062777964398265" lon="10.989190964028239">
        <ele>283.13441999999998</ele>
        <time>2026-09-16T16:00:09Z</time>
      </trkpt>
      <trkpt lat="46.062635974958539" lon="10.989573011174798">
        <ele>283.789107</ele>
        <time>2026-09-16T16:00:18Z</time>
      </trkpt>
      <trkpt lat="46.062548970803618" lon="10.990213975310326">
        <ele>284.314525</ele>
        <time>2026-09-16T16:00:29Z</time>
      </trkpt>
      <trkpt lat="46.062941998243332" lon="10.990407010540366">
        <ele>284.79538400000001</ele>
        <time>2026-09-16T16:00:40Z</time>
      </trkpt>
      <trkpt lat="46.063041994348168" lon="10.990399969741702">
        <ele>284.911337</ele>
        <time>2026-09-16T16:00:43Z</time>
      </trkpt>
      <trkpt lat="46.063458994030952" lon="10.990334004163742">
        <ele>285.39719500000001</ele>
        <time>2026-09-16T16:00:55Z</time>
      </trkpt>
      <trkpt lat="46.063749007880688" lon="10.990267032757401">
        <ele>285.73735099999999</ele>
        <time>2026-09-16T16:01:01Z</time>
      </trkpt>
      <trkpt lat="46.064068023115396" lon="10.990289999172091">
        <ele>286.19676299999998</ele>
        <time>2026-09-16T16:01:09Z</time>
      </trkpt>
      <trkpt lat="46.064421990886331" lon="10.990311959758401">
        <ele>286.764161</ele>
        <time>2026-09-16T16:01:18Z</time>
      </trkpt>
      <trkpt lat="46.064775958657265" lon="10.99030802026391">
        <ele>287.33104900000001</ele>
        <time>2026-09-16T16:01:26Z</time>
      </trkpt>
      <trkpt lat="46.064976034685969" lon="10.990341966971755">
        <ele>287.65353499999998</ele>
        <time>2026-09-16T16:01:30Z</time>
      </trkpt>
      <trkpt lat="46.065277028828859" lon="10.990490997210145">
        <ele>288.16317299999997</ele>
        <time>2026-09-16T16:01:37Z</time>
      </trkpt>
      <trkpt lat="46.065520020201802" lon="10.990687971934676">
        <ele>288.60963099999998</ele>
        <time>2026-09-16T16:01:44Z</time>
      </trkpt>
      <trkpt lat="46.065571988001466" lon="10.990720996633172">
        <ele>288.70061500000003</ele>
        <time>2026-09-16T16:01:46Z</time>
      </trkpt>
      <trkpt lat="46.066069034859538" lon="10.990950996056199">
        <ele>291.12960399999997</ele>
        <time>2026-09-16T16:02:01Z</time>
      </trkpt>
      <trkpt lat="46.066370029002428" lon="10.99114797078073">
        <ele>292.73617999999999</ele>
        <time>2026-09-16T16:02:12Z</time>
      </trkpt>
      <trkpt lat="46.066555017605424" lon="10.991310998797417">
        <ele>293.789942</ele>
        <time>2026-09-16T16:02:21Z</time>
      </trkpt>
      <trkpt lat="46.066846959292889" lon="10.99164099432528">
        <ele>295.59325200000001</ele>
        <time>2026-09-16T16:02:38Z</time>
      </trkpt>
      <trkpt lat="46.06699800118804" lon="10.991753982380033">
        <ele>296.42011100000002</ele>
        <time>2026-09-16T16:02:47Z</time>
      </trkpt>
      <trkpt lat="46.067283991724253" lon="10.991821037605405">
        <ele>298.03949</ele>
        <time>2026-09-16T16:03:03Z</time>
      </trkpt>
      <trkpt lat="46.067499993368983" lon="10.991744007915258">
        <ele>299.80569200000002</ele>
        <time>2026-09-16T16:03:17Z</time>
      </trkpt>
      <trkpt lat="46.067633014172316" lon="10.991777032613754">
        <ele>300.87693200000001</ele>
        <time>2026-09-16T16:03:25Z</time>
      </trkpt>
      <trkpt lat="46.068157972767949" lon="10.992139969021082">
        <ele>305.49891200000002</ele>
        <time>2026-09-16T16:03:59Z</time>
      </trkpt>
      <trkpt lat="46.06845703907311" lon="10.992211969569325">
        <ele>307.90517199999999</ele>
        <time>2026-09-16T16:04:17Z</time>
      </trkpt>
      <trkpt lat="46.068476988002658" lon="10.992218004539609">
        <ele>308.06732799999997</ele>
        <time>2026-09-16T16:04:18Z</time>
      </trkpt>
      <trkpt lat="46.068434994667768" lon="10.992493014782667">
        <ele>309.61805399999997</ele>
        <time>2026-09-16T16:04:28Z</time>
      </trkpt>
      <trkpt lat="46.06843700632453" lon="10.992575995624065">
        <ele>310.075423</ele>
        <time>2026-09-16T16:04:31Z</time>
      </trkpt>
      <trkpt lat="46.068413034081459" lon="10.992687977850437">
        <ele>310.72097400000001</ele>
        <time>2026-09-16T16:04:35Z</time>
      </trkpt>
      <trkpt lat="46.068043978884816" lon="10.992932980880141">
        <ele>313.68152700000002</ele>
        <time>2026-09-16T16:04:54Z</time>
      </trkpt>
      <trkpt lat="46.067915987223387" lon="10.993365989997983">
        <ele>315.95847099999997</ele>
        <time>2026-09-16T16:05:08Z</time>
      </trkpt>
      <trkpt lat="46.067819008603692" lon="10.993533041328192">
        <ele>317.012112</ele>
        <time>2026-09-16T16:05:15Z</time>
      </trkpt>
      <trkpt lat="46.067695040255785" lon="10.993661032989621">
        <ele>318.075603</ele>
        <time>2026-09-16T16:05:21Z</time>
      </trkpt>
      <trkpt lat="46.067613987252116" lon="10.993715012446046">
        <ele>318.69788499999999</ele>
        <time>2026-09-16T16:05:25Z</time>
      </trkpt>
      <trkpt lat="46.06727602891624" lon="10.993771003559232">
        <ele>321.07019100000002</ele>
        <time>2026-09-16T16:05:42Z</time>
      </trkpt>
      <trkpt lat="46.067109983414412" lon="10.993846021592617">
        <ele>322.28320200000002</ele>
        <time>2026-09-16T16:05:51Z</time>
      </trkpt>
      <trkpt lat="46.066631963476539" lon="10.993888014927506">
        <ele>325.73083200000002</ele>
        <time>2026-09-16T16:06:17Z</time>
      </trkpt>
      <trkpt lat="46.066558035090566" lon="10.993955992162228">
        <ele>326.39347099999998</ele>
        <time>2026-09-16T16:06:22Z</time>
      </trkpt>
      <trkpt lat="46.066553005948663" lon="10.994032016023993">
        <ele>326.79340000000002</ele>
        <time>2026-09-16T16:06:25Z</time>
      </trkpt>
      <trkpt lat="46.067259013652802" lon="10.994146009907126">
        <ele>332.15741400000002</ele>
        <time>2026-09-16T16:07:02Z</time>
      </trkpt>
      <trkpt lat="46.068063005805016" lon="10.994400987401605">
        <ele>338.32989700000002</ele>
        <time>2026-09-16T16:07:42Z</time>
      </trkpt>
      <trkpt lat="46.068299962207675" lon="10.994413979351521">
        <ele>339.95861400000001</ele>
        <time>2026-09-16T16:07:54Z</time>
      </trkpt>
      <trkpt lat="46.068488974124193" lon="10.994356982409954">
        <ele>341.28463399999998</ele>
        <time>2026-09-16T16:08:03Z</time>
      </trkpt>
      <trkpt lat="46.068578995764256" lon="10.994294034317136">
        <ele>341.97171900000001</ele>
        <time>2026-09-16T16:08:08Z</time>
      </trkpt>
      <trkpt lat="46.068677986040711" lon="10.994293028488755">
        <ele>342.65159399999999</ele>
        <time>2026-09-16T16:08:13Z</time>
      </trkpt>
      <trkpt lat="46.069063972681761" lon="10.994389001280069">
        <ele>345.34152599999999</ele>
        <time>2026-09-16T16:08:33Z</time>
      </trkpt>
      <trkpt lat="46.069593038409948" lon="10.994598967954516">
        <ele>349.10956599999997</ele>
        <time>2026-09-16T16:08:59Z</time>
      </trkpt>
      <trkpt lat="46.069697979837656" lon="10.994611037895083">
        <ele>349.83289100000002</ele>
        <time>2026-09-16T16:09:04Z</time>
      </trkpt>
      <trkpt lat="46.070459978654981" lon="10.994600979611278">
        <ele>353.65804000000003</ele>
        <time>2026-09-16T16:09:37Z</time>
      </trkpt>
      <trkpt lat="46.071823965758085" lon="10.994654959067702">
        <ele>359.87265600000001</ele>
        <time>2026-09-16T16:10:26Z</time>
      </trkpt>
      <trkpt lat="46.071857996284962" lon="10.994599973782897">
        <ele>360.04116599999998</ele>
        <time>2026-09-16T16:10:27Z</time>
      </trkpt>
      <trkpt lat="46.071879034861922" lon="10.994565021246672">
        <ele>360.14701500000001</ele>
        <time>2026-09-16T16:10:29Z</time>
      </trkpt>
      <trkpt lat="46.072020018473268" lon="10.994521016255021">
        <ele>360.62268799999998</ele>
        <time>2026-09-16T16:10:34Z</time>
      </trkpt>
      <trkpt lat="46.072049019858241" lon="10.994540965184569">
        <ele>360.72868699999998</ele>
        <time>2026-09-16T16:10:35Z</time>
      </trkpt>
      <trkpt lat="46.07211297377944" lon="10.99458203651011">
        <ele>360.959609</ele>
        <time>2026-09-16T16:10:37Z</time>
      </trkpt>
      <trkpt lat="46.072139041498303" lon="10.9946050029248">
        <ele>361.06019199999997</ele>
        <time>2026-09-16T16:10:39Z</time>
      </trkpt>
      <trkpt lat="46.072168964892626" lon="10.994643978774548">
        <ele>361.19339400000001</ele>
        <time>2026-09-16T16:10:42Z</time>
      </trkpt>
      <trkpt lat="46.072431989014149" lon="10.994658982381225">
        <ele>362.06123200000002</ele>
        <time>2026-09-16T16:10:51Z</time>
      </trkpt>
      <trkpt lat="46.072430983185768" lon="10.994709022343159">
        <ele>362.17565100000002</ele>
        <time>2026-09-16T16:10:53Z</time>
      </trkpt>
      <trkpt lat="46.072484040632844" lon="10.994710028171539">
        <ele>362.350416</ele>
        <time>2026-09-16T16:10:55Z</time>
      </trkpt>
      <trkpt lat="46.072483034804463" lon="10.99475503899157">
        <ele>362.45340299999998</ele>
        <time>2026-09-16T16:10:56Z</time>
      </trkpt>
      <trkpt lat="46.07292803004384" lon="10.99475503899157">
        <ele>363.92065100000002</ele>
        <time>2026-09-16T16:11:09Z</time>
      </trkpt>
      <trkpt lat="46.073176972568035" lon="10.99477699957788">
        <ele>364.74319100000002</ele>
        <time>2026-09-16T16:11:17Z</time>
      </trkpt>
      <trkpt lat="46.07380997389555" lon="10.995088974013925">
        <ele>366.18824699999999</ele>
        <time>2026-09-16T16:11:35Z</time>
      </trkpt>
      <trkpt lat="46.073975013568997" lon="10.995131973177195">
        <ele>366.53380700000002</ele>
        <time>2026-09-16T16:11:40Z</time>
      </trkpt>
      <trkpt lat="46.073996974155307" lon="10.995143037289381">
        <ele>366.581796</ele>
        <time>2026-09-16T16:11:40Z</time>
      </trkpt>
      <trkpt lat="46.074011977761984" lon="10.995147982612252">
        <ele>366.61352499999998</ele>
        <time>2026-09-16T16:11:41Z</time>
      </trkpt>
      <trkpt lat="46.074117003008723" lon="10.995189975947142">
        <ele>366.83809500000001</ele>
        <time>2026-09-16T16:11:43Z</time>
      </trkpt>
      <trkpt lat="46.074875984340906" lon="10.995690040290356">
        <ele>368.55791099999999</ele>
        <time>2026-09-16T16:12:04Z</time>
      </trkpt>
      <trkpt lat="46.075230035930872" lon="10.996070997789502">
        <ele>369.47306300000002</ele>
        <time>2026-09-16T16:12:15Z</time>
      </trkpt>
      <trkpt lat="46.075393985956907" lon="10.996250035241246">
        <ele>369.899362</ele>
        <time>2026-09-16T16:12:21Z</time>
      </trkpt>
      <trkpt lat="46.075460035353899" lon="10.99632304161787">
        <ele>370.07176099999998</ele>
        <time>2026-09-16T16:12:23Z</time>
      </trkpt>
      <trkpt lat="46.075500017032027" lon="10.996329998597503">
        <ele>370.15526399999999</ele>
        <time>2026-09-16T16:12:24Z</time>
      </trkpt>
      <trkpt lat="46.075621973723173" lon="10.996457990258932">
        <ele>370.46796799999998</ele>
        <time>2026-09-16T16:12:27Z</time>
      </trkpt>
      <trkpt lat="46.075844010338187" lon="10.996702993288636">
        <ele>371.04737699999998</ele>
        <time>2026-09-16T16:12:34Z</time>
      </trkpt>
      <trkpt lat="46.075912993401289" lon="10.996780022978783">
        <ele>371.22820999999999</ele>
        <time>2026-09-16T16:12:37Z</time>
      </trkpt>
      <trkpt lat="46.075955992564559" lon="10.996832996606827">
        <ele>371.34545400000002</ele>
        <time>2026-09-16T16:12:38Z</time>
      </trkpt>
      <trkpt lat="46.07597703114152" lon="10.996858980506659">
        <ele>371.40282200000001</ele>
        <time>2026-09-16T16:12:39Z</time>
      </trkpt>
      <trkpt lat="46.075994968414307" lon="10.996881024912">
        <ele>371.45172700000001</ele>
        <time>2026-09-16T16:12:40Z</time>
      </trkpt>
      <trkpt lat="46.076119020581245" lon="10.997026031836867">
        <ele>371.78261600000002</ele>
        <time>2026-09-16T16:12:44Z</time>
      </trkpt>
      <trkpt lat="46.07625799253583" lon="10.997190987691283">
        <ele>372.15577000000002</ele>
        <time>2026-09-16T16:12:49Z</time>
      </trkpt>
      <trkpt lat="46.076391013339162" lon="10.997348986566067">
        <ele>372.63054499999998</ele>
        <time>2026-09-16T16:12:54Z</time>
      </trkpt>
      <trkpt lat="46.0764080286026" lon="10.997369019314647">
        <ele>372.70975900000002</ele>
        <time>2026-09-16T16:12:55Z</time>
      </trkpt>
      <trkpt lat="46.076541971415281" lon="10.997516959905624">
        <ele>373.319166</ele>
        <time>2026-09-16T16:13:00Z</time>
      </trkpt>
      <trkpt lat="46.076552029699087" lon="10.997529029846191">
        <ele>373.36613699999998</ele>
        <time>2026-09-16T16:13:00Z</time>
      </trkpt>
      <trkpt lat="46.076568039134145" lon="10.997545961290598">
        <ele>373.43789099999998</ele>
        <time>2026-09-16T16:13:01Z</time>
      </trkpt>
      <trkpt lat="46.076783034950495" lon="10.997791970148683">
        <ele>374.42881799999998</ele>
        <time>2026-09-16T16:13:10Z</time>
      </trkpt>
      <trkpt lat="46.076954025775194" lon="10.997989028692245">
        <ele>375.21904499999999</ele>
        <time>2026-09-16T16:13:17Z</time>
      </trkpt>
      <trkpt lat="46.077092997729778" lon="10.998147027567029">
        <ele>375.85807</ele>
        <time>2026-09-16T16:13:23Z</time>
      </trkpt>
      <trkpt lat="46.077117975801229" lon="10.998175023123622">
        <ele>375.97235899999998</ele>
        <time>2026-09-16T16:13:24Z</time>
      </trkpt>
      <trkpt lat="46.077231969684362" lon="10.998308965936303">
        <ele>376.50337100000002</ele>
        <time>2026-09-16T16:13:29Z</time>
      </trkpt>
      <trkpt lat="46.077347975224257" lon="10.99845003336668">
        <ele>377.05113</ele>
        <time>2026-09-16T16:13:34Z</time>
      </trkpt>
      <trkpt lat="46.077379994094372" lon="10.998485991731286">
        <ele>377.19766499999997</ele>
        <time>2026-09-16T16:13:36Z</time>
      </trkpt>
      <trkpt lat="46.077513014897704" lon="10.998641978949308">
        <ele>377.81665099999998</ele>
        <time>2026-09-16T16:13:42Z</time>
      </trkpt>
      <trkpt lat="46.07767797075212" lon="10.99883702583611">
        <ele>378.58688699999999</ele>
        <time>2026-09-16T16:13:50Z</time>
      </trkpt>
      <trkpt lat="46.077822977676988" lon="10.999003993347287">
        <ele>379.268438</ele>
        <time>2026-09-16T16:13:57Z</time>
      </trkpt>
      <trkpt lat="46.078351037576795" lon="10.999646969139576">
        <ele>381.83403700000002</ele>
        <time>2026-09-16T16:14:23Z</time>
      </trkpt>
      <trkpt lat="46.078546000644565" lon="10.999899012967944">
        <ele>382.80611800000003</ele>
        <time>2026-09-16T16:14:32Z</time>
      </trkpt>
      <trkpt lat="46.078639039769769" lon="11.000014012679458">
        <ele>383.26092299999999</ele>
        <time>2026-09-16T16:14:36Z</time>
      </trkpt>
      <trkpt lat="46.078655971214175" lon="11.000037984922528">
        <ele>383.349244</ele>
        <time>2026-09-16T16:14:37Z</time>
      </trkpt>
      <trkpt lat="46.078821010887623" lon="11.00021299906075">
        <ele>384.10960599999999</ele>
        <time>2026-09-16T16:14:45Z</time>
      </trkpt>
      <trkpt lat="46.079045981168747" lon="10.999638000503182">
        <ele>385.789917</ele>
        <time>2026-09-16T16:15:02Z</time>
      </trkpt>
      <trkpt lat="46.07907397672534" lon="10.999567005783319">
        <ele>385.985817</ele>
        <time>2026-09-16T16:15:04Z</time>
      </trkpt>
      <trkpt lat="46.0790950153023" lon="10.999515959993005">
        <ele>386.12807600000002</ele>
        <time>2026-09-16T16:15:05Z</time>
      </trkpt>
      <trkpt lat="46.079260976985097" lon="10.999115975573659">
        <ele>387.24612000000002</ele>
        <time>2026-09-16T16:15:14Z</time>
      </trkpt>
      <trkpt lat="46.079277992248535" lon="10.999072976410389">
        <ele>387.36483600000003</ele>
        <time>2026-09-16T16:15:15Z</time>
      </trkpt>
      <trkpt lat="46.07939500361681" lon="10.998769970610738">
        <ele>388.19663200000002</ele>
        <time>2026-09-16T16:15:20Z</time>
      </trkpt>
      <trkpt lat="46.079410007223487" lon="10.99872998893261">
        <ele>388.305699</ele>
        <time>2026-09-16T16:15:20Z</time>
      </trkpt>
      <trkpt lat="46.079430039972067" lon="10.998654970899224">
        <ele>388.49842999999998</ele>
        <time>2026-09-16T16:15:21Z</time>
      </trkpt>
      <trkpt lat="46.079431967809796" lon="10.998370992019773">
        <ele>389.17966799999999</ele>
        <time>2026-09-16T16:15:26Z</time>
      </trkpt>
      <trkpt lat="46.079403972253203" lon="10.998174017295241">
        <ele>389.66201000000001</ele>
        <time>2026-09-16T16:15:31Z</time>
      </trkpt>
      <trkpt lat="46.079347981140018" lon="10.998063962906599">
        <ele>389.98928999999998</ele>
        <time>2026-09-16T16:15:35Z</time>
      </trkpt>
      <trkpt lat="46.079165004193783" lon="10.997868999838829">
        <ele>390.77618200000001</ele>
        <time>2026-09-16T16:15:45Z</time>
      </trkpt>
      <trkpt lat="46.078926958143711" lon="10.997188976034522">
        <ele>393.500945</ele>
        <time>2026-09-16T16:16:10Z</time>
      </trkpt>
      <trkpt lat="46.078893011435866" lon="10.996984960511327">
        <ele>394.52980500000001</ele>
        <time>2026-09-16T16:16:17Z</time>
      </trkpt>
      <trkpt lat="46.078814975917339" lon="10.996734006330371">
        <ele>395.87854900000002</ele>
        <time>2026-09-16T16:16:25Z</time>
      </trkpt>
      <trkpt lat="46.07857902534306" lon="10.996312983334064">
        <ele>398.53295400000002</ele>
        <time>2026-09-16T16:16:44Z</time>
      </trkpt>
      <trkpt lat="46.078029004856944" lon="10.995342023670673">
        <ele>404.743403</ele>
        <time>2026-09-16T16:17:28Z</time>
      </trkpt>
      <trkpt lat="46.077919034287333" lon="10.995158040896058">
        <ele>406.27292699999998</ele>
        <time>2026-09-16T16:17:37Z</time>
      </trkpt>
      <trkpt lat="46.077573029324412" lon="10.994580024853349">
        <ele>411.08034600000002</ele>
        <time>2026-09-16T16:18:05Z</time>
      </trkpt>
      <trkpt lat="46.077500022947788" lon="10.994452033191919">
        <ele>412.12377900000001</ele>
        <time>2026-09-16T16:18:12Z</time>
      </trkpt>
      <trkpt lat="46.077456017956138" lon="10.994300991296768">
        <ele>413.15509300000002</ele>
        <time>2026-09-16T16:18:19Z</time>
      </trkpt>
      <trkpt lat="46.07748300768435" lon="10.994202001020312">
        <ele>413.82493599999998</ele>
        <time>2026-09-16T16:18:24Z</time>
      </trkpt>
      <trkpt lat="46.077542016282678" lon="10.994108961895108">
        <ele>414.61851999999999</ele>
        <time>2026-09-16T16:18:29Z</time>
      </trkpt>
      <trkpt lat="46.077618040144444" lon="10.994070991873741">
        <ele>415.348726</ele>
        <time>2026-09-16T16:18:35Z</time>
      </trkpt>
      <trkpt lat="46.077696997672319" lon="10.994087001308799">
        <ele>416.07288899999998</ele>
        <time>2026-09-16T16:18:40Z</time>
      </trkpt>
      <trkpt lat="46.07804199680686" lon="10.994422025978565">
        <ele>419.84879599999999</ele>
        <time>2026-09-16T16:19:05Z</time>
      </trkpt>
      <trkpt lat="46.078096982091665" lon="10.994430994614959">
        <ele>420.35126300000002</ele>
        <time>2026-09-16T16:19:09Z</time>
      </trkpt>
      <trkpt lat="46.078197984024882" lon="10.994424959644675">
        <ele>421.32334600000002</ele>
        <time>2026-09-16T16:19:15Z</time>
      </trkpt>
      <trkpt lat="46.078293034806848" lon="10.994370980188251">
        <ele>422.35492799999997</ele>
        <time>2026-09-16T16:19:22Z</time>
      </trkpt>
      <trkpt lat="46.078435024246573" lon="10.994203006848693">
        <ele>424.21061500000002</ele>
        <time>2026-09-16T16:19:33Z</time>
      </trkpt>
      <trkpt lat="46.078479029238224" lon="10.994097981601954">
        <ele>425.070223</ele>
        <time>2026-09-16T16:19:38Z</time>
      </trkpt>
      <trkpt lat="46.078516999259591" lon="10.993964038789272">
        <ele>426.08464500000002</ele>
        <time>2026-09-16T16:19:44Z</time>
      </trkpt>
      <trkpt lat="46.078597968444228" lon="10.993549972772598">
        <ele>429.09887800000001</ele>
        <time>2026-09-16T16:20:01Z</time>
      </trkpt>
      <trkpt lat="46.078712968155742" lon="10.993370013311505">
        <ele>430.81366800000001</ele>
        <time>2026-09-16T16:20:11Z</time>
      </trkpt>
      <trkpt lat="46.078766025602818" lon="10.993322990834713">
        <ele>431.442252</ele>
        <time>2026-09-16T16:20:16Z</time>
      </trkpt>
      <trkpt lat="46.078869961202145" lon="10.993283009156585">
        <ele>432.52959099999998</ele>
        <time>2026-09-16T16:20:22Z</time>
      </trkpt>
      <trkpt lat="46.07905201613903" lon="10.993305975571275">
        <ele>434.37517700000001</ele>
        <time>2026-09-16T16:20:34Z</time>
      </trkpt>
      <trkpt lat="46.079198028892279" lon="10.993432961404324">
        <ele>436.097734</ele>
        <time>2026-09-16T16:20:45Z</time>
      </trkpt>
      <trkpt lat="46.079903030768037" lon="10.994490003213286">
        <ele>446.22103199999998</ele>
        <time>2026-09-16T16:21:54Z</time>
      </trkpt>
      <trkpt lat="46.080092964693904" lon="10.994817987084389">
        <ele>449.15411899999998</ele>
        <time>2026-09-16T16:22:13Z</time>
      </trkpt>
      <trkpt lat="46.080166976898909" lon="10.99507799372077">
        <ele>451.08306800000003</ele>
        <time>2026-09-16T16:22:25Z</time>
      </trkpt>
      <trkpt lat="46.080301003530622" lon="10.99563698284328">
        <ele>455.14252900000002</ele>
        <time>2026-09-16T16:22:48Z</time>
      </trkpt>
      <trkpt lat="46.080730995163321" lon="10.996320024132729">
        <ele>459.517245</ele>
        <time>2026-09-16T16:23:22Z</time>
      </trkpt>
      <trkpt lat="46.080884970724583" lon="10.99645497277379">
        <ele>460.56155799999999</ele>
        <time>2026-09-16T16:23:31Z</time>
      </trkpt>
      <trkpt lat="46.081078005954623" lon="10.99651699885726">
        <ele>461.70725900000002</ele>
        <time>2026-09-16T16:23:41Z</time>
      </trkpt>
      <trkpt lat="46.081466004252434" lon="10.996530996635556">
        <ele>463.95609899999999</ele>
        <time>2026-09-16T16:23:57Z</time>
      </trkpt>
      <trkpt lat="46.081696003675461" lon="10.996483974158764">
        <ele>465.30207799999999</ele>
        <time>2026-09-16T16:24:06Z</time>
      </trkpt>
      <trkpt lat="46.081809997558594" lon="10.996360005810857">
        <ele>466.129524</ele>
        <time>2026-09-16T16:24:10Z</time>
      </trkpt>
      <trkpt lat="46.08184402808547" lon="10.99627903662622">
        <ele>466.51003100000003</ele>
        <time>2026-09-16T16:24:12Z</time>
      </trkpt>
      <trkpt lat="46.081873029470444" lon="10.996120031923056">
        <ele>467.17077599999999</ele>
        <time>2026-09-16T16:24:15Z</time>
      </trkpt>
      <trkpt lat="46.081863977015018" lon="10.995964966714382">
        <ele>467.67514999999997</ele>
        <time>2026-09-16T16:24:18Z</time>
      </trkpt>
      <trkpt lat="46.081753000617027" lon="10.99570102058351">
        <ele>468.67459000000002</ele>
        <time>2026-09-16T16:24:23Z</time>
      </trkpt>
      <trkpt lat="46.081506991758943" lon="10.9953130222857">
        <ele>470.376396</ele>
        <time>2026-09-16T16:24:33Z</time>
      </trkpt>
      <trkpt lat="46.081463992595673" lon="10.995072964578867">
        <ele>471.17888399999998</ele>
        <time>2026-09-16T16:24:38Z</time>
      </trkpt>
      <trkpt lat="46.08148000203073" lon="10.994881018996239">
        <ele>471.80494299999998</ele>
        <time>2026-09-16T16:24:42Z</time>
      </trkpt>
      <trkpt lat="46.081571029499173" lon="10.994620006531477">
        <ele>472.75065599999999</ele>
        <time>2026-09-16T16:24:49Z</time>
      </trkpt>
      <trkpt lat="46.081743026152253" lon="10.994406016543508">
        <ele>473.811058</ele>
        <time>2026-09-16T16:24:59Z</time>
      </trkpt>
      <trkpt lat="46.081870011985302" lon="10.994349019601941">
        <ele>474.431872</ele>
        <time>2026-09-16T16:25:05Z</time>
      </trkpt>
      <trkpt lat="46.08205902390182" lon="10.994342984631658">
        <ele>475.31421699999999</ele>
        <time>2026-09-16T16:25:15Z</time>
      </trkpt>
      <trkpt lat="46.082430006936193" lon="10.994449015706778">
        <ele>478.62605300000001</ele>
        <time>2026-09-16T16:25:39Z</time>
      </trkpt>
      <trkpt lat="46.082527991384268" lon="10.994527973234653">
        <ele>479.68698799999999</ele>
        <time>2026-09-16T16:25:47Z</time>
      </trkpt>
      <trkpt lat="46.082697976380587" lon="10.994732994586229">
        <ele>481.78116</ele>
        <time>2026-09-16T16:26:02Z</time>
      </trkpt>
      <trkpt lat="46.08276997692883" lon="10.994870038703084">
        <ele>482.90769799999998</ele>
        <time>2026-09-16T16:26:10Z</time>
      </trkpt>
      <trkpt lat="46.082996958866715" lon="10.995520977303386">
        <ele>487.68319100000002</ele>
        <time>2026-09-16T16:26:43Z</time>
      </trkpt>
      <trkpt lat="46.08307097107172" lon="10.995789030566812">
        <ele>489.57373000000001</ele>
        <time>2026-09-16T16:26:55Z</time>
      </trkpt>
      <trkpt lat="46.083140037953854" lon="10.996266966685653">
        <ele>492.64843400000001</ele>
        <time>2026-09-16T16:27:14Z</time>
      </trkpt>
      <trkpt lat="46.083206003531814" lon="10.996406022459269">
        <ele>493.08852300000001</ele>
        <time>2026-09-16T16:27:20Z</time>
      </trkpt>
      <trkpt lat="46.083325026556849" lon="10.996507024392486">
        <ele>493.608655</ele>
        <time>2026-09-16T16:27:27Z</time>
      </trkpt>
      <trkpt lat="46.083504986017942" lon="10.996513981372118">
        <ele>494.28689600000001</ele>
        <time>2026-09-16T16:27:35Z</time>
      </trkpt>
      <trkpt lat="46.083603976294398" lon="10.996466958895326">
        <ele>494.67948999999999</ele>
        <time>2026-09-16T16:27:39Z</time>
      </trkpt>
      <trkpt lat="46.083672037348151" lon="10.996384983882308">
        <ele>495.01340299999998</ele>
        <time>2026-09-16T16:27:42Z</time>
      </trkpt>
      <trkpt lat="46.083725010976195" lon="10.996264033019543">
        <ele>495.38728099999997</ele>
        <time>2026-09-16T16:27:46Z</time>
      </trkpt>
      <trkpt lat="46.083773961290717" lon="10.996074015274644">
        <ele>495.91686900000002</ele>
        <time>2026-09-16T16:27:50Z</time>
      </trkpt>
      <trkpt lat="46.083824001252651" lon="10.995589038357139">
        <ele>497.19788</ele>
        <time>2026-09-16T16:27:59Z</time>
      </trkpt>
      <trkpt lat="46.083830036222935" lon="10.995318973436952">
        <ele>497.90363300000001</ele>
        <time>2026-09-16T16:28:02Z</time>
      </trkpt>
      <trkpt lat="46.083812015131116" lon="10.995173966512084">
        <ele>498.28847300000001</ele>
        <time>2026-09-16T16:28:04Z</time>
      </trkpt>
      <trkpt lat="46.08371302485466" lon="10.994742969051003">
        <ele>499.62062900000001</ele>
        <time>2026-09-16T16:28:09Z</time>
      </trkpt>
      <trkpt lat="46.083386968821287" lon="10.993920033797622">
        <ele>504.78702500000003</ele>
        <time>2026-09-16T16:28:30Z</time>
      </trkpt>
      <trkpt lat="46.083362996578217" lon="10.993836969137192">
        <ele>505.277219</ele>
        <time>2026-09-16T16:28:33Z</time>
      </trkpt>
      <trkpt lat="46.083310022950172" lon="10.993653992190957">
        <ele>506.35826500000002</ele>
        <time>2026-09-16T16:28:39Z</time>
      </trkpt>
      <trkpt lat="46.083310022950172" lon="10.993455005809665">
        <ele>507.44306</ele>
        <time>2026-09-16T16:28:47Z</time>
      </trkpt>
      <trkpt lat="46.083345981314778" lon="10.993304969742894">
        <ele>508.308311</ele>
        <time>2026-09-16T16:28:53Z</time>
      </trkpt>
      <trkpt lat="46.083663990721107" lon="10.99271303974092">
        <ele>512.39002900000003</ele>
        <time>2026-09-16T16:29:30Z</time>
      </trkpt>
      <trkpt lat="46.083927014842629" lon="10.992339961230755">
        <ele>516.48343999999997</ele>
        <time>2026-09-16T16:30:05Z</time>
      </trkpt>
      <trkpt lat="46.08427201397717" lon="10.992066962644458">
        <ele>521.61301000000003</ele>
        <time>2026-09-16T16:30:42Z</time>
      </trkpt>
      <trkpt lat="46.084323981776834" lon="10.992029998451471">
        <ele>522.36883499999999</ele>
        <time>2026-09-16T16:30:47Z</time>
      </trkpt>
      <trkpt lat="46.084521040320396" lon="10.991892032325268">
        <ele>525.22360800000001</ele>
        <time>2026-09-16T16:31:07Z</time>
      </trkpt>
      <trkpt lat="46.084683984518051" lon="10.991748031228781">
        <ele>527.71530399999995</ele>
        <time>2026-09-16T16:31:23Z</time>
      </trkpt>
      <trkpt lat="46.084817005321383" lon="10.991646023467183">
        <ele>529.67884500000002</ele>
        <time>2026-09-16T16:31:35Z</time>
      </trkpt>
      <trkpt lat="46.084922030568123" lon="10.991587014868855">
        <ele>531.14769999999999</ele>
        <time>2026-09-16T16:31:43Z</time>
      </trkpt>
      <trkpt lat="46.084976010024548" lon="10.991534041240811">
        <ele>531.99915499999997</ele>
        <time>2026-09-16T16:31:47Z</time>
      </trkpt>
      <trkpt lat="46.085057985037565" lon="10.991390040144324">
        <ele>533.68351299999995</ele>
        <time>2026-09-16T16:31:56Z</time>
      </trkpt>
      <trkpt lat="46.085082963109016" lon="10.991148976609111">
        <ele>535.88647500000002</ele>
        <time>2026-09-16T16:32:06Z</time>
      </trkpt>
      <trkpt lat="46.085059996694326" lon="10.991016961634159">
        <ele>536.97181799999998</ele>
        <time>2026-09-16T16:32:12Z</time>
      </trkpt>
      <trkpt lat="46.085019009187818" lon="10.990901039913297">
        <ele>537.28163700000005</ele>
        <time>2026-09-16T16:32:16Z</time>
      </trkpt>
      <trkpt lat="46.08498003333807" lon="10.990857034921646">
        <ele>537.45154200000002</ele>
        <time>2026-09-16T16:32:18Z</time>
      </trkpt>
      <trkpt lat="46.084703011438251" lon="10.990680009126663">
        <ele>538.49107500000002</ele>
        <time>2026-09-16T16:32:29Z</time>
      </trkpt>
      <trkpt lat="46.084648026153445" lon="10.990647990256548">
        <ele>538.69456400000001</ele>
        <time>2026-09-16T16:32:30Z</time>
      </trkpt>
      <trkpt lat="46.084314007312059" lon="10.990465013310313">
        <ele>539.92046400000004</ele>
        <time>2026-09-16T16:32:38Z</time>
      </trkpt>
      <trkpt lat="46.083594001829624" lon="10.99043601192534">
        <ele>542.39172199999996</ele>
        <time>2026-09-16T16:32:53Z</time>
      </trkpt>
      <trkpt lat="46.083511020988226" lon="10.990427965298295">
        <ele>542.67712700000004</ele>
        <time>2026-09-16T16:32:55Z</time>
      </trkpt>
      <trkpt lat="46.083471961319447" lon="10.990389995276928">
        <ele>542.83862699999997</ele>
        <time>2026-09-16T16:32:56Z</time>
      </trkpt>
      <trkpt lat="46.083416976034641" lon="10.990188997238874">
        <ele>543.69838400000003</ele>
        <time>2026-09-16T16:33:01Z</time>
      </trkpt>
      <trkpt lat="46.083407001569867" lon="10.990055976435542">
        <ele>544.43700699999999</ele>
        <time>2026-09-16T16:33:04Z</time>
      </trkpt>
      <trkpt lat="46.083409013226628" lon="10.989933013916016">
        <ele>545.11630300000002</ele>
        <time>2026-09-16T16:33:07Z</time>
      </trkpt>
      <trkpt lat="46.083441032096744" lon="10.989819020032883">
        <ele>545.79530999999997</ele>
        <time>2026-09-16T16:33:11Z</time>
      </trkpt>
      <trkpt lat="46.083531975746155" lon="10.989739978685975">
        <ele>546.64086299999997</ele>
        <time>2026-09-16T16:33:16Z</time>
      </trkpt>
      <trkpt lat="46.083772033452988" lon="10.989634031429887">
        <ele>548.63892199999998</ele>
        <time>2026-09-16T16:33:30Z</time>
      </trkpt>
      <trkpt lat="46.083922991529107" lon="10.989572005346417">
        <ele>549.88869099999999</ele>
        <time>2026-09-16T16:33:39Z</time>
      </trkpt>
      <trkpt lat="46.084277965128422" lon="10.989403026178479">
        <ele>552.86459200000002</ele>
        <time>2026-09-16T16:34:03Z</time>
      </trkpt>
      <trkpt lat="46.084425989538431" lon="10.98925600759685">
        <ele>554.29519000000005</ele>
        <time>2026-09-16T16:34:15Z</time>
      </trkpt>
      <trkpt lat="46.084512993693352" lon="10.989113012328744">
        <ele>555.34539700000005</ele>
        <time>2026-09-16T16:34:23Z</time>
      </trkpt>
      <trkpt lat="46.084591029211879" lon="10.988873038440943">
        <ele>556.80871400000001</ele>
        <time>2026-09-16T16:34:35Z</time>
      </trkpt>
      <trkpt lat="46.084606032818556" lon="10.988716967403889">
        <ele>557.76788999999997</ele>
        <time>2026-09-16T16:34:41Z</time>
      </trkpt>
      <trkpt lat="46.084592035040259" lon="10.988541031256318">
        <ele>559.07098800000006</ele>
        <time>2026-09-16T16:34:48Z</time>
      </trkpt>
      <trkpt lat="46.084513999521732" lon="10.988256968557835">
        <ele>561.31783900000005</ele>
        <time>2026-09-16T16:35:00Z</time>
      </trkpt>
      <trkpt lat="46.084385002031922" lon="10.987953040748835">
        <ele>563.93929200000002</ele>
        <time>2026-09-16T16:35:16Z</time>
      </trkpt>
      <trkpt lat="46.084252987056971" lon="10.987352980300784">
        <ele>568.56945700000006</ele>
        <time>2026-09-16T16:35:43Z</time>
      </trkpt>
      <trkpt lat="46.084261033684015" lon="10.987227000296116">
        <ele>569.50016200000005</ele>
        <time>2026-09-16T16:35:48Z</time>
      </trkpt>
      <trkpt lat="46.084302021190524" lon="10.987090962007642">
        <ele>570.590959</ele>
        <time>2026-09-16T16:35:55Z</time>
      </trkpt>
      <trkpt lat="46.084575019776821" lon="10.986825004220009">
        <ele>574.08535199999994</ele>
        <time>2026-09-16T16:36:17Z</time>
      </trkpt>
      <trkpt lat="46.084648026153445" lon="10.986549993976951">
        <ele>576.25127099999997</ele>
        <time>2026-09-16T16:36:32Z</time>
      </trkpt>
      <trkpt lat="46.084796972572803" lon="10.985547015443444">
        <ele>586.13167799999997</ele>
        <time>2026-09-16T16:37:27Z</time>
      </trkpt>
      <trkpt lat="46.084782974794507" lon="10.985166979953647">
        <ele>589.824657</ele>
        <time>2026-09-16T16:37:46Z</time>
      </trkpt>
      <trkpt lat="46.084665041416883" lon="10.984584018588066">
        <ele>595.71847400000001</ele>
        <time>2026-09-16T16:38:18Z</time>
      </trkpt>
      <trkpt lat="46.084537971764803" lon="10.984200965613127">
        <ele>599.83830799999998</ele>
        <time>2026-09-16T16:38:44Z</time>
      </trkpt>
      <trkpt lat="46.084236977621913" lon="10.983622027561069">
        <ele>605.965869</ele>
        <time>2026-09-16T16:39:35Z</time>
      </trkpt>
      <trkpt lat="46.083946963772178" lon="10.983242997899652">
        <ele>610.50216699999999</ele>
        <time>2026-09-16T16:40:18Z</time>
      </trkpt>
      <trkpt lat="46.083356961607933" lon="10.982642015442252">
        <ele>618.87454700000001</ele>
        <time>2026-09-16T16:41:19Z</time>
      </trkpt>
      <trkpt lat="46.083023026585579" lon="10.982484016567469">
        <ele>622.109736</ele>
        <time>2026-09-16T16:41:24Z</time>
      </trkpt>
      <trkpt lat="46.08274600468576" lon="10.982408998534083">
        <ele>619.32881799999996</ele>
        <time>2026-09-16T16:41:27Z</time>
      </trkpt>
      <trkpt lat="46.08274600468576" lon="10.982405981048942">
        <ele>619.30828599999995</ele>
        <time>2026-09-16T16:41:27Z</time>
      </trkpt>
      <trkpt lat="46.08272697776556" lon="10.982397012412548">
        <ele>619.11095599999999</ele>
        <time>2026-09-16T16:41:28Z</time>
      </trkpt>
      <trkpt lat="46.082249041646719" lon="10.982132982462645">
        <ele>605.66108199999996</ele>
        <time>2026-09-16T16:41:57Z</time>
      </trkpt>
      <trkpt lat="46.08149902895093" lon="10.982046984136105">
        <ele>605.03757199999995</ele>
        <time>2026-09-16T16:41:59Z</time>
      </trkpt>
      <trkpt lat="46.081442032009363" lon="10.982042960822582">
        <ele>604.91455699999995</ele>
        <time>2026-09-16T16:41:59Z</time>
      </trkpt>
      <trkpt lat="46.080758990719914" lon="10.981896026059985">
        <ele>609.04858899999999</ele>
        <time>2026-09-16T16:42:12Z</time>
      </trkpt>
      <trkpt lat="46.078760996460915" lon="10.980690959841013">
        <ele>630.733474</ele>
        <time>2026-09-16T16:44:59Z</time>
      </trkpt>
      <trkpt lat="46.07860098592937" lon="10.980571014806628">
        <ele>633.26197100000002</ele>
        <time>2026-09-16T16:45:15Z</time>
      </trkpt>
      <trkpt lat="46.078433012589812" lon="10.980370016768575">
        <ele>636.32268999999997</ele>
        <time>2026-09-16T16:45:34Z</time>
      </trkpt>
      <trkpt lat="46.078225979581475" lon="10.980029962956905">
        <ele>640.72203300000001</ele>
        <time>2026-09-16T16:45:59Z</time>
      </trkpt>
      <trkpt lat="46.078095976263285" lon="10.979895014315844">
        <ele>642.835014</ele>
        <time>2026-09-16T16:46:11Z</time>
      </trkpt>
      <trkpt lat="46.077497005462646" lon="10.979551021009684">
        <ele>651.33623799999998</ele>
        <time>2026-09-16T16:47:13Z</time>
      </trkpt>
      <trkpt lat="46.077356021851301" lon="10.979425041005015">
        <ele>653.52348099999995</ele>
        <time>2026-09-16T16:47:28Z</time>
      </trkpt>
      <trkpt lat="46.077261976897717" lon="10.979296965524554">
        <ele>655.22833500000002</ele>
        <time>2026-09-16T16:47:39Z</time>
      </trkpt>
      <trkpt lat="46.077191988006234" lon="10.979139972478151">
        <ele>656.93528600000002</ele>
        <time>2026-09-16T16:47:48Z</time>
      </trkpt>
      <trkpt lat="46.077147983014584" lon="10.978924976661801">
        <ele>658.98547499999995</ele>
        <time>2026-09-16T16:47:59Z</time>
      </trkpt>
      <trkpt lat="46.077135996893048" lon="10.978619959205389">
        <ele>661.77950399999997</ele>
        <time>2026-09-16T16:48:13Z</time>
      </trkpt>
      <trkpt lat="46.077092997729778" lon="10.978409992530942">
        <ele>663.78210300000001</ele>
        <time>2026-09-16T16:48:21Z</time>
      </trkpt>
      <trkpt lat="46.076994007453322" lon="10.978289041668177">
        <ele>664.72194300000001</ele>
        <time>2026-09-16T16:48:28Z</time>
      </trkpt>
      <trkpt lat="46.076867021620274" lon="10.978218968957663">
        <ele>665.19415000000004</ele>
        <time>2026-09-16T16:48:34Z</time>
      </trkpt>
      <trkpt lat="46.0762819647789" lon="10.977974971756339">
        <ele>667.30916400000001</ele>
        <time>2026-09-16T16:48:58Z</time>
      </trkpt>
      <trkpt lat="46.075861025601625" lon="10.977886039763689">
        <ele>668.78691900000001</ele>
        <time>2026-09-16T16:49:05Z</time>
      </trkpt>
      <trkpt lat="46.075660027563572" lon="10.977795012295246">
        <ele>669.51860199999999</ele>
        <time>2026-09-16T16:49:08Z</time>
      </trkpt>
      <trkpt lat="46.075544022023678" lon="10.977741032838821">
        <ele>669.94195100000002</ele>
        <time>2026-09-16T16:49:10Z</time>
      </trkpt>
      <trkpt lat="46.07509802095592" lon="10.977314980700612">
        <ele>672.77698999999996</ele>
        <time>2026-09-16T16:49:23Z</time>
      </trkpt>
      <trkpt lat="46.073777033016086" lon="10.976720033213496">
        <ele>681.82384000000002</ele>
        <time>2026-09-16T16:50:31Z</time>
      </trkpt>
      <trkpt lat="46.073655998334289" lon="10.976543007418513">
        <ele>683.62738100000001</ele>
        <time>2026-09-16T16:50:42Z</time>
      </trkpt>
      <trkpt lat="46.073586009442806" lon="10.976312002167106">
        <ele>686.31547899999998</ele>
        <time>2026-09-16T16:50:55Z</time>
      </trkpt>
      <trkpt lat="46.073553990572691" lon="10.976016037166119">
        <ele>689.51007200000004</ele>
        <time>2026-09-16T16:51:12Z</time>
      </trkpt>
      <trkpt lat="46.073160963132977" lon="10.975110037252307">
        <ele>700.90474099999994</ele>
        <time>2026-09-16T16:52:25Z</time>
      </trkpt>
      <trkpt lat="46.07292803004384" lon="10.974249970167875">
        <ele>710.74024499999996</ele>
        <time>2026-09-16T16:53:26Z</time>
      </trkpt>
      <trkpt lat="46.07284395955503" lon="10.974088031798601">
        <ele>712.86380999999994</ele>
        <time>2026-09-16T16:53:38Z</time>
      </trkpt>
      <trkpt lat="46.072706999257207" lon="10.973988035693765">
        <ele>715.18797800000004</ele>
        <time>2026-09-16T16:53:51Z</time>
      </trkpt>
      <trkpt lat="46.072603985667229" lon="10.973978983238339">
        <ele>716.74973299999999</ele>
        <time>2026-09-16T16:54:00Z</time>
      </trkpt>
      <trkpt lat="46.071915999054909" lon="10.974124995991588">
        <ele>727.27477099999999</ele>
        <time>2026-09-16T16:55:02Z</time>
      </trkpt>
      <trkpt lat="46.071731010451913" lon="10.974110998213291">
        <ele>730.07858099999999</ele>
        <time>2026-09-16T16:55:17Z</time>
      </trkpt>
      <trkpt lat="46.071436973288655" lon="10.973946964368224">
        <ele>734.84981800000003</ele>
        <time>2026-09-16T16:55:44Z</time>
      </trkpt>
      <trkpt lat="46.071199011057615" lon="10.973686035722494">
        <ele>738.47440400000005</ele>
        <time>2026-09-16T16:56:07Z</time>
      </trkpt>
      <trkpt lat="46.071118963882327" lon="10.973643036559224">
        <ele>739.19987800000001</ele>
        <time>2026-09-16T16:56:14Z</time>
      </trkpt>
      <trkpt lat="46.07050197198987" lon="10.973606994375587">
        <ele>744.44675099999995</ele>
        <time>2026-09-16T16:56:58Z</time>
      </trkpt>
      <trkpt lat="46.070343973115087" lon="10.973646976053715">
        <ele>745.80980999999997</ele>
        <time>2026-09-16T16:57:07Z</time>
      </trkpt>
      <trkpt lat="46.069841980934143" lon="10.973862977698445">
        <ele>750.26124500000003</ele>
        <time>2026-09-16T16:57:29Z</time>
      </trkpt>
      <trkpt lat="46.068992977961898" lon="10.974061964079738">
        <ele>752.49709800000005</ele>
        <time>2026-09-16T16:57:53Z</time>
      </trkpt>
      <trkpt lat="46.068773036822677" lon="10.974014019593596">
        <ele>752.45666600000004</ele>
        <time>2026-09-16T16:57:58Z</time>
      </trkpt>
      <trkpt lat="46.06845997273922" lon="10.973821990191936">
        <ele>752.39485300000001</ele>
        <time>2026-09-16T16:58:03Z</time>
      </trkpt>
      <trkpt lat="46.06828797608614" lon="10.973773961886764">
        <ele>752.36301700000001</ele>
        <time>2026-09-16T16:58:06Z</time>
      </trkpt>
      <trkpt lat="46.06710503809154" lon="10.973869012668729">
        <ele>749.53227300000003</ele>
        <time>2026-09-16T16:58:20Z</time>
      </trkpt>
      <trkpt lat="46.067010993137956" lon="10.97382802516222">
        <ele>749.15192000000002</ele>
        <time>2026-09-16T16:58:21Z</time>
      </trkpt>
      <trkpt lat="46.066896999254823" lon="10.973768010735512">
        <ele>748.68189800000005</ele>
        <time>2026-09-16T16:58:23Z</time>
      </trkpt>
      <trkpt lat="46.066456027328968" lon="10.973171973600984">
        <ele>746.34057399999995</ele>
        <time>2026-09-16T16:58:30Z</time>
      </trkpt>
      <trkpt lat="46.066020000725985" lon="10.972208976745605">
        <ele>745.64311099999998</ele>
        <time>2026-09-16T16:58:42Z</time>
      </trkpt>
      <trkpt lat="46.065889997407794" lon="10.971754007041454">
        <ele>745.85655599999996</ele>
        <time>2026-09-16T16:58:49Z</time>
      </trkpt>
      <trkpt lat="46.065787989646196" lon="10.971286967396736">
        <ele>746.06892800000003</ele>
        <time>2026-09-16T16:58:57Z</time>
      </trkpt>
      <trkpt lat="46.065593026578426" lon="10.970816994085908">
        <ele>746.30646999999999</ele>
        <time>2026-09-16T16:59:06Z</time>
      </trkpt>
      <trkpt lat="46.065339976921678" lon="10.96964000724256">
        <ele>747.92411100000004</ele>
        <time>2026-09-16T16:59:32Z</time>
      </trkpt>
      <trkpt lat="46.065336959436536" lon="10.969498017802835">
        <ele>748.15018499999996</ele>
        <time>2026-09-16T16:59:34Z</time>
      </trkpt>
      <trkpt lat="46.065410971641541" lon="10.969319986179471">
        <ele>748.48039800000004</ele>
        <time>2026-09-16T16:59:38Z</time>
      </trkpt>
      <trkpt lat="46.065683970227838" lon="10.969186965376139">
        <ele>749.14133500000003</ele>
        <time>2026-09-16T16:59:44Z</time>
      </trkpt>
      <trkpt lat="46.065799975767732" lon="10.969086969271302">
        <ele>749.45134399999995</ele>
        <time>2026-09-16T16:59:47Z</time>
      </trkpt>
      <trkpt lat="46.06588396243751" lon="10.968950008973479">
        <ele>749.74228300000004</ele>
        <time>2026-09-16T16:59:50Z</time>
      </trkpt>
      <trkpt lat="46.065935008227825" lon="10.968782035633922">
        <ele>750.03409399999998</ele>
        <time>2026-09-16T16:59:53Z</time>
      </trkpt>
      <trkpt lat="46.065971972420812" lon="10.968483975157142">
        <ele>750.51584100000002</ele>
        <time>2026-09-16T17:00:00Z</time>
      </trkpt>
      <trkpt lat="46.065927967429161" lon="10.968254981562495">
        <ele>750.51951599999995</ele>
        <time>2026-09-16T17:00:06Z</time>
      </trkpt>
      <trkpt lat="46.065711965784431" lon="10.967891961336136">
        <ele>750.42645900000002</ele>
        <time>2026-09-16T17:00:18Z</time>
      </trkpt>
      <trkpt lat="46.065608030185103" lon="10.967646036297083">
        <ele>750.37040200000001</ele>
        <time>2026-09-16T17:00:24Z</time>
      </trkpt>
      <trkpt lat="46.065594032406807" lon="10.967332972213626">
        <ele>750.30936799999995</ele>
        <time>2026-09-16T17:00:30Z</time>
      </trkpt>
      <trkpt lat="46.065655974671245" lon="10.967077994719148">
        <ele>750.25678800000003</ele>
        <time>2026-09-16T17:00:34Z</time>
      </trkpt>
      <trkpt lat="46.065676007419825" lon="10.966816982254386">
        <ele>750.20569</ele>
        <time>2026-09-16T17:00:37Z</time>
      </trkpt>
      <trkpt lat="46.065654968842864" lon="10.966533003374934">
        <ele>750.15011200000004</ele>
        <time>2026-09-16T17:00:40Z</time>
      </trkpt>
      <trkpt lat="46.065555978566408" lon="10.966023970395327">
        <ele>749.63203699999997</ele>
        <time>2026-09-16T17:00:45Z</time>
      </trkpt>
      <trkpt lat="46.065337965264916" lon="10.96534101292491">
        <ele>742.43790799999999</ele>
        <time>2026-09-16T17:00:50Z</time>
      </trkpt>
      <trkpt lat="46.065017022192478" lon="10.964530985802412">
        <ele>733.51162799999997</ele>
        <time>2026-09-16T17:00:57Z</time>
      </trkpt>
      <trkpt lat="46.064791968092322" lon="10.964071992784739">
        <ele>728.13374399999998</ele>
        <time>2026-09-16T17:01:00Z</time>
      </trkpt>
      <trkpt lat="46.064594993367791" lon="10.963741997256875">
        <ele>725.15605600000004</ele>
        <time>2026-09-16T17:01:03Z</time>
      </trkpt>
      <trkpt lat="46.064526010304689" lon="10.963479978963733">
        <ele>724.96042699999998</ele>
        <time>2026-09-16T17:01:05Z</time>
      </trkpt>
      <trkpt lat="46.064497008919716" lon="10.963130034506321">
        <ele>724.71436400000005</ele>
        <time>2026-09-16T17:01:09Z</time>
      </trkpt>
      <trkpt lat="46.064542019739747" lon="10.96261203289032">
        <ele>724.34993599999996</ele>
        <time>2026-09-16T17:01:20Z</time>
      </trkpt>
      <trkpt lat="46.064642015844584" lon="10.961906025186181">
        <ele>723.84692800000005</ele>
        <time>2026-09-16T17:01:43Z</time>
      </trkpt>
      <trkpt lat="46.064740000292659" lon="10.961417024955153">
        <ele>723.49161500000002</ele>
        <time>2026-09-16T17:01:54Z</time>
      </trkpt>
      <trkpt lat="46.064810995012522" lon="10.961196999996901">
        <ele>722.96300799999995</ele>
        <time>2026-09-16T17:02:03Z</time>
      </trkpt>
      <trkpt lat="46.064847959205508" lon="10.960933975875378">
        <ele>722.203934</ele>
        <time>2026-09-16T17:02:13Z</time>
      </trkpt>
      <trkpt lat="46.064516035839915" lon="10.959998974576592">
        <ele>719.23292600000002</ele>
        <time>2026-09-16T17:02:20Z</time>
      </trkpt>
      <trkpt lat="46.064488040283322" lon="10.95994901843369">
        <ele>719.05117499999994</ele>
        <time>2026-09-16T17:02:21Z</time>
      </trkpt>
      <trkpt lat="46.064269607886672" lon="10.95951559022069">
        <ele>716.79834800000003</ele>
        <time>2026-09-16T17:02:32Z</time>
      </trkpt>
      <trkpt lat="46.064209006726742" lon="10.95896003767848">
        <ele>717.83868900000004</ele>
        <time>2026-09-16T17:02:40Z</time>
      </trkpt>
      <trkpt lat="46.064192997291684" lon="10.958654014393687">
        <ele>719.77548000000002</ele>
        <time>2026-09-16T17:03:00Z</time>
      </trkpt>
      <trkpt lat="46.064245970919728" lon="10.958498027175665">
        <ele>720.87176699999998</ele>
        <time>2026-09-16T17:03:07Z</time>
      </trkpt>
      <trkpt lat="46.064286958426237" lon="10.958442036062479">
        <ele>721.38558899999998</ele>
        <time>2026-09-16T17:03:09Z</time>
      </trkpt>
      <trkpt lat="46.064554005861282" lon="10.958346985280514">
        <ele>723.88721999999996</ele>
        <time>2026-09-16T17:03:13Z</time>
      </trkpt>
      <trkpt lat="46.064689960330725" lon="10.958218993619084">
        <ele>725.36473599999999</ele>
        <time>2026-09-16T17:03:24Z</time>
      </trkpt>
      <trkpt lat="46.064822981134057" lon="10.957853039726615">
        <ele>727.97235000000001</ele>
        <time>2026-09-16T17:03:53Z</time>
      </trkpt>
      <trkpt lat="46.064910991117358" lon="10.957447020336986">
        <ele>730.65690300000006</ele>
        <time>2026-09-16T17:04:26Z</time>
      </trkpt>
      <trkpt lat="46.064967988058925" lon="10.957232024520636">
        <ele>732.10953800000004</ele>
        <time>2026-09-16T17:04:40Z</time>
      </trkpt>
      <trkpt lat="46.065103020519018" lon="10.957003030925989">
        <ele>732.648911</ele>
        <time>2026-09-16T17:04:54Z</time>
      </trkpt>
      <trkpt lat="46.0654959641397" lon="10.956659037619829">
        <ele>733.14021700000001</ele>
        <time>2026-09-16T17:05:06Z</time>
      </trkpt>
      <trkpt lat="46.065562013536692" lon="10.956569015979767">
        <ele>733.237302</ele>
        <time>2026-09-16T17:05:07Z</time>
      </trkpt>
      <trkpt lat="46.065581040456891" lon="10.956497015431523">
        <ele>733.29441099999997</ele>
        <time>2026-09-16T17:05:08Z</time>
      </trkpt>
      <trkpt lat="46.065591014921665" lon="10.956367012113333">
        <ele>733.39138000000003</ele>
        <time>2026-09-16T17:05:09Z</time>
      </trkpt>
      <trkpt lat="46.065567964687943" lon="10.956248994916677">
        <ele>733.48224900000002</ele>
        <time>2026-09-16T17:05:10Z</time>
      </trkpt>
      <trkpt lat="46.065464029088616" lon="10.956010026857257">
        <ele>733.69140200000004</ele>
        <time>2026-09-16T17:05:14Z</time>
      </trkpt>
      <trkpt lat="46.065457994118333" lon="10.955773992463946">
        <ele>733.86648400000001</ele>
        <time>2026-09-16T17:05:18Z</time>
      </trkpt>
      <trkpt lat="46.065637031570077" lon="10.954924989491701">
        <ele>733.67257099999995</ele>
        <time>2026-09-16T17:05:26Z</time>
      </trkpt>
      <trkpt lat="46.06564600020647" lon="10.954794986173511">
        <ele>733.15458899999999</ele>
        <time>2026-09-16T17:05:27Z</time>
      </trkpt>
      <trkpt lat="46.065616998821497" lon="10.954327024519444">
        <ele>731.29168300000003</ele>
        <time>2026-09-16T17:05:30Z</time>
      </trkpt>
      <trkpt lat="46.065701991319656" lon="10.953687988221645">
        <ele>728.71204399999999</ele>
        <time>2026-09-16T17:05:35Z</time>
      </trkpt>
      <trkpt lat="46.06584096327424" lon="10.953208962455392">
        <ele>726.653504</ele>
        <time>2026-09-16T17:05:39Z</time>
      </trkpt>
      <trkpt lat="46.065951017662883" lon="10.952995978295803">
        <ele>725.60075600000005</ele>
        <time>2026-09-16T17:05:41Z</time>
      </trkpt>
      <trkpt lat="46.066285036504269" lon="10.952725997194648">
        <ele>724.99897799999997</ele>
        <time>2026-09-16T17:05:46Z</time>
      </trkpt>
      <trkpt lat="46.066412022337317" lon="10.952435983344913">
        <ele>726.72237800000005</ele>
        <time>2026-09-16T17:05:54Z</time>
      </trkpt>
      <trkpt lat="46.066554011777043" lon="10.952227022498846">
        <ele>728.19241299999999</ele>
        <time>2026-09-16T17:06:04Z</time>
      </trkpt>
      <trkpt lat="46.066680997610092" lon="10.952125014737248">
        <ele>729.24546299999997</ele>
        <time>2026-09-16T17:06:13Z</time>
      </trkpt>
      <trkpt lat="46.067185001447797" lon="10.951882023364305">
        <ele>733.09481300000004</ele>
        <time>2026-09-16T17:06:51Z</time>
      </trkpt>
      <trkpt lat="46.067575011402369" lon="10.951642971485853">
        <ele>736.16434800000002</ele>
        <time>2026-09-16T17:07:19Z</time>
      </trkpt>
      <trkpt lat="46.06766696088016" lon="10.951554961502552">
        <ele>736.96410100000003</ele>
        <time>2026-09-16T17:07:26Z</time>
      </trkpt>
      <trkpt lat="46.067779026925564" lon="10.951358992606401">
        <ele>737.59453099999996</ele>
        <time>2026-09-16T17:07:36Z</time>
      </trkpt>
      <trkpt lat="46.067826971411705" lon="10.951217003166676">
        <ele>737.92255499999999</ele>
        <time>2026-09-16T17:07:42Z</time>
      </trkpt>
      <trkpt lat="46.067841975018382" lon="10.95096898265183">
        <ele>738.43952300000001</ele>
        <time>2026-09-16T17:07:51Z</time>
      </trkpt>
      <trkpt lat="46.067770980298519" lon="10.950393984094262">
        <ele>739.65237300000001</ele>
        <time>2026-09-16T17:08:05Z</time>
      </trkpt>
      <trkpt lat="46.067864019423723" lon="10.949567025527358">
        <ele>741.39219200000002</ele>
        <time>2026-09-16T17:08:14Z</time>
      </trkpt>
      <trkpt lat="46.067859996110201" lon="10.949282962828875">
        <ele>741.98208799999998</ele>
        <time>2026-09-16T17:08:17Z</time>
      </trkpt>
      <trkpt lat="46.067520026117563" lon="10.946395983919501">
        <ele>741.98112600000002</ele>
        <time>2026-09-16T17:08:51Z</time>
      </trkpt>
      <trkpt lat="46.067452970892191" lon="10.946190962567925">
        <ele>741.83631600000001</ele>
        <time>2026-09-16T17:08:54Z</time>
      </trkpt>
      <trkpt lat="46.067348029464483" lon="10.945994993671775">
        <ele>741.67807300000004</ele>
        <time>2026-09-16T17:08:56Z</time>
      </trkpt>
      <trkpt lat="46.067145019769669" lon="10.945715960115194">
        <ele>741.41971699999999</ele>
        <time>2026-09-16T17:09:00Z</time>
      </trkpt>
      <trkpt lat="46.06684997677803" lon="10.94504096545279">
        <ele>740.90991899999995</ele>
        <time>2026-09-16T17:09:08Z</time>
      </trkpt>
      <trkpt lat="46.066578989848495" lon="10.944833010435104">
        <ele>740.62712699999997</ele>
        <time>2026-09-16T17:09:12Z</time>
      </trkpt>
      <trkpt lat="46.066544037312269" lon="10.944766039028764">
        <ele>740.573532</ele>
        <time>2026-09-16T17:09:13Z</time>
      </trkpt>
      <trkpt lat="46.066515035927296" lon="10.944634024053812">
        <ele>740.485049</ele>
        <time>2026-09-16T17:09:15Z</time>
      </trkpt>
      <trkpt lat="46.066543031483889" lon="10.944099007174373">
        <ele>740.47540300000003</ele>
        <time>2026-09-16T17:09:22Z</time>
      </trkpt>
      <trkpt lat="46.066527022048831" lon="10.943967998027802">
        <ele>740.513373</ele>
        <time>2026-09-16T17:09:24Z</time>
      </trkpt>
      <trkpt lat="46.066444963216782" lon="10.943777980282903">
        <ele>740.57724700000006</ele>
        <time>2026-09-16T17:09:27Z</time>
      </trkpt>
      <trkpt lat="46.066316971555352" lon="10.943635990843177">
        <ele>740.64370399999996</ele>
        <time>2026-09-16T17:09:30Z</time>
      </trkpt>
      <trkpt lat="46.066244971007109" lon="10.943586034700274">
        <ele>740.67658600000004</ele>
        <time>2026-09-16T17:09:31Z</time>
      </trkpt>
      <trkpt lat="46.066170958802104" lon="10.943483021110296">
        <ele>740.71891100000005</ele>
        <time>2026-09-16T17:09:34Z</time>
      </trkpt>
      <trkpt lat="46.066089989617467" lon="10.943044982850552">
        <ele>740.84830799999997</ele>
        <time>2026-09-16T17:09:40Z</time>
      </trkpt>
      <trkpt lat="46.066044978797436" lon="10.942916991189122">
        <ele>740.88927000000001</ele>
        <time>2026-09-16T17:09:42Z</time>
      </trkpt>
      <trkpt lat="46.065996028482914" lon="10.942808026447892">
        <ele>740.92634499999997</ele>
        <time>2026-09-16T17:09:43Z</time>
      </trkpt>
      <trkpt lat="46.065849009901285" lon="10.942640975117683">
        <ele>741.00335500000006</ele>
        <time>2026-09-16T17:09:47Z</time>
      </trkpt>
      <trkpt lat="46.065737027674913" lon="10.942601999267936">
        <ele>741.05075999999997</ele>
        <time>2026-09-16T17:09:49Z</time>
      </trkpt>
      <trkpt lat="46.065361015498638" lon="10.942594036459923">
        <ele>740.97001599999999</ele>
        <time>2026-09-16T17:09:59Z</time>
      </trkpt>
      <trkpt lat="46.065233023837209" lon="10.942512983456254">
        <ele>740.88182700000004</ele>
        <time>2026-09-16T17:10:02Z</time>
      </trkpt>
      <trkpt lat="46.065033031627536" lon="10.942309973761439">
        <ele>740.72750900000005</ele>
        <time>2026-09-16T17:10:06Z</time>
      </trkpt>
      <trkpt lat="46.064933035522699" lon="10.94224501401186">
        <ele>740.65830500000004</ele>
        <time>2026-09-16T17:10:07Z</time>
      </trkpt>
      <trkpt lat="46.06482801027596" lon="10.942223975434899">
        <ele>740.59143099999994</ele>
        <time>2026-09-16T17:10:09Z</time>
      </trkpt>
      <trkpt lat="46.064679985865951" lon="10.942317014560103">
        <ele>740.48957600000006</ele>
        <time>2026-09-16T17:10:11Z</time>
      </trkpt>
      <trkpt lat="46.064480999484658" lon="10.94252698123455">
        <ele>740.33398299999999</ele>
        <time>2026-09-16T17:10:14Z</time>
      </trkpt>
      <trkpt lat="46.064408998936415" lon="10.942571992054582">
        <ele>740.28447500000004</ele>
        <time>2026-09-16T17:10:15Z</time>
      </trkpt>
      <trkpt lat="46.064230967313051" lon="10.942606022581458">
        <ele>740.171201</ele>
        <time>2026-09-16T17:10:18Z</time>
      </trkpt>
      <trkpt lat="46.064175982028246" lon="10.942603005096316">
        <ele>740.13648000000001</ele>
        <time>2026-09-16T17:10:19Z</time>
      </trkpt>
      <trkpt lat="46.064058970659971" lon="10.942545002326369">
        <ele>740.05842600000005</ele>
        <time>2026-09-16T17:10:20Z</time>
      </trkpt>
      <trkpt lat="46.06390499509871" lon="10.942318020388484">
        <ele>740.152424</ele>
        <time>2026-09-16T17:10:24Z</time>
      </trkpt>
      <trkpt lat="46.06358103454113" lon="10.941833965480328">
        <ele>741.03248299999996</ele>
        <time>2026-09-16T17:10:32Z</time>
      </trkpt>
      <trkpt lat="46.062948033213615" lon="10.940926037728786">
        <ele>742.71680900000001</ele>
        <time>2026-09-16T17:10:59Z</time>
      </trkpt>
      <trkpt lat="46.062785005196929" lon="10.940725961700082">
        <ele>743.12053600000002</ele>
        <time>2026-09-16T17:11:06Z</time>
      </trkpt>
      <trkpt lat="46.061824019998312" lon="10.940495040267706">
        <ele>748.43210599999998</ele>
        <time>2026-09-16T17:11:44Z</time>
      </trkpt>
      <trkpt lat="46.061814967542887" lon="10.940493028610945">
        <ele>748.486853</ele>
        <time>2026-09-16T17:11:44Z</time>
      </trkpt>
      <trkpt lat="46.061762999743223" lon="10.940438965335488">
        <ele>748.87217999999996</ele>
        <time>2026-09-16T17:11:47Z</time>
      </trkpt>
      <trkpt lat="46.061746990308166" lon="10.940266968682408">
        <ele>749.59611299999995</ele>
        <time>2026-09-16T17:11:52Z</time>
      </trkpt>
      <trkpt lat="46.061790995299816" lon="10.940141994506121">
        <ele>750.18082100000004</ele>
        <time>2026-09-16T17:11:57Z</time>
      </trkpt>
      <trkpt lat="46.061869030818343" lon="10.94009698368609">
        <ele>750.68593199999998</ele>
        <time>2026-09-16T17:12:00Z</time>
      </trkpt>
      <trkpt lat="46.062216963618994" lon="10.940147023648024">
        <ele>752.78846399999998</ele>
        <time>2026-09-16T17:12:18Z</time>
      </trkpt>
      <trkpt lat="46.062832027673721" lon="10.940120033919811">
        <ele>757.291245</ele>
        <time>2026-09-16T17:12:53Z</time>
      </trkpt>
      <trkpt lat="46.06347500346601" lon="10.940144006162882">
        <ele>762.50705400000004</ele>
        <time>2026-09-16T17:13:31Z</time>
      </trkpt>
      <trkpt lat="46.064047990366817" lon="10.940308040007949">
        <ele>767.24422500000003</ele>
        <time>2026-09-16T17:14:02Z</time>
      </trkpt>
      <trkpt lat="46.064684009179473" lon="10.940519012510777">
        <ele>771.655935</ele>
        <time>2026-09-16T17:14:33Z</time>
      </trkpt>
      <trkpt lat="46.064835973083973" lon="10.940600987523794">
        <ele>772.66448200000002</ele>
        <time>2026-09-16T17:14:40Z</time>
      </trkpt>
      <trkpt lat="46.065259007737041" lon="10.940973982214928">
        <ele>775.74600499999997</ele>
        <time>2026-09-16T17:15:04Z</time>
      </trkpt>
      <trkpt lat="46.065424969419837" lon="10.94117296859622">
        <ele>777.08774100000005</ele>
        <time>2026-09-16T17:15:14Z</time>
      </trkpt>
      <trkpt lat="46.065658992156386" lon="10.941544035449624">
        <ele>779.24947899999995</ele>
        <time>2026-09-16T17:15:28Z</time>
      </trkpt>
      <trkpt lat="46.065745996311307" lon="10.941553004086018">
        <ele>779.79149800000005</ele>
        <time>2026-09-16T17:15:31Z</time>
      </trkpt>
      <trkpt lat="46.065825037658215" lon="10.941495001316071">
        <ele>780.36386900000002</ele>
        <time>2026-09-16T17:15:34Z</time>
      </trkpt>
      <trkpt lat="46.065858984366059" lon="10.941424006596208">
        <ele>780.75590199999999</ele>
        <time>2026-09-16T17:15:37Z</time>
      </trkpt>
      <trkpt lat="46.065865019336343" lon="10.941333984956145">
        <ele>781.16677400000003</ele>
        <time>2026-09-16T17:15:40Z</time>
      </trkpt>
      <trkpt lat="46.065815985202789" lon="10.941199036315084">
        <ele>781.85913100000005</ele>
        <time>2026-09-16T17:15:45Z</time>
      </trkpt>
      <trkpt lat="46.06553602963686" lon="10.940972976386547">
        <ele>783.96101499999997</ele>
        <time>2026-09-16T17:16:02Z</time>
      </trkpt>
      <trkpt lat="46.065298989415169" lon="10.940722022205591">
        <ele>785.887292</ele>
        <time>2026-09-16T17:16:18Z</time>
      </trkpt>
      <trkpt lat="46.065146019682288" lon="10.940481964498758">
        <ele>787.36840500000005</ele>
        <time>2026-09-16T17:16:30Z</time>
      </trkpt>
      <trkpt lat="46.065114000812173" lon="10.940421028062701">
        <ele>787.71592599999997</ele>
        <time>2026-09-16T17:16:34Z</time>
      </trkpt>
      <trkpt lat="46.064872015267611" lon="10.940030012279749">
        <ele>790.09698800000001</ele>
        <time>2026-09-16T17:16:55Z</time>
      </trkpt>
      <trkpt lat="46.064365999773145" lon="10.939692975953221">
        <ele>792.81331499999999</ele>
        <time>2026-09-16T17:17:28Z</time>
      </trkpt>
      <trkpt lat="46.063965009525418" lon="10.939326016232371">
        <ele>794.48658799999998</ele>
        <time>2026-09-16T17:17:53Z</time>
      </trkpt>
      <trkpt lat="46.063619004562497" lon="10.938928965479136">
        <ele>796.04446600000006</ele>
        <time>2026-09-16T17:18:10Z</time>
      </trkpt>
      <trkpt lat="46.06332303956151" lon="10.938280960544944">
        <ele>797.94067199999995</ele>
        <time>2026-09-16T17:18:32Z</time>
      </trkpt>
      <trkpt lat="46.06302103959024" lon="10.937717026099563">
        <ele>799.72954400000003</ele>
        <time>2026-09-16T17:19:01Z</time>
      </trkpt>
      <trkpt lat="46.062939986586571" lon="10.937500018626451">
        <ele>800.34950500000002</ele>
        <time>2026-09-16T17:19:11Z</time>
      </trkpt>
      <trkpt lat="46.062888018786907" lon="10.937238000333309">
        <ele>801.03513499999997</ele>
        <time>2026-09-16T17:19:21Z</time>
      </trkpt>
      <trkpt lat="46.062864968553185" lon="10.936940023675561">
        <ele>801.78952900000002</ele>
        <time>2026-09-16T17:19:32Z</time>
      </trkpt>
      <trkpt lat="46.062734965234995" lon="10.936449011787772">
        <ele>803.11176999999998</ele>
        <time>2026-09-16T17:19:52Z</time>
      </trkpt>
      <trkpt lat="46.062396001070738" lon="10.935332039371133">
        <ele>802.12291800000003</ele>
        <time>2026-09-16T17:20:30Z</time>
      </trkpt>
      <trkpt lat="46.0623789858073" lon="10.934995003044605">
        <ele>800.81189400000005</ele>
        <time>2026-09-16T17:20:37Z</time>
      </trkpt>
      <trkpt lat="46.062448974698782" lon="10.934766009449959">
        <ele>799.84096799999998</ele>
        <time>2026-09-16T17:20:41Z</time>
      </trkpt>
      <trkpt lat="46.062753992155194" lon="10.934296958148479">
        <ele>797.34693800000002</ele>
        <time>2026-09-16T17:20:52Z</time>
      </trkpt>
      <trkpt lat="46.062890030443668" lon="10.933840982615948">
        <ele>795.42113800000004</ele>
        <time>2026-09-16T17:21:01Z</time>
      </trkpt>
      <trkpt lat="46.062978962436318" lon="10.933462958782911">
        <ele>793.08292600000004</ele>
        <time>2026-09-16T17:21:06Z</time>
      </trkpt>
      <trkpt lat="46.063151964917779" lon="10.933063980191946">
        <ele>789.05220499999996</ele>
        <time>2026-09-16T17:21:10Z</time>
      </trkpt>
      <trkpt lat="46.063240980729461" lon="10.932752005755901">
        <ele>786.16224699999998</ele>
        <time>2026-09-16T17:21:13Z</time>
      </trkpt>
      <trkpt lat="46.063211979344487" lon="10.932198967784643">
        <ele>781.41120599999999</ele>
        <time>2026-09-16T17:21:17Z</time>
      </trkpt>
      <trkpt lat="46.06313101015985" lon="10.931751038879156">
        <ele>777.44504500000005</ele>
        <time>2026-09-16T17:21:21Z</time>
      </trkpt>
      <trkpt lat="46.063141990453005" lon="10.93146001920104">
        <ele>774.94835799999998</ele>
        <time>2026-09-16T17:21:23Z</time>
      </trkpt>
      <trkpt lat="46.063193958252668" lon="10.931243011727929">
        <ele>772.981583</ele>
        <time>2026-09-16T17:21:25Z</time>
      </trkpt>
      <trkpt lat="46.063854033127427" lon="10.930194016546011">
        <ele>785.94158100000004</ele>
        <time>2026-09-16T17:22:46Z</time>
      </trkpt>
      <trkpt lat="46.064044972881675" lon="10.930017996579409">
        <ele>789.26660600000002</ele>
        <time>2026-09-16T17:23:14Z</time>
      </trkpt>
      <trkpt lat="46.064405981451273" lon="10.929841976612806">
        <ele>794.85610399999996</ele>
        <time>2026-09-16T17:24:01Z</time>
      </trkpt>
      <trkpt lat="46.064614020287991" lon="10.929594039916992">
        <ele>798.769813</ele>
        <time>2026-09-16T17:24:29Z</time>
      </trkpt>
      <trkpt lat="46.064689038321376" lon="10.929401004686952">
        <ele>800.13831800000003</ele>
        <time>2026-09-16T17:24:43Z</time>
      </trkpt>
      <trkpt lat="46.064757015556097" lon="10.928627019748092">
        <ele>804.96489199999996</ele>
        <time>2026-09-16T17:25:19Z</time>
      </trkpt>
      <trkpt lat="46.064907973632216" lon="10.928099965676665">
        <ele>808.49221899999998</ele>
        <time>2026-09-16T17:25:34Z</time>
      </trkpt>
      <trkpt lat="46.065064966678619" lon="10.927884969860315">
        <ele>810.42320700000005</ele>
        <time>2026-09-16T17:25:40Z</time>
      </trkpt>
      <trkpt lat="46.065586991608143" lon="10.927493032068014">
        <ele>815.95802500000002</ele>
        <time>2026-09-16T17:26:05Z</time>
      </trkpt>
      <trkpt lat="46.065720012411475" lon="10.927320029586554">
        <ele>818.04504599999996</ele>
        <time>2026-09-16T17:26:16Z</time>
      </trkpt>
      <trkpt lat="46.066039027646184" lon="10.926738996058702">
        <ele>824.03347900000006</ele>
        <time>2026-09-16T17:26:55Z</time>
      </trkpt>
      <trkpt lat="46.066348990425467" lon="10.92645401135087">
        <ele>828.31684600000006</ele>
        <time>2026-09-16T17:27:22Z</time>
      </trkpt>
      <trkpt lat="46.066787028685212" lon="10.926157040521502">
        <ele>833.95565399999998</ele>
        <time>2026-09-16T17:27:55Z</time>
      </trkpt>
      <trkpt lat="46.067181983962655" lon="10.926158968359232">
        <ele>840.99300900000003</ele>
        <time>2026-09-16T17:28:34Z</time>
      </trkpt>
      <trkpt lat="46.067565958946943" lon="10.926161985844374">
        <ele>849.26542600000005</ele>
        <time>2026-09-16T17:29:20Z</time>
      </trkpt>
      <trkpt lat="46.067724963650107" lon="10.926194004714489">
        <ele>852.72390499999995</ele>
        <time>2026-09-16T17:29:40Z</time>
      </trkpt>
      <trkpt lat="46.067790007218719" lon="10.926315961405635">
        <ele>855.02296799999999</ele>
        <time>2026-09-16T17:29:53Z</time>
      </trkpt>
      <trkpt lat="46.067854966968298" lon="10.926617039367557">
        <ele>859.73467600000004</ele>
        <time>2026-09-16T17:30:20Z</time>
      </trkpt>
      <trkpt lat="46.067974995821714" lon="10.926732961088419">
        <ele>862.84733500000004</ele>
        <time>2026-09-16T17:30:38Z</time>
      </trkpt>
      <trkpt lat="46.06802998110652" lon="10.926832035183907">
        <ele>864.742929</ele>
        <time>2026-09-16T17:30:48Z</time>
      </trkpt>
      <trkpt lat="46.068026041612029" lon="10.927005037665367">
        <ele>867.330062</ele>
        <time>2026-09-16T17:31:03Z</time>
      </trkpt>
      <trkpt lat="46.067958986386657" lon="10.9271639585495">
        <ele>870.11048600000004</ele>
        <time>2026-09-16T17:31:19Z</time>
      </trkpt>
      <trkpt lat="46.067945994436741" lon="10.927281975746155">
        <ele>871.89623900000004</ele>
        <time>2026-09-16T17:31:29Z</time>
      </trkpt>
      <trkpt lat="46.068015983328223" lon="10.927406027913094">
        <ele>874.28555300000005</ele>
        <time>2026-09-16T17:31:43Z</time>
      </trkpt>
      <trkpt lat="46.068236008286476" lon="10.927539970725775">
        <ele>877.59876199999997</ele>
        <time>2026-09-16T17:32:12Z</time>
      </trkpt>
      <trkpt lat="46.068350002169609" lon="10.927654970437288">
        <ele>879.496893</ele>
        <time>2026-09-16T17:32:29Z</time>
      </trkpt>
      <trkpt lat="46.068436000496149" lon="10.927897039800882">
        <ele>882.07020399999999</ele>
        <time>2026-09-16T17:32:50Z</time>
      </trkpt>
      <trkpt lat="46.068426026031375" lon="10.928111029788852">
        <ele>884.10013500000002</ele>
        <time>2026-09-16T17:33:03Z</time>
      </trkpt>
      <trkpt lat="46.068798014894128" lon="10.929188020527363">
        <ele>895.48637799999995</ele>
        <time>2026-09-16T17:33:57Z</time>
      </trkpt>
      <trkpt lat="46.06884403154254" lon="10.929272007197142">
        <ele>896.49917400000004</ele>
        <time>2026-09-16T17:34:01Z</time>
      </trkpt>
      <trkpt lat="46.069010999053717" lon="10.929489014670253">
        <ele>898.93275000000006</ele>
        <time>2026-09-16T17:34:13Z</time>
      </trkpt>
      <trkpt lat="46.06919095851481" lon="10.929816998541355">
        <ele>898.67417599999999</ele>
        <time>2026-09-16T17:34:25Z</time>
      </trkpt>
      <trkpt lat="46.069345017895103" lon="10.930376993492246">
        <ele>898.30172300000004</ele>
        <time>2026-09-16T17:34:35Z</time>
      </trkpt>
      <trkpt lat="46.069457000121474" lon="10.930576985701919">
        <ele>898.14280799999995</ele>
        <time>2026-09-16T17:34:38Z</time>
      </trkpt>
      <trkpt lat="46.06959798373282" lon="10.930736996233463">
        <ele>897.98288200000002</ele>
        <time>2026-09-16T17:34:41Z</time>
      </trkpt>
      <trkpt lat="46.069699991494417" lon="10.930816037580371">
        <ele>897.87968899999998</ele>
        <time>2026-09-16T17:34:43Z</time>
      </trkpt>
      <trkpt lat="46.070346990600228" lon="10.930917039513588">
        <ele>896.66518399999995</ele>
        <time>2026-09-16T17:34:52Z</time>
      </trkpt>
      <trkpt lat="46.070533990859985" lon="10.931080989539623">
        <ele>894.67506500000002</ele>
        <time>2026-09-16T17:34:54Z</time>
      </trkpt>
      <trkpt lat="46.070695007219911" lon="10.931304031983018">
        <ele>892.64501800000005</ele>
        <time>2026-09-16T17:34:57Z</time>
      </trkpt>
      <trkpt lat="46.070919977501035" lon="10.931415008381009">
        <ele>890.482889</ele>
        <time>2026-09-16T17:35:00Z</time>
      </trkpt>
      <trkpt lat="46.071245027706027" lon="10.931771993637085">
        <ele>886.76786900000002</ele>
        <time>2026-09-16T17:35:05Z</time>
      </trkpt>
      <trkpt lat="46.071612993255258" lon="10.931821027770638">
        <ele>883.40787799999998</ele>
        <time>2026-09-16T17:35:10Z</time>
      </trkpt>
      <trkpt lat="46.071707960218191" lon="10.93186997808516">
        <ele>882.49053500000002</ele>
        <time>2026-09-16T17:35:11Z</time>
      </trkpt>
      <trkpt lat="46.071912981569767" lon="10.932203996926546">
        <ele>879.37092900000005</ele>
        <time>2026-09-16T17:35:15Z</time>
      </trkpt>
      <trkpt lat="46.07215597294271" lon="10.932446988299489">
        <ele>876.06557899999996</ele>
        <time>2026-09-16T17:35:19Z</time>
      </trkpt>
      <trkpt lat="46.072502983734012" lon="10.932629965245724">
        <ele>871.936059</ele>
        <time>2026-09-16T17:35:23Z</time>
      </trkpt>
      <trkpt lat="46.072616977617145" lon="10.932637006044388">
        <ele>870.66082700000004</ele>
        <time>2026-09-16T17:35:25Z</time>
      </trkpt>
      <trkpt lat="46.072851000353694" lon="10.93266298994422">
        <ele>868.03786000000002</ele>
        <time>2026-09-16T17:35:27Z</time>
      </trkpt>
      <trkpt lat="46.073038000613451" lon="10.932805985212326">
        <ele>865.67204300000003</ele>
        <time>2026-09-16T17:35:30Z</time>
      </trkpt>
      <trkpt lat="46.07318895868957" lon="10.933122988790274">
        <ele>862.69064300000002</ele>
        <time>2026-09-16T17:35:33Z</time>
      </trkpt>
      <trkpt lat="46.073396997526288" lon="10.933318035677075">
        <ele>860.39457100000004</ele>
        <time>2026-09-16T17:35:36Z</time>
      </trkpt>
      <trkpt lat="46.073535969480872" lon="10.933386012911797">
        <ele>859.53926300000001</ele>
        <time>2026-09-16T17:35:38Z</time>
      </trkpt>
      <trkpt lat="46.073710983619094" lon="10.933373020961881">
        <ele>858.51820699999996</ele>
        <time>2026-09-16T17:35:40Z</time>
      </trkpt>
      <trkpt lat="46.073927991092205" lon="10.933301020413637">
        <ele>857.22071200000005</ele>
        <time>2026-09-16T17:35:43Z</time>
      </trkpt>
      <trkpt lat="46.074008960276842" lon="10.933198006823659">
        <ele>856.59133799999995</ele>
        <time>2026-09-16T17:35:45Z</time>
      </trkpt>
      <trkpt lat="46.07415497303009" lon="10.933161964640021">
        <ele>855.72825799999998</ele>
        <time>2026-09-16T17:35:47Z</time>
      </trkpt>
      <trkpt lat="46.074420008808374" lon="10.933341002091765">
        <ele>854.02301499999999</ele>
        <time>2026-09-16T17:35:51Z</time>
      </trkpt>
      <trkpt lat="46.074644979089499" lon="10.933607965707779">
        <ele>852.32487600000002</ele>
        <time>2026-09-16T17:35:55Z</time>
      </trkpt>
      <trkpt lat="46.074986038729548" lon="10.933820027858019">
        <ele>850.25510999999995</ele>
        <time>2026-09-16T17:36:01Z</time>
      </trkpt>
      <trkpt lat="46.075188964605331" lon="10.934034017845988">
        <ele>849.29552100000001</ele>
        <time>2026-09-16T17:36:05Z</time>
      </trkpt>
      <trkpt lat="46.075471015647054" lon="10.934625025838614">
        <ele>847.39685999999995</ele>
        <time>2026-09-16T17:36:13Z</time>
      </trkpt>
      <trkpt lat="46.075710989534855" lon="10.934756034985185">
        <ele>846.41766700000005</ele>
        <time>2026-09-16T17:36:17Z</time>
      </trkpt>
      <trkpt lat="46.075886003673077" lon="10.934989973902702">
        <ele>845.50690499999996</ele>
        <time>2026-09-16T17:36:20Z</time>
      </trkpt>
      <trkpt lat="46.075941994786263" lon="10.934995003044605">
        <ele>845.292822</ele>
        <time>2026-09-16T17:36:21Z</time>
      </trkpt>
      <trkpt lat="46.076055988669395" lon="10.934916967526078">
        <ele>844.81133399999999</ele>
        <time>2026-09-16T17:36:23Z</time>
      </trkpt>
      <trkpt lat="46.076123965904117" lon="10.934963990002871">
        <ele>844.52359000000001</ele>
        <time>2026-09-16T17:36:24Z</time>
      </trkpt>
      <trkpt lat="46.076194038614631" lon="10.935149984434247">
        <ele>843.96348499999999</ele>
        <time>2026-09-16T17:36:26Z</time>
      </trkpt>
      <trkpt lat="46.076540965586901" lon="10.935764964669943">
        <ele>840.50053300000002</ele>
        <time>2026-09-16T17:36:33Z</time>
      </trkpt>
      <trkpt lat="46.07681698165834" lon="10.936030000448227">
        <ele>838.22281699999996</ele>
        <time>2026-09-16T17:36:37Z</time>
      </trkpt>
      <trkpt lat="46.076986966654658" lon="10.936322025954723">
        <ele>836.40648599999997</ele>
        <time>2026-09-16T17:36:41Z</time>
      </trkpt>
      <trkpt lat="46.07722501270473" lon="10.936427973210812">
        <ele>834.69553399999995</ele>
        <time>2026-09-16T17:36:44Z</time>
      </trkpt>
      <trkpt lat="46.077304976060987" lon="10.936535010114312">
        <ele>833.94597299999998</ele>
        <time>2026-09-16T17:36:45Z</time>
      </trkpt>
      <trkpt lat="46.077417964115739" lon="10.936841033399105">
        <ele>832.29428399999995</ele>
        <time>2026-09-16T17:36:48Z</time>
      </trkpt>
      <trkpt lat="46.077491976320744" lon="10.936970030888915">
        <ele>831.49671699999999</ele>
        <time>2026-09-16T17:36:50Z</time>
      </trkpt>
      <trkpt lat="46.078073009848595" lon="10.937303965911269">
        <ele>830.564798</ele>
        <time>2026-09-16T17:36:59Z</time>
      </trkpt>
      <trkpt lat="46.078931987285614" lon="10.9382279869169">
        <ele>829.36985900000002</ele>
        <time>2026-09-16T17:37:25Z</time>
      </trkpt>
      <trkpt lat="46.079108007252216" lon="10.938502997159958">
        <ele>829.12945500000001</ele>
        <time>2026-09-16T17:37:34Z</time>
      </trkpt>
      <trkpt lat="46.079216971993446" lon="10.938803991302848">
        <ele>828.96509300000002</ele>
        <time>2026-09-16T17:37:40Z</time>
      </trkpt>
      <trkpt lat="46.079384023323655" lon="10.938970958814025">
        <ele>828.823262</ele>
        <time>2026-09-16T17:37:44Z</time>
      </trkpt>
      <trkpt lat="46.07971703633666" lon="10.939046982675791">
        <ele>828.58799099999999</ele>
        <time>2026-09-16T17:37:50Z</time>
      </trkpt>
      <trkpt lat="46.079796999692917" lon="10.939127029851079">
        <ele>828.52004799999997</ele>
        <time>2026-09-16T17:37:52Z</time>
      </trkpt>
      <trkpt lat="46.079986011609435" lon="10.939466999843717">
        <ele>828.30914299999995</ele>
        <time>2026-09-16T17:37:56Z</time>
      </trkpt>
      <trkpt lat="46.080087013542652" lon="10.939541012048721">
        <ele>828.23008200000004</ele>
        <time>2026-09-16T17:37:58Z</time>
      </trkpt>
      <trkpt lat="46.080272002145648" lon="10.939491977915168">
        <ele>828.09882200000004</ele>
        <time>2026-09-16T17:38:01Z</time>
      </trkpt>
      <trkpt lat="46.08042698353529" lon="10.939573030918837">
        <ele>827.98377100000005</ele>
        <time>2026-09-16T17:38:04Z</time>
      </trkpt>
      <trkpt lat="46.081773033365607" lon="10.940594030544162">
        <ele>826.21083399999998</ele>
        <time>2026-09-16T17:38:30Z</time>
      </trkpt>
      <trkpt lat="46.08199599198997" lon="10.940838027745485">
        <ele>825.88100999999995</ele>
        <time>2026-09-16T17:38:34Z</time>
      </trkpt>
      <trkpt lat="46.082189027220011" lon="10.941282017156482">
        <ele>826.69637799999998</ele>
        <time>2026-09-16T17:38:41Z</time>
      </trkpt>
      <trkpt lat="46.082301009446383" lon="10.941315041854978">
        <ele>826.99744299999998</ele>
        <time>2026-09-16T17:38:44Z</time>
      </trkpt>
      <trkpt lat="46.082580965012312" lon="10.941291991621256">
        <ele>827.73606099999995</ele>
        <time>2026-09-16T17:38:53Z</time>
      </trkpt>
      <trkpt lat="46.082631004974246" lon="10.941320993006229">
        <ele>827.87800000000004</ele>
        <time>2026-09-16T17:38:54Z</time>
      </trkpt>
      <trkpt lat="46.08285304158926" lon="10.941553004086018">
        <ele>828.60011499999996</ele>
        <time>2026-09-16T17:39:04Z</time>
      </trkpt>
      <trkpt lat="46.083121011033654" lon="10.941889034584165">
        <ele>829.535481</ele>
        <time>2026-09-16T17:39:18Z</time>
      </trkpt>
      <trkpt lat="46.08322000131011" lon="10.942260017618537">
        <ele>830.26162399999998</ele>
        <time>2026-09-16T17:39:30Z</time>
      </trkpt>
      <trkpt lat="46.083336006850004" lon="10.942365964874625">
        <ele>830.57457499999998</ele>
        <time>2026-09-16T17:39:37Z</time>
      </trkpt>
      <trkpt lat="46.084308978170156" lon="10.943056968972087">
        <ele>830.59823700000004</ele>
        <time>2026-09-16T17:40:15Z</time>
      </trkpt>
      <trkpt lat="46.084865033626556" lon="10.943574970588088">
        <ele>830.61267799999996</ele>
        <time>2026-09-16T17:40:24Z</time>
      </trkpt>
      <trkpt lat="46.085078017786145" lon="10.943683013319969">
        <ele>828.95048499999996</ele>
        <time>2026-09-16T17:40:27Z</time>
      </trkpt>
      <trkpt lat="46.085661984980106" lon="10.943774040788412">
        <ele>823.87431300000003</ele>
        <time>2026-09-16T17:40:35Z</time>
      </trkpt>
      <trkpt lat="46.08597001992166" lon="10.943975960835814">
        <ele>820.95022100000006</ele>
        <time>2026-09-16T17:40:39Z</time>
      </trkpt>
      <trkpt lat="46.086130030453205" lon="10.944047039374709">
        <ele>819.50353500000006</ele>
        <time>2026-09-16T17:40:41Z</time>
      </trkpt>
      <trkpt lat="46.086348965764046" lon="10.943989036604762">
        <ele>817.57932800000003</ele>
        <time>2026-09-16T17:40:44Z</time>
      </trkpt>
      <trkpt lat="46.086539989337325" lon="10.943832965567708">
        <ele>815.68231800000001</ele>
        <time>2026-09-16T17:40:46Z</time>
      </trkpt>
      <trkpt lat="46.08704499900341" lon="10.943518979474902">
        <ele>814.98861799999997</ele>
        <time>2026-09-16T17:40:54Z</time>
      </trkpt>
      <trkpt lat="46.08727902173996" lon="10.943575976416469">
        <ele>814.94831699999997</ele>
        <time>2026-09-16T17:40:57Z</time>
      </trkpt>
      <trkpt lat="46.087416987866163" lon="10.943528031930327">
        <ele>814.92421000000002</ele>
        <time>2026-09-16T17:41:00Z</time>
      </trkpt>
      <trkpt lat="46.087601976469159" lon="10.943358968943357">
        <ele>814.88701800000001</ele>
        <time>2026-09-16T17:41:04Z</time>
      </trkpt>
      <trkpt lat="46.087771039456129" lon="10.943141039460897">
        <ele>814.84851000000003</ele>
        <time>2026-09-16T17:41:10Z</time>
      </trkpt>
      <trkpt lat="46.087972959503531" lon="10.942962002009153">
        <ele>814.80824600000005</ele>
        <time>2026-09-16T17:41:20Z</time>
      </trkpt>
      <trkpt lat="46.088141016662121" lon="10.94291104003787">
        <ele>814.77909099999999</ele>
        <time>2026-09-16T17:41:29Z</time>
      </trkpt>
      <trkpt lat="46.08828904107213" lon="10.942946998402476">
        <ele>815.45431499999995</ele>
        <time>2026-09-16T17:41:38Z</time>
      </trkpt>
      <trkpt lat="46.088348971679807" lon="10.942928977310658">
        <ele>816.11100999999996</ele>
        <time>2026-09-16T17:41:42Z</time>
      </trkpt>
      <trkpt lat="46.088470006361604" lon="10.942722028121352">
        <ele>818.12287800000001</ele>
        <time>2026-09-16T17:41:55Z</time>
      </trkpt>
      <trkpt lat="46.088554998859763" lon="10.942642986774445">
        <ele>819.20651199999998</ele>
        <time>2026-09-16T17:42:02Z</time>
      </trkpt>
      <trkpt lat="46.088715009391308" lon="10.942561011761427">
        <ele>821.02606200000002</ele>
        <time>2026-09-16T17:42:15Z</time>
      </trkpt>
      <trkpt lat="46.088875019922853" lon="10.942604010924697">
        <ele>822.77005699999995</ele>
        <time>2026-09-16T17:42:27Z</time>
      </trkpt>
      <trkpt lat="46.089255977421999" lon="10.942863011732697">
        <ele>827.28361399999994</ele>
        <time>2026-09-16T17:43:00Z</time>
      </trkpt>
      <trkpt lat="46.089887972921133" lon="10.943524008616805">
        <ele>834.69575099999997</ele>
        <time>2026-09-16T17:43:56Z</time>
      </trkpt>
      <trkpt lat="46.089971037581563" lon="10.943562984466553">
        <ele>835.07757700000002</ele>
        <time>2026-09-16T17:44:02Z</time>
      </trkpt>
      <trkpt lat="46.090299021452665" lon="10.943509005010128">
        <ele>836.52154800000005</ele>
        <time>2026-09-16T17:44:20Z</time>
      </trkpt>
      <trkpt lat="46.090577971190214" lon="10.943659963086247">
        <ele>837.82500700000003</ele>
        <time>2026-09-16T17:44:33Z</time>
      </trkpt>
      <trkpt lat="46.090657012537122" lon="10.943740010261536">
        <ele>838.24724900000001</ele>
        <time>2026-09-16T17:44:37Z</time>
      </trkpt>
      <trkpt lat="46.090792967006564" lon="10.943960035219789">
        <ele>839.14123300000006</ele>
        <time>2026-09-16T17:44:43Z</time>
      </trkpt>
      <trkpt lat="46.090965969488025" lon="10.944156004115939">
        <ele>840.10355500000003</ele>
        <time>2026-09-16T17:44:49Z</time>
      </trkpt>
      <trkpt lat="46.091036964207888" lon="10.944278966635466">
        <ele>840.58899299999996</ele>
        <time>2026-09-16T17:44:51Z</time>
      </trkpt>
      <trkpt lat="46.091108964756131" lon="10.944325989112258">
        <ele>840.93468399999995</ele>
        <time>2026-09-16T17:44:53Z</time>
      </trkpt>
      <trkpt lat="46.091198986396194" lon="10.944324983283877">
        <ele>841.32835</ele>
        <time>2026-09-16T17:44:54Z</time>
      </trkpt>
      <trkpt lat="46.091408031061292" lon="10.944208977743983">
        <ele>841.67868699999997</ele>
        <time>2026-09-16T17:44:58Z</time>
      </trkpt>
      <trkpt lat="46.091524958610535" lon="10.944248959422112">
        <ele>841.38344500000005</ele>
        <time>2026-09-16T17:45:00Z</time>
      </trkpt>
      <trkpt lat="46.092118984088302" lon="10.944533022120595">
        <ele>839.84687599999995</ele>
        <time>2026-09-16T17:45:10Z</time>
      </trkpt>
      <trkpt lat="46.092441016808152" lon="10.944907022640109">
        <ele>838.83166100000005</ele>
        <time>2026-09-16T17:45:16Z</time>
      </trkpt>
      <trkpt lat="46.092580994591117" lon="10.944993020966649">
        <ele>838.45801800000004</ele>
        <time>2026-09-16T17:45:18Z</time>
      </trkpt>
      <trkpt lat="46.092841001227498" lon="10.945027973502874">
        <ele>837.81684800000005</ele>
        <time>2026-09-16T17:45:22Z</time>
      </trkpt>
      <trkpt lat="46.093212990090251" lon="10.945164011791348">
        <ele>837.239642</ele>
        <time>2026-09-16T17:45:28Z</time>
      </trkpt>
      <trkpt lat="46.093316003680229" lon="10.945273982360959">
        <ele>837.11205199999995</ele>
        <time>2026-09-16T17:45:30Z</time>
      </trkpt>
      <trkpt lat="46.093471990898252" lon="10.945352017879486">
        <ele>836.94768999999997</ele>
        <time>2026-09-16T17:45:33Z</time>
      </trkpt>
      <trkpt lat="46.093759993091226" lon="10.945441033691168">
        <ele>836.65448800000001</ele>
        <time>2026-09-16T17:45:38Z</time>
      </trkpt>
      <trkpt lat="46.094136005267501" lon="10.945499958470464">
        <ele>836.27798600000006</ele>
        <time>2026-09-16T17:45:45Z</time>
      </trkpt>
      <trkpt lat="46.094471029937267" lon="10.945485960692167">
        <ele>835.94436800000005</ele>
        <time>2026-09-16T17:45:53Z</time>
      </trkpt>
      <trkpt lat="46.094721984118223" lon="10.945458970963955">
        <ele>835.68388100000004</ele>
        <time>2026-09-16T17:45:58Z</time>
      </trkpt>
      <trkpt lat="46.095164967700839" lon="10.945276999846101">
        <ele>834.16495299999997</ele>
        <time>2026-09-16T17:46:07Z</time>
      </trkpt>
      <trkpt lat="46.095454981550574" lon="10.945068039000034">
        <ele>833.09589800000003</ele>
        <time>2026-09-16T17:46:12Z</time>
      </trkpt>
      <trkpt lat="46.09555296599865" lon="10.944957984611392">
        <ele>832.68638499999997</ele>
        <time>2026-09-16T17:46:14Z</time>
      </trkpt>
      <trkpt lat="46.095646005123854" lon="10.944775007665157">
        <ele>832.16758100000004</ele>
        <time>2026-09-16T17:46:17Z</time>
      </trkpt>
      <trkpt lat="46.09576896764338" lon="10.94447803683579">
        <ele>831.37654099999997</ele>
        <time>2026-09-16T17:46:20Z</time>
      </trkpt>
      <trkpt lat="46.096060993149877" lon="10.943381013348699">
        <ele>829.29427999999996</ele>
        <time>2026-09-16T17:46:31Z</time>
      </trkpt>
      <trkpt lat="46.096139028668404" lon="10.942513989284635">
        <ele>828.41706799999997</ele>
        <time>2026-09-16T17:46:39Z</time>
      </trkpt>
      <trkpt lat="46.096139028668404" lon="10.942036975175142">
        <ele>827.93845999999996</ele>
        <time>2026-09-16T17:46:46Z</time>
      </trkpt>
      <trkpt lat="46.096096029505134" lon="10.941706979647279">
        <ele>827.60155299999997</ele>
        <time>2026-09-16T17:46:52Z</time>
      </trkpt>
      <trkpt lat="46.096014976501465" lon="10.941369021311402">
        <ele>827.24273400000004</ele>
        <time>2026-09-16T17:47:01Z</time>
      </trkpt>
      <trkpt lat="46.095968037843704" lon="10.940797962248325">
        <ele>828.31996300000003</ele>
        <time>2026-09-16T17:47:20Z</time>
      </trkpt>
      <trkpt lat="46.095882961526513" lon="10.940221035853028">
        <ele>829.69103299999995</ele>
        <time>2026-09-16T17:47:38Z</time>
      </trkpt>
      <trkpt lat="46.095877010375261" lon="10.939852986484766">
        <ele>830.54662499999995</ele>
        <time>2026-09-16T17:47:48Z</time>
      </trkpt>
      <trkpt lat="46.095922021195292" lon="10.939565990120173">
        <ele>831.23054999999999</ele>
        <time>2026-09-16T17:47:55Z</time>
      </trkpt>
      <trkpt lat="46.095964014530182" lon="10.939461970701814">
        <ele>831.51028499999995</ele>
        <time>2026-09-16T17:47:58Z</time>
      </trkpt>
      <trkpt lat="46.095948005095124" lon="10.939320987090468">
        <ele>831.84237499999995</ele>
        <time>2026-09-16T17:48:01Z</time>
      </trkpt>
      <trkpt lat="46.095902994275093" lon="10.939245969057083">
        <ele>832.07289600000001</ele>
        <time>2026-09-16T17:48:03Z</time>
      </trkpt>
      <trkpt lat="46.095777014270425" lon="10.939223002642393">
        <ele>832.49859600000002</ele>
        <time>2026-09-16T17:48:07Z</time>
      </trkpt>
      <trkpt lat="46.09555003233254" lon="10.939276982098818">
        <ele>833.08528699999999</ele>
        <time>2026-09-16T17:48:13Z</time>
      </trkpt>
      <trkpt lat="46.09542396850884" lon="10.939266001805663">
        <ele>832.48747300000002</ele>
        <time>2026-09-16T17:48:16Z</time>
      </trkpt>
      <trkpt lat="46.095179971307516" lon="10.939060980454087">
        <ele>831.15009799999996</ele>
        <time>2026-09-16T17:48:21Z</time>
      </trkpt>
      <trkpt lat="46.094989031553268" lon="10.939016975462437">
        <ele>830.23407499999996</ele>
        <time>2026-09-16T17:48:24Z</time>
      </trkpt>
      <trkpt lat="46.09482298605144" lon="10.938756968826056">
        <ele>829.07340199999999</ele>
        <time>2026-09-16T17:48:28Z</time>
      </trkpt>
      <trkpt lat="46.094728019088507" lon="10.938468966633081">
        <ele>828.02600600000005</ele>
        <time>2026-09-16T17:48:31Z</time>
      </trkpt>
      <trkpt lat="46.094534983858466" lon="10.938094966113567">
        <ele>826.49495100000001</ele>
        <time>2026-09-16T17:48:35Z</time>
      </trkpt>
      <trkpt lat="46.094233989715576" lon="10.937456013634801">
        <ele>822.85249499999998</ele>
        <time>2026-09-16T17:48:42Z</time>
      </trkpt>
      <trkpt lat="46.094185961410403" lon="10.937155019491911">
        <ele>820.27452900000003</ele>
        <time>2026-09-16T17:48:44Z</time>
      </trkpt>
      <trkpt lat="46.094191996380687" lon="10.936843967065215">
        <ele>817.67766200000005</ele>
        <time>2026-09-16T17:48:47Z</time>
      </trkpt>
      <trkpt lat="46.094232983887196" lon="10.936528975144029">
        <ele>815.00250200000005</ele>
        <time>2026-09-16T17:48:50Z</time>
      </trkpt>
      <trkpt lat="46.094300961121917" lon="10.936261005699635">
        <ele>812.62052600000004</ele>
        <time>2026-09-16T17:48:52Z</time>
      </trkpt>
      <trkpt lat="46.094404980540276" lon="10.936067970469594">
        <ele>810.580421</ele>
        <time>2026-09-16T17:48:54Z</time>
      </trkpt>
      <trkpt lat="46.094540013000369" lon="10.935965962707996">
        <ele>808.74599799999999</ele>
        <time>2026-09-16T17:48:56Z</time>
      </trkpt>
      <trkpt lat="46.094654006883502" lon="10.935832019895315">
        <ele>806.97576900000001</ele>
        <time>2026-09-16T17:48:58Z</time>
      </trkpt>
      <trkpt lat="46.09479901380837" lon="10.935498001053929">
        <ele>803.68672500000002</ele>
        <time>2026-09-16T17:49:01Z</time>
      </trkpt>
      <trkpt lat="46.094731036573648" lon="10.934313973411918">
        <ele>795.46399499999995</ele>
        <time>2026-09-16T17:49:11Z</time>
      </trkpt>
      <trkpt lat="46.094572031870484" lon="10.933720031753182">
        <ele>791.121937</ele>
        <time>2026-09-16T17:49:17Z</time>
      </trkpt>
      <trkpt lat="46.094490978866816" lon="10.933289034292102">
        <ele>788.07671800000003</ele>
        <time>2026-09-16T17:49:20Z</time>
      </trkpt>
      <trkpt lat="46.094267014414072" lon="10.932623008266091">
        <ele>785.38188000000002</ele>
        <time>2026-09-16T17:49:27Z</time>
      </trkpt>
      <trkpt lat="46.094388971105218" lon="10.931797977536917">
        <ele>785.48949900000002</ele>
        <time>2026-09-16T17:49:36Z</time>
      </trkpt>
      <trkpt lat="46.094473041594028" lon="10.931621035560966">
        <ele>785.51686199999995</ele>
        <time>2026-09-16T17:49:40Z</time>
      </trkpt>
      <trkpt lat="46.094651995226741" lon="10.93146001920104">
        <ele>785.55567399999995</ele>
        <time>2026-09-16T17:49:47Z</time>
      </trkpt>
      <trkpt lat="46.095065977424383" lon="10.931436968967319">
        <ele>785.63189499999999</ele>
        <time>2026-09-16T17:50:04Z</time>
      </trkpt>
      <trkpt lat="46.095395972952247" lon="10.931505030021071">
        <ele>786.04092800000001</ele>
        <time>2026-09-16T17:50:19Z</time>
      </trkpt>
      <trkpt lat="46.095720017328858" lon="10.931635033339262">
        <ele>787.01230599999997</ele>
        <time>2026-09-16T17:50:36Z</time>
      </trkpt>
      <trkpt lat="46.095967032015324" lon="10.932199973613024">
        <ele>788.35007900000005</ele>
        <time>2026-09-16T17:50:56Z</time>
      </trkpt>
      <trkpt lat="46.096036015078425" lon="10.93216996639967">
        <ele>788.55823699999996</ele>
        <time>2026-09-16T17:50:59Z</time>
      </trkpt>
      <trkpt lat="46.09611002728343" lon="10.932315979152918">
        <ele>788.92045099999996</ele>
        <time>2026-09-16T17:51:03Z</time>
      </trkpt>
      <trkpt lat="46.096186973154545" lon="10.932559976354241">
        <ele>789.45739200000003</ele>
        <time>2026-09-16T17:51:08Z</time>
      </trkpt>
      <trkpt lat="46.096219997853041" lon="10.932871028780937">
        <ele>790.08755399999995</ele>
        <time>2026-09-16T17:51:11Z</time>
      </trkpt>
      <trkpt lat="46.096211029216647" lon="10.933123994618654">
        <ele>790.59496200000001</ele>
        <time>2026-09-16T17:51:14Z</time>
      </trkpt>
      <trkpt lat="46.096204994246364" lon="10.933172022923827">
        <ele>790.69265199999995</ele>
        <time>2026-09-16T17:51:14Z</time>
      </trkpt>
      <trkpt lat="46.096183033660054" lon="10.933165987953544">
        <ele>790.75732300000004</ele>
        <time>2026-09-16T17:51:15Z</time>
      </trkpt>
      <trkpt lat="46.096176998689771" lon="10.933232037350535">
        <ele>790.83626300000003</ele>
        <time>2026-09-16T17:51:16Z</time>
      </trkpt>
      <trkpt lat="46.096181022003293" lon="10.933289034292102">
        <ele>790.71054500000002</ele>
        <time>2026-09-16T17:51:17Z</time>
      </trkpt>
      <trkpt lat="46.096189990639687" lon="10.933332033455372">
        <ele>790.61198200000001</ele>
        <time>2026-09-16T17:51:17Z</time>
      </trkpt>
      <trkpt lat="46.096209017559886" lon="10.933359023183584">
        <ele>790.52756999999997</ele>
        <time>2026-09-16T17:51:18Z</time>
      </trkpt>
      <trkpt lat="46.096227960661054" lon="10.933385007083416">
        <ele>790.44468400000005</ele>
        <time>2026-09-16T17:51:18Z</time>
      </trkpt>
      <trkpt lat="46.096246987581253" lon="10.933419959619641">
        <ele>790.34714599999995</ele>
        <time>2026-09-16T17:51:19Z</time>
      </trkpt>
      <trkpt lat="46.096266014501452" lon="10.93345700763166">
        <ele>790.24611600000003</ele>
        <time>2026-09-16T17:51:20Z</time>
      </trkpt>
      <trkpt lat="46.09628101810813" lon="10.933496989309788">
        <ele>790.14632800000004</ele>
        <time>2026-09-16T17:51:20Z</time>
      </trkpt>
      <trkpt lat="46.096293004229665" lon="10.933537976816297">
        <ele>790.04867300000001</ele>
        <time>2026-09-16T17:51:21Z</time>
      </trkpt>
      <trkpt lat="46.096313036978245" lon="10.933573013171554">
        <ele>789.94915300000002</ele>
        <time>2026-09-16T17:51:22Z</time>
      </trkpt>
      <trkpt lat="46.096340026706457" lon="10.933598997071385">
        <ele>789.84641499999998</ele>
        <time>2026-09-16T17:51:22Z</time>
      </trkpt>
      <trkpt lat="46.096371961757541" lon="10.933617018163204">
        <ele>789.73772199999996</ele>
        <time>2026-09-16T17:51:23Z</time>
      </trkpt>
      <trkpt lat="46.096409009769559" lon="10.933632021769881">
        <ele>789.61609799999997</ele>
        <time>2026-09-16T17:51:24Z</time>
      </trkpt>
      <trkpt lat="46.096439016982913" lon="10.933648031204939">
        <ele>789.51487999999995</ele>
        <time>2026-09-16T17:51:25Z</time>
      </trkpt>
      <trkpt lat="46.096460977569222" lon="10.933668985962868">
        <ele>789.43139299999996</ele>
        <time>2026-09-16T17:51:25Z</time>
      </trkpt>
      <trkpt lat="46.096480004489422" lon="10.933693964034319">
        <ele>789.35000200000002</ele>
        <time>2026-09-16T17:51:26Z</time>
      </trkpt>
      <trkpt lat="46.096504982560873" lon="10.933713996782899">
        <ele>789.25953300000003</ele>
        <time>2026-09-16T17:51:26Z</time>
      </trkpt>
      <trkpt lat="46.096539013087749" lon="10.933726988732815">
        <ele>789.14822400000003</ele>
        <time>2026-09-16T17:51:27Z</time>
      </trkpt>
      <trkpt lat="46.096573965623975" lon="10.933739980682731">
        <ele>789.03385400000002</ele>
        <time>2026-09-16T17:51:28Z</time>
      </trkpt>
      <trkpt lat="46.096616964787245" lon="10.933755990117788">
        <ele>788.893326</ele>
        <time>2026-09-16T17:51:29Z</time>
      </trkpt>
      <trkpt lat="46.096662981435657" lon="10.933778034523129">
        <ele>788.73996499999998</ele>
        <time>2026-09-16T17:51:30Z</time>
      </trkpt>
      <trkpt lat="46.09671201556921" lon="10.933803012594581">
        <ele>788.57548799999995</ele>
        <time>2026-09-16T17:51:31Z</time>
      </trkpt>
      <trkpt lat="46.096758032217622" lon="10.933812987059355">
        <ele>788.42827899999997</ele>
        <time>2026-09-16T17:51:32Z</time>
      </trkpt>
      <trkpt lat="46.096803965047002" lon="10.933809969574213">
        <ele>788.28256599999997</ele>
        <time>2026-09-16T17:51:33Z</time>
      </trkpt>
      <trkpt lat="46.096848975867033" lon="10.933792032301426">
        <ele>788.13478899999996</ele>
        <time>2026-09-16T17:51:34Z</time>
      </trkpt>
      <trkpt lat="46.096890969201922" lon="10.933783985674381">
        <ele>788.00072799999998</ele>
        <time>2026-09-16T17:51:35Z</time>
      </trkpt>
      <trkpt lat="46.096932040527463" lon="10.933771999552846">
        <ele>787.86834099999999</ele>
        <time>2026-09-16T17:51:36Z</time>
      </trkpt>
      <trkpt lat="46.096965987235308" lon="10.933765964582562">
        <ele>787.75994700000001</ele>
        <time>2026-09-16T17:51:36Z</time>
      </trkpt>
      <trkpt lat="46.096997000277042" lon="10.933766970410943">
        <ele>787.66182500000002</ele>
        <time>2026-09-16T17:51:37Z</time>
      </trkpt>
      <trkpt lat="46.097026001662016" lon="10.933767976239324">
        <ele>787.57002999999997</ele>
        <time>2026-09-16T17:51:38Z</time>
      </trkpt>
      <trkpt lat="46.097052991390228" lon="10.933764958754182">
        <ele>787.48433599999998</ele>
        <time>2026-09-16T17:51:38Z</time>
      </trkpt>
      <trkpt lat="46.097079981118441" lon="10.933763030916452">
        <ele>787.39878399999998</ele>
        <time>2026-09-16T17:51:39Z</time>
      </trkpt>
      <trkpt lat="46.097106970846653" lon="10.933754984289408">
        <ele>787.31155899999999</ele>
        <time>2026-09-16T17:51:40Z</time>
      </trkpt>
      <trkpt lat="46.097133960574865" lon="10.933739980682731">
        <ele>787.21999800000003</ele>
        <time>2026-09-16T17:51:40Z</time>
      </trkpt>
      <trkpt lat="46.097163967788219" lon="10.933711985126138">
        <ele>787.10691599999996</ele>
        <time>2026-09-16T17:51:41Z</time>
      </trkpt>
      <trkpt lat="46.097191041335464" lon="10.9336949698627">
        <ele>787.013688</ele>
        <time>2026-09-16T17:51:42Z</time>
      </trkpt>
      <trkpt lat="46.097217025235295" lon="10.933682983741164">
        <ele>786.92730100000006</ele>
        <time>2026-09-16T17:51:42Z</time>
      </trkpt>
      <trkpt lat="46.097239991649985" lon="10.933677032589912">
        <ele>786.85333800000001</ele>
        <time>2026-09-16T17:51:43Z</time>
      </trkpt>
      <trkpt lat="46.097266981378198" lon="10.933668985962868">
        <ele>786.76611300000002</ele>
        <time>2026-09-16T17:51:43Z</time>
      </trkpt>
      <trkpt lat="46.097296988591552" lon="10.933664040639997">
        <ele>786.67054800000005</ele>
        <time>2026-09-16T17:51:44Z</time>
      </trkpt>
      <trkpt lat="46.097323978319764" lon="10.933666974306107">
        <ele>786.58485399999995</ele>
        <time>2026-09-16T17:51:44Z</time>
      </trkpt>
      <trkpt lat="46.097351973876357" lon="10.933669991791248">
        <ele>786.49600599999997</ele>
        <time>2026-09-16T17:51:45Z</time>
      </trkpt>
      <trkpt lat="46.097386004403234" lon="10.933669991791248">
        <ele>786.38841400000001</ele>
        <time>2026-09-16T17:51:46Z</time>
      </trkpt>
      <trkpt lat="46.097417017444968" lon="10.933672003448009">
        <ele>786.29021899999998</ele>
        <time>2026-09-16T17:51:46Z</time>
      </trkpt>
      <trkpt lat="46.097450964152813" lon="10.93367300927639">
        <ele>786.18260499999997</ele>
        <time>2026-09-16T17:51:47Z</time>
      </trkpt>
      <trkpt lat="46.097481977194548" lon="10.933674015104771">
        <ele>786.08448299999998</ele>
        <time>2026-09-16T17:51:48Z</time>
      </trkpt>
      <trkpt lat="46.097516007721424" lon="10.933664962649345">
        <ele>785.97509400000001</ele>
        <time>2026-09-16T17:51:49Z</time>
      </trkpt>
      <trkpt lat="46.09754903241992" lon="10.933658005669713">
        <ele>785.86954400000002</ele>
        <time>2026-09-16T17:51:49Z</time>
      </trkpt>
      <trkpt lat="46.097582979127765" lon="10.933658005669713">
        <ele>785.76195199999995</ele>
        <time>2026-09-16T17:51:50Z</time>
      </trkpt>
      <trkpt lat="46.097610974684358" lon="10.933667980134487">
        <ele>785.67067099999997</ele>
        <time>2026-09-16T17:51:51Z</time>
      </trkpt>
      <trkpt lat="46.097640981897712" lon="10.933678960427642">
        <ele>785.57271700000001</ele>
        <time>2026-09-16T17:51:51Z</time>
      </trkpt>
      <trkpt lat="46.097671994939446" lon="10.933692036196589">
        <ele>785.47055599999999</ele>
        <time>2026-09-16T17:51:52Z</time>
      </trkpt>
      <trkpt lat="46.097702002152801" lon="10.933703016489744">
        <ele>785.37260200000003</ele>
        <time>2026-09-16T17:51:53Z</time>
      </trkpt>
      <trkpt lat="46.097727986052632" lon="10.933717014268041">
        <ele>785.28477799999996</ele>
        <time>2026-09-16T17:51:53Z</time>
      </trkpt>
      <trkpt lat="46.097755981609225" lon="10.933731012046337">
        <ele>785.19099900000003</ele>
        <time>2026-09-16T17:51:54Z</time>
      </trkpt>
      <trkpt lat="46.097784982994199" lon="10.933739980682731">
        <ele>785.17953199999999</ele>
        <time>2026-09-16T17:51:54Z</time>
      </trkpt>
      <trkpt lat="46.097809039056301" lon="10.933754984289408">
        <ele>785.18667300000004</ele>
        <time>2026-09-16T17:51:55Z</time>
      </trkpt>
      <trkpt lat="46.097838962450624" lon="10.933766970410943">
        <ele>785.19517299999995</ele>
        <time>2026-09-16T17:51:56Z</time>
      </trkpt>
      <trkpt lat="46.097869975492358" lon="10.933778034523129">
        <ele>785.203889</ele>
        <time>2026-09-16T17:51:56Z</time>
      </trkpt>
      <trkpt lat="46.097899982705712" lon="10.933789014816284">
        <ele>785.21234000000004</ele>
        <time>2026-09-16T17:51:57Z</time>
      </trkpt>
      <trkpt lat="46.097929989919066" lon="10.933809969574213">
        <ele>785.22144500000002</ele>
        <time>2026-09-16T17:51:58Z</time>
      </trkpt>
      <trkpt lat="46.097951028496027" lon="10.933839976787567">
        <ele>785.22951499999999</ele>
        <time>2026-09-16T17:51:58Z</time>
      </trkpt>
      <trkpt lat="46.09795899130404" lon="10.933876018971205">
        <ele>785.236672</ele>
        <time>2026-09-16T17:51:59Z</time>
      </trkpt>
      <trkpt lat="46.097973994910717" lon="10.933972997590899">
        <ele>785.25548700000002</ele>
        <time>2026-09-16T17:52:00Z</time>
      </trkpt>
      <trkpt lat="46.098054964095354" lon="10.934290001168847">
        <ele>785.31944499999997</ele>
        <time>2026-09-16T17:52:17Z</time>
      </trkpt>
      <trkpt lat="46.098122019320726" lon="10.93440399505198">
        <ele>785.34773700000005</ele>
        <time>2026-09-16T17:52:24Z</time>
      </trkpt>
      <trkpt lat="46.098255962133408" lon="10.934484964236617">
        <ele>785.38740499999994</ele>
        <time>2026-09-16T17:52:34Z</time>
      </trkpt>
      <trkpt lat="46.098485039547086" lon="10.934565011411905">
        <ele>785.45173499999999</ele>
        <time>2026-09-16T17:52:50Z</time>
      </trkpt>
      <trkpt lat="46.098525021225214" lon="10.934326965361834">
        <ele>785.49809600000003</ele>
        <time>2026-09-16T17:52:54Z</time>
      </trkpt>
      <trkpt lat="46.098547987639904" lon="10.934327971190214">
        <ele>785.50437899999997</ele>
        <time>2026-09-16T17:52:54Z</time>
      </trkpt>
      <trkpt lat="46.09858201816678" lon="10.934326965361834">
        <ele>785.51366299999995</ele>
        <time>2026-09-16T17:52:55Z</time>
      </trkpt>
      <trkpt lat="46.09860498458147" lon="10.934326965361834">
        <ele>785.51994300000001</ele>
        <time>2026-09-16T17:52:56Z</time>
      </trkpt>
      <trkpt lat="46.098631974309683" lon="10.934324031695724">
        <ele>785.52733599999999</ele>
        <time>2026-09-16T17:52:56Z</time>
      </trkpt>
      <trkpt lat="46.098657958209515" lon="10.934316990897059">
        <ele>785.53455699999995</ele>
        <time>2026-09-16T17:52:57Z</time>
      </trkpt>
      <trkpt lat="46.098692994564772" lon="10.934311961755157">
        <ele>785.54416000000003</ele>
        <time>2026-09-16T17:52:58Z</time>
      </trkpt>
      <trkpt lat="46.098720990121365" lon="10.934310033917427">
        <ele>785.55181400000004</ele>
        <time>2026-09-16T17:52:58Z</time>
      </trkpt>
      <trkpt lat="46.098758960142732" lon="10.934307016432285">
        <ele>785.56220399999995</ele>
        <time>2026-09-16T17:52:59Z</time>
      </trkpt>
      <trkpt lat="46.098798019811511" lon="10.934301987290382">
        <ele>785.57289300000002</ele>
        <time>2026-09-16T17:53:00Z</time>
      </trkpt>
      <trkpt lat="46.098831966519356" lon="10.934291006997228">
        <ele>785.58240699999999</ele>
        <time>2026-09-16T17:53:01Z</time>
      </trkpt>
      <trkpt lat="46.09886197373271" lon="10.934283966198564">
        <ele>785.59070399999996</ele>
        <time>2026-09-16T17:53:01Z</time>
      </trkpt>
      <trkpt lat="46.098892986774445" lon="10.934278015047312">
        <ele>785.599243</ele>
        <time>2026-09-16T17:53:02Z</time>
      </trkpt>
      <trkpt lat="46.098927017301321" lon="10.93427499756217">
        <ele>785.60854300000005</ele>
        <time>2026-09-16T17:53:03Z</time>
      </trkpt>
      <trkpt lat="46.098957024514675" lon="10.934273991733789">
        <ele>785.61673599999995</ele>
        <time>2026-09-16T17:53:03Z</time>
      </trkpt>
      <trkpt lat="46.098985020071268" lon="10.93427499756217">
        <ele>785.62438299999997</ele>
        <time>2026-09-16T17:53:04Z</time>
      </trkpt>
      <trkpt lat="46.099017038941383" lon="10.934273991733789">
        <ele>785.63312199999996</ele>
        <time>2026-09-16T17:53:05Z</time>
      </trkpt>
      <trkpt lat="46.099037993699312" lon="10.934279020875692">
        <ele>785.63893299999995</ele>
        <time>2026-09-16T17:53:05Z</time>
      </trkpt>
      <trkpt lat="46.099071018397808" lon="10.934284972026944">
        <ele>785.64801299999999</ele>
        <time>2026-09-16T17:53:06Z</time>
      </trkpt>
      <trkpt lat="46.099100019782782" lon="10.934296958148479">
        <ele>785.65625</ele>
        <time>2026-09-16T17:53:06Z</time>
      </trkpt>
      <trkpt lat="46.099128015339375" lon="10.934308022260666">
        <ele>785.66597999999999</ele>
        <time>2026-09-16T17:53:07Z</time>
      </trkpt>
      <trkpt lat="46.099155005067587" lon="10.93431799672544">
        <ele>785.78460900000005</ele>
        <time>2026-09-16T17:53:08Z</time>
      </trkpt>
      <trkpt lat="46.099178977310658" lon="10.934329982846975">
        <ele>785.89270699999997</ele>
        <time>2026-09-16T17:53:08Z</time>
      </trkpt>
      <trkpt lat="46.099208984524012" lon="10.934343980625272">
        <ele>786.02689199999998</ele>
        <time>2026-09-16T17:53:09Z</time>
      </trkpt>
      <trkpt lat="46.099307974800467" lon="10.934443976730108">
        <ele>786.54125699999997</ele>
        <time>2026-09-16T17:53:11Z</time>
      </trkpt>
      <trkpt lat="46.09939900226891" lon="10.934483958408237">
        <ele>786.94610299999999</ele>
        <time>2026-09-16T17:53:18Z</time>
      </trkpt>
      <trkpt lat="46.099449964240193" lon="10.934568028897047">
        <ele>787.27556300000003</ele>
        <time>2026-09-16T17:53:23Z</time>
      </trkpt>
      <trkpt lat="46.099465973675251" lon="10.934657966718078">
        <ele>787.54972899999996</ele>
        <time>2026-09-16T17:53:28Z</time>
      </trkpt>
      <trkpt lat="46.099417023360729" lon="10.934829041361809">
        <ele>788.09571300000005</ele>
        <time>2026-09-16T17:53:37Z</time>
      </trkpt>
      <trkpt lat="46.099438983947039" lon="10.934909004718065">
        <ele>788.34966899999995</ele>
        <time>2026-09-16T17:53:41Z</time>
      </trkpt>
      <trkpt lat="46.099598994478583" lon="10.935074966400862">
        <ele>789.18845199999998</ele>
        <time>2026-09-16T17:53:55Z</time>
      </trkpt>
      <trkpt lat="46.099552977830172" lon="10.935044959187508">
        <ele>789.40329399999996</ele>
        <time>2026-09-16T17:53:56Z</time>
      </trkpt>
      <trkpt lat="46.099561024457216" lon="10.935061974450946">
        <ele>789.46392000000003</ele>
        <time>2026-09-16T17:53:56Z</time>
      </trkpt>
      <trkpt lat="46.099566975608468" lon="10.935083013027906">
        <ele>789.53094199999998</ele>
        <time>2026-09-16T17:53:56Z</time>
      </trkpt>
      <trkpt lat="46.099565969780087" lon="10.935106985270977">
        <ele>789.60189000000003</ele>
        <time>2026-09-16T17:53:57Z</time>
      </trkpt>
      <trkpt lat="46.099553983658552" lon="10.93513498082757">
        <ele>789.69902100000002</ele>
        <time>2026-09-16T17:53:57Z</time>
      </trkpt>
      <trkpt lat="46.099543003365397" lon="10.935149984434247">
        <ele>789.76344600000004</ele>
        <time>2026-09-16T17:53:58Z</time>
      </trkpt>
      <trkpt lat="46.09952699393034" lon="10.935162976384163">
        <ele>789.84159799999998</ele>
        <time>2026-09-16T17:53:58Z</time>
      </trkpt>
      <trkpt lat="46.09950696118176" lon="10.935174040496349">
        <ele>789.93268799999998</ele>
        <time>2026-09-16T17:53:58Z</time>
      </trkpt>
      <trkpt lat="46.09948399476707" lon="10.935182003304362">
        <ele>790.03337299999998</ele>
        <time>2026-09-16T17:53:59Z</time>
      </trkpt>
      <trkpt lat="46.09946203418076" lon="10.935183009132743">
        <ele>790.12704199999996</ele>
        <time>2026-09-16T17:53:59Z</time>
      </trkpt>
      <trkpt lat="46.099438983947039" lon="10.935180997475982">
        <ele>790.225098</ele>
        <time>2026-09-16T17:54:00Z</time>
      </trkpt>
      <trkpt lat="46.099416017532349" lon="10.935178985819221">
        <ele>790.32315400000005</ele>
        <time>2026-09-16T17:54:00Z</time>
      </trkpt>
      <trkpt lat="46.099394978955388" lon="10.935179991647601">
        <ele>790.41256999999996</ele>
        <time>2026-09-16T17:54:01Z</time>
      </trkpt>
      <trkpt lat="46.099362038075924" lon="10.935186026617885">
        <ele>790.55411500000002</ele>
        <time>2026-09-16T17:54:02Z</time>
      </trkpt>
      <trkpt lat="46.099338987842202" lon="10.935189966112375">
        <ele>790.65270299999997</ele>
        <time>2026-09-16T17:54:02Z</time>
      </trkpt>
      <trkpt lat="46.099317027255893" lon="10.935200024396181">
        <ele>790.75086599999997</ele>
        <time>2026-09-16T17:54:03Z</time>
      </trkpt>
      <trkpt lat="46.099299006164074" lon="10.935217961668968">
        <ele>790.84407999999996</ele>
        <time>2026-09-16T17:54:03Z</time>
      </trkpt>
      <trkpt lat="46.0992890316993" lon="10.935239000245929">
        <ele>790.91925300000003</ele>
        <time>2026-09-16T17:54:03Z</time>
      </trkpt>
      <trkpt lat="46.099293977022171" lon="10.935262972488999">
        <ele>790.993201</ele>
        <time>2026-09-16T17:54:04Z</time>
      </trkpt>
      <trkpt lat="46.099302023649216" lon="10.935289962217212">
        <ele>791.07984299999998</ele>
        <time>2026-09-16T17:54:04Z</time>
      </trkpt>
      <trkpt lat="46.09931300394237" lon="10.935312006622553">
        <ele>791.15987900000005</ele>
        <time>2026-09-16T17:54:05Z</time>
      </trkpt>
      <trkpt lat="46.099330019205809" lon="10.935328016057611">
        <ele>791.24626699999999</ele>
        <time>2026-09-16T17:54:05Z</time>
      </trkpt>
      <trkpt lat="46.099351979792118" lon="10.935338996350765">
        <ele>791.34535700000004</ele>
        <time>2026-09-16T17:54:06Z</time>
      </trkpt>
      <trkpt lat="46.099366983398795" lon="10.935345031321049">
        <ele>791.41160000000002</ele>
        <time>2026-09-16T17:54:06Z</time>
      </trkpt>
      <trkpt lat="46.099386010318995" lon="10.935361962765455">
        <ele>791.506754</ele>
        <time>2026-09-16T17:54:06Z</time>
      </trkpt>
      <trkpt lat="46.099405037239194" lon="10.935378978028893">
        <ele>791.60190699999998</ele>
        <time>2026-09-16T17:54:07Z</time>
      </trkpt>
      <trkpt lat="46.099423980340362" lon="10.935394987463951">
        <ele>791.69553800000006</ele>
        <time>2026-09-16T17:54:07Z</time>
      </trkpt>
      <trkpt lat="46.099435966461897" lon="10.935416026040912">
        <ele>791.77583700000002</ele>
        <time>2026-09-16T17:54:08Z</time>
      </trkpt>
      <trkpt lat="46.099450970068574" lon="10.935436980798841">
        <ele>791.86480200000005</ele>
        <time>2026-09-16T17:54:08Z</time>
      </trkpt>
      <trkpt lat="46.099469996988773" lon="10.935452990233898">
        <ele>791.95843300000001</ele>
        <time>2026-09-16T17:54:09Z</time>
      </trkpt>
      <trkpt lat="46.09948500059545" lon="10.935470005497336">
        <ele>792.03961900000002</ele>
        <time>2026-09-16T17:54:09Z</time>
      </trkpt>
      <trkpt lat="46.099495980888605" lon="10.935487020760775">
        <ele>792.10823200000004</ele>
        <time>2026-09-16T17:54:09Z</time>
      </trkpt>
      <trkpt lat="46.099510984495282" lon="10.935511998832226">
        <ele>792.20578699999999</ele>
        <time>2026-09-16T17:54:10Z</time>
      </trkpt>
      <trkpt lat="46.099523976445198" lon="10.935538988560438">
        <ele>792.30278299999998</ele>
        <time>2026-09-16T17:54:10Z</time>
      </trkpt>
      <trkpt lat="46.099543003365397" lon="10.935562960803509">
        <ele>792.41026899999997</ele>
        <time>2026-09-16T17:54:11Z</time>
      </trkpt>
      <trkpt lat="46.099568987265229" lon="10.935583999380469">
        <ele>792.53708500000005</ele>
        <time>2026-09-16T17:54:12Z</time>
      </trkpt>
      <trkpt lat="46.099589020013809" lon="10.935593973845243">
        <ele>792.62716699999999</ele>
        <time>2026-09-16T17:54:12Z</time>
      </trkpt>
      <trkpt lat="46.099611986428499" lon="10.935591962188482">
        <ele>792.72522300000003</ele>
        <time>2026-09-16T17:54:12Z</time>
      </trkpt>
      <trkpt lat="46.099635036662221" lon="10.935590034350753">
        <ele>792.82327899999996</ele>
        <time>2026-09-16T17:54:13Z</time>
      </trkpt>
      <trkpt lat="46.099661020562053" lon="10.935595985502005">
        <ele>792.93533100000002</ele>
        <time>2026-09-16T17:54:14Z</time>
      </trkpt>
      <trkpt lat="46.09967996366322" lon="10.935616018250585">
        <ele>793.03543400000001</ele>
        <time>2026-09-16T17:54:14Z</time>
      </trkpt>
      <trkpt lat="46.09969899058342" lon="10.935636973008513">
        <ele>793.13730499999997</ele>
        <time>2026-09-16T17:54:15Z</time>
      </trkpt>
      <trkpt lat="46.099713994190097" lon="10.935655999928713">
        <ele>793.22226499999999</ele>
        <time>2026-09-16T17:54:15Z</time>
      </trkpt>
      <trkpt lat="46.099733021110296" lon="10.935668991878629">
        <ele>793.31175900000005</ele>
        <time>2026-09-16T17:54:15Z</time>
      </trkpt>
      <trkpt lat="46.099748024716973" lon="10.935677960515022">
        <ele>793.37672299999997</ele>
        <time>2026-09-16T17:54:16Z</time>
      </trkpt>
      <trkpt lat="46.099764034152031" lon="10.935688018798828">
        <ele>793.44598199999996</ele>
        <time>2026-09-16T17:54:16Z</time>
      </trkpt>
      <trkpt lat="46.099779037758708" lon="10.935692964121699">
        <ele>793.50712899999996</ele>
        <time>2026-09-16T17:54:16Z</time>
      </trkpt>
      <trkpt lat="46.099797980859876" lon="10.935700004920363">
        <ele>793.58501699999999</ele>
        <time>2026-09-16T17:54:17Z</time>
      </trkpt>
      <trkpt lat="46.099812984466553" lon="10.935709979385138">
        <ele>793.65065100000004</ele>
        <time>2026-09-16T17:54:17Z</time>
      </trkpt>
      <trkpt lat="46.099826982244849" lon="10.935726994648576">
        <ele>793.723341</ele>
        <time>2026-09-16T17:54:18Z</time>
      </trkpt>
      <trkpt lat="46.099825976416469" lon="10.935749039053917">
        <ele>793.78405999999995</ele>
        <time>2026-09-16T17:54:18Z</time>
      </trkpt>
      <trkpt lat="46.099822036921978" lon="10.935772005468607">
        <ele>793.84936500000003</ele>
        <time>2026-09-16T17:54:18Z</time>
      </trkpt>
      <trkpt lat="46.099809966981411" lon="10.935790026560426">
        <ele>793.91813400000001</ele>
        <time>2026-09-16T17:54:19Z</time>
      </trkpt>
      <trkpt lat="46.099794963374734" lon="10.935804024338722">
        <ele>793.98909800000001</ele>
        <time>2026-09-16T17:54:19Z</time>
      </trkpt>
      <trkpt lat="46.099783983081579" lon="10.935811987146735">
        <ele>794.03802900000005</ele>
        <time>2026-09-16T17:54:19Z</time>
      </trkpt>
      <trkpt lat="46.099771996960044" lon="10.935815004631877">
        <ele>794.08640100000002</ele>
        <time>2026-09-16T17:54:20Z</time>
      </trkpt>
      <trkpt lat="46.099756993353367" lon="10.935819027945399">
        <ele>794.14698799999996</ele>
        <time>2026-09-16T17:54:20Z</time>
      </trkpt>
      <trkpt lat="46.099745007231832" lon="10.935819027945399">
        <ele>794.19464900000003</ele>
        <time>2026-09-16T17:54:20Z</time>
      </trkpt>
      <trkpt lat="46.099730003625154" lon="10.935824979096651">
        <ele>794.25647500000002</ele>
        <time>2026-09-16T17:54:21Z</time>
      </trkpt>
      <trkpt lat="46.099718017503619" lon="10.935824979096651">
        <ele>794.30413599999997</ele>
        <time>2026-09-16T17:54:21Z</time>
      </trkpt>
      <trkpt lat="46.099704019725323" lon="10.935824979096651">
        <ele>794.35974099999999</ele>
        <time>2026-09-16T17:54:21Z</time>
      </trkpt>
      <trkpt lat="46.099692033603787" lon="10.935826990753412">
        <ele>794.40771900000004</ele>
        <time>2026-09-16T17:54:21Z</time>
      </trkpt>
      <trkpt lat="46.099680969491601" lon="10.935834031552076">
        <ele>794.45547299999998</ele>
        <time>2026-09-16T17:54:22Z</time>
      </trkpt>
      <trkpt lat="46.099669989198446" lon="10.935838976874948">
        <ele>794.50128199999995</ele>
        <time>2026-09-16T17:54:22Z</time>
      </trkpt>
      <trkpt lat="46.099662026390433" lon="10.93584400601685">
        <ele>794.53591100000006</ele>
        <time>2026-09-16T17:54:22Z</time>
      </trkpt>
      <trkpt lat="46.099650040268898" lon="10.935850962996483">
        <ele>794.58732399999997</ele>
        <time>2026-09-16T17:54:22Z</time>
      </trkpt>
      <trkpt lat="46.09963403083384" lon="10.935856997966766">
        <ele>794.65298600000006</ele>
        <time>2026-09-16T17:54:23Z</time>
      </trkpt>
      <trkpt lat="46.099620033055544" lon="10.935856997966766">
        <ele>794.70858999999996</ele>
        <time>2026-09-16T17:54:23Z</time>
      </trkpt>
      <trkpt lat="46.099607041105628" lon="10.935855992138386">
        <ele>794.76029700000004</ele>
        <time>2026-09-16T17:54:23Z</time>
      </trkpt>
      <trkpt lat="46.099584996700287" lon="10.935852974653244">
        <ele>794.84806600000002</ele>
        <time>2026-09-16T17:54:24Z</time>
      </trkpt>
      <trkpt lat="46.099564963951707" lon="10.935854986310005">
        <ele>794.92769199999998</ele>
        <time>2026-09-16T17:54:24Z</time>
      </trkpt>
      <trkpt lat="46.099541997537017" lon="10.935859009623528">
        <ele>795.01970500000004</ele>
        <time>2026-09-16T17:54:25Z</time>
      </trkpt>
      <trkpt lat="46.099520036950707" lon="10.935862027108669">
        <ele>795.10747400000002</ele>
        <time>2026-09-16T17:54:25Z</time>
      </trkpt>
      <trkpt lat="46.099500004202127" lon="10.93586697243154">
        <ele>795.18809399999998</ele>
        <time>2026-09-16T17:54:26Z</time>
      </trkpt>
      <trkpt lat="46.099481983110309" lon="10.935874013230205">
        <ele>795.26213900000005</ele>
        <time>2026-09-16T17:54:26Z</time>
      </trkpt>
      <trkpt lat="46.099471002817154" lon="10.935879964381456">
        <ele>795.30885000000001</ele>
        <time>2026-09-16T17:54:26Z</time>
      </trkpt>
      <trkpt lat="46.099459016695619" lon="10.93588700518012">
        <ele>795.36026200000003</ele>
        <time>2026-09-16T17:54:26Z</time>
      </trkpt>
      <trkpt lat="46.099447030574083" lon="10.935893040150404">
        <ele>795.410707</ele>
        <time>2026-09-16T17:54:27Z</time>
      </trkpt>
      <trkpt lat="46.099433032795787" lon="10.935902008786798">
        <ele>795.471586</ele>
        <time>2026-09-16T17:54:27Z</time>
      </trkpt>
      <trkpt lat="46.099425991997123" lon="10.9359070379287">
        <ele>795.502612</ele>
        <time>2026-09-16T17:54:27Z</time>
      </trkpt>
      <trkpt lat="46.099424986168742" lon="10.93590896576643">
        <ele>795.50940200000002</ele>
        <time>2026-09-16T17:54:27Z</time>
      </trkpt>
      <trkpt lat="46.099414005875587" lon="10.935911983251572">
        <ele>795.55386599999997</ele>
        <time>2026-09-16T17:54:28Z</time>
      </trkpt>
      <trkpt lat="46.099402019754052" lon="10.935911983251572">
        <ele>795.60152800000003</ele>
        <time>2026-09-16T17:54:28Z</time>
      </trkpt>
      <trkpt lat="46.099385004490614" lon="10.935911983251572">
        <ele>795.66904799999998</ele>
        <time>2026-09-16T17:54:28Z</time>
      </trkpt>
      <trkpt lat="46.099359020590782" lon="10.935916006565094">
        <ele>795.77290000000005</ele>
        <time>2026-09-16T17:54:29Z</time>
      </trkpt>
      <trkpt lat="46.099346028640866" lon="10.935919024050236">
        <ele>795.82519000000002</ele>
        <time>2026-09-16T17:54:29Z</time>
      </trkpt>
      <trkpt lat="46.099346028640866" lon="10.935910977423191">
        <ele>795.84722199999999</ele>
        <time>2026-09-16T17:54:29Z</time>
      </trkpt>
      <trkpt lat="46.099342005327344" lon="10.935907959938049">
        <ele>795.86513000000002</ele>
        <time>2026-09-16T17:54:29Z</time>
      </trkpt>
      <trkpt lat="46.099338987842202" lon="10.935920029878616">
        <ele>795.900261</ele>
        <time>2026-09-16T17:54:29Z</time>
      </trkpt>
      <trkpt lat="46.099347034469247" lon="10.935925981029868">
        <ele>795.93607499999996</ele>
        <time>2026-09-16T17:54:30Z</time>
      </trkpt>
      <trkpt lat="46.099349968135357" lon="10.935923969373107">
        <ele>795.94920200000001</ele>
        <time>2026-09-16T17:54:30Z</time>
      </trkpt>
      <trkpt lat="46.099345022812486" lon="10.93592899851501">
        <ele>795.97336800000005</ele>
        <time>2026-09-16T17:54:30Z</time>
      </trkpt>
      <trkpt lat="46.099338987842202" lon="10.935934027656913">
        <ele>796.00089100000002</ele>
        <time>2026-09-16T17:54:30Z</time>
      </trkpt>
      <trkpt lat="46.099338987842202" lon="10.935936961323023">
        <ele>796.00915299999997</ele>
        <time>2026-09-16T17:54:30Z</time>
      </trkpt>
      <trkpt lat="46.099336976185441" lon="10.935938972979784">
        <ele>796.01882000000001</ele>
        <time>2026-09-16T17:54:30Z</time>
      </trkpt>
      <trkpt lat="46.099322978407145" lon="10.935955988243222">
        <ele>796.09150999999997</ele>
        <time>2026-09-16T17:54:30Z</time>
      </trkpt>
      <trkpt lat="46.099318033084273" lon="10.935962023213506">
        <ele>796.117345</ele>
        <time>2026-09-16T17:54:31Z</time>
      </trkpt>
      <trkpt lat="46.099309986457229" lon="10.935967974364758">
        <ele>796.15315899999996</ele>
        <time>2026-09-16T17:54:31Z</time>
      </trkpt>
      <trkpt lat="46.099293977022171" lon="10.935979960486293">
        <ele>796.22478799999999</ele>
        <time>2026-09-16T17:54:31Z</time>
      </trkpt>
      <trkpt lat="46.099275033921003" lon="10.935999993234873">
        <ele>796.31821500000001</ele>
        <time>2026-09-16T17:54:32Z</time>
      </trkpt>
      <trkpt lat="46.099252989515662" lon="10.93601600266993">
        <ele>796.41607699999997</ele>
        <time>2026-09-16T17:54:32Z</time>
      </trkpt>
      <trkpt lat="46.099241003394127" lon="10.936025977134705">
        <ele>796.47112300000003</ele>
        <time>2026-09-16T17:54:32Z</time>
      </trkpt>
      <trkpt lat="46.09922599978745" lon="10.93603896908462">
        <ele>796.54062999999996</ele>
        <time>2026-09-16T17:54:33Z</time>
      </trkpt>
      <trkpt lat="46.099214013665915" lon="10.936053972691298">
        <ele>796.603703</ele>
        <time>2026-09-16T17:54:33Z</time>
      </trkpt>
      <trkpt lat="46.099200015887618" lon="10.936072999611497">
        <ele>796.68005800000003</ele>
        <time>2026-09-16T17:54:34Z</time>
      </trkpt>
      <trkpt lat="46.099190041422844" lon="10.936091020703316">
        <ele>796.74357999999995</ele>
        <time>2026-09-16T17:54:34Z</time>
      </trkpt>
      <trkpt lat="46.099189035594463" lon="10.936095966026187">
        <ele>796.75791100000004</ele>
        <time>2026-09-16T17:54:34Z</time>
      </trkpt>
      <trkpt lat="46.099185012280941" lon="10.936103006824851">
        <ele>796.78289299999994</ele>
        <time>2026-09-16T17:54:34Z</time>
      </trkpt>
      <trkpt lat="46.099177971482277" lon="10.93612496741116">
        <ele>796.849557</ele>
        <time>2026-09-16T17:54:34Z</time>
      </trkpt>
      <trkpt lat="46.099174031987786" lon="10.936147011816502">
        <ele>796.912195</ele>
        <time>2026-09-16T17:54:35Z</time>
      </trkpt>
      <trkpt lat="46.099171014502645" lon="10.93616503290832">
        <ele>796.96317999999997</ele>
        <time>2026-09-16T17:54:35Z</time>
      </trkpt>
      <trkpt lat="46.099171014502645" lon="10.936180958524346">
        <ele>797.00724500000001</ele>
        <time>2026-09-16T17:54:35Z</time>
      </trkpt>
      <trkpt lat="46.099175037816167" lon="10.936200991272926">
        <ele>797.064572</ele>
        <time>2026-09-16T17:54:36Z</time>
      </trkpt>
      <trkpt lat="46.099178977310658" lon="10.936224963515997">
        <ele>797.13255200000003</ele>
        <time>2026-09-16T17:54:36Z</time>
      </trkpt>
      <trkpt lat="46.099186018109322" lon="10.936246002092957">
        <ele>797.19672400000002</ele>
        <time>2026-09-16T17:54:36Z</time>
      </trkpt>
      <trkpt lat="46.099190041422844" lon="10.93627299182117">
        <ele>797.27276199999994</ele>
        <time>2026-09-16T17:54:37Z</time>
      </trkpt>
      <trkpt lat="46.099194986745715" lon="10.936299981549382">
        <ele>797.34972800000003</ele>
        <time>2026-09-16T17:54:37Z</time>
      </trkpt>
      <trkpt lat="46.099202027544379" lon="10.936328982934356">
        <ele>797.43429700000002</ele>
        <time>2026-09-16T17:54:38Z</time>
      </trkpt>
      <trkpt lat="46.099204961210489" lon="10.936361001804471">
        <ele>797.52322900000001</ele>
        <time>2026-09-16T17:54:38Z</time>
      </trkpt>
      <trkpt lat="46.09920596703887" lon="10.936396960169077">
        <ele>797.62245600000006</ele>
        <time>2026-09-16T17:54:39Z</time>
      </trkpt>
      <trkpt lat="46.099207978695631" lon="10.936439959332347">
        <ele>797.74114699999996</ele>
        <time>2026-09-16T17:54:39Z</time>
      </trkpt>
      <trkpt lat="46.09920403920114" lon="10.936489999294281">
        <ele>797.87976400000002</ele>
        <time>2026-09-16T17:54:40Z</time>
      </trkpt>
      <trkpt lat="46.099196998402476" lon="10.936540039256215">
        <ele>798.02024700000004</ele>
        <time>2026-09-16T17:54:41Z</time>
      </trkpt>
      <trkpt lat="46.099193980917335" lon="10.936588989570737">
        <ele>798.15572199999997</ele>
        <time>2026-09-16T17:54:42Z</time>
      </trkpt>
      <trkpt lat="46.099199010059237" lon="10.936630982905626">
        <ele>798.27308500000004</ele>
        <time>2026-09-16T17:54:42Z</time>
      </trkpt>
      <trkpt lat="46.099215019494295" lon="10.936670964583755">
        <ele>798.400263</ele>
        <time>2026-09-16T17:54:43Z</time>
      </trkpt>
      <trkpt lat="46.099229017272592" lon="10.936716981232166">
        <ele>798.53861700000004</ele>
        <time>2026-09-16T17:54:44Z</time>
      </trkpt>
      <trkpt lat="46.099241003394127" lon="10.936765009537339">
        <ele>798.67914199999996</ele>
        <time>2026-09-16T17:54:44Z</time>
      </trkpt>
      <trkpt lat="46.099251983687282" lon="10.936817983165383">
        <ele>798.83150599999999</ele>
        <time>2026-09-16T17:54:45Z</time>
      </trkpt>
      <trkpt lat="46.099258018657565" lon="10.936868023127317">
        <ele>798.97125600000004</ele>
        <time>2026-09-16T17:54:46Z</time>
      </trkpt>
      <trkpt lat="46.099258018657565" lon="10.936912028118968">
        <ele>799.09243500000002</ele>
        <time>2026-09-16T17:54:47Z</time>
      </trkpt>
      <trkpt lat="46.099258018657565" lon="10.936953015625477">
        <ele>799.20535199999995</ele>
        <time>2026-09-16T17:54:47Z</time>
      </trkpt>
      <trkpt lat="46.099252989515662" lon="10.936995008960366">
        <ele>799.32271600000001</ele>
        <time>2026-09-16T17:54:48Z</time>
      </trkpt>
      <trkpt lat="46.099242009222507" lon="10.937034990638494">
        <ele>799.44122600000003</ele>
        <time>2026-09-16T17:54:48Z</time>
      </trkpt>
      <trkpt lat="46.099230023100972" lon="10.937072038650513">
        <ele>799.55372199999999</ele>
        <time>2026-09-16T17:54:49Z</time>
      </trkpt>
      <trkpt lat="46.099215019494295" lon="10.937112020328641">
        <ele>799.67896299999995</ele>
        <time>2026-09-16T17:54:50Z</time>
      </trkpt>
      <trkpt lat="46.09920403920114" lon="10.937144961208105">
        <ele>799.77980300000002</ele>
        <time>2026-09-16T17:54:50Z</time>
      </trkpt>
      <trkpt lat="46.099190963432193" lon="10.937182009220123">
        <ele>799.89403900000002</ele>
        <time>2026-09-16T17:54:51Z</time>
      </trkpt>
      <trkpt lat="46.099172020331025" lon="10.937216961756349">
        <ele>800.01645799999994</ele>
        <time>2026-09-16T17:54:52Z</time>
      </trkpt>
      <trkpt lat="46.099155005067587" lon="10.937249986454844">
        <ele>800.12967800000001</ele>
        <time>2026-09-16T17:54:52Z</time>
      </trkpt>
      <trkpt lat="46.099124997854233" lon="10.937274964526296">
        <ele>800.26729399999999</ele>
        <time>2026-09-16T17:54:53Z</time>
      </trkpt>
      <trkpt lat="46.099093984812498" lon="10.937296003103256">
        <ele>800.40332599999999</ele>
        <time>2026-09-16T17:54:54Z</time>
      </trkpt>
      <trkpt lat="46.099063977599144" lon="10.937317963689566">
        <ele>800.49532899999997</ele>
        <time>2026-09-16T17:54:54Z</time>
      </trkpt>
      <trkpt lat="46.099036987870932" lon="10.937341013923287">
        <ele>800.55057299999999</ele>
        <time>2026-09-16T17:54:55Z</time>
      </trkpt>
      <trkpt lat="46.099005974829197" lon="10.937364986166358">
        <ele>800.61255600000004</ele>
        <time>2026-09-16T17:54:56Z</time>
      </trkpt>
      <trkpt lat="46.098975967615843" lon="10.93739197589457">
        <ele>800.67485399999998</ele>
        <time>2026-09-16T17:54:57Z</time>
      </trkpt>
      <trkpt lat="46.09894503839314" lon="10.937418965622783">
        <ele>800.738653</ele>
        <time>2026-09-16T17:54:57Z</time>
      </trkpt>
      <trkpt lat="46.098915031179786" lon="10.937446961179376">
        <ele>800.801605</ele>
        <time>2026-09-16T17:54:58Z</time>
      </trkpt>
      <trkpt lat="46.098884018138051" lon="10.93747403472662">
        <ele>800.86540400000001</ele>
        <time>2026-09-16T17:54:59Z</time>
      </trkpt>
      <trkpt lat="46.098854010924697" lon="10.937499012798071">
        <ele>800.92644299999995</ele>
        <time>2026-09-16T17:55:00Z</time>
      </trkpt>
      <trkpt lat="46.098824003711343" lon="10.937529020011425">
        <ele>800.99075600000003</ele>
        <time>2026-09-16T17:55:00Z</time>
      </trkpt>
      <trkpt lat="46.098798019811511" lon="10.93756296671927">
        <ele>801.05258600000002</ele>
        <time>2026-09-16T17:55:01Z</time>
      </trkpt>
      <trkpt lat="46.098774969577789" lon="10.937598003074527">
        <ele>801.111491</ele>
        <time>2026-09-16T17:55:02Z</time>
      </trkpt>
      <trkpt lat="46.098750997334719" lon="10.9376270044595">
        <ele>801.166651</ele>
        <time>2026-09-16T17:55:03Z</time>
      </trkpt>
      <trkpt lat="46.098725013434887" lon="10.937660029157996">
        <ele>801.227667</ele>
        <time>2026-09-16T17:55:03Z</time>
      </trkpt>
      <trkpt lat="46.098702969029546" lon="10.93769003637135">
        <ele>801.28100600000005</ele>
        <time>2026-09-16T17:55:04Z</time>
      </trkpt>
      <trkpt lat="46.098687965422869" lon="10.937715014442801">
        <ele>801.32139099999995</ele>
        <time>2026-09-16T17:55:04Z</time>
      </trkpt>
      <trkpt lat="46.098672961816192" lon="10.93773596920073">
        <ele>801.35821999999996</ele>
        <time>2026-09-16T17:55:05Z</time>
      </trkpt>
      <trkpt lat="46.098657958209515" lon="10.937758013606071">
        <ele>801.39590999999996</ele>
        <time>2026-09-16T17:55:05Z</time>
      </trkpt>
      <trkpt lat="46.09864697791636" lon="10.937782991677523">
        <ele>801.43207900000004</ele>
        <time>2026-09-16T17:55:06Z</time>
      </trkpt>
      <trkpt lat="46.098640020936728" lon="10.937820039689541">
        <ele>801.47892899999999</ele>
        <time>2026-09-16T17:55:06Z</time>
      </trkpt>
      <trkpt lat="46.098637003451586" lon="10.937867984175682">
        <ele>801.53780300000005</ele>
        <time>2026-09-16T17:55:07Z</time>
      </trkpt>
      <trkpt lat="46.098643038421869" lon="10.937915006652474">
        <ele>801.596181</ele>
        <time>2026-09-16T17:55:08Z</time>
      </trkpt>
      <trkpt lat="46.098662987351418" lon="10.937952976673841">
        <ele>801.65445799999998</ele>
        <time>2026-09-16T17:55:08Z</time>
      </trkpt>
      <trkpt lat="46.098688971251249" lon="10.93799103051424">
        <ele>801.71967199999995</ele>
        <time>2026-09-16T17:55:09Z</time>
      </trkpt>
      <trkpt lat="46.098713027313352" lon="10.938027994707227">
        <ele>801.78156200000001</ele>
        <time>2026-09-16T17:55:10Z</time>
      </trkpt>
      <trkpt lat="46.098717972636223" lon="10.938020031899214">
        <ele>801.79471899999999</ele>
        <time>2026-09-16T17:55:10Z</time>
      </trkpt>
      <trkpt lat="46.099102031439543" lon="10.938537027686834">
        <ele>802.72018300000002</ele>
        <time>2026-09-16T17:55:31Z</time>
      </trkpt>
      <trkpt lat="46.099694967269897" lon="10.938799967989326">
        <ele>803.63526899999999</ele>
        <time>2026-09-16T17:55:55Z</time>
      </trkpt>
      <trkpt lat="46.100272983312607" lon="10.93917204067111">
        <ele>803.66300799999999</ele>
        <time>2026-09-16T17:56:16Z</time>
      </trkpt>
      <trkpt lat="46.101154005154967" lon="10.939874025061727">
        <ele>803.70711900000003</ele>
        <time>2026-09-16T17:56:48Z</time>
      </trkpt>
      <trkpt lat="46.102036032825708" lon="10.94035598449409">
        <ele>802.42264299999999</ele>
        <time>2026-09-16T17:57:14Z</time>
      </trkpt>
      <trkpt lat="46.102947983890772" lon="10.940728979185224">
        <ele>801.09391800000003</ele>
        <time>2026-09-16T17:57:40Z</time>
      </trkpt>
      <trkpt lat="46.103942999616265" lon="10.940811960026622">
        <ele>800.88507500000003</ele>
        <time>2026-09-16T17:58:10Z</time>
      </trkpt>
      <trkpt lat="46.104046013206244" lon="10.940783964470029">
        <ele>800.863112</ele>
        <time>2026-09-16T17:58:13Z</time>
      </trkpt>
      <trkpt lat="46.104159001260996" lon="10.940643986687064">
        <ele>800.83189700000003</ele>
        <time>2026-09-16T17:58:18Z</time>
      </trkpt>
      <trkpt lat="46.104169981554151" lon="10.940622026100755">
        <ele>800.82795599999997</ele>
        <time>2026-09-16T17:58:18Z</time>
      </trkpt>
      <trkpt lat="46.104347007349133" lon="10.940597970038652">
        <ele>800.79070400000001</ele>
        <time>2026-09-16T17:58:24Z</time>
      </trkpt>
      <trkpt lat="46.104488996788859" lon="10.940509038046002">
        <ele>800.75825999999995</ele>
        <time>2026-09-16T17:58:30Z</time>
      </trkpt>
      <trkpt lat="46.104720002040267" lon="10.940292030572891">
        <ele>801.27792799999997</ele>
        <time>2026-09-16T17:58:40Z</time>
      </trkpt>
      <trkpt lat="46.104827038943768" lon="10.940122967585921">
        <ele>802.03605000000005</ele>
        <time>2026-09-16T17:58:47Z</time>
      </trkpt>
      <trkpt lat="46.105394996702671" lon="10.940049039199948">
        <ele>804.76084500000002</ele>
        <time>2026-09-16T17:59:06Z</time>
      </trkpt>
      <trkpt lat="46.105557018890977" lon="10.940003022551537">
        <ele>805.54969200000005</ele>
        <time>2026-09-16T17:59:13Z</time>
      </trkpt>
      <trkpt lat="46.105981981381774" lon="10.939739998430014">
        <ele>807.75922700000001</ele>
        <time>2026-09-16T17:59:33Z</time>
      </trkpt>
      <trkpt lat="46.106495959684253" lon="10.939843012019992">
        <ele>810.80346699999996</ele>
        <time>2026-09-16T18:00:00Z</time>
      </trkpt>
      <trkpt lat="46.106945984065533" lon="10.940378028899431">
        <ele>815.29975999999999</ele>
        <time>2026-09-16T18:00:33Z</time>
      </trkpt>
      <trkpt lat="46.107416963204741" lon="10.940529992803931">
        <ele>819.02101100000004</ele>
        <time>2026-09-16T18:01:00Z</time>
      </trkpt>
      <trkpt lat="46.108299996703863" lon="10.941453007981181">
        <ele>825.03195300000004</ele>
        <time>2026-09-16T18:01:52Z</time>
      </trkpt>
      <trkpt lat="46.108348025009036" lon="10.941618969663978">
        <ele>825.45024999999998</ele>
        <time>2026-09-16T18:01:56Z</time>
      </trkpt>
      <trkpt lat="46.108373003080487" lon="10.941822985187173">
        <ele>825.93204700000001</ele>
        <time>2026-09-16T18:02:00Z</time>
      </trkpt>
      <trkpt lat="46.108370991423726" lon="10.942178964614868">
        <ele>826.76002000000005</ele>
        <time>2026-09-16T18:02:08Z</time>
      </trkpt>
      <trkpt lat="46.108341990038753" lon="10.94211601652205">
        <ele>826.93589299999996</ele>
        <time>2026-09-16T18:02:09Z</time>
      </trkpt>
      <trkpt lat="46.108320029452443" lon="10.942191034555435">
        <ele>827.12528999999995</ele>
        <time>2026-09-16T18:02:10Z</time>
      </trkpt>
      <trkpt lat="46.108299996703863" lon="10.942244008183479">
        <ele>827.26562799999999</ele>
        <time>2026-09-16T18:02:11Z</time>
      </trkpt>
      <trkpt lat="46.108281975612044" lon="10.942276027053595">
        <ele>827.36146399999996</ele>
        <time>2026-09-16T18:02:12Z</time>
      </trkpt>
      <trkpt lat="46.108273006975651" lon="10.942292958498001">
        <ele>827.41120999999998</ele>
        <time>2026-09-16T18:02:12Z</time>
      </trkpt>
      <trkpt lat="46.10827200114727" lon="10.94231097958982">
        <ele>827.45320700000002</ele>
        <time>2026-09-16T18:02:12Z</time>
      </trkpt>
      <trkpt lat="46.108269989490509" lon="10.942333023995161">
        <ele>827.50481000000002</ele>
        <time>2026-09-16T18:02:13Z</time>
      </trkpt>
      <trkpt lat="46.108280969783664" lon="10.942351967096329">
        <ele>827.56237899999996</ele>
        <time>2026-09-16T18:02:13Z</time>
      </trkpt>
      <trkpt lat="46.108289016410708" lon="10.942356996238232">
        <ele>827.59162700000002</ele>
        <time>2026-09-16T18:02:13Z</time>
      </trkpt>
      <trkpt lat="46.108299996703863" lon="10.942361019551754">
        <ele>827.62968100000001</ele>
        <time>2026-09-16T18:02:13Z</time>
      </trkpt>
      <trkpt lat="46.108307037502527" lon="10.942369988188148">
        <ele>827.66113800000005</ele>
        <time>2026-09-16T18:02:14Z</time>
      </trkpt>
      <trkpt lat="46.108311982825398" lon="10.942398989573121">
        <ele>827.730637</ele>
        <time>2026-09-16T18:02:14Z</time>
      </trkpt>
      <trkpt lat="46.108320029452443" lon="10.94244098290801">
        <ele>827.83193600000004</ele>
        <time>2026-09-16T18:02:15Z</time>
      </trkpt>
      <trkpt lat="46.108332015573978" lon="10.942489011213183">
        <ele>827.950605</ele>
        <time>2026-09-16T18:02:15Z</time>
      </trkpt>
      <trkpt lat="46.108351964503527" lon="10.942539973184466">
        <ele>828.08687499999996</ele>
        <time>2026-09-16T18:02:16Z</time>
      </trkpt>
      <trkpt lat="46.10837996006012" lon="10.942579032853246">
        <ele>828.21744799999999</ele>
        <time>2026-09-16T18:02:17Z</time>
      </trkpt>
      <trkpt lat="46.108410973101854" lon="10.942621026188135">
        <ele>828.36011900000005</ele>
        <time>2026-09-16T18:02:18Z</time>
      </trkpt>
      <trkpt lat="46.108446009457111" lon="10.942666959017515">
        <ele>828.518959</ele>
        <time>2026-09-16T18:02:19Z</time>
      </trkpt>
      <trkpt lat="46.108482973650098" lon="10.942713981494308">
        <ele>828.684347</ele>
        <time>2026-09-16T18:02:20Z</time>
      </trkpt>
      <trkpt lat="46.108513986691833" lon="10.942763015627861">
        <ele>828.83862199999999</ele>
        <time>2026-09-16T18:02:21Z</time>
      </trkpt>
      <trkpt lat="46.108548017218709" lon="10.942813977599144">
        <ele>829.00317199999995</ele>
        <time>2026-09-16T18:02:22Z</time>
      </trkpt>
      <trkpt lat="46.108578024432063" lon="10.94286703504622">
        <ele>829.16229799999996</ele>
        <time>2026-09-16T18:02:23Z</time>
      </trkpt>
      <trkpt lat="46.108612976968288" lon="10.942920008674264">
        <ele>829.30241100000001</ele>
        <time>2026-09-16T18:02:24Z</time>
      </trkpt>
      <trkpt lat="46.108655976131558" lon="10.942880026996136">
        <ele>829.42830500000002</ele>
        <time>2026-09-16T18:02:25Z</time>
      </trkpt>
      <trkpt lat="46.108802994713187" lon="10.943209016695619">
        <ele>830.09596699999997</ele>
        <time>2026-09-16T18:02:31Z</time>
      </trkpt>
      <trkpt lat="46.108955964446068" lon="10.943909995257854">
        <ele>831.34959200000003</ele>
        <time>2026-09-16T18:02:44Z</time>
      </trkpt>
      <trkpt lat="46.109050009399652" lon="10.944499997422099">
        <ele>832.38224600000001</ele>
        <time>2026-09-16T18:02:59Z</time>
      </trkpt>
      <trkpt lat="46.108903996646404" lon="10.944897970184684">
        <ele>833.15033400000004</ele>
        <time>2026-09-16T18:03:12Z</time>
      </trkpt>
      <trkpt lat="46.108889998868108" lon="10.945007018744946">
        <ele>833.33942999999999</ele>
        <time>2026-09-16T18:03:15Z</time>
      </trkpt>
      <trkpt lat="46.108907014131546" lon="10.94508002512157">
        <ele>833.47079099999996</ele>
        <time>2026-09-16T18:03:17Z</time>
      </trkpt>
      <trkpt lat="46.108865020796657" lon="10.945226037874818">
        <ele>833.69030799999996</ele>
        <time>2026-09-16T18:03:21Z</time>
      </trkpt>
      <trkpt lat="46.108768964186311" lon="10.945282028988004">
        <ele>833.81128100000001</ele>
        <time>2026-09-16T18:03:26Z</time>
      </trkpt>
      <trkpt lat="46.108806012198329" lon="10.945374984294176">
        <ele>833.89812500000005</ele>
        <time>2026-09-16T18:03:29Z</time>
      </trkpt>
      <trkpt lat="46.108828978613019" lon="10.945567013695836">
        <ele>834.05593299999998</ele>
        <time>2026-09-16T18:03:34Z</time>
      </trkpt>
      <trkpt lat="46.108804000541568" lon="10.945992982015014">
        <ele>834.40219100000002</ele>
        <time>2026-09-16T18:03:44Z</time>
      </trkpt>
      <trkpt lat="46.108812969177961" lon="10.946262963116169">
        <ele>834.62112100000002</ele>
        <time>2026-09-16T18:03:50Z</time>
      </trkpt>
      <trkpt lat="46.108865020796657" lon="10.946482988074422">
        <ele>834.80937400000005</ele>
        <time>2026-09-16T18:03:54Z</time>
      </trkpt>
      <trkpt lat="46.108995024114847" lon="10.946659008041024">
        <ele>835.01765999999998</ele>
        <time>2026-09-16T18:03:58Z</time>
      </trkpt>
      <trkpt lat="46.109185963869095" lon="10.94680099748075">
        <ele>835.268685</ele>
        <time>2026-09-16T18:04:02Z</time>
      </trkpt>
      <trkpt lat="46.109499027952552" lon="10.947263007983565">
        <ele>835.66513999999995</ele>
        <time>2026-09-16T18:04:09Z</time>
      </trkpt>
      <trkpt lat="46.110132029280066" lon="10.94802500680089">
        <ele>833.95459200000005</ele>
        <time>2026-09-16T18:04:22Z</time>
      </trkpt>
      <trkpt lat="46.110545005649328" lon="10.948826987296343">
        <ele>832.51763300000005</ele>
        <time>2026-09-16T18:04:33Z</time>
      </trkpt>
      <trkpt lat="46.110991006717086" lon="10.949521008878946">
        <ele>831.55064600000003</ele>
        <time>2026-09-16T18:04:44Z</time>
      </trkpt>
      <trkpt lat="46.111684022471309" lon="10.950202038511634">
        <ele>830.61003100000005</ele>
        <time>2026-09-16T18:04:59Z</time>
      </trkpt>
      <trkpt lat="46.112488014623523" lon="10.951468963176012">
        <ele>831.07479999999998</ele>
        <time>2026-09-16T18:05:20Z</time>
      </trkpt>
      <trkpt lat="46.11259002238512" lon="10.95178697258234">
        <ele>831.48120500000005</ele>
        <time>2026-09-16T18:05:27Z</time>
      </trkpt>
      <trkpt lat="46.112809041514993" lon="10.952105987817049">
        <ele>832.00192800000002</ele>
        <time>2026-09-16T18:05:37Z</time>
      </trkpt>
      <trkpt lat="46.112905014306307" lon="10.952245965600014">
        <ele>832.23032499999999</ele>
        <time>2026-09-16T18:05:42Z</time>
      </trkpt>
      <trkpt lat="46.112966034561396" lon="10.952535979449749">
        <ele>832.58182699999998</ele>
        <time>2026-09-16T18:05:49Z</time>
      </trkpt>
      <trkpt lat="46.112975003197789" lon="10.9528389852494">
        <ele>832.93358599999999</ele>
        <time>2026-09-16T18:05:57Z</time>
      </trkpt>
      <trkpt lat="46.113032000139356" lon="10.953108966350555">
        <ele>833.32086700000002</ele>
        <time>2026-09-16T18:06:04Z</time>
      </trkpt>
      <trkpt lat="46.112994030117989" lon="10.95322497189045">
        <ele>833.50468599999999</ele>
        <time>2026-09-16T18:06:08Z</time>
      </trkpt>
      <trkpt lat="46.113002998754382" lon="10.953512974083424">
        <ele>833.91773499999999</ele>
        <time>2026-09-16T18:06:15Z</time>
      </trkpt>
      <trkpt lat="46.113053038716316" lon="10.953754959627986">
        <ele>834.27953000000002</ele>
        <time>2026-09-16T18:06:22Z</time>
      </trkpt>
      <trkpt lat="46.113050021231174" lon="10.953838024288416">
        <ele>834.39860899999996</ele>
        <time>2026-09-16T18:06:24Z</time>
      </trkpt>
      <trkpt lat="46.113126967102289" lon="10.954050002619624">
        <ele>834.74151400000005</ele>
        <time>2026-09-16T18:06:31Z</time>
      </trkpt>
      <trkpt lat="46.11312897875905" lon="10.954108005389571">
        <ele>834.82471599999997</ele>
        <time>2026-09-16T18:06:32Z</time>
      </trkpt>
      <trkpt lat="46.113331988453865" lon="10.954626007005572">
        <ele>835.67725199999995</ele>
        <time>2026-09-16T18:06:44Z</time>
      </trkpt>
      <trkpt lat="46.113282032310963" lon="10.954935969784856">
        <ele>836.13326199999995</ele>
        <time>2026-09-16T18:06:49Z</time>
      </trkpt>
      <trkpt lat="46.113329976797104" lon="10.955409966409206">
        <ele>836.65853400000003</ele>
        <time>2026-09-16T18:06:55Z</time>
      </trkpt>
      <trkpt lat="46.113533992320299" lon="10.955743985250592">
        <ele>836.22632499999997</ele>
        <time>2026-09-16T18:07:00Z</time>
      </trkpt>
      <trkpt lat="46.113611022010446" lon="10.956097031012177">
        <ele>835.86701600000004</ele>
        <time>2026-09-16T18:07:04Z</time>
      </trkpt>
      <trkpt lat="46.1136220023036" lon="10.956342034041882">
        <ele>835.62863800000002</ele>
        <time>2026-09-16T18:07:07Z</time>
      </trkpt>
      <trkpt lat="46.11368503421545" lon="10.956571027636528">
        <ele>835.38942499999996</ele>
        <time>2026-09-16T18:07:10Z</time>
      </trkpt>
      <trkpt lat="46.113769020885229" lon="10.95677001401782">
        <ele>835.16320700000006</ele>
        <time>2026-09-16T18:07:12Z</time>
      </trkpt>
      <trkpt lat="46.113890977576375" lon="10.956929018720984">
        <ele>834.93292399999996</ele>
        <time>2026-09-16T18:07:15Z</time>
      </trkpt>
      <trkpt lat="46.113948980346322" lon="10.957073019817472">
        <ele>834.77122299999996</ele>
        <time>2026-09-16T18:07:17Z</time>
      </trkpt>
      <trkpt lat="46.114155007526278" lon="10.957428999245167">
        <ele>834.32097799999997</ele>
        <time>2026-09-16T18:07:23Z</time>
      </trkpt>
      <trkpt lat="46.114204041659832" lon="10.957878017798066">
        <ele>834.16877999999997</ele>
        <time>2026-09-16T18:07:28Z</time>
      </trkpt>
      <trkpt lat="46.114251986145973" lon="10.958054959774017">
        <ele>834.14853400000004</ele>
        <time>2026-09-16T18:07:30Z</time>
      </trkpt>
      <trkpt lat="46.114343013614416" lon="10.958228968083858">
        <ele>834.125315</ele>
        <time>2026-09-16T18:07:33Z</time>
      </trkpt>
      <trkpt lat="46.114564966410398" lon="10.958428038284183">
        <ele>834.08515199999999</ele>
        <time>2026-09-16T18:07:38Z</time>
      </trkpt>
      <trkpt lat="46.114721959456801" lon="10.958763984963298">
        <ele>834.04198799999995</ele>
        <time>2026-09-16T18:07:45Z</time>
      </trkpt>
      <trkpt lat="46.11503996886313" lon="10.959100015461445">
        <ele>833.98141599999997</ele>
        <time>2026-09-16T18:07:55Z</time>
      </trkpt>
      <trkpt lat="46.115137031301856" lon="10.959280980750918">
        <ele>833.95704499999999</ele>
        <time>2026-09-16T18:07:58Z</time>
      </trkpt>
      <trkpt lat="46.115200985223055" lon="10.95947502180934">
        <ele>833.93415900000002</ele>
        <time>2026-09-16T18:08:01Z</time>
      </trkpt>
      <trkpt lat="46.115288995206356" lon="10.959937032312155">
        <ele>833.28990499999998</ele>
        <time>2026-09-16T18:08:07Z</time>
      </trkpt>
      <trkpt lat="46.115366024896502" lon="10.960189998149872">
        <ele>832.871578</ele>
        <time>2026-09-16T18:08:10Z</time>
      </trkpt>
      <trkpt lat="46.115492004901171" lon="10.960441036149859">
        <ele>832.40239599999995</ele>
        <time>2026-09-16T18:08:14Z</time>
      </trkpt>
      <trkpt lat="46.115584038197994" lon="10.960539020597935">
        <ele>832.15262499999994</ele>
        <time>2026-09-16T18:08:16Z</time>
      </trkpt>
      <trkpt lat="46.115814037621021" lon="10.960992984473705">
        <ele>831.30129399999998</ele>
        <time>2026-09-16T18:08:22Z</time>
      </trkpt>
      <trkpt lat="46.115944040939212" lon="10.961165986955166">
        <ele>830.91501600000004</ele>
        <time>2026-09-16T18:08:24Z</time>
      </trkpt>
      <trkpt lat="46.116248974576592" lon="10.961306970566511">
        <ele>830.21552599999995</ele>
        <time>2026-09-16T18:08:29Z</time>
      </trkpt>
      <trkpt lat="46.116479979828" lon="10.961485002189875">
        <ele>829.69233199999996</ele>
        <time>2026-09-16T18:08:33Z</time>
      </trkpt>
      <trkpt lat="46.116640996187925" lon="10.961678959429264">
        <ele>829.29691300000002</ele>
        <time>2026-09-16T18:08:36Z</time>
      </trkpt>
      <trkpt lat="46.116869989782572" lon="10.961836958304048">
        <ele>828.81842800000004</ele>
        <time>2026-09-16T18:08:40Z</time>
      </trkpt>
      <trkpt lat="46.117085991427302" lon="10.961943995207548">
        <ele>828.38793999999996</ele>
        <time>2026-09-16T18:08:43Z</time>
      </trkpt>
      <trkpt lat="46.117367958649993" lon="10.961860008537769">
        <ele>827.84516799999994</ele>
        <time>2026-09-16T18:08:48Z</time>
      </trkpt>
      <trkpt lat="46.117642968893051" lon="10.962124038487673">
        <ele>827.22252000000003</ele>
        <time>2026-09-16T18:08:54Z</time>
      </trkpt>
      <trkpt lat="46.118000959977508" lon="10.962355965748429">
        <ele>826.71674399999995</ele>
        <time>2026-09-16T18:09:02Z</time>
      </trkpt>
      <trkpt lat="46.118144961073995" lon="10.962389996275306">
        <ele>826.949883</ele>
        <time>2026-09-16T18:09:05Z</time>
      </trkpt>
      <trkpt lat="46.118586016818881" lon="10.962646985426545">
        <ele>827.70981200000006</ele>
        <time>2026-09-16T18:09:18Z</time>
      </trkpt>
      <trkpt lat="46.118857003748417" lon="10.962996007874608">
        <ele>828.29022599999996</ele>
        <time>2026-09-16T18:09:29Z</time>
      </trkpt>
      <trkpt lat="46.119134025648236" lon="10.963157024234533">
        <ele>828.76737400000002</ele>
        <time>2026-09-16T18:09:38Z</time>
      </trkpt>
      <trkpt lat="46.119275009259582" lon="10.963275041431189">
        <ele>829.02781800000002</ele>
        <time>2026-09-16T18:09:44Z</time>
      </trkpt>
      <trkpt lat="46.11946796067059" lon="10.963663961738348">
        <ele>829.39011800000003</ele>
        <time>2026-09-16T18:09:55Z</time>
      </trkpt>
      <trkpt lat="46.119521018117666" lon="10.963888010010123">
        <ele>829.06236200000001</ele>
        <time>2026-09-16T18:09:59Z</time>
      </trkpt>
      <trkpt lat="46.119770966470242" lon="10.964114991948009">
        <ele>828.47224100000005</ele>
        <time>2026-09-16T18:10:05Z</time>
      </trkpt>
      <trkpt lat="46.119849001988769" lon="10.964218005537987">
        <ele>828.26099799999997</ele>
        <time>2026-09-16T18:10:07Z</time>
      </trkpt>
      <trkpt lat="46.119913039728999" lon="10.964234014973044">
        <ele>828.13123700000006</ele>
        <time>2026-09-16T18:10:08Z</time>
      </trkpt>
      <trkpt lat="46.120096016675234" lon="10.964366029947996">
        <ele>827.72250299999996</ele>
        <time>2026-09-16T18:10:11Z</time>
      </trkpt>
      <trkpt lat="46.120216967537999" lon="10.96448396332562">
        <ele>827.43073200000003</ele>
        <time>2026-09-16T18:10:13Z</time>
      </trkpt>
      <trkpt lat="46.120418971404433" lon="10.964798033237457">
        <ele>826.83751900000004</ele>
        <time>2026-09-16T18:10:17Z</time>
      </trkpt>
      <trkpt lat="46.120614018291235" lon="10.964908003807068">
        <ele>826.41923999999995</ele>
        <time>2026-09-16T18:10:20Z</time>
      </trkpt>
      <trkpt lat="46.120674032717943" lon="10.964974975213408">
        <ele>826.26766499999997</ele>
        <time>2026-09-16T18:10:21Z</time>
      </trkpt>
      <trkpt lat="46.121058007702231" lon="10.965141020715237">
        <ele>825.80327899999997</ele>
        <time>2026-09-16T18:10:27Z</time>
      </trkpt>
      <trkpt lat="46.121242996305227" lon="10.965383006259799">
        <ele>825.70106899999996</ele>
        <time>2026-09-16T18:10:31Z</time>
      </trkpt>
      <trkpt lat="46.12154901959002" lon="10.965609988197684">
        <ele>825.56024000000002</ele>
        <time>2026-09-16T18:10:36Z</time>
      </trkpt>
      <trkpt lat="46.121778013184667" lon="10.965591967105865">
        <ele>825.46637299999998</ele>
        <time>2026-09-16T18:10:40Z</time>
      </trkpt>
      <trkpt lat="46.12234303727746" lon="10.965838981792331">
        <ele>825.22474</ele>
        <time>2026-09-16T18:10:56Z</time>
      </trkpt>
      <trkpt lat="46.122822985053062" lon="10.966165959835052">
        <ele>827.58242399999995</ele>
        <time>2026-09-16T18:11:15Z</time>
      </trkpt>
      <trkpt lat="46.12292499281466" lon="10.966515988111496">
        <ele>829.37019699999996</ele>
        <time>2026-09-16T18:11:27Z</time>
      </trkpt>
      <trkpt lat="46.123069999739528" lon="10.966602992266417">
        <ele>830.43703200000004</ele>
        <time>2026-09-16T18:11:35Z</time>
      </trkpt>
      <trkpt lat="46.123309973627329" lon="10.966617995873094">
        <ele>832.06898799999999</ele>
        <time>2026-09-16T18:11:50Z</time>
      </trkpt>
      <trkpt lat="46.123563023284078" lon="10.966694019734859">
        <ele>833.82458899999995</ele>
        <time>2026-09-16T18:12:06Z</time>
      </trkpt>
      <trkpt lat="46.123703001067042" lon="10.966688990592957">
        <ele>834.77596300000005</ele>
        <time>2026-09-16T18:12:14Z</time>
      </trkpt>
      <trkpt lat="46.123724039644003" lon="10.966727966442704">
        <ele>835.00850100000002</ele>
        <time>2026-09-16T18:12:16Z</time>
      </trkpt>
      <trkpt lat="46.123705012723804" lon="10.96678102388978">
        <ele>835.28945899999997</ele>
        <time>2026-09-16T18:12:19Z</time>
      </trkpt>
      <trkpt lat="46.123527986928821" lon="10.966869033873081">
        <ele>836.56128899999999</ele>
        <time>2026-09-16T18:12:29Z</time>
      </trkpt>
      <trkpt lat="46.123609961941838" lon="10.966968024149537">
        <ele>837.28765899999996</ele>
        <time>2026-09-16T18:12:36Z</time>
      </trkpt>
      <trkpt lat="46.123807020485401" lon="10.966984033584595">
        <ele>838.32182</ele>
        <time>2026-09-16T18:12:46Z</time>
      </trkpt>
      <trkpt lat="46.123860999941826" lon="10.966999959200621">
        <ele>838.60495100000003</ele>
        <time>2026-09-16T18:12:49Z</time>
      </trkpt>
      <trkpt lat="46.123883966356516" lon="10.967043964192271">
        <ele>838.80113200000005</ele>
        <time>2026-09-16T18:12:51Z</time>
      </trkpt>
      <trkpt lat="46.124083958566189" lon="10.967030972242355">
        <ele>839.82937100000004</ele>
        <time>2026-09-16T18:13:01Z</time>
      </trkpt>
      <trkpt lat="46.124875964596868" lon="10.966913960874081">
        <ele>843.91833699999995</ele>
        <time>2026-09-16T18:13:34Z</time>
      </trkpt>
      <trkpt lat="46.125286007300019" lon="10.966794015839696">
        <ele>846.06697899999995</ele>
        <time>2026-09-16T18:13:46Z</time>
      </trkpt>
      <trkpt lat="46.125464960932732" lon="10.966775994747877">
        <ele>846.93289400000003</ele>
        <time>2026-09-16T18:13:52Z</time>
      </trkpt>
      <trkpt lat="46.125807026401162" lon="10.966842966154218">
        <ele>848.44449199999997</ele>
        <time>2026-09-16T18:14:06Z</time>
      </trkpt>
      <trkpt lat="46.126112965866923" lon="10.967041030526161">
        <ele>849.913273</ele>
        <time>2026-09-16T18:14:22Z</time>
      </trkpt>
      <trkpt lat="46.1271140165627" lon="10.96779297105968">
        <ele>854.33214099999998</ele>
        <time>2026-09-16T18:15:11Z</time>
      </trkpt>
      <trkpt lat="46.127683985978365" lon="10.96813403069973">
        <ele>853.18662200000006</ele>
        <time>2026-09-16T18:15:23Z</time>
      </trkpt>
      <trkpt lat="46.128100985661149" lon="10.968250036239624">
        <ele>852.39823200000001</ele>
        <time>2026-09-16T18:15:30Z</time>
      </trkpt>
      <trkpt lat="46.128366021439433" lon="10.968428989872336">
        <ele>851.85503800000004</ele>
        <time>2026-09-16T18:15:34Z</time>
      </trkpt>
      <trkpt lat="46.128992987796664" lon="10.968567961826921">
        <ele>850.38061800000003</ele>
        <time>2026-09-16T18:15:42Z</time>
      </trkpt>
      <trkpt lat="46.129131037741899" lon="10.968615990132093">
        <ele>849.95126400000004</ele>
        <time>2026-09-16T18:15:44Z</time>
      </trkpt>
      <trkpt lat="46.1293900385499" lon="10.968772983178496">
        <ele>849.10156600000005</ele>
        <time>2026-09-16T18:15:48Z</time>
      </trkpt>
      <trkpt lat="46.130235018208623" lon="10.968869961798191">
        <ele>846.53768200000002</ele>
        <time>2026-09-16T18:16:01Z</time>
      </trkpt>
      <trkpt lat="46.130520002916455" lon="10.968985967338085">
        <ele>845.70164399999999</ele>
        <time>2026-09-16T18:16:07Z</time>
      </trkpt>
      <trkpt lat="46.131257023662329" lon="10.969045981764793">
        <ele>845.46260700000005</ele>
        <time>2026-09-16T18:16:23Z</time>
      </trkpt>
      <trkpt lat="46.13134603947401" lon="10.969071965664625">
        <ele>845.43320300000005</ele>
        <time>2026-09-16T18:16:25Z</time>
      </trkpt>
      <trkpt lat="46.131403036415577" lon="10.969139020889997">
        <ele>845.40939600000002</ele>
        <time>2026-09-16T18:16:27Z</time>
      </trkpt>
      <trkpt lat="46.131637981161475" lon="10.969101972877979">
        <ele>845.33284600000002</ele>
        <time>2026-09-16T18:16:32Z</time>
      </trkpt>
      <trkpt lat="46.132268970832229" lon="10.969285033643246">
        <ele>845.10004200000003</ele>
        <time>2026-09-16T18:16:45Z</time>
      </trkpt>
      <trkpt lat="46.132606007158756" lon="10.969305988401175">
        <ele>843.60583599999995</ele>
        <time>2026-09-16T18:16:50Z</time>
      </trkpt>
      <trkpt lat="46.133170025423169" lon="10.969475973397493">
        <ele>841.05355399999996</ele>
        <time>2026-09-16T18:16:58Z</time>
      </trkpt>
      <trkpt lat="46.133492980152369" lon="10.969475973397493">
        <ele>839.62275499999998</ele>
        <time>2026-09-16T18:17:03Z</time>
      </trkpt>
      <trkpt lat="46.133641004562378" lon="10.969435991719365">
        <ele>838.95575799999995</ele>
        <time>2026-09-16T18:17:05Z</time>
      </trkpt>
      <trkpt lat="46.133676040917635" lon="10.969345970079303">
        <ele>838.63895500000001</ele>
        <time>2026-09-16T18:17:06Z</time>
      </trkpt>
      <trkpt lat="46.133819036185741" lon="10.969343036413193">
        <ele>838.00543800000003</ele>
        <time>2026-09-16T18:17:08Z</time>
      </trkpt>
      <trkpt lat="46.134001007303596" lon="10.969444960355759">
        <ele>837.14103299999999</ele>
        <time>2026-09-16T18:17:10Z</time>
      </trkpt>
      <trkpt lat="46.134119024500251" lon="10.969472033903003">
        <ele>836.62538600000005</ele>
        <time>2026-09-16T18:17:11Z</time>
      </trkpt>
      <trkpt lat="46.134146014228463" lon="10.969450995326042">
        <ele>836.49300600000004</ele>
        <time>2026-09-16T18:17:12Z</time>
      </trkpt>
      <trkpt lat="46.134156994521618" lon="10.969375977292657">
        <ele>836.26372300000003</ele>
        <time>2026-09-16T18:17:12Z</time>
      </trkpt>
      <trkpt lat="46.13416101783514" lon="10.969321997836232">
        <ele>836.10129700000005</ele>
        <time>2026-09-16T18:17:13Z</time>
      </trkpt>
      <trkpt lat="46.134227989241481" lon="10.969300959259272">
        <ele>835.805385</ele>
        <time>2026-09-16T18:17:14Z</time>
      </trkpt>
      <trkpt lat="46.134385988116264" lon="10.969354016706347">
        <ele>835.10527999999999</ele>
        <time>2026-09-16T18:17:16Z</time>
      </trkpt>
      <trkpt lat="46.134467041119933" lon="10.969443032518029">
        <ele>834.66588300000001</ele>
        <time>2026-09-16T18:17:17Z</time>
      </trkpt>
      <trkpt lat="46.134522026404738" lon="10.969429034739733">
        <ele>834.42484000000002</ele>
        <time>2026-09-16T18:17:18Z</time>
      </trkpt>
      <trkpt lat="46.134621016681194" lon="10.969615029171109">
        <ele>833.72338999999999</ele>
        <time>2026-09-16T18:17:20Z</time>
      </trkpt>
      <trkpt lat="46.134746996685863" lon="10.969668002799153">
        <ele>833.15694599999995</ele>
        <time>2026-09-16T18:17:22Z</time>
      </trkpt>
      <trkpt lat="46.135138012468815" lon="10.96964000724256">
        <ele>831.46732499999996</ele>
        <time>2026-09-16T18:17:31Z</time>
      </trkpt>
      <trkpt lat="46.13547395914793" lon="10.969741009175777">
        <ele>829.98603100000003</ele>
        <time>2026-09-16T18:17:41Z</time>
      </trkpt>
      <trkpt lat="46.135660037398338" lon="10.969760958105326">
        <ele>829.59939999999995</ele>
        <time>2026-09-16T18:17:46Z</time>
      </trkpt>
      <trkpt lat="46.135813007131219" lon="10.969732962548733">
        <ele>830.229378</ele>
        <time>2026-09-16T18:17:50Z</time>
      </trkpt>
      <trkpt lat="46.135909985750914" lon="10.969750983640552">
        <ele>830.62886600000002</ele>
        <time>2026-09-16T18:17:53Z</time>
      </trkpt>
      <trkpt lat="46.136217014864087" lon="10.969949970021844">
        <ele>832.00359400000002</ele>
        <time>2026-09-16T18:18:07Z</time>
      </trkpt>
      <trkpt lat="46.13631097599864" lon="10.969902025535703">
        <ele>832.41089399999998</ele>
        <time>2026-09-16T18:18:12Z</time>
      </trkpt>
      <trkpt lat="46.136598978191614" lon="10.969966985285282">
        <ele>833.60161400000004</ele>
        <time>2026-09-16T18:18:24Z</time>
      </trkpt>
      <trkpt lat="46.136883962899446" lon="10.970072010532022">
        <ele>834.80311800000004</ele>
        <time>2026-09-16T18:18:37Z</time>
      </trkpt>
      <trkpt lat="46.136999968439341" lon="10.970208970829844">
        <ele>835.41540399999997</ele>
        <time>2026-09-16T18:18:44Z</time>
      </trkpt>
      <trkpt lat="46.137171965092421" lon="10.970568973571062">
        <ele>836.65311999999994</ele>
        <time>2026-09-16T18:19:02Z</time>
      </trkpt>
      <trkpt lat="46.137268021702766" lon="10.970638962462544">
        <ele>837.57856500000003</ele>
        <time>2026-09-16T18:19:08Z</time>
      </trkpt>
      <trkpt lat="46.137113040313125" lon="10.970636028796434">
        <ele>839.09264800000005</ele>
        <time>2026-09-16T18:19:20Z</time>
      </trkpt>
      <trkpt lat="46.136971972882748" lon="10.970551958307624">
        <ele>840.582584</ele>
        <time>2026-09-16T18:19:32Z</time>
      </trkpt>
      <trkpt lat="46.136678019538522" lon="10.970505019649863">
        <ele>843.47176400000001</ele>
        <time>2026-09-16T18:19:55Z</time>
      </trkpt>
      <trkpt lat="46.136655975133181" lon="10.970754968002439">
        <ele>845.17741000000001</ele>
        <time>2026-09-16T18:20:09Z</time>
      </trkpt>
      <trkpt lat="46.136739039793611" lon="10.970915984362364">
        <ele>846.53558399999997</ele>
        <time>2026-09-16T18:20:20Z</time>
      </trkpt>
      <trkpt lat="46.136801987886429" lon="10.971109019592404">
        <ele>847.97952899999996</ele>
        <time>2026-09-16T18:20:31Z</time>
      </trkpt>
      <trkpt lat="46.13691003061831" lon="10.97122703678906">
        <ele>849.30263500000001</ele>
        <time>2026-09-16T18:20:41Z</time>
      </trkpt>
      <trkpt lat="46.137548983097076" lon="10.971340024843812">
        <ele>855.50129100000004</ele>
        <time>2026-09-16T18:21:35Z</time>
      </trkpt>
      <trkpt lat="46.138448026031256" lon="10.971927009522915">
        <ele>864.46579099999997</ele>
        <time>2026-09-16T18:22:40Z</time>
      </trkpt>
      <trkpt lat="46.138855973258615" lon="10.971707990393043">
        <ele>868.42055900000003</ele>
        <time>2026-09-16T18:23:10Z</time>
      </trkpt>
      <trkpt lat="46.139406999573112" lon="10.971612017601728">
        <ele>874.68957</ele>
        <time>2026-09-16T18:23:55Z</time>
      </trkpt>
      <trkpt lat="46.139745963737369" lon="10.971635989844799">
        <ele>879.11889199999996</ele>
        <time>2026-09-16T18:24:25Z</time>
      </trkpt>
      <trkpt lat="46.14043302834034" lon="10.971953999251127">
        <ele>888.53418899999997</ele>
        <time>2026-09-16T18:25:36Z</time>
      </trkpt>
      <trkpt lat="46.140887998044491" lon="10.972326993942261">
        <ele>895.12517000000003</ele>
        <time>2026-09-16T18:26:28Z</time>
      </trkpt>
      <trkpt lat="46.141231991350651" lon="10.972477030009031">
        <ele>898.91418899999996</ele>
        <time>2026-09-16T18:27:00Z</time>
      </trkpt>
      <trkpt lat="46.141371969133615" lon="10.972570991143584">
        <ele>900.54225299999996</ele>
        <time>2026-09-16T18:27:13Z</time>
      </trkpt>
      <trkpt lat="46.141873961314559" lon="10.972723038867116">
        <ele>905.95050100000003</ele>
        <time>2026-09-16T18:27:52Z</time>
      </trkpt>
      <trkpt lat="46.142241004854441" lon="10.973108019679785">
        <ele>910.73429899999996</ele>
        <time>2026-09-16T18:28:24Z</time>
      </trkpt>
      <trkpt lat="46.142293978482485" lon="10.973256966099143">
        <ele>911.95788700000003</ele>
        <time>2026-09-16T18:28:30Z</time>
      </trkpt>
      <trkpt lat="46.143144993111491" lon="10.973757030442357">
        <ele>918.55147099999999</ele>
        <time>2026-09-16T18:29:25Z</time>
      </trkpt>
      <trkpt lat="46.143654026091099" lon="10.974501008167863">
        <ele>923.42764799999998</ele>
        <time>2026-09-16T18:29:58Z</time>
      </trkpt>
      <trkpt lat="46.143717980012298" lon="10.974626988172531">
        <ele>924.15625299999999</ele>
        <time>2026-09-16T18:30:02Z</time>
      </trkpt>
      <trkpt lat="46.143771037459373" lon="10.974718015640974">
        <ele>924.71066199999996</ele>
        <time>2026-09-16T18:30:05Z</time>
      </trkpt>
      <trkpt lat="46.143825016915798" lon="10.974811976775527">
        <ele>925.24287300000003</ele>
        <time>2026-09-16T18:30:09Z</time>
      </trkpt>
      <trkpt lat="46.143883019685745" lon="10.975098973140121">
        <ele>926.02165300000001</ele>
        <time>2026-09-16T18:30:16Z</time>
      </trkpt>
      <trkpt lat="46.143811019137502" lon="10.9754419606179">
        <ele>926.95526500000005</ele>
        <time>2026-09-16T18:30:24Z</time>
      </trkpt>
      <trkpt lat="46.143898023292422" lon="10.975640024989843">
        <ele>927.56602499999997</ele>
        <time>2026-09-16T18:30:28Z</time>
      </trkpt>
      <trkpt lat="46.143983015790582" lon="10.976131958886981">
        <ele>928.88691100000005</ele>
        <time>2026-09-16T18:30:37Z</time>
      </trkpt>
      <trkpt lat="46.144111007452011" lon="10.976350978016853">
        <ele>929.63327400000003</ele>
        <time>2026-09-16T18:30:44Z</time>
      </trkpt>
      <trkpt lat="46.144463969394565" lon="10.976658007130027">
        <ele>931.18279700000005</ele>
        <time>2026-09-16T18:31:01Z</time>
      </trkpt>
      <trkpt lat="46.144663961604238" lon="10.976992025971413">
        <ele>932.24438199999997</ele>
        <time>2026-09-16T18:31:15Z</time>
      </trkpt>
      <trkpt lat="46.144767981022596" lon="10.977359991520643">
        <ele>933.03535899999997</ele>
        <time>2026-09-16T18:31:28Z</time>
      </trkpt>
      <trkpt lat="46.145198978483677" lon="10.978149985894561">
        <ele>935.03654300000005</ele>
        <time>2026-09-16T18:31:57Z</time>
      </trkpt>
      <trkpt lat="46.145229991525412" lon="10.978552987799048">
        <ele>935.84351200000003</ele>
        <time>2026-09-16T18:32:05Z</time>
      </trkpt>
      <trkpt lat="46.145564010366797" lon="10.978982979431748">
        <ele>937.12403800000004</ele>
        <time>2026-09-16T18:32:13Z</time>
      </trkpt>
      <trkpt lat="46.145710023120046" lon="10.979352034628391">
        <ele>936.95586400000002</ele>
        <time>2026-09-16T18:32:17Z</time>
      </trkpt>
      <trkpt lat="46.145928958430886" lon="10.979631990194321">
        <ele>936.78874199999996</ele>
        <time>2026-09-16T18:32:21Z</time>
      </trkpt>
      <trkpt lat="46.146250991150737" lon="10.979896020144224">
        <ele>936.57720200000006</ele>
        <time>2026-09-16T18:32:26Z</time>
      </trkpt>
      <trkpt lat="46.146503034979105" lon="10.97995201125741">
        <ele>936.431556</ele>
        <time>2026-09-16T18:32:30Z</time>
      </trkpt>
      <trkpt lat="46.146964961662889" lon="10.980298016220331">
        <ele>936.13423699999998</ele>
        <time>2026-09-16T18:32:43Z</time>
      </trkpt>
      <trkpt lat="46.147479023784399" lon="10.981035958975554">
        <ele>939.73819800000001</ele>
        <time>2026-09-16T18:33:14Z</time>
      </trkpt>
      <trkpt lat="46.147630987688899" lon="10.981295965611935">
        <ele>941.03720399999997</ele>
        <time>2026-09-16T18:33:25Z</time>
      </trkpt>
      <trkpt lat="46.147795021533966" lon="10.981430998072028">
        <ele>942.07774099999995</ele>
        <time>2026-09-16T18:33:35Z</time>
      </trkpt>
      <trkpt lat="46.148153012618423" lon="10.981835005804896">
        <ele>944.58229300000005</ele>
        <time>2026-09-16T18:33:58Z</time>
      </trkpt>
      <trkpt lat="46.148786013945937" lon="10.98289598710835">
        <ele>949.96340999999995</ele>
        <time>2026-09-16T18:34:42Z</time>
      </trkpt>
      <trkpt lat="46.149374004453421" lon="10.983757982030511">
        <ele>954.623377</ele>
        <time>2026-09-16T18:35:19Z</time>
      </trkpt>
      <trkpt lat="46.149640968069434" lon="10.983866024762392">
        <ele>956.17083300000002</ele>
        <time>2026-09-16T18:35:30Z</time>
      </trkpt>
      <trkpt lat="46.149807013571262" lon="10.983969960361719">
        <ele>957.21413399999994</ele>
        <time>2026-09-16T18:35:37Z</time>
      </trkpt>
      <trkpt lat="46.149923019111156" lon="10.984152015298605">
        <ele>958.20189600000003</ele>
        <time>2026-09-16T18:35:44Z</time>
      </trkpt>
      <trkpt lat="46.150082023814321" lon="10.984299033880234">
        <ele>959.29048699999998</ele>
        <time>2026-09-16T18:35:52Z</time>
      </trkpt>
      <trkpt lat="46.15027598105371" lon="10.984479999169707">
        <ele>960.62225100000001</ele>
        <time>2026-09-16T18:36:02Z</time>
      </trkpt>
      <trkpt lat="46.150615029036999" lon="10.984535990282893">
        <ele>962.58945100000005</ele>
        <time>2026-09-16T18:36:18Z</time>
      </trkpt>
      <trkpt lat="46.150890961289406" lon="10.984842013567686">
        <ele>964.59586400000001</ele>
        <time>2026-09-16T18:36:35Z</time>
      </trkpt>
      <trkpt lat="46.151073016226292" lon="10.985114006325603">
        <ele>966.10622499999999</ele>
        <time>2026-09-16T18:36:47Z</time>
      </trkpt>
      <trkpt lat="46.151436036452651" lon="10.985782966017723">
        <ele>969.34233300000005</ele>
        <time>2026-09-16T18:37:16Z</time>
      </trkpt>
      <trkpt lat="46.151752034202218" lon="10.986206000670791">
        <ele>971.70115999999996</ele>
        <time>2026-09-16T18:37:36Z</time>
      </trkpt>
      <trkpt lat="46.151978010311723" lon="10.986979985609651">
        <ele>974.88599799999997</ele>
        <time>2026-09-16T18:38:00Z</time>
      </trkpt>
      <trkpt lat="46.152183031663299" lon="10.987306041643023">
        <ele>976.63858500000003</ele>
        <time>2026-09-16T18:38:11Z</time>
      </trkpt>
      <trkpt lat="46.152474973350763" lon="10.987641988322139">
        <ele>979.19881299999997</ele>
        <time>2026-09-16T18:38:24Z</time>
      </trkpt>
      <trkpt lat="46.15261503495276" lon="10.988038033246994">
        <ele>981.31040800000005</ele>
        <time>2026-09-16T18:38:38Z</time>
      </trkpt>
      <trkpt lat="46.153051983565092" lon="10.988735994324088">
        <ele>985.77887999999996</ele>
        <time>2026-09-16T18:39:13Z</time>
      </trkpt>
      <trkpt lat="46.153204031288624" lon="10.989379975944757">
        <ele>989.08137999999997</ele>
        <time>2026-09-16T18:39:43Z</time>
      </trkpt>
      <trkpt lat="46.153380973264575" lon="10.989793036133051">
        <ele>991.750902</ele>
        <time>2026-09-16T18:40:04Z</time>
      </trkpt>
      <trkpt lat="46.15364802069962" lon="10.99013501778245">
        <ele>994.58333800000003</ele>
        <time>2026-09-16T18:40:25Z</time>
      </trkpt>
      <trkpt lat="46.153952032327652" lon="10.990626029670238">
        <ele>998.20314900000005</ele>
        <time>2026-09-16T18:40:52Z</time>
      </trkpt>
      <trkpt lat="46.154346987605095" lon="10.991433039307594">
        <ele>1002.910126</ele>
        <time>2026-09-16T18:41:27Z</time>
      </trkpt>
      <trkpt lat="46.15465703420341" lon="10.992169976234436">
        <ele>1003.380958</ele>
        <time>2026-09-16T18:41:46Z</time>
      </trkpt>
      <trkpt lat="46.154797011986375" lon="10.99280197173357">
        <ele>1003.743286</ele>
        <time>2026-09-16T18:41:55Z</time>
      </trkpt>
      <trkpt lat="46.155166989192367" lon="10.993671007454395">
        <ele>1004.1198450000001</ele>
        <time>2026-09-16T18:42:05Z</time>
      </trkpt>
      <trkpt lat="46.155690019950271" lon="10.994468964636326">
        <ele>1002.6464999999999</ele>
        <time>2026-09-16T18:42:17Z</time>
      </trkpt>
      <trkpt lat="46.155806025490165" lon="10.995285026729107">
        <ele>1001.529317</ele>
        <time>2026-09-16T18:42:33Z</time>
      </trkpt>
      <trkpt lat="46.1559699755162" lon="10.995715018361807">
        <ele>1000.870991</ele>
        <time>2026-09-16T18:42:43Z</time>
      </trkpt>
      <trkpt lat="46.156230987980962" lon="10.996031016111374">
        <ele>999.98783900000001</ele>
        <time>2026-09-16T18:42:53Z</time>
      </trkpt>
      <trkpt lat="46.156754018738866" lon="10.996337961405516">
        <ele>998.453667</ele>
        <time>2026-09-16T18:43:07Z</time>
      </trkpt>
      <trkpt lat="46.15697898901999" lon="10.996530996635556">
        <ele>997.74247700000001</ele>
        <time>2026-09-16T18:43:14Z</time>
      </trkpt>
      <trkpt lat="46.157404035329819" lon="10.996802989393473">
        <ele>996.47919999999999</ele>
        <time>2026-09-16T18:43:26Z</time>
      </trkpt>
      <trkpt lat="46.157526997849345" lon="10.99690499715507">
        <ele>996.09374800000001</ele>
        <time>2026-09-16T18:43:29Z</time>
      </trkpt>
      <trkpt lat="46.157588018104434" lon="10.997013039886951">
        <ele>995.90484400000003</ele>
        <time>2026-09-16T18:43:32Z</time>
      </trkpt>
      <trkpt lat="46.157657001167536" lon="10.997067019343376">
        <ele>996.02688799999999</ele>
        <time>2026-09-16T18:43:35Z</time>
      </trkpt>
      <trkpt lat="46.157692037522793" lon="10.997067019343376">
        <ele>996.08131200000003</ele>
        <time>2026-09-16T18:43:36Z</time>
      </trkpt>
      <trkpt lat="46.157734030857682" lon="10.997036006301641">
        <ele>996.15466100000003</ele>
        <time>2026-09-16T18:43:37Z</time>
      </trkpt>
      <trkpt lat="46.157765965908766" lon="10.996945984661579">
        <ele>996.26362400000005</ele>
        <time>2026-09-16T18:43:39Z</time>
      </trkpt>
      <trkpt lat="46.157787004485726" lon="10.996721014380455">
        <ele>996.50815799999998</ele>
        <time>2026-09-16T18:43:44Z</time>
      </trkpt>
      <trkpt lat="46.157887000590563" lon="10.99655999802053">
        <ele>996.74107600000002</ele>
        <time>2026-09-16T18:43:48Z</time>
      </trkpt>
      <trkpt lat="46.157959001138806" lon="10.996564021334052">
        <ele>996.853116</ele>
        <time>2026-09-16T18:43:51Z</time>
      </trkpt>
      <trkpt lat="46.158259995281696" lon="10.996941039338708">
        <ele>997.47275400000001</ele>
        <time>2026-09-16T18:44:06Z</time>
      </trkpt>
      <trkpt lat="46.15848395973444" lon="10.997116975486279">
        <ele>997.86931000000004</ele>
        <time>2026-09-16T18:44:17Z</time>
      </trkpt>
      <trkpt lat="46.158810015767813" lon="10.997298024594784">
        <ele>998.41242399999999</ele>
        <time>2026-09-16T18:44:33Z</time>
      </trkpt>
      <trkpt lat="46.158844968304038" lon="10.997298024594784">
        <ele>998.46684800000003</ele>
        <time>2026-09-16T18:44:35Z</time>
      </trkpt>
      <trkpt lat="46.158876987174153" lon="10.997251002117991">
        <ele>998.53783099999998</ele>
        <time>2026-09-16T18:44:38Z</time>
      </trkpt>
      <trkpt lat="46.158905988559127" lon="10.997103983536363">
        <ele>998.78928099999996</ele>
        <time>2026-09-16T18:44:42Z</time>
      </trkpt>
      <trkpt lat="46.158946976065636" lon="10.997072970494628">
        <ele>999.08853399999998</ele>
        <time>2026-09-16T18:44:44Z</time>
      </trkpt>
      <trkpt lat="46.159264985471964" lon="10.997038017958403">
        <ele>1001.150622</ele>
        <time>2026-09-16T18:44:58Z</time>
      </trkpt>
      <trkpt lat="46.159439999610186" lon="10.996972974389791">
        <ele>1002.318982</ele>
        <time>2026-09-16T18:45:07Z</time>
      </trkpt>
      <trkpt lat="46.159565979614854" lon="10.996926035732031">
        <ele>1003.160424</ele>
        <time>2026-09-16T18:45:13Z</time>
      </trkpt>
      <trkpt lat="46.159788016229868" lon="10.99692796356976">
        <ele>1004.595858</ele>
        <time>2026-09-16T18:45:25Z</time>
      </trkpt>
      <trkpt lat="46.159928999841213" lon="10.996953025460243">
        <ele>1005.5143839999999</ele>
        <time>2026-09-16T18:45:33Z</time>
      </trkpt>
      <trkpt lat="46.160305012017488" lon="10.997201967984438">
        <ele>1008.189076</ele>
        <time>2026-09-16T18:45:54Z</time>
      </trkpt>
      <trkpt lat="46.160598965361714" lon="10.997547972947359">
        <ele>1010.491001</ele>
        <time>2026-09-16T18:46:12Z</time>
      </trkpt>
      <trkpt lat="46.160954022780061" lon="10.997904958203435">
        <ele>1012.038355</ele>
        <time>2026-09-16T18:46:32Z</time>
      </trkpt>
      <trkpt lat="46.161236995831132" lon="10.99847199395299">
        <ele>1013.769681</ele>
        <time>2026-09-16T18:46:49Z</time>
      </trkpt>
      <trkpt lat="46.161320982500911" lon="10.998497977852821">
        <ele>1014.076944</ele>
        <time>2026-09-16T18:46:51Z</time>
      </trkpt>
      <trkpt lat="46.161538995802402" lon="10.998972980305552">
        <ele>1015.48853</ele>
        <time>2026-09-16T18:47:01Z</time>
      </trkpt>
      <trkpt lat="46.16170403547585" lon="10.999250002205372">
        <ele>1016.393596</ele>
        <time>2026-09-16T18:47:07Z</time>
      </trkpt>
      <trkpt lat="46.161906961351633" lon="10.999516965821385">
        <ele>1017.292406</ele>
        <time>2026-09-16T18:47:15Z</time>
      </trkpt>
      <trkpt lat="46.162297977134585" lon="10.999880991876125">
        <ele>1018.739005</ele>
        <time>2026-09-16T18:47:29Z</time>
      </trkpt>
      <trkpt lat="46.162892002612352" lon="11.000258009880781">
        <ele>1020.756567</ele>
        <time>2026-09-16T18:47:51Z</time>
      </trkpt>
      <trkpt lat="46.163082020357251" lon="11.000440986827016">
        <ele>1021.4667439999999</ele>
        <time>2026-09-16T18:47:59Z</time>
      </trkpt>
      <trkpt lat="46.163168018683791" lon="11.000523967668414">
        <ele>1021.788393</ele>
        <time>2026-09-16T18:48:03Z</time>
      </trkpt>
      <trkpt lat="46.163309002295136" lon="11.000732006505132">
        <ele>1022.327767</ele>
        <time>2026-09-16T18:48:10Z</time>
      </trkpt>
      <trkpt lat="46.163437999784946" lon="11.000987989827991">
        <ele>1022.3066219999999</ele>
        <time>2026-09-16T18:48:16Z</time>
      </trkpt>
      <trkpt lat="46.163628017529845" lon="11.001496016979218">
        <ele>1022.268061</ele>
        <time>2026-09-16T18:48:25Z</time>
      </trkpt>
      <trkpt lat="46.163936974480748" lon="11.002247035503387">
        <ele>1022.209718</ele>
        <time>2026-09-16T18:48:35Z</time>
      </trkpt>
      <trkpt lat="46.164023978635669" lon="11.002410985529423">
        <ele>1022.195921</ele>
        <time>2026-09-16T18:48:37Z</time>
      </trkpt>
      <trkpt lat="46.164190024137497" lon="11.002654982730746">
        <ele>1022.173077</ele>
        <time>2026-09-16T18:48:40Z</time>
      </trkpt>
      <trkpt lat="46.164560001343489" lon="11.003096960484982">
        <ele>1021.2483120000001</ele>
        <time>2026-09-16T18:48:46Z</time>
      </trkpt>
      <trkpt lat="46.164612974971533" lon="11.003152029588819">
        <ele>1021.058806</ele>
        <time>2026-09-16T18:48:47Z</time>
      </trkpt>
      <trkpt lat="46.16462898440659" lon="11.003166027367115">
        <ele>1021.004486</ele>
        <time>2026-09-16T18:48:47Z</time>
      </trkpt>
      <trkpt lat="46.164790000766516" lon="11.003300976008177">
        <ele>1020.463916</ele>
        <time>2026-09-16T18:48:49Z</time>
      </trkpt>
      <trkpt lat="46.164912963286042" lon="11.003322014585137">
        <ele>1020.104302</ele>
        <time>2026-09-16T18:48:51Z</time>
      </trkpt>
      <trkpt lat="46.165241030976176" lon="11.003252025693655">
        <ele>1019.141617</ele>
        <time>2026-09-16T18:48:55Z</time>
      </trkpt>
      <trkpt lat="46.165504977107048" lon="11.003195028752089">
        <ele>1018.366578</ele>
        <time>2026-09-16T18:48:59Z</time>
      </trkpt>
      <trkpt lat="46.165865985676646" lon="11.003115987405181">
        <ele>1017.306455</ele>
        <time>2026-09-16T18:49:03Z</time>
      </trkpt>
      <trkpt lat="46.166171003133059" lon="11.002884982153773">
        <ele>1016.259733</ele>
        <time>2026-09-16T18:49:08Z</time>
      </trkpt>
      <trkpt lat="46.166288014501333" lon="11.002738969400525">
        <ele>1015.777342</ele>
        <time>2026-09-16T18:49:10Z</time>
      </trkpt>
      <trkpt lat="46.167020006105304" lon="11.002331022173166">
        <ele>1013.329669</ele>
        <time>2026-09-16T18:49:21Z</time>
      </trkpt>
      <trkpt lat="46.167424013838172" lon="11.002291040495038">
        <ele>1012.066446</ele>
        <time>2026-09-16T18:49:28Z</time>
      </trkpt>
      <trkpt lat="46.167887030169368" lon="11.002332028001547">
        <ele>1011.044927</ele>
        <time>2026-09-16T18:49:35Z</time>
      </trkpt>
      <trkpt lat="46.167947966605425" lon="11.002315012738109">
        <ele>1010.968194</ele>
        <time>2026-09-16T18:49:36Z</time>
      </trkpt>
      <trkpt lat="46.168417017906904" lon="11.002055006101727">
        <ele>1010.347695</ele>
        <time>2026-09-16T18:49:44Z</time>
      </trkpt>
      <trkpt lat="46.168638970702887" lon="11.001994991675019">
        <ele>1010.0687349999999</ele>
        <time>2026-09-16T18:49:48Z</time>
      </trkpt>
      <trkpt lat="46.168763022869825" lon="11.002009995281696">
        <ele>1009.915043</ele>
        <time>2026-09-16T18:49:50Z</time>
      </trkpt>
      <trkpt lat="46.168868970125914" lon="11.002086019143462">
        <ele>1009.768869</ele>
        <time>2026-09-16T18:49:53Z</time>
      </trkpt>
      <trkpt lat="46.168959997594357" lon="11.002131029963493">
        <ele>1009.650064</ele>
        <time>2026-09-16T18:49:54Z</time>
      </trkpt>
      <trkpt lat="46.169931041076779" lon="11.002696976065636">
        <ele>1009.094233</ele>
        <time>2026-09-16T18:50:14Z</time>
      </trkpt>
      <trkpt lat="46.170650040730834" lon="11.003296030685306">
        <ele>1009.083162</ele>
        <time>2026-09-16T18:50:30Z</time>
      </trkpt>
      <trkpt lat="46.170693961903453" lon="11.003338024020195">
        <ele>1009.082459</ele>
        <time>2026-09-16T18:50:31Z</time>
      </trkpt>
      <trkpt lat="46.170748025178909" lon="11.003376999869943">
        <ele>1009.081654</ele>
        <time>2026-09-16T18:50:33Z</time>
      </trkpt>
      <trkpt lat="46.171262003481388" lon="11.003616973757744">
        <ele>1009.2817250000001</ele>
        <time>2026-09-16T18:50:43Z</time>
      </trkpt>
      <trkpt lat="46.171604990959167" lon="11.003617979586124">
        <ele>1009.523675</ele>
        <time>2026-09-16T18:50:51Z</time>
      </trkpt>
      <trkpt lat="46.171901039779186" lon="11.003585960716009">
        <ele>1009.733056</ele>
        <time>2026-09-16T18:50:58Z</time>
      </trkpt>
      <trkpt lat="46.1720160394907" lon="11.003604987636209">
        <ele>1009.814706</ele>
        <time>2026-09-16T18:51:01Z</time>
      </trkpt>
      <trkpt lat="46.172273028641939" lon="11.003700960427523">
        <ele>1010.0019590000001</ele>
        <time>2026-09-16T18:51:11Z</time>
      </trkpt>
      <trkpt lat="46.172519037500024" lon="11.00373700261116">
        <ele>1010.176374</ele>
        <time>2026-09-16T18:51:19Z</time>
      </trkpt>
      <trkpt lat="46.172926984727383" lon="11.003871029242873">
        <ele>1010.51031</ele>
        <time>2026-09-16T18:51:32Z</time>
      </trkpt>
      <trkpt lat="46.173529978841543" lon="11.003967002034187">
        <ele>1011.0715760000001</ele>
        <time>2026-09-16T18:51:50Z</time>
      </trkpt>
      <trkpt lat="46.173771964386106" lon="11.004088958725333">
        <ele>1011.308722</ele>
        <time>2026-09-16T18:51:59Z</time>
      </trkpt>
      <trkpt lat="46.174222994595766" lon="11.004379978403449">
        <ele>1011.7657349999999</ele>
        <time>2026-09-16T18:52:17Z</time>
      </trkpt>
      <trkpt lat="46.174433967098594" lon="11.004414008930326">
        <ele>1011.962161</ele>
        <time>2026-09-16T18:52:26Z</time>
      </trkpt>
      <trkpt lat="46.174656003713608" lon="11.004419038072228">
        <ele>1012.524573</ele>
        <time>2026-09-16T18:52:37Z</time>
      </trkpt>
      <trkpt lat="46.174800004810095" lon="11.00431602448225">
        <ele>1013.012489</ele>
        <time>2026-09-16T18:52:45Z</time>
      </trkpt>
      <trkpt lat="46.17500402033329" lon="11.004266990348697">
        <ele>1013.640399</ele>
        <time>2026-09-16T18:52:57Z</time>
      </trkpt>
      <trkpt lat="46.175758978351951" lon="11.004434041678905">
        <ele>1015.959523</ele>
        <time>2026-09-16T18:53:38Z</time>
      </trkpt>
      <trkpt lat="46.17610196582973" lon="11.004429012537003">
        <ele>1017.001019</ele>
        <time>2026-09-16T18:53:52Z</time>
      </trkpt>
      <trkpt lat="46.17635996080935" lon="11.004387019202113">
        <ele>1017.5038950000001</ele>
        <time>2026-09-16T18:53:59Z</time>
      </trkpt>
      <trkpt lat="46.176604041829705" lon="11.004439992830157">
        <ele>1017.578544</ele>
        <time>2026-09-16T18:54:06Z</time>
      </trkpt>
      <trkpt lat="46.176906963810325" lon="11.004646020010114">
        <ele>1017.679861</ele>
        <time>2026-09-16T18:54:16Z</time>
      </trkpt>
      <trkpt lat="46.177105028182268" lon="11.004935028031468">
        <ele>1017.765029</ele>
        <time>2026-09-16T18:54:24Z</time>
      </trkpt>
      <trkpt lat="46.17732304148376" lon="11.005383962765336">
        <ele>1017.879906</ele>
        <time>2026-09-16T18:54:36Z</time>
      </trkpt>
      <trkpt lat="46.17745497263968" lon="11.005611028522253">
        <ele>1017.942003</ele>
        <time>2026-09-16T18:54:43Z</time>
      </trkpt>
      <trkpt lat="46.177696958184242" lon="11.005865000188351">
        <ele>1018.213562</ele>
        <time>2026-09-16T18:54:55Z</time>
      </trkpt>
      <trkpt lat="46.178447976708412" lon="11.006384007632732">
        <ele>1021.3065</ele>
        <time>2026-09-16T18:55:38Z</time>
      </trkpt>
      <trkpt lat="46.178820971399546" lon="11.006568996235728">
        <ele>1022.771633</ele>
        <time>2026-09-16T18:55:59Z</time>
      </trkpt>
      <trkpt lat="46.17927803657949" lon="11.006629010662436">
        <ele>1024.47639</ele>
        <time>2026-09-16T18:56:22Z</time>
      </trkpt>
      <trkpt lat="46.179748009890318" lon="11.006894968450069">
        <ele>1025.714256</ele>
        <time>2026-09-16T18:56:44Z</time>
      </trkpt>
      <trkpt lat="46.180478995665908" lon="11.007178025320172">
        <ele>1027.441746</ele>
        <time>2026-09-16T18:57:15Z</time>
      </trkpt>
      <trkpt lat="46.18138499557972" lon="11.007844973355532">
        <ele>1029.054324</ele>
        <time>2026-09-16T18:57:56Z</time>
      </trkpt>
      <trkpt lat="46.181726977229118" lon="11.008028034120798">
        <ele>1029.2716290000001</ele>
        <time>2026-09-16T18:58:09Z</time>
      </trkpt>
      <trkpt lat="46.181856980547309" lon="11.008023004978895">
        <ele>1029.349113</ele>
        <time>2026-09-16T18:58:13Z</time>
      </trkpt>
      <trkpt lat="46.182081028819084" lon="11.008014958351851">
        <ele>1029.482618</ele>
        <time>2026-09-16T18:58:21Z</time>
      </trkpt>
      <trkpt lat="46.182238021865487" lon="11.008046977221966">
        <ele>1029.577088</ele>
        <time>2026-09-16T18:58:26Z</time>
      </trkpt>
      <trkpt lat="46.182474978268147" lon="11.008190978318453">
        <ele>1029.730284</ele>
        <time>2026-09-16T18:58:34Z</time>
      </trkpt>
      <trkpt lat="46.18278200738132" lon="11.008782992139459">
        <ele>1029.4130439999999</ele>
        <time>2026-09-16T18:58:50Z</time>
      </trkpt>
      <trkpt lat="46.182952998206019" lon="11.009118016809225">
        <ele>1028.9157359999999</ele>
        <time>2026-09-16T18:58:58Z</time>
      </trkpt>
      <trkpt lat="46.183225996792316" lon="11.009894013404846">
        <ele>1027.8756880000001</ele>
        <time>2026-09-16T18:59:15Z</time>
      </trkpt>
      <trkpt lat="46.183421965688467" lon="11.010406985878944">
        <ele>1027.1755880000001</ele>
        <time>2026-09-16T18:59:26Z</time>
      </trkpt>
      <trkpt lat="46.183655988425016" lon="11.010931022465229">
        <ele>1026.270336</ele>
        <time>2026-09-16T18:59:37Z</time>
      </trkpt>
      <trkpt lat="46.184143982827663" lon="11.011736020445824">
        <ele>1024.3913279999999</ele>
        <time>2026-09-16T18:59:56Z</time>
      </trkpt>
      <trkpt lat="46.184384962543845" lon="11.011942969635129">
        <ele>1023.680114</ele>
        <time>2026-09-16T19:00:03Z</time>
      </trkpt>
      <trkpt lat="46.184569029137492" lon="11.012059981003404">
        <ele>1023.170175</ele>
        <time>2026-09-16T19:00:09Z</time>
      </trkpt>
      <trkpt lat="46.185178980231285" lon="11.012334991246462">
        <ele>1022.435509</ele>
        <time>2026-09-16T19:00:27Z</time>
      </trkpt>
      <trkpt lat="46.185323987156153" lon="11.01263296790421">
        <ele>1022.654669</ele>
        <time>2026-09-16T19:00:35Z</time>
      </trkpt>
      <trkpt lat="46.185530014336109" lon="11.012754002586007">
        <ele>1022.847939</ele>
        <time>2026-09-16T19:00:38Z</time>
      </trkpt>
      <trkpt lat="46.18568298406899" lon="11.012789038941264">
        <ele>1022.982568</ele>
        <time>2026-09-16T19:00:41Z</time>
      </trkpt>
      <trkpt lat="46.185817010700703" lon="11.012829020619392">
        <ele>1023.101487</ele>
        <time>2026-09-16T19:00:43Z</time>
      </trkpt>
      <trkpt lat="46.185912983492017" lon="11.012862967327237">
        <ele>1023.187391</ele>
        <time>2026-09-16T19:00:45Z</time>
      </trkpt>
      <trkpt lat="46.186253959313035" lon="11.012918036431074">
        <ele>1023.485593</ele>
        <time>2026-09-16T19:00:54Z</time>
      </trkpt>
      <trkpt lat="46.186711024492979" lon="11.01280203089118">
        <ele>1024.8487700000001</ele>
        <time>2026-09-16T19:01:11Z</time>
      </trkpt>
      <trkpt lat="46.186776990070939" lon="11.012737993150949">
        <ele>1025.4880069999999</ele>
        <time>2026-09-16T19:01:15Z</time>
      </trkpt>
      <trkpt lat="46.18690799921751" lon="11.012409003451467">
        <ele>1027.6009220000001</ele>
        <time>2026-09-16T19:01:27Z</time>
      </trkpt>
      <trkpt lat="46.186895007267594" lon="11.012196019291878">
        <ele>1028.791318</ele>
        <time>2026-09-16T19:01:35Z</time>
      </trkpt>
      <trkpt lat="46.18688696064055" lon="11.011767033487558">
        <ele>1031.180482</ele>
        <time>2026-09-16T19:01:52Z</time>
      </trkpt>
      <trkpt lat="46.187063986435533" lon="11.011074017733335">
        <ele>1035.292674</ele>
        <time>2026-09-16T19:02:26Z</time>
      </trkpt>
      <trkpt lat="46.187278982251883" lon="11.010212022811174">
        <ele>1040.636152</ele>
        <time>2026-09-16T19:03:09Z</time>
      </trkpt>
      <trkpt lat="46.187333967536688" lon="11.009942041710019">
        <ele>1042.3792510000001</ele>
        <time>2026-09-16T19:03:22Z</time>
      </trkpt>
      <trkpt lat="46.187347965314984" lon="11.009638030081987">
        <ele>1044.2662</ele>
        <time>2026-09-16T19:03:34Z</time>
      </trkpt>
      <trkpt lat="46.187451984733343" lon="11.009254977107048">
        <ele>1046.8141989999999</ele>
        <time>2026-09-16T19:03:51Z</time>
      </trkpt>
      <trkpt lat="46.187388030812144" lon="11.008668998256326">
        <ele>1050.4883990000001</ele>
        <time>2026-09-16T19:04:14Z</time>
      </trkpt>
      <trkpt lat="46.187407979741693" lon="11.008060975000262">
        <ele>1054.2582179999999</ele>
        <time>2026-09-16T19:04:38Z</time>
      </trkpt>
      <trkpt lat="46.187461959198117" lon="11.007757969200611">
        <ele>1056.182767</ele>
        <time>2026-09-16T19:04:50Z</time>
      </trkpt>
      <trkpt lat="46.188008040189743" lon="11.006722971796989">
        <ele>1064.184792</ele>
        <time>2026-09-16T19:05:44Z</time>
      </trkpt>
      <trkpt lat="46.188080040737987" lon="11.004992024973035">
        <ele>1075.056552</ele>
        <time>2026-09-16T19:06:58Z</time>
      </trkpt>
      <trkpt lat="46.188320014625788" lon="11.004350977018476">
        <ele>1079.742831</ele>
        <time>2026-09-16T19:07:29Z</time>
      </trkpt>
      <trkpt lat="46.188505003228784" lon="11.004021987318993">
        <ele>1082.4684769999999</ele>
        <time>2026-09-16T19:07:47Z</time>
      </trkpt>
      <trkpt lat="46.188612962141633" lon="11.003519995138049">
        <ele>1085.848929</ele>
        <time>2026-09-16T19:08:10Z</time>
      </trkpt>
      <trkpt lat="46.188672976568341" lon="11.003226041793823">
        <ele>1087.6074470000001</ele>
        <time>2026-09-16T19:08:24Z</time>
      </trkpt>
      <trkpt lat="46.188607010990381" lon="11.002949019894004">
        <ele>1088.9962129999999</ele>
        <time>2026-09-16T19:08:38Z</time>
      </trkpt>
      <trkpt lat="46.188493017107248" lon="11.002723965793848">
        <ele>1090.3180179999999</ele>
        <time>2026-09-16T19:08:50Z</time>
      </trkpt>
      <trkpt lat="46.188474996015429" lon="11.002377960830927">
        <ele>1091.9629199999999</ele>
        <time>2026-09-16T19:09:02Z</time>
      </trkpt>
      <trkpt lat="46.188362007960677" lon="11.00223102606833">
        <ele>1093.0042759999999</ele>
        <time>2026-09-16T19:09:12Z</time>
      </trkpt>
      <trkpt lat="46.188367959111929" lon="11.002091970294714">
        <ele>1093.6645120000001</ele>
        <time>2026-09-16T19:09:17Z</time>
      </trkpt>
      <trkpt lat="46.188332000747323" lon="11.00195400416851">
        <ele>1094.3636349999999</ele>
        <time>2026-09-16T19:09:20Z</time>
      </trkpt>
      <trkpt lat="46.188343986868858" lon="11.001693997532129">
        <ele>1095.5989520000001</ele>
        <time>2026-09-16T19:09:27Z</time>
      </trkpt>
      <trkpt lat="46.188271986320615" lon="11.001556031405926">
        <ele>1096.4181550000001</ele>
        <time>2026-09-16T19:09:32Z</time>
      </trkpt>
      <trkpt lat="46.188269974663854" lon="11.001467015594244">
        <ele>1096.8403000000001</ele>
        <time>2026-09-16T19:09:35Z</time>
      </trkpt>
      <trkpt lat="46.188347004354" lon="11.001465003937483">
        <ele>1097.367669</ele>
        <time>2026-09-16T19:09:36Z</time>
      </trkpt>
      <trkpt lat="46.188352033495903" lon="11.001431979238987">
        <ele>1097.5278149999999</ele>
        <time>2026-09-16T19:09:37Z</time>
      </trkpt>
      <trkpt lat="46.188358990475535" lon="11.001399960368872">
        <ele>1097.686911</ele>
        <time>2026-09-16T19:09:37Z</time>
      </trkpt>
      <trkpt lat="46.18836703710258" lon="11.001368025317788">
        <ele>1097.8482019999999</ele>
        <time>2026-09-16T19:09:38Z</time>
      </trkpt>
      <trkpt lat="46.188373994082212" lon="11.001332988962531">
        <ele>1098.0209110000001</ele>
        <time>2026-09-16T19:09:38Z</time>
      </trkpt>
      <trkpt lat="46.188372988253832" lon="11.001299964264035">
        <ele>1098.177504</ele>
        <time>2026-09-16T19:09:39Z</time>
      </trkpt>
      <trkpt lat="46.18836896494031" lon="11.001269035041332">
        <ele>1098.326996</ele>
        <time>2026-09-16T19:09:39Z</time>
      </trkpt>
      <trkpt lat="46.188365025445819" lon="11.001241039484739">
        <ele>1098.4625329999999</ele>
        <time>2026-09-16T19:09:40Z</time>
      </trkpt>
      <trkpt lat="46.188362007960677" lon="11.001215977594256">
        <ele>1098.582817</ele>
        <time>2026-09-16T19:09:40Z</time>
      </trkpt>
      <trkpt lat="46.188356978818774" lon="11.001187982037663">
        <ele>1098.719902</ele>
        <time>2026-09-16T19:09:41Z</time>
      </trkpt>
      <trkpt lat="46.188349016010761" lon="11.001156968995929">
        <ele>1098.8767419999999</ele>
        <time>2026-09-16T19:09:41Z</time>
      </trkpt>
      <trkpt lat="46.188336024060845" lon="11.001126961782575">
        <ele>1099.044527</ele>
        <time>2026-09-16T19:09:42Z</time>
      </trkpt>
      <trkpt lat="46.188318002969027" lon="11.00109301507473">
        <ele>1099.247439</ele>
        <time>2026-09-16T19:09:42Z</time>
      </trkpt>
      <trkpt lat="46.188300987705588" lon="11.001056972891092">
        <ele>1099.4098650000001</ele>
        <time>2026-09-16T19:09:43Z</time>
      </trkpt>
      <trkpt lat="46.188279027119279" lon="11.001016991212964">
        <ele>1099.5671030000001</ele>
        <time>2026-09-16T19:09:44Z</time>
      </trkpt>
      <trkpt lat="46.18826100602746" lon="11.000972986221313">
        <ele>1099.724406</ele>
        <time>2026-09-16T19:09:44Z</time>
      </trkpt>
      <trkpt lat="46.188246002420783" lon="11.000924035906792">
        <ele>1099.8893069999999</ele>
        <time>2026-09-16T19:09:45Z</time>
      </trkpt>
      <trkpt lat="46.188236027956009" lon="11.000873995944858">
        <ele>1100.049493</ele>
        <time>2026-09-16T19:09:46Z</time>
      </trkpt>
      <trkpt lat="46.188235022127628" lon="11.000816999003291">
        <ele>1100.2249870000001</ele>
        <time>2026-09-16T19:09:47Z</time>
      </trkpt>
      <trkpt lat="46.188251031562686" lon="11.000761007890105">
        <ele>1100.4114489999999</ele>
        <time>2026-09-16T19:09:48Z</time>
      </trkpt>
      <trkpt lat="46.188271986320615" lon="11.000707028433681">
        <ele>1100.602081</ele>
        <time>2026-09-16T19:09:49Z</time>
      </trkpt>
      <trkpt lat="46.188279027119279" lon="11.000654976814985">
        <ele>1100.765126</ele>
        <time>2026-09-16T19:09:49Z</time>
      </trkpt>
      <trkpt lat="46.188281960785389" lon="11.000597979873419">
        <ele>1100.9410700000001</ele>
        <time>2026-09-16T19:09:50Z</time>
      </trkpt>
      <trkpt lat="46.188281960785389" lon="11.000545006245375">
        <ele>1101.104196</ele>
        <time>2026-09-16T19:09:51Z</time>
      </trkpt>
      <trkpt lat="46.18828103877604" lon="11.000493038445711">
        <ele>1101.264306</ele>
        <time>2026-09-16T19:09:52Z</time>
      </trkpt>
      <trkpt lat="46.188277015462518" lon="11.000434029847383">
        <ele>1101.446768</ele>
        <time>2026-09-16T19:09:53Z</time>
      </trkpt>
      <trkpt lat="46.188267963007092" lon="11.000376027077436">
        <ele>1101.6297119999999</ele>
        <time>2026-09-16T19:09:54Z</time>
      </trkpt>
      <trkpt lat="46.188252037391067" lon="11.000320035964251">
        <ele>1101.816174</ele>
        <time>2026-09-16T19:09:55Z</time>
      </trkpt>
      <trkpt lat="46.188233010470867" lon="11.000267984345555">
        <ele>1101.9971459999999</ele>
        <time>2026-09-16T19:09:55Z</time>
      </trkpt>
      <trkpt lat="46.188213983550668" lon="11.000216016545892">
        <ele>1102.178118</ele>
        <time>2026-09-16T19:09:56Z</time>
      </trkpt>
      <trkpt lat="46.188194034621119" lon="11.000159019604325">
        <ele>1102.3748029999999</ele>
        <time>2026-09-16T19:09:57Z</time>
      </trkpt>
      <trkpt lat="46.188170984387398" lon="11.000100011005998">
        <ele>1102.5832069999999</ele>
        <time>2026-09-16T19:09:58Z</time>
      </trkpt>
      <trkpt lat="46.188141983002424" lon="11.000031027942896">
        <ele>1102.8316520000001</ele>
        <time>2026-09-16T19:09:59Z</time>
      </trkpt>
      <trkpt lat="46.188104012981057" lon="10.999961961060762">
        <ele>1103.103026</ele>
        <time>2026-09-16T19:10:01Z</time>
      </trkpt>
      <trkpt lat="46.188061013817787" lon="10.999889960512519">
        <ele>1103.3956969999999</ele>
        <time>2026-09-16T19:10:02Z</time>
      </trkpt>
      <trkpt lat="46.188014997169375" lon="10.999817959964275">
        <ele>1103.6972499999999</ele>
        <time>2026-09-16T19:10:04Z</time>
      </trkpt>
      <trkpt lat="46.187965963035822" lon="10.999739002436399">
        <ele>1104.023717</ele>
        <time>2026-09-16T19:10:05Z</time>
      </trkpt>
      <trkpt lat="46.187923969700933" lon="10.999655015766621">
        <ele>1104.3426380000001</ele>
        <time>2026-09-16T19:10:07Z</time>
      </trkpt>
      <trkpt lat="46.187881976366043" lon="10.999589972198009">
        <ele>1104.616301</ele>
        <time>2026-09-16T19:10:08Z</time>
      </trkpt>
      <trkpt lat="46.187835037708282" lon="10.999535992741585">
        <ele>1104.883298</ele>
        <time>2026-09-16T19:10:09Z</time>
      </trkpt>
      <trkpt lat="46.187782986089587" lon="10.999473966658115">
        <ele>1105.183068</ele>
        <time>2026-09-16T19:10:11Z</time>
      </trkpt>
      <trkpt lat="46.18774401023984" lon="10.999403977766633">
        <ele>1105.459625</ele>
        <time>2026-09-16T19:10:12Z</time>
      </trkpt>
      <trkpt lat="46.187722971662879" lon="10.999324014410377">
        <ele>1105.7229609999999</ele>
        <time>2026-09-16T19:10:13Z</time>
      </trkpt>
      <trkpt lat="46.187710985541344" lon="10.999233992770314">
        <ele>1106.0050610000001</ele>
        <time>2026-09-16T19:10:15Z</time>
      </trkpt>
      <trkpt lat="46.187694976106286" lon="10.999141037464142">
        <ele>1106.300011</ele>
        <time>2026-09-16T19:10:16Z</time>
      </trkpt>
      <trkpt lat="46.187698999419808" lon="10.999041041359305">
        <ele>1106.6083120000001</ele>
        <time>2026-09-16T19:10:18Z</time>
      </trkpt>
      <trkpt lat="46.187700005248189" lon="10.998940039426088">
        <ele>1106.91921</ele>
        <time>2026-09-16T19:10:19Z</time>
      </trkpt>
      <trkpt lat="46.187683995813131" lon="10.998841971158981">
        <ele>1107.2291170000001</ele>
        <time>2026-09-16T19:10:21Z</time>
      </trkpt>
      <trkpt lat="46.187668992206454" lon="10.998745998367667">
        <ele>1107.241949</ele>
        <time>2026-09-16T19:10:22Z</time>
      </trkpt>
      <trkpt lat="46.187494983896613" lon="10.99877298809588">
        <ele>1106.9314420000001</ele>
        <time>2026-09-16T19:10:26Z</time>
      </trkpt>
      <trkpt lat="46.187468999996781" lon="10.998431006446481">
        <ele>1106.508816</ele>
        <time>2026-09-16T19:10:32Z</time>
      </trkpt>
      <trkpt lat="46.187361041083932" lon="10.998206036165357">
        <ele>1106.172501</ele>
        <time>2026-09-16T19:10:35Z</time>
      </trkpt>
      <trkpt lat="46.187331033870578" lon="10.997980982065201">
        <ele>1105.89104</ele>
        <time>2026-09-16T19:10:37Z</time>
      </trkpt>
      <trkpt lat="46.187348971143365" lon="10.997694991528988">
        <ele>1105.5382790000001</ele>
        <time>2026-09-16T19:10:40Z</time>
      </trkpt>
      <trkpt lat="46.187085025012493" lon="10.996622024103999">
        <ele>1104.1394769999999</ele>
        <time>2026-09-16T19:10:52Z</time>
      </trkpt>
      <trkpt lat="46.186785958707333" lon="10.99602498114109">
        <ele>1100.6784970000001</ele>
        <time>2026-09-16T19:11:00Z</time>
      </trkpt>
      <trkpt lat="46.186696020886302" lon="10.996016012504697">
        <ele>1100.063328</ele>
        <time>2026-09-16T19:11:01Z</time>
      </trkpt>
      <trkpt lat="46.186594013124704" lon="10.995652992278337">
        <ele>1098.2139079999999</ele>
        <time>2026-09-16T19:11:05Z</time>
      </trkpt>
      <trkpt lat="46.186587978154421" lon="10.995028959587216">
        <ele>1095.267844</ele>
        <time>2026-09-16T19:11:10Z</time>
      </trkpt>
      <trkpt lat="46.186257982626557" lon="10.993695985525846">
        <ele>1086.771612</ele>
        <time>2026-09-16T19:11:23Z</time>
      </trkpt>
      <trkpt lat="46.186061007902026" lon="10.992717985063791">
        <ele>1079.3081950000001</ele>
        <time>2026-09-16T19:11:31Z</time>
      </trkpt>
      <trkpt lat="46.18583302013576" lon="10.992104010656476">
        <ele>1074.202812</ele>
        <time>2026-09-16T19:11:37Z</time>
      </trkpt>
      <trkpt lat="46.185791026800871" lon="10.991706037893891">
        <ele>1070.913114</ele>
        <time>2026-09-16T19:11:41Z</time>
      </trkpt>
      <trkpt lat="46.185893034562469" lon="10.991376964375377">
        <ele>1067.703481</ele>
        <time>2026-09-16T19:11:44Z</time>
      </trkpt>
      <trkpt lat="46.185689019039273" lon="10.990468030795455">
        <ele>1059.1953779999999</ele>
        <time>2026-09-16T19:11:52Z</time>
      </trkpt>
      <trkpt lat="46.18568298406899" lon="10.989888003095984">
        <ele>1054.030626</ele>
        <time>2026-09-16T19:11:56Z</time>
      </trkpt>
      <trkpt lat="46.185719026252627" lon="10.9894900303334">
        <ele>1050.456817</ele>
        <time>2026-09-16T19:12:00Z</time>
      </trkpt>
      <trkpt lat="46.185635039582849" lon="10.98863298073411">
        <ele>1044.4839689999999</ele>
        <time>2026-09-16T19:12:07Z</time>
      </trkpt>
      <trkpt lat="46.185647025704384" lon="10.98770703189075">
        <ele>1038.29484</ele>
        <time>2026-09-16T19:12:15Z</time>
      </trkpt>
      <trkpt lat="46.185773005709052" lon="10.987075036391616">
        <ele>1033.8998449999999</ele>
        <time>2026-09-16T19:12:21Z</time>
      </trkpt>
      <trkpt lat="46.185886999592185" lon="10.986928017809987">
        <ele>1032.42479</ele>
        <time>2026-09-16T19:12:23Z</time>
      </trkpt>
      <trkpt lat="46.18615698069334" lon="10.987161034718156">
        <ele>1029.1896489999999</ele>
        <time>2026-09-16T19:12:27Z</time>
      </trkpt>
      <trkpt lat="46.186647992581129" lon="10.988711016252637">
        <ele>1017.0294689999999</ele>
        <time>2026-09-16T19:12:41Z</time>
      </trkpt>
      <trkpt lat="46.187222991138697" lon="10.990018006414175">
        <ele>1010.233871</ele>
        <time>2026-09-16T19:12:55Z</time>
      </trkpt>
      <trkpt lat="46.187283005565405" lon="10.990693001076579">
        <ele>1008.017702</ele>
        <time>2026-09-16T19:13:02Z</time>
      </trkpt>
      <trkpt lat="46.187252998352051" lon="10.991905024275184">
        <ele>1004.811467</ele>
        <time>2026-09-16T19:13:17Z</time>
      </trkpt>
      <trkpt lat="46.187385013327003" lon="10.993159962818027">
        <ele>1003.085331</ele>
        <time>2026-09-16T19:13:34Z</time>
      </trkpt>
      <trkpt lat="46.1874870210886" lon="10.993418963626027">
        <ele>1002.680146</ele>
        <time>2026-09-16T19:13:37Z</time>
      </trkpt>
      <trkpt lat="46.187827996909618" lon="10.993818026036024">
        <ele>1001.818183</ele>
        <time>2026-09-16T19:13:44Z</time>
      </trkpt>
      <trkpt lat="46.188343986868858" lon="10.994164030998945">
        <ele>997.48096999999996</ele>
        <time>2026-09-16T19:13:51Z</time>
      </trkpt>
      <trkpt lat="46.18875696323812" lon="10.994699969887733">
        <ele>993.22884799999997</ele>
        <time>2026-09-16T19:13:58Z</time>
      </trkpt>
      <trkpt lat="46.18888596072793" lon="10.995071958750486">
        <ele>991.02293299999997</ele>
        <time>2026-09-16T19:14:02Z</time>
      </trkpt>
      <trkpt lat="46.189080001786351" lon="10.995531035587192">
        <ele>988.17166199999997</ele>
        <time>2026-09-16T19:14:07Z</time>
      </trkpt>
      <trkpt lat="46.189125012606382" lon="10.995831023901701">
        <ele>986.67997200000002</ele>
        <time>2026-09-16T19:14:09Z</time>
      </trkpt>
      <trkpt lat="46.189201036468148" lon="10.996003020554781">
        <ele>985.69657099999995</ele>
        <time>2026-09-16T19:14:11Z</time>
      </trkpt>
      <trkpt lat="46.189360041171312" lon="10.996231008321047">
        <ele>984.13687200000004</ele>
        <time>2026-09-16T19:14:14Z</time>
      </trkpt>
      <trkpt lat="46.189732030034065" lon="10.996523033827543">
        <ele>981.18947500000002</ele>
        <time>2026-09-16T19:14:20Z</time>
      </trkpt>
      <trkpt lat="46.190048027783632" lon="10.996681032702327">
        <ele>978.86152900000002</ele>
        <time>2026-09-16T19:14:24Z</time>
      </trkpt>
      <trkpt lat="46.190640041604638" lon="10.996883036568761">
        <ele>974.47634200000005</ele>
        <time>2026-09-16T19:14:32Z</time>
      </trkpt>
      <trkpt lat="46.190777001902461" lon="10.99701102823019">
        <ele>973.14802999999995</ele>
        <time>2026-09-16T19:14:34Z</time>
      </trkpt>
      <trkpt lat="46.19099099189043" lon="10.997127033770084">
        <ele>971.28718200000003</ele>
        <time>2026-09-16T19:14:38Z</time>
      </trkpt>
      <trkpt lat="46.191050000488758" lon="10.997124016284943">
        <ele>970.80655000000002</ele>
        <time>2026-09-16T19:14:38Z</time>
      </trkpt>
      <trkpt lat="46.191199030727148" lon="10.996982026845217">
        <ele>969.35329899999999</ele>
        <time>2026-09-16T19:14:41Z</time>
      </trkpt>
      <trkpt lat="46.191406985744834" lon="10.996426977217197">
        <ele>965.79646000000002</ele>
        <time>2026-09-16T19:14:46Z</time>
      </trkpt>
      <trkpt lat="46.19152701459825" lon="10.996396970003843">
        <ele>964.80498799999998</ele>
        <time>2026-09-16T19:14:48Z</time>
      </trkpt>
      <trkpt lat="46.191626004874706" lon="10.996534014120698">
        <ele>963.68885599999999</ele>
        <time>2026-09-16T19:14:50Z</time>
      </trkpt>
      <trkpt lat="46.191734969615936" lon="10.99686099216342">
        <ele>961.64343899999994</ele>
        <time>2026-09-16T19:14:53Z</time>
      </trkpt>
      <trkpt lat="46.191902020946145" lon="10.997230969369411">
        <ele>957.33696799999996</ele>
        <time>2026-09-16T19:14:57Z</time>
      </trkpt>
      <trkpt lat="46.192147023975849" lon="10.997596001252532">
        <ele>951.44007099999999</ele>
        <time>2026-09-16T19:15:01Z</time>
      </trkpt>
      <trkpt lat="46.192375011742115" lon="10.997823989018798">
        <ele>946.79390799999999</ele>
        <time>2026-09-16T19:15:04Z</time>
      </trkpt>
      <trkpt lat="46.1926210206002" lon="10.99849202670157">
        <ele>938.017966</ele>
        <time>2026-09-16T19:15:10Z</time>
      </trkpt>
      <trkpt lat="46.192713975906372" lon="10.999339018017054">
        <ele>927.23893699999996</ele>
        <time>2026-09-16T19:15:17Z</time>
      </trkpt>
      <trkpt lat="46.192798968404531" lon="10.999660966917872">
        <ele>921.99306899999999</ele>
        <time>2026-09-16T19:15:20Z</time>
      </trkpt>
      <trkpt lat="46.193105997517705" lon="11.00019296631217">
        <ele>911.44999600000006</ele>
        <time>2026-09-16T19:15:25Z</time>
      </trkpt>
      <trkpt lat="46.193228038027883" lon="11.00047099404037">
        <ele>906.43949399999997</ele>
        <time>2026-09-16T19:15:28Z</time>
      </trkpt>
      <trkpt lat="46.193275982514024" lon="11.000701999291778">
        <ele>902.76817600000004</ele>
        <time>2026-09-16T19:15:30Z</time>
      </trkpt>
      <trkpt lat="46.193305989727378" lon="11.001150012016296">
        <ele>895.916831</ele>
        <time>2026-09-16T19:15:33Z</time>
      </trkpt>
      <trkpt lat="46.193367009982467" lon="11.00148000754416">
        <ele>890.80151699999999</ele>
        <time>2026-09-16T19:15:36Z</time>
      </trkpt>
      <trkpt lat="46.193412020802498" lon="11.001645969226956">
        <ele>888.57755899999995</ele>
        <time>2026-09-16T19:15:37Z</time>
      </trkpt>
      <trkpt lat="46.193573037162423" lon="11.002000020816922">
        <ele>883.29359599999998</ele>
        <time>2026-09-16T19:15:41Z</time>
      </trkpt>
      <trkpt lat="46.193663980811834" lon="11.002287017181516">
        <ele>879.35560599999997</ele>
        <time>2026-09-16T19:15:43Z</time>
      </trkpt>
      <trkpt lat="46.19373899884522" lon="11.002703011035919">
        <ele>873.99296600000002</ele>
        <time>2026-09-16T19:15:47Z</time>
      </trkpt>
      <trkpt lat="46.193780992180109" lon="11.00313501432538">
        <ele>868.55096500000002</ele>
        <time>2026-09-16T19:15:50Z</time>
      </trkpt>
      <trkpt lat="46.193777974694967" lon="11.003339029848576">
        <ele>866.00553600000001</ele>
        <time>2026-09-16T19:15:52Z</time>
      </trkpt>
      <trkpt lat="46.19389096274972" lon="11.003764998167753">
        <ele>860.31446800000003</ele>
        <time>2026-09-16T19:15:56Z</time>
      </trkpt>
      <trkpt lat="46.193945026025176" lon="11.004200018942356">
        <ele>855.38189299999999</ele>
        <time>2026-09-16T19:15:59Z</time>
      </trkpt>
      <trkpt lat="46.19393203407526" lon="11.00481097586453">
        <ele>848.87197300000003</ele>
        <time>2026-09-16T19:16:04Z</time>
      </trkpt>
      <trkpt lat="46.193803958594799" lon="11.005703983828425">
        <ele>839.160212</ele>
        <time>2026-09-16T19:16:12Z</time>
      </trkpt>
      <trkpt lat="46.19367697276175" lon="11.006980966776609">
        <ele>825.20040800000004</ele>
        <time>2026-09-16T19:16:22Z</time>
      </trkpt>
      <trkpt lat="46.193647971376777" lon="11.008101962506771">
        <ele>812.78944100000001</ele>
        <time>2026-09-16T19:16:31Z</time>
      </trkpt>
      <trkpt lat="46.193690970540047" lon="11.008344031870365">
        <ele>810.02524800000003</ele>
        <time>2026-09-16T19:16:33Z</time>
      </trkpt>
      <trkpt lat="46.193785015493631" lon="11.008542012423277">
        <ele>807.368967</ele>
        <time>2026-09-16T19:16:35Z</time>
      </trkpt>
      <trkpt lat="46.193843018263578" lon="11.008777962997556">
        <ele>804.59828600000003</ele>
        <time>2026-09-16T19:16:37Z</time>
      </trkpt>
      <trkpt lat="46.193859027698636" lon="11.009070994332433">
        <ele>801.47860400000002</ele>
        <time>2026-09-16T19:16:40Z</time>
      </trkpt>
      <trkpt lat="46.193790966644883" lon="11.009643981233239">
        <ele>795.89264000000003</ele>
        <time>2026-09-16T19:16:44Z</time>
      </trkpt>
      <trkpt lat="46.193679990246892" lon="11.010025022551417">
        <ele>791.920795</ele>
        <time>2026-09-16T19:16:48Z</time>
      </trkpt>
      <trkpt lat="46.193679990246892" lon="11.010228032246232">
        <ele>789.97027500000002</ele>
        <time>2026-09-16T19:16:50Z</time>
      </trkpt>
      <trkpt lat="46.193746039643884" lon="11.010422995314002">
        <ele>787.88464599999998</ele>
        <time>2026-09-16T19:16:51Z</time>
      </trkpt>
      <trkpt lat="46.193837989121675" lon="11.010512011125684">
        <ele>786.34774800000002</ele>
        <time>2026-09-16T19:16:53Z</time>
      </trkpt>
      <trkpt lat="46.194220958277583" lon="11.010656012222171">
        <ele>780.854375</ele>
        <time>2026-09-16T19:16:58Z</time>
      </trkpt>
      <trkpt lat="46.194305028766394" lon="11.010758019983768">
        <ele>779.33122200000003</ele>
        <time>2026-09-16T19:16:59Z</time>
      </trkpt>
      <trkpt lat="46.194403013214469" lon="11.011011991649866">
        <ele>776.50475800000004</ele>
        <time>2026-09-16T19:17:01Z</time>
      </trkpt>
      <trkpt lat="46.194497980177402" lon="11.01140895858407">
        <ele>772.31414199999995</ele>
        <time>2026-09-16T19:17:05Z</time>
      </trkpt>
      <trkpt lat="46.194525975733995" lon="11.011626971885562">
        <ele>770.10216500000001</ele>
        <time>2026-09-16T19:17:07Z</time>
      </trkpt>
      <trkpt lat="46.194732002913952" lon="11.012182021513581">
        <ele>763.81951000000004</ele>
        <time>2026-09-16T19:17:12Z</time>
      </trkpt>
      <trkpt lat="46.194772990420461" lon="11.012363992631435">
        <ele>761.91007999999999</ele>
        <time>2026-09-16T19:17:13Z</time>
      </trkpt>
      <trkpt lat="46.1947709787637" lon="11.012987019494176">
        <ele>755.69474700000001</ele>
        <time>2026-09-16T19:17:18Z</time>
      </trkpt>
      <trkpt lat="46.194796962663531" lon="11.013249959796667">
        <ele>753.04434400000002</ele>
        <time>2026-09-16T19:17:21Z</time>
      </trkpt>
      <trkpt lat="46.195168029516935" lon="11.014357041567564">
        <ele>740.78773699999999</ele>
        <time>2026-09-16T19:17:31Z</time>
      </trkpt>
      <trkpt lat="46.195492995902896" lon="11.015096995979548">
        <ele>732.05576499999995</ele>
        <time>2026-09-16T19:17:38Z</time>
      </trkpt>
      <trkpt lat="46.195693993940949" lon="11.015394972637296">
        <ele>727.91008899999997</ele>
        <time>2026-09-16T19:17:41Z</time>
      </trkpt>
      <trkpt lat="46.195875965058804" lon="11.015792023390532">
        <ele>724.16889700000002</ele>
        <time>2026-09-16T19:17:45Z</time>
      </trkpt>
      <trkpt lat="46.195970010012388" lon="11.016083965077996">
        <ele>722.29827899999998</ele>
        <time>2026-09-16T19:17:48Z</time>
      </trkpt>
      <trkpt lat="46.195990964770317" lon="11.016228972002864">
        <ele>721.43777</ele>
        <time>2026-09-16T19:17:49Z</time>
      </trkpt>
      <trkpt lat="46.195962969213724" lon="11.01632603444159">
        <ele>720.82728899999995</ele>
        <time>2026-09-16T19:17:50Z</time>
      </trkpt>
      <trkpt lat="46.195834977552295" lon="11.016330979764462">
        <ele>719.752745</ele>
        <time>2026-09-16T19:17:52Z</time>
      </trkpt>
      <trkpt lat="46.195372967049479" lon="11.015925966203213">
        <ele>715.21778900000004</ele>
        <time>2026-09-16T19:17:59Z</time>
      </trkpt>
      <trkpt lat="46.195181021466851" lon="11.015795040875673">
        <ele>713.43590500000005</ele>
        <time>2026-09-16T19:18:02Z</time>
      </trkpt>
      <trkpt lat="46.195058980956674" lon="11.015752041712403">
        <ele>712.38207499999999</ele>
        <time>2026-09-16T19:18:04Z</time>
      </trkpt>
      <trkpt lat="46.195011036470532" lon="11.015806021168828">
        <ele>711.87153799999999</ele>
        <time>2026-09-16T19:18:04Z</time>
      </trkpt>
      <trkpt lat="46.195048000663519" lon="11.015885984525084">
        <ele>711.31264399999998</ele>
        <time>2026-09-16T19:18:05Z</time>
      </trkpt>
      <trkpt lat="46.195178003981709" lon="11.015955973416567">
        <ele>710.14404300000001</ele>
        <time>2026-09-16T19:18:07Z</time>
      </trkpt>
      <trkpt lat="46.195906978100538" lon="11.017065988853574">
        <ele>701.13844200000005</ele>
        <time>2026-09-16T19:18:21Z</time>
      </trkpt>
      <trkpt lat="46.196089033037424" lon="11.017246032133698">
        <ele>699.26306399999999</ele>
        <time>2026-09-16T19:18:24Z</time>
      </trkpt>
      <trkpt lat="46.196350967511535" lon="11.017434038221836">
        <ele>696.77570200000002</ele>
        <time>2026-09-16T19:18:27Z</time>
      </trkpt>
      <trkpt lat="46.196544002741575" lon="11.017524981871247">
        <ele>695.03118300000006</ele>
        <time>2026-09-16T19:18:30Z</time>
      </trkpt>
      <trkpt lat="46.196856983006001" lon="11.017693961039186">
        <ele>691.80402000000004</ele>
        <time>2026-09-16T19:18:34Z</time>
      </trkpt>
      <trkpt lat="46.197173986583948" lon="11.018048012629151">
        <ele>687.93444799999997</ele>
        <time>2026-09-16T19:18:39Z</time>
      </trkpt>
      <trkpt lat="46.19752099737525" lon="11.018844963982701">
        <ele>681.64013299999999</ele>
        <time>2026-09-16T19:18:47Z</time>
      </trkpt>
      <trkpt lat="46.197806987911463" lon="11.019088961184025">
        <ele>678.43229699999995</ele>
        <time>2026-09-16T19:18:51Z</time>
      </trkpt>
      <trkpt lat="46.197995999827981" lon="11.019482994452119">
        <ele>674.413229</ele>
        <time>2026-09-16T19:18:56Z</time>
      </trkpt>
      <trkpt lat="46.198049979284406" lon="11.019689021632075">
        <ele>672.47675400000003</ele>
        <time>2026-09-16T19:18:57Z</time>
      </trkpt>
      <trkpt lat="46.198238991200924" lon="11.020037960261106">
        <ele>668.58122200000003</ele>
        <time>2026-09-16T19:19:01Z</time>
      </trkpt>
      <trkpt lat="46.198377963155508" lon="11.020175004377961">
        <ele>666.44413299999997</ele>
        <time>2026-09-16T19:19:03Z</time>
      </trkpt>
      <trkpt lat="46.198503021150827" lon="11.020399974659085">
        <ele>663.90783299999998</ele>
        <time>2026-09-16T19:19:05Z</time>
      </trkpt>
      <trkpt lat="46.198731008917093" lon="11.021014032885432">
        <ele>657.78247099999999</ele>
        <time>2026-09-16T19:19:11Z</time>
      </trkpt>
      <trkpt lat="46.198851959779859" lon="11.021250989288092">
        <ele>655.19355599999994</ele>
        <time>2026-09-16T19:19:14Z</time>
      </trkpt>
      <trkpt lat="46.199277006089687" lon="11.021480988711119">
        <ele>651.10106199999996</ele>
        <time>2026-09-16T19:19:19Z</time>
      </trkpt>
      <trkpt lat="46.199596021324396" lon="11.021858006715775">
        <ele>647.44621800000004</ele>
        <time>2026-09-16T19:19:24Z</time>
      </trkpt>
      <trkpt lat="46.199903972446918" lon="11.022153971716762">
        <ele>644.16573400000004</ele>
        <time>2026-09-16T19:19:29Z</time>
      </trkpt>
      <trkpt lat="46.20007898658514" lon="11.022371985018253">
        <ele>642.11658899999998</ele>
        <time>2026-09-16T19:19:32Z</time>
      </trkpt>
      <trkpt lat="46.200221981853247" lon="11.022832989692688">
        <ele>639.01593600000001</ele>
        <time>2026-09-16T19:19:37Z</time>
      </trkpt>
      <trkpt lat="46.200583996251225" lon="11.023359037935734">
        <ele>634.75993100000005</ele>
        <time>2026-09-16T19:19:44Z</time>
      </trkpt>
      <trkpt lat="46.200665971264243" lon="11.023532962426543">
        <ele>633.55213900000001</ele>
        <time>2026-09-16T19:19:46Z</time>
      </trkpt>
      <trkpt lat="46.200833022594452" lon="11.024045012891293">
        <ele>630.30462999999997</ele>
        <time>2026-09-16T19:19:51Z</time>
      </trkpt>
      <trkpt lat="46.201165029779077" lon="11.024735011160374">
        <ele>625.48305100000005</ele>
        <time>2026-09-16T19:19:58Z</time>
      </trkpt>
      <trkpt lat="46.201250022277236" lon="11.025058971717954">
        <ele>623.22213899999997</ele>
        <time>2026-09-16T19:20:01Z</time>
      </trkpt>
      <trkpt lat="46.201531989499927" lon="11.025796998292208">
        <ele>616.23209899999995</ele>
        <time>2026-09-16T19:20:08Z</time>
      </trkpt>
      <trkpt lat="46.201737010851502" lon="11.026112996041775">
        <ele>612.64082900000005</ele>
        <time>2026-09-16T19:20:12Z</time>
      </trkpt>
      <trkpt lat="46.201906995847821" lon="11.026724958792329">
        <ele>607.17281500000001</ele>
        <time>2026-09-16T19:20:17Z</time>
      </trkpt>
      <trkpt lat="46.202028030529618" lon="11.027794992551208">
        <ele>598.07424100000003</ele>
        <time>2026-09-16T19:20:26Z</time>
      </trkpt>
      <trkpt lat="46.202264986932278" lon="11.028498988598585">
        <ele>591.42167600000005</ele>
        <time>2026-09-16T19:20:33Z</time>
      </trkpt>
      <trkpt lat="46.202365988865495" lon="11.029028976336122">
        <ele>586.75028099999997</ele>
        <time>2026-09-16T19:20:38Z</time>
      </trkpt>
      <trkpt lat="46.20233497582376" lon="11.029139030724764">
        <ele>585.74101199999996</ele>
        <time>2026-09-16T19:20:39Z</time>
      </trkpt>
      <trkpt lat="46.202593976631761" lon="11.029634987935424">
        <ele>580.46175800000003</ele>
        <time>2026-09-16T19:20:44Z</time>
      </trkpt>
      <trkpt lat="46.202790029346943" lon="11.029875967651606">
        <ele>577.43738599999995</ele>
        <time>2026-09-16T19:20:47Z</time>
      </trkpt>
      <trkpt lat="46.202984992414713" lon="11.03024996817112">
        <ele>573.62906399999997</ele>
        <time>2026-09-16T19:20:51Z</time>
      </trkpt>
      <trkpt lat="46.203019022941589" lon="11.030477033928037">
        <ele>571.74011700000005</ele>
        <time>2026-09-16T19:20:53Z</time>
      </trkpt>
      <trkpt lat="46.203253967687488" lon="11.031137024983764">
        <ele>565.70360000000005</ele>
        <time>2026-09-16T19:20:59Z</time>
      </trkpt>
      <trkpt lat="46.203413978219032" lon="11.031798021867871">
        <ele>560.00835900000004</ele>
        <time>2026-09-16T19:21:05Z</time>
      </trkpt>
      <trkpt lat="46.203879006206989" lon="11.032512998208404">
        <ele>552.99527399999999</ele>
        <time>2026-09-16T19:21:13Z</time>
      </trkpt>
      <trkpt lat="46.204026024788618" lon="11.032806029543281">
        <ele>550.441149</ele>
        <time>2026-09-16T19:21:16Z</time>
      </trkpt>
      <trkpt lat="46.204157033935189" lon="11.032991018146276">
        <ele>548.57313899999997</ele>
        <time>2026-09-16T19:21:19Z</time>
      </trkpt>
      <trkpt lat="46.204624995589256" lon="11.033283965662122">
        <ele>543.37184500000001</ele>
        <time>2026-09-16T19:21:25Z</time>
      </trkpt>
      <trkpt lat="46.204905034974217" lon="11.033528968691826">
        <ele>540.50897399999997</ele>
        <time>2026-09-16T19:21:29Z</time>
      </trkpt>
      <trkpt lat="46.205695029348135" lon="11.034655999392271">
        <ele>534.76861699999995</ele>
        <time>2026-09-16T19:21:45Z</time>
      </trkpt>
      <trkpt lat="46.206034999340773" lon="11.035000998526812">
        <ele>532.62036899999998</ele>
        <time>2026-09-16T19:21:51Z</time>
      </trkpt>
      <trkpt lat="46.206413023173809" lon="11.035285983234644">
        <ele>531.02806799999996</ele>
        <time>2026-09-16T19:21:57Z</time>
      </trkpt>
      <trkpt lat="46.206606980413198" lon="11.035388996824622">
        <ele>530.46992299999999</ele>
        <time>2026-09-16T19:22:00Z</time>
      </trkpt>
      <trkpt lat="46.206860030069947" lon="11.035444987937808">
        <ele>529.77872400000001</ele>
        <time>2026-09-16T19:22:03Z</time>
      </trkpt>
      <trkpt lat="46.207155995070934" lon="11.035524029284716">
        <ele>528.96585200000004</ele>
        <time>2026-09-16T19:22:08Z</time>
      </trkpt>
      <trkpt lat="46.207249034196138" lon="11.035593012347817">
        <ele>528.68353300000001</ele>
        <time>2026-09-16T19:22:10Z</time>
      </trkpt>
      <trkpt lat="46.207445003092289" lon="11.03585796430707">
        <ele>527.958662</ele>
        <time>2026-09-16T19:22:15Z</time>
      </trkpt>
      <trkpt lat="46.207521026954055" lon="11.036014035344124">
        <ele>527.60212000000001</ele>
        <time>2026-09-16T19:22:17Z</time>
      </trkpt>
      <trkpt lat="46.207540975883603" lon="11.036128029227257">
        <ele>527.38232800000003</ele>
        <time>2026-09-16T19:22:18Z</time>
      </trkpt>
      <trkpt lat="46.207548016682267" lon="11.036229031160474">
        <ele>527.19262700000002</ele>
        <time>2026-09-16T19:22:19Z</time>
      </trkpt>
      <trkpt lat="46.207583975046873" lon="11.036355011165142">
        <ele>526.93786799999998</ele>
        <time>2026-09-16T19:22:21Z</time>
      </trkpt>
      <trkpt lat="46.207924028858542" lon="11.036771005019546">
        <ele>526.29544699999997</ele>
        <time>2026-09-16T19:22:27Z</time>
      </trkpt>
      <trkpt lat="46.208711005747318" lon="11.036914000287652">
        <ele>525.23985100000004</ele>
        <time>2026-09-16T19:22:38Z</time>
      </trkpt>
      <trkpt lat="46.20890898630023" lon="11.036981977522373">
        <ele>524.96901000000003</ele>
        <time>2026-09-16T19:22:41Z</time>
      </trkpt>
      <trkpt lat="46.209062961861491" lon="11.036964962258935">
        <ele>524.76346799999999</ele>
        <time>2026-09-16T19:22:43Z</time>
      </trkpt>
      <trkpt lat="46.209134040400386" lon="11.036869995296001">
        <ele>524.63469399999997</ele>
        <time>2026-09-16T19:22:44Z</time>
      </trkpt>
      <trkpt lat="46.209240993484855" lon="11.036792965605855">
        <ele>524.47561700000006</ele>
        <time>2026-09-16T19:22:46Z</time>
      </trkpt>
      <trkpt lat="46.209454983472824" lon="11.036742003634572">
        <ele>524.89277100000004</ele>
        <time>2026-09-16T19:22:50Z</time>
      </trkpt>
      <trkpt lat="46.209631003439426" lon="11.036752983927727">
        <ele>525.29575799999998</ele>
        <time>2026-09-16T19:22:53Z</time>
      </trkpt>
      <trkpt lat="46.210054038092494" lon="11.036689030006528">
        <ele>526.26868300000001</ele>
        <time>2026-09-16T19:23:02Z</time>
      </trkpt>
      <trkpt lat="46.210270039737225" lon="11.036711996421218">
        <ele>526.76413500000001</ele>
        <time>2026-09-16T19:23:08Z</time>
      </trkpt>
      <trkpt lat="46.210423009470105" lon="11.036768993362784">
        <ele>527.12557500000003</ele>
        <time>2026-09-16T19:23:12Z</time>
      </trkpt>
      <trkpt lat="46.211016029119492" lon="11.037220023572445">
        <ele>528.79564600000003</ele>
        <time>2026-09-16T19:23:38Z</time>
      </trkpt>
      <trkpt lat="46.211232030764222" lon="11.037420015782118">
        <ele>530.208483</ele>
        <time>2026-09-16T19:23:49Z</time>
      </trkpt>
      <trkpt lat="46.211644001305103" lon="11.038081012666225">
        <ele>533.59884</ele>
        <time>2026-09-16T19:24:17Z</time>
      </trkpt>
      <trkpt lat="46.212071981281042" lon="11.039284989237785">
        <ele>538.66341599999998</ele>
        <time>2026-09-16T19:24:55Z</time>
      </trkpt>
      <trkpt lat="46.212105005979538" lon="11.039390014484525">
        <ele>538.96076500000004</ele>
        <time>2026-09-16T19:24:58Z</time>
      </trkpt>
      <trkpt lat="46.212193015962839" lon="11.039926037192345">
        <ele>540.38116600000001</ele>
        <time>2026-09-16T19:25:14Z</time>
      </trkpt>
      <trkpt lat="46.212269961833954" lon="11.040484020486474">
        <ele>541.848253</ele>
        <time>2026-09-16T19:25:29Z</time>
      </trkpt>
      <trkpt lat="46.212252024561167" lon="11.040835976600647">
        <ele>542.758331</ele>
        <time>2026-09-16T19:25:39Z</time>
      </trkpt>
      <trkpt lat="46.212042979896069" lon="11.042026039212942">
        <ele>545.60914500000001</ele>
        <time>2026-09-16T19:26:00Z</time>
      </trkpt>
      <trkpt lat="46.212146999314427" lon="11.04215201921761">
        <ele>545.90403400000002</ele>
        <time>2026-09-16T19:26:03Z</time>
      </trkpt>
      <trkpt lat="46.212480012327433" lon="11.042310018092394">
        <ele>546.66560600000003</ele>
        <time>2026-09-16T19:26:10Z</time>
      </trkpt>
      <trkpt lat="46.21264798566699" lon="11.04238897562027">
        <ele>547.04948899999999</ele>
        <time>2026-09-16T19:26:14Z</time>
      </trkpt>
      <trkpt lat="46.213106978684664" lon="11.042727017775178">
        <ele>548.16886</ele>
        <time>2026-09-16T19:26:26Z</time>
      </trkpt>
      <trkpt lat="46.21333496645093" lon="11.042935978621244">
        <ele>548.755537</ele>
        <time>2026-09-16T19:26:33Z</time>
      </trkpt>
      <trkpt lat="46.213465975597501" lon="11.043105041608214">
        <ele>549.23444900000004</ele>
        <time>2026-09-16T19:26:39Z</time>
      </trkpt>
      <trkpt lat="46.213617017492652" lon="11.043211994692683">
        <ele>550.19168999999999</ele>
        <time>2026-09-16T19:26:46Z</time>
      </trkpt>
      <trkpt lat="46.213837964460254" lon="11.043298998847604">
        <ele>551.49543700000004</ele>
        <time>2026-09-16T19:26:58Z</time>
      </trkpt>
      <trkpt lat="46.213998980820179" lon="11.043470995500684">
        <ele>552.63504699999999</ele>
        <time>2026-09-16T19:27:08Z</time>
      </trkpt>
      <trkpt lat="46.214335011318326" lon="11.044293008744717">
        <ele>556.39525600000002</ele>
        <time>2026-09-16T19:27:43Z</time>
      </trkpt>
      <trkpt lat="46.214501978829503" lon="11.04479500092566">
        <ele>558.58905000000004</ele>
        <time>2026-09-16T19:27:59Z</time>
      </trkpt>
      <trkpt lat="46.214765002951026" lon="11.04520495980978">
        <ele>559.92801399999996</ele>
        <time>2026-09-16T19:28:10Z</time>
      </trkpt>
      <trkpt lat="46.214906992390752" lon="11.045316020026803">
        <ele>560.30976699999997</ele>
        <time>2026-09-16T19:28:14Z</time>
      </trkpt>
      <trkpt lat="46.215531025081873" lon="11.045385003089905">
        <ele>561.78962200000001</ele>
        <time>2026-09-16T19:28:28Z</time>
      </trkpt>
      <trkpt lat="46.215827995911241" lon="11.045371005311608">
        <ele>562.49229700000001</ele>
        <time>2026-09-16T19:28:35Z</time>
      </trkpt>
      <trkpt lat="46.216119015589356" lon="11.045401012524962">
        <ele>563.18215899999996</ele>
        <time>2026-09-16T19:28:42Z</time>
      </trkpt>
      <trkpt lat="46.216321019455791" lon="11.045562028884888">
        <ele>563.93148299999996</ele>
        <time>2026-09-16T19:28:48Z</time>
      </trkpt>
      <trkpt lat="46.216736007481813" lon="11.045797979459167">
        <ele>566.33147299999996</ele>
        <time>2026-09-16T19:29:05Z</time>
      </trkpt>
      <trkpt lat="46.21728703379631" lon="11.046211961656809">
        <ele>569.67345599999999</ele>
        <time>2026-09-16T19:29:34Z</time>
      </trkpt>
      <trkpt lat="46.217345958575606" lon="11.046297959983349">
        <ele>570.12440700000002</ele>
        <time>2026-09-16T19:29:38Z</time>
      </trkpt>
      <trkpt lat="46.21722400188446" lon="11.046397034078836">
        <ele>570.87735999999995</ele>
        <time>2026-09-16T19:29:45Z</time>
      </trkpt>
      <trkpt lat="46.21698503382504" lon="11.046350011602044">
        <ele>572.175387</ele>
        <time>2026-09-16T19:29:57Z</time>
      </trkpt>
      <trkpt lat="46.216914039105177" lon="11.046400973573327">
        <ele>572.60206400000004</ele>
        <time>2026-09-16T19:30:00Z</time>
      </trkpt>
      <trkpt lat="46.216825023293495" lon="11.046522008255124">
        <ele>573.252071</ele>
        <time>2026-09-16T19:30:06Z</time>
      </trkpt>
      <trkpt lat="46.216716980561614" lon="11.046733986586332">
        <ele>573.63419299999998</ele>
        <time>2026-09-16T19:30:13Z</time>
      </trkpt>
      <trkpt lat="46.216411041095853" lon="11.047139000147581">
        <ele>574.50460599999997</ele>
        <time>2026-09-16T19:30:29Z</time>
      </trkpt>
      <trkpt lat="46.216353960335255" lon="11.047298004850745">
        <ele>574.76453100000003</ele>
        <time>2026-09-16T19:30:33Z</time>
      </trkpt>
      <trkpt lat="46.216744976118207" lon="11.047528004273772">
        <ele>575.65008399999999</ele>
        <time>2026-09-16T19:30:43Z</time>
      </trkpt>
      <trkpt lat="46.21733296662569" lon="11.047875015065074">
        <ele>576.98242200000004</ele>
        <time>2026-09-16T19:30:53Z</time>
      </trkpt>
      <trkpt lat="46.217986000701785" lon="11.047964030876756">
        <ele>576.516706</ele>
        <time>2026-09-16T19:31:02Z</time>
      </trkpt>
      <trkpt lat="46.218062024563551" lon="11.047967970371246">
        <ele>576.45665799999995</ele>
        <time>2026-09-16T19:31:03Z</time>
      </trkpt>
      <trkpt lat="46.218108963221312" lon="11.048376001417637">
        <ele>576.23069199999998</ele>
        <time>2026-09-16T19:31:10Z</time>
      </trkpt>
      <trkpt lat="46.218138970434666" lon="11.048483960330486">
        <ele>576.16711199999997</ele>
        <time>2026-09-16T19:31:11Z</time>
      </trkpt>
      <trkpt lat="46.218262016773224" lon="11.048819990828633">
        <ele>575.95944099999997</ele>
        <time>2026-09-16T19:31:18Z</time>
      </trkpt>
      <trkpt lat="46.218450022861362" lon="11.049150992184877">
        <ele>575.72548800000004</ele>
        <time>2026-09-16T19:31:25Z</time>
      </trkpt>
      <trkpt lat="46.218476006761193" lon="11.049197008833289">
        <ele>575.693038</ele>
        <time>2026-09-16T19:31:26Z</time>
      </trkpt>
      <trkpt lat="46.218579020351171" lon="11.049364982172847">
        <ele>575.42855499999996</ele>
        <time>2026-09-16T19:31:29Z</time>
      </trkpt>
      <trkpt lat="46.218741964548826" lon="11.049513006582856">
        <ele>574.55175799999995</ele>
        <time>2026-09-16T19:31:33Z</time>
      </trkpt>
      <trkpt lat="46.218914967030287" lon="11.049683997407556">
        <ele>573.59711000000004</ele>
        <time>2026-09-16T19:31:37Z</time>
      </trkpt>
      <trkpt lat="46.219116970896721" lon="11.049833027645946">
        <ele>572.56412999999998</ele>
        <time>2026-09-16T19:31:40Z</time>
      </trkpt>
      <trkpt lat="46.219145972281694" lon="11.049846019595861">
        <ele>572.42583100000002</ele>
        <time>2026-09-16T19:31:41Z</time>
      </trkpt>
      <trkpt lat="46.219238005578518" lon="11.049878960475326">
        <ele>571.99407299999996</ele>
        <time>2026-09-16T19:31:43Z</time>
      </trkpt>
      <trkpt lat="46.219428023323417" lon="11.049827998504043">
        <ele>571.11385299999995</ele>
        <time>2026-09-16T19:31:45Z</time>
      </trkpt>
      <trkpt lat="46.219513015821576" lon="11.049817018210888">
        <ele>570.72514100000001</ele>
        <time>2026-09-16T19:31:46Z</time>
      </trkpt>
      <trkpt lat="46.219947030767798" lon="11.049703024327755">
        <ele>568.71595500000001</ele>
        <time>2026-09-16T19:31:51Z</time>
      </trkpt>
      <trkpt lat="46.220154985785484" lon="11.049654996022582">
        <ele>567.75654499999996</ele>
        <time>2026-09-16T19:31:53Z</time>
      </trkpt>
      <trkpt lat="46.220332011580467" lon="11.049654996022582">
        <ele>566.80586400000004</ele>
        <time>2026-09-16T19:31:55Z</time>
      </trkpt>
      <trkpt lat="46.220400994643569" lon="11.04960797354579">
        <ele>566.34865300000001</ele>
        <time>2026-09-16T19:31:56Z</time>
      </trkpt>
      <trkpt lat="46.220794022083282" lon="11.049572015181184">
        <ele>563.98830799999996</ele>
        <time>2026-09-16T19:32:00Z</time>
      </trkpt>
      <trkpt lat="46.22145501896739" lon="11.049546031281352">
        <ele>560.02484700000002</ele>
        <time>2026-09-16T19:32:07Z</time>
      </trkpt>
      <trkpt lat="46.221798006445169" lon="11.049658013507724">
        <ele>557.91711299999997</ele>
        <time>2026-09-16T19:32:12Z</time>
      </trkpt>
      <trkpt lat="46.222325982525945" lon="11.049751974642277">
        <ele>555.46902599999999</ele>
        <time>2026-09-16T19:32:18Z</time>
      </trkpt>
      <trkpt lat="46.222690008580685" lon="11.04977997019887">
        <ele>554.13660800000002</ele>
        <time>2026-09-16T19:32:23Z</time>
      </trkpt>
      <trkpt lat="46.222829986363649" lon="11.049784999340773">
        <ele>553.62470800000006</ele>
        <time>2026-09-16T19:32:24Z</time>
      </trkpt>
      <trkpt lat="46.223053028807044" lon="11.049837972968817">
        <ele>552.79862600000001</ele>
        <time>2026-09-16T19:32:27Z</time>
      </trkpt>
      <trkpt lat="46.223414959385991" lon="11.049895975738764">
        <ele>551.46729700000003</ele>
        <time>2026-09-16T19:32:32Z</time>
      </trkpt>
      <trkpt lat="46.223903959617019" lon="11.050073001533747">
        <ele>549.50722599999995</ele>
        <time>2026-09-16T19:32:38Z</time>
      </trkpt>
      <trkpt lat="46.224008984863758" lon="11.050183977931738">
        <ele>548.901072</ele>
        <time>2026-09-16T19:32:40Z</time>
      </trkpt>
      <trkpt lat="46.224378040060401" lon="11.050597038120031">
        <ele>546.726451</ele>
        <time>2026-09-16T19:32:45Z</time>
      </trkpt>
      <trkpt lat="46.224452974274755" lon="11.050669960677624">
        <ele>546.30512899999997</ele>
        <time>2026-09-16T19:32:47Z</time>
      </trkpt>
      <trkpt lat="46.224616002291441" lon="11.050862995907664">
        <ele>545.323308</ele>
        <time>2026-09-16T19:32:49Z</time>
      </trkpt>
      <trkpt lat="46.224795961752534" lon="11.050952011719346">
        <ele>544.43685800000003</ele>
        <time>2026-09-16T19:32:51Z</time>
      </trkpt>
      <trkpt lat="46.224938035011292" lon="11.051072962582111">
        <ele>543.66877099999999</ele>
        <time>2026-09-16T19:32:53Z</time>
      </trkpt>
      <trkpt lat="46.22515101917088" lon="11.051256023347378">
        <ele>542.51418000000001</ele>
        <time>2026-09-16T19:32:56Z</time>
      </trkpt>
      <trkpt lat="46.225663991644979" lon="11.051660031080246">
        <ele>538.67038700000001</ele>
        <time>2026-09-16T19:33:02Z</time>
      </trkpt>
      <trkpt lat="46.22573297470808" lon="11.051714010536671">
        <ele>538.08652099999995</ele>
        <time>2026-09-16T19:33:03Z</time>
      </trkpt>
      <trkpt lat="46.226683985441923" lon="11.052928967401385">
        <ele>528.64200600000004</ele>
        <time>2026-09-16T19:33:17Z</time>
      </trkpt>
      <trkpt lat="46.226799990981817" lon="11.053256029263139">
        <ele>527.04468399999996</ele>
        <time>2026-09-16T19:33:20Z</time>
      </trkpt>
      <trkpt lat="46.227030996233225" lon="11.053521987050772">
        <ele>525.26808600000004</ele>
        <time>2026-09-16T19:33:23Z</time>
      </trkpt>
      <trkpt lat="46.227599959820509" lon="11.054158005863428">
        <ele>520.94133799999997</ele>
        <time>2026-09-16T19:33:31Z</time>
      </trkpt>
      <trkpt lat="46.228370005264878" lon="11.054798969998956">
        <ele>515.89256599999999</ele>
        <time>2026-09-16T19:33:42Z</time>
      </trkpt>
      <trkpt lat="46.228420967236161" lon="11.054925033822656">
        <ele>515.38128500000005</ele>
        <time>2026-09-16T19:33:43Z</time>
      </trkpt>
      <trkpt lat="46.228387020528316" lon="11.05504397302866">
        <ele>514.93035999999995</ele>
        <time>2026-09-16T19:33:44Z</time>
      </trkpt>
      <trkpt lat="46.228222986683249" lon="11.055241031572223">
        <ele>513.85081000000002</ele>
        <time>2026-09-16T19:33:47Z</time>
      </trkpt>
      <trkpt lat="46.228195996955037" lon="11.055357037112117">
        <ele>513.42215799999997</ele>
        <time>2026-09-16T19:33:48Z</time>
      </trkpt>
      <trkpt lat="46.228211000561714" lon="11.055466001853347">
        <ele>513.03292199999999</ele>
        <time>2026-09-16T19:33:49Z</time>
      </trkpt>
      <trkpt lat="46.228312002494931" lon="11.055805971845984">
        <ele>511.73698100000001</ele>
        <time>2026-09-16T19:33:52Z</time>
      </trkpt>
      <trkpt lat="46.228433037176728" lon="11.056209979578853">
        <ele>510.19511999999997</ele>
        <time>2026-09-16T19:33:55Z</time>
      </trkpt>
      <trkpt lat="46.228482993319631" lon="11.056220959872007">
        <ele>509.93906700000002</ele>
        <time>2026-09-16T19:33:56Z</time>
      </trkpt>
      <trkpt lat="46.228508977219462" lon="11.056147031486034">
        <ele>509.64838400000002</ele>
        <time>2026-09-16T19:33:56Z</time>
      </trkpt>
      <trkpt lat="46.228474024683237" lon="11.055335998535156">
        <ele>505.94602200000003</ele>
        <time>2026-09-16T19:34:03Z</time>
      </trkpt>
      <trkpt lat="46.228544013574719" lon="11.055276989936829">
        <ele>505.310382</ele>
        <time>2026-09-16T19:34:04Z</time>
      </trkpt>
      <trkpt lat="46.228595981374383" lon="11.055400036275387">
        <ele>504.52812499999999</ele>
        <time>2026-09-16T19:34:05Z</time>
      </trkpt>
      <trkpt lat="46.228598998859525" lon="11.055760961025953">
        <ele>502.56895200000002</ele>
        <time>2026-09-16T19:34:07Z</time>
      </trkpt>
      <trkpt lat="46.228598998859525" lon="11.055786022916436">
        <ele>502.43328500000001</ele>
        <time>2026-09-16T19:34:07Z</time>
      </trkpt>
      <trkpt lat="46.228663036599755" lon="11.056024990975857">
        <ele>501.04253</ele>
        <time>2026-09-16T19:34:09Z</time>
      </trkpt>
      <trkpt lat="46.229017004370689" lon="11.0562679823488">
        <ele>497.96838600000001</ele>
        <time>2026-09-16T19:34:14Z</time>
      </trkpt>
      <trkpt lat="46.22994395904243" lon="11.057371962815523">
        <ele>486.11695800000001</ele>
        <time>2026-09-16T19:34:27Z</time>
      </trkpt>
      <trkpt lat="46.230018977075815" lon="11.057368023321033">
        <ele>485.27750700000001</ele>
        <time>2026-09-16T19:34:27Z</time>
      </trkpt>
      <trkpt lat="46.230032974854112" lon="11.057313960045576">
        <ele>484.83130599999998</ele>
        <time>2026-09-16T19:34:28Z</time>
      </trkpt>
      <trkpt lat="46.230002967640758" lon="11.057237014174461">
        <ele>484.14752800000002</ele>
        <time>2026-09-16T19:34:28Z</time>
      </trkpt>
      <trkpt lat="46.229909006506205" lon="11.057136012241244">
        <ele>482.83750900000001</ele>
        <time>2026-09-16T19:34:30Z</time>
      </trkpt>
      <trkpt lat="46.229755030944943" lon="11.05673803947866">
        <ele>479.30899799999997</ele>
        <time>2026-09-16T19:34:33Z</time>
      </trkpt>
      <trkpt lat="46.229730974882841" lon="11.056580962613225">
        <ele>478.064908</ele>
        <time>2026-09-16T19:34:34Z</time>
      </trkpt>
      <trkpt lat="46.22987899929285" lon="11.056235041469336">
        <ele>474.91728599999999</ele>
        <time>2026-09-16T19:34:37Z</time>
      </trkpt>
      <trkpt lat="46.23024201951921" lon="11.056171003729105">
        <ele>471.78404699999999</ele>
        <time>2026-09-16T19:34:40Z</time>
      </trkpt>
      <trkpt lat="46.230475036427379" lon="11.056068995967507">
        <ele>469.84911399999999</ele>
        <time>2026-09-16T19:34:43Z</time>
      </trkpt>
      <trkpt lat="46.230662958696485" lon="11.05607402510941">
        <ele>468.35463900000002</ele>
        <time>2026-09-16T19:34:45Z</time>
      </trkpt>
      <trkpt lat="46.230742000043392" lon="11.056126998737454">
        <ele>467.66242599999998</ele>
        <time>2026-09-16T19:34:46Z</time>
      </trkpt>
      <trkpt lat="46.230811988934875" lon="11.056244010105729">
        <ele>466.81193400000001</ele>
        <time>2026-09-16T19:34:47Z</time>
      </trkpt>
      <trkpt lat="46.230834033340216" lon="11.056450959295034">
        <ele>465.660483</ele>
        <time>2026-09-16T19:34:49Z</time>
      </trkpt>
      <trkpt lat="46.23075901530683" lon="11.056571993976831">
        <ele>464.767224</ele>
        <time>2026-09-16T19:34:50Z</time>
      </trkpt>
      <trkpt lat="46.230557011440396" lon="11.056638965383172">
        <ele>463.12001199999997</ele>
        <time>2026-09-16T19:34:52Z</time>
      </trkpt>
      <trkpt lat="46.230490962043405" lon="11.056794030591846">
        <ele>462.119302</ele>
        <time>2026-09-16T19:34:54Z</time>
      </trkpt>
      <trkpt lat="46.230595987290144" lon="11.056994022801518">
        <ele>460.73886299999998</ele>
        <time>2026-09-16T19:34:56Z</time>
      </trkpt>
      <trkpt lat="46.230827998369932" lon="11.057174988090992">
        <ele>458.62701399999997</ele>
        <time>2026-09-16T19:35:00Z</time>
      </trkpt>
      <trkpt lat="46.230966970324516" lon="11.05738302692771">
        <ele>457.01495899999998</ele>
        <time>2026-09-16T19:35:03Z</time>
      </trkpt>
      <trkpt lat="46.231306018307805" lon="11.057909997180104">
        <ele>453.00362999999999</ele>
        <time>2026-09-16T19:35:09Z</time>
      </trkpt>
      <trkpt lat="46.231357986107469" lon="11.057887030765414">
        <ele>452.56544700000001</ele>
        <time>2026-09-16T19:35:09Z</time>
      </trkpt>
      <trkpt lat="46.231354968622327" lon="11.057790974155068">
        <ele>452.02979599999998</ele>
        <time>2026-09-16T19:35:10Z</time>
      </trkpt>
      <trkpt lat="46.231279028579593" lon="11.057658959180117">
        <ele>451.07251300000001</ele>
        <time>2026-09-16T19:35:11Z</time>
      </trkpt>
      <trkpt lat="46.231240974739194" lon="11.057345978915691">
        <ele>449.301176</ele>
        <time>2026-09-16T19:35:13Z</time>
      </trkpt>
      <trkpt lat="46.231333008036017" lon="11.057102987542748">
        <ele>447.757091</ele>
        <time>2026-09-16T19:35:15Z</time>
      </trkpt>
      <trkpt lat="46.23142696917057" lon="11.057003997266293">
        <ele>446.819952</ele>
        <time>2026-09-16T19:35:17Z</time>
      </trkpt>
      <trkpt lat="46.231602989137173" lon="11.056922022253275">
        <ele>445.333101</ele>
        <time>2026-09-16T19:35:18Z</time>
      </trkpt>
      <trkpt lat="46.23187699355185" lon="11.056607030332088">
        <ele>443.105547</ele>
        <time>2026-09-16T19:35:22Z</time>
      </trkpt>
      <trkpt lat="46.231959974393249" lon="11.056597977876663">
        <ele>442.57593500000002</ele>
        <time>2026-09-16T19:35:23Z</time>
      </trkpt>
      <trkpt lat="46.232100035995245" lon="11.056640977039933">
        <ele>441.665233</ele>
        <time>2026-09-16T19:35:24Z</time>
      </trkpt>
      <trkpt lat="46.232243031263351" lon="11.056755976751447">
        <ele>440.62401199999999</ele>
        <time>2026-09-16T19:35:26Z</time>
      </trkpt>
      <trkpt lat="46.232402035966516" lon="11.056910958141088">
        <ele>439.40376199999997</ele>
        <time>2026-09-16T19:35:28Z</time>
      </trkpt>
      <trkpt lat="46.23249901458621" lon="11.057051019743085">
        <ele>438.53160300000002</ele>
        <time>2026-09-16T19:35:30Z</time>
      </trkpt>
      <trkpt lat="46.232517035678029" lon="11.057169958949089">
        <ele>437.99545000000001</ele>
        <time>2026-09-16T19:35:31Z</time>
      </trkpt>
      <trkpt lat="46.232493985444307" lon="11.057269033044577">
        <ele>437.53578199999998</ele>
        <time>2026-09-16T19:35:32Z</time>
      </trkpt>
      <trkpt lat="46.232135994359851" lon="11.057615960016847">
        <ele>434.79319900000002</ele>
        <time>2026-09-16T19:35:38Z</time>
      </trkpt>
      <trkpt lat="46.232018982991576" lon="11.057912008836865">
        <ele>433.37773099999998</ele>
        <time>2026-09-16T19:35:41Z</time>
      </trkpt>
      <trkpt lat="46.231992999091744" lon="11.058105966076255">
        <ele>432.62975</ele>
        <time>2026-09-16T19:35:43Z</time>
      </trkpt>
      <trkpt lat="46.231992999091744" lon="11.058249967172742">
        <ele>432.08468299999998</ele>
        <time>2026-09-16T19:35:44Z</time>
      </trkpt>
      <trkpt lat="46.231992999091744" lon="11.058354992419481">
        <ele>431.68723899999998</ele>
        <time>2026-09-16T19:35:45Z</time>
      </trkpt>
      <trkpt lat="46.232030969113111" lon="11.058483989909291">
        <ele>431.156519</ele>
        <time>2026-09-16T19:35:46Z</time>
      </trkpt>
      <trkpt lat="46.232101041823626" lon="11.05848097242415">
        <ele>430.77331199999998</ele>
        <time>2026-09-16T19:35:47Z</time>
      </trkpt>
      <trkpt lat="46.232120990753174" lon="11.058431016281247">
        <ele>430.55468999999999</ele>
        <time>2026-09-16T19:35:48Z</time>
      </trkpt>
      <trkpt lat="46.232124008238316" lon="11.058188024908304">
        <ele>429.63474500000001</ele>
        <time>2026-09-16T19:35:50Z</time>
      </trkpt>
      <trkpt lat="46.232178993523121" lon="11.058076964691281">
        <ele>429.11792200000002</ele>
        <time>2026-09-16T19:35:51Z</time>
      </trkpt>
      <trkpt lat="46.232731025665998" lon="11.05773095972836">
        <ele>425.82568400000002</ele>
        <time>2026-09-16T19:35:57Z</time>
      </trkpt>
      <trkpt lat="46.232774024829268" lon="11.05774998664856">
        <ele>425.57964399999997</ele>
        <time>2026-09-16T19:35:58Z</time>
      </trkpt>
      <trkpt lat="46.232803026214242" lon="11.057776976376772">
        <ele>425.390895</ele>
        <time>2026-09-16T19:35:58Z</time>
      </trkpt>
      <trkpt lat="46.232801014557481" lon="11.057903962209821">
        <ele>424.91005899999999</ele>
        <time>2026-09-16T19:35:59Z</time>
      </trkpt>
      <trkpt lat="46.232665982097387" lon="11.058125998824835">
        <ele>423.66510899999997</ele>
        <time>2026-09-16T19:36:01Z</time>
      </trkpt>
      <trkpt lat="46.232551988214254" lon="11.058312999084592">
        <ele>422.27586300000002</ele>
        <time>2026-09-16T19:36:03Z</time>
      </trkpt>
      <trkpt lat="46.232461966574192" lon="11.058587003499269">
        <ele>420.585284</ele>
        <time>2026-09-16T19:36:05Z</time>
      </trkpt>
      <trkpt lat="46.232463978230953" lon="11.058797976002097">
        <ele>419.409153</ele>
        <time>2026-09-16T19:36:07Z</time>
      </trkpt>
      <trkpt lat="46.232527010142803" lon="11.058860002085567">
        <ele>418.79508199999998</ele>
        <time>2026-09-16T19:36:08Z</time>
      </trkpt>
      <trkpt lat="46.232581995427608" lon="11.059585036709905">
        <ele>414.73003299999999</ele>
        <time>2026-09-16T19:36:13Z</time>
      </trkpt>
      <trkpt lat="46.232682997360826" lon="11.059686960652471">
        <ele>413.73733299999998</ele>
        <time>2026-09-16T19:36:15Z</time>
      </trkpt>
      <trkpt lat="46.232774024829268" lon="11.059665000066161">
        <ele>412.99392999999998</ele>
        <time>2026-09-16T19:36:16Z</time>
      </trkpt>
      <trkpt lat="46.232836972922087" lon="11.059541031718254">
        <ele>412.13642499999997</ele>
        <time>2026-09-16T19:36:17Z</time>
      </trkpt>
      <trkpt lat="46.232836972922087" lon="11.059421002864838">
        <ele>411.467603</ele>
        <time>2026-09-16T19:36:18Z</time>
      </trkpt>
      <trkpt lat="46.232777964323759" lon="11.05906100012362">
        <ele>409.365452</ele>
        <time>2026-09-16T19:36:21Z</time>
      </trkpt>
      <trkpt lat="46.232777964323759" lon="11.058957986533642">
        <ele>408.64755300000002</ele>
        <time>2026-09-16T19:36:21Z</time>
      </trkpt>
      <trkpt lat="46.232809983193874" lon="11.058821026235819">
        <ele>407.63970899999998</ele>
        <time>2026-09-16T19:36:22Z</time>
      </trkpt>
      <trkpt lat="46.232952978461981" lon="11.058700997382402">
        <ele>405.97368</ele>
        <time>2026-09-16T19:36:24Z</time>
      </trkpt>
      <trkpt lat="46.233265036717057" lon="11.058630002662539">
        <ele>402.79124899999999</ele>
        <time>2026-09-16T19:36:27Z</time>
      </trkpt>
      <trkpt lat="46.23348799534142" lon="11.058511985465884">
        <ele>400.39850799999999</ele>
        <time>2026-09-16T19:36:30Z</time>
      </trkpt>
      <trkpt lat="46.233695028349757" lon="11.058345017954707">
        <ele>398.009974</ele>
        <time>2026-09-16T19:36:32Z</time>
      </trkpt>
      <trkpt lat="46.234125019982457" lon="11.057941010221839">
        <ele>392.84268900000001</ele>
        <time>2026-09-16T19:36:38Z</time>
      </trkpt>
      <trkpt lat="46.234254017472267" lon="11.057745041325688">
        <ele>391.10134499999998</ele>
        <time>2026-09-16T19:36:40Z</time>
      </trkpt>
      <trkpt lat="46.234430037438869" lon="11.057339021936059">
        <ele>388.754255</ele>
        <time>2026-09-16T19:36:43Z</time>
      </trkpt>
      <trkpt lat="46.234587030485272" lon="11.057219998911023">
        <ele>387.498874</ele>
        <time>2026-09-16T19:36:45Z</time>
      </trkpt>
      <trkpt lat="46.234642015770078" lon="11.057241959497333">
        <ele>387.09474299999999</ele>
        <time>2026-09-16T19:36:46Z</time>
      </trkpt>
      <trkpt lat="46.234694989398122" lon="11.057328963652253">
        <ele>386.52685600000001</ele>
        <time>2026-09-16T19:36:47Z</time>
      </trkpt>
      <trkpt lat="46.234690966084599" lon="11.057458966970444">
        <ele>385.88942100000003</ele>
        <time>2026-09-16T19:36:48Z</time>
      </trkpt>
      <trkpt lat="46.234650984406471" lon="11.057559968903661">
        <ele>385.31931700000001</ele>
        <time>2026-09-16T19:36:49Z</time>
      </trkpt>
      <trkpt lat="46.234447974711657" lon="11.057954002171755">
        <ele>382.912734</ele>
        <time>2026-09-16T19:36:53Z</time>
      </trkpt>
      <trkpt lat="46.233986970037222" lon="11.058449959382415">
        <ele>378.84314499999999</ele>
        <time>2026-09-16T19:36:59Z</time>
      </trkpt>
      <trkpt lat="46.233892003074288" lon="11.058934014290571">
        <ele>376.25608399999999</ele>
        <time>2026-09-16T19:37:03Z</time>
      </trkpt>
      <trkpt lat="46.233823020011187" lon="11.05910399928689">
        <ele>375.239687</ele>
        <time>2026-09-16T19:37:04Z</time>
      </trkpt>
      <trkpt lat="46.233724029734731" lon="11.059229979291558">
        <ele>374.25640700000002</ele>
        <time>2026-09-16T19:37:06Z</time>
      </trkpt>
      <trkpt lat="46.233544992282987" lon="11.059370962902904">
        <ele>372.73676599999999</ele>
        <time>2026-09-16T19:37:08Z</time>
      </trkpt>
      <trkpt lat="46.233447007834911" lon="11.059630969539285">
        <ele>371.20990899999998</ele>
        <time>2026-09-16T19:37:10Z</time>
      </trkpt>
      <trkpt lat="46.233451031148434" lon="11.059951996430755">
        <ele>369.55435299999999</ele>
        <time>2026-09-16T19:37:13Z</time>
      </trkpt>
      <trkpt lat="46.233490006998181" lon="11.060071019455791">
        <ele>368.87531999999999</ele>
        <time>2026-09-16T19:37:14Z</time>
      </trkpt>
      <trkpt lat="46.233567958697677" lon="11.060159029439092">
        <ele>368.13773300000003</ele>
        <time>2026-09-16T19:37:15Z</time>
      </trkpt>
      <trkpt lat="46.233656974509358" lon="11.06011301279068">
        <ele>367.43312600000002</ele>
        <time>2026-09-16T19:37:16Z</time>
      </trkpt>
      <trkpt lat="46.2336790189147" lon="11.060043023899198">
        <ele>367.03665000000001</ele>
        <time>2026-09-16T19:37:16Z</time>
      </trkpt>
      <trkpt lat="46.233668960630894" lon="11.059899022802711">
        <ele>366.29036100000002</ele>
        <time>2026-09-16T19:37:17Z</time>
      </trkpt>
      <trkpt lat="46.233608024194837" lon="11.059645973145962">
        <ele>364.88652300000001</ele>
        <time>2026-09-16T19:37:19Z</time>
      </trkpt>
      <trkpt lat="46.233655968680978" lon="11.059522004798055">
        <ele>364.11178100000001</ele>
        <time>2026-09-16T19:37:20Z</time>
      </trkpt>
      <trkpt lat="46.233947994187474" lon="11.059413962066174">
        <ele>361.736062</ele>
        <time>2026-09-16T19:37:24Z</time>
      </trkpt>
      <trkpt lat="46.234013037756085" lon="11.059335004538298">
        <ele>361.06672300000002</ele>
        <time>2026-09-16T19:37:25Z</time>
      </trkpt>
      <trkpt lat="46.234099958091974" lon="11.059153033420444">
        <ele>359.86052699999999</ele>
        <time>2026-09-16T19:37:26Z</time>
      </trkpt>
      <trkpt lat="46.234154021367431" lon="11.058978019282222">
        <ele>358.81576100000001</ele>
        <time>2026-09-16T19:37:28Z</time>
      </trkpt>
      <trkpt lat="46.23423800803721" lon="11.05884600430727">
        <ele>357.83784100000003</ele>
        <time>2026-09-16T19:37:29Z</time>
      </trkpt>
      <trkpt lat="46.234348984435201" lon="11.058766040951014">
        <ele>356.86022600000001</ele>
        <time>2026-09-16T19:37:30Z</time>
      </trkpt>
      <trkpt lat="46.234845025464892" lon="11.058531012386084">
        <ele>352.746084</ele>
        <time>2026-09-16T19:37:36Z</time>
      </trkpt>
      <trkpt lat="46.23492700047791" lon="11.058450965210795">
        <ele>351.96634399999999</ele>
        <time>2026-09-16T19:37:37Z</time>
      </trkpt>
      <trkpt lat="46.23524802736938" lon="11.057970011606812">
        <ele>348.91963500000003</ele>
        <time>2026-09-16T19:37:42Z</time>
      </trkpt>
      <trkpt lat="46.235514990985394" lon="11.057872027158737">
        <ele>347.212041</ele>
        <time>2026-09-16T19:37:45Z</time>
      </trkpt>
      <trkpt lat="46.235777009278536" lon="11.057670023292303">
        <ele>345.37143400000002</ele>
        <time>2026-09-16T19:37:49Z</time>
      </trkpt>
      <trkpt lat="46.235865019261837" lon="11.057532979175448">
        <ele>344.56979899999999</ele>
        <time>2026-09-16T19:37:50Z</time>
      </trkpt>
      <trkpt lat="46.235938025638461" lon="11.057390989735723">
        <ele>343.81120299999998</ele>
        <time>2026-09-16T19:37:52Z</time>
      </trkpt>
      <trkpt lat="46.235961997881532" lon="11.05727800168097">
        <ele>343.30437000000001</ele>
        <time>2026-09-16T19:37:53Z</time>
      </trkpt>
      <trkpt lat="46.235918998718262" lon="11.056617004796863">
        <ele>340.45771400000001</ele>
        <time>2026-09-16T19:37:58Z</time>
      </trkpt>
      <trkpt lat="46.2359360139817" lon="11.056247027590871">
        <ele>338.50330300000002</ele>
        <time>2026-09-16T19:38:01Z</time>
      </trkpt>
      <trkpt lat="46.236029975116253" lon="11.055626012384892">
        <ele>334.87620500000003</ele>
        <time>2026-09-16T19:38:06Z</time>
      </trkpt>
      <trkpt lat="46.236100969836116" lon="11.055549988523126">
        <ele>334.147471</ele>
        <time>2026-09-16T19:38:07Z</time>
      </trkpt>
      <trkpt lat="46.236201971769333" lon="11.055568009614944">
        <ele>333.30802199999999</ele>
        <time>2026-09-16T19:38:08Z</time>
      </trkpt>
      <trkpt lat="46.236238013952971" lon="11.055678986012936">
        <ele>332.60852599999998</ele>
        <time>2026-09-16T19:38:09Z</time>
      </trkpt>
      <trkpt lat="46.236147992312908" lon="11.056279968470335">
        <ele>329.099962</ele>
        <time>2026-09-16T19:38:13Z</time>
      </trkpt>
      <trkpt lat="46.236166013404727" lon="11.056666038930416">
        <ele>326.89256599999999</ele>
        <time>2026-09-16T19:38:16Z</time>
      </trkpt>
      <trkpt lat="46.236303979530931" lon="11.057043978944421">
        <ele>324.33782200000002</ele>
        <time>2026-09-16T19:38:19Z</time>
      </trkpt>
      <trkpt lat="46.236404981464148" lon="11.05721496976912">
        <ele>322.83565499999997</ele>
        <time>2026-09-16T19:38:21Z</time>
      </trkpt>
      <trkpt lat="46.236445968970656" lon="11.057403981685638">
        <ele>321.51242200000002</ele>
        <time>2026-09-16T19:38:22Z</time>
      </trkpt>
      <trkpt lat="46.236441023647785" lon="11.057600034400821">
        <ele>320.20217600000001</ele>
        <time>2026-09-16T19:38:24Z</time>
      </trkpt>
      <trkpt lat="46.236416967585683" lon="11.057797009125352">
        <ele>318.865882</ele>
        <time>2026-09-16T19:38:25Z</time>
      </trkpt>
      <trkpt lat="46.236313031986356" lon="11.058034971356392">
        <ele>316.98524300000003</ele>
        <time>2026-09-16T19:38:27Z</time>
      </trkpt>
      <trkpt lat="46.235823025926948" lon="11.058887997642159">
        <ele>309.57792599999999</ele>
        <time>2026-09-16T19:38:35Z</time>
      </trkpt>
      <trkpt lat="46.2353799585253" lon="11.059302985668182">
        <ele>306.696192</ele>
        <time>2026-09-16T19:38:41Z</time>
      </trkpt>
      <trkpt lat="46.235307035967708" lon="11.059510018676519">
        <ele>306.19237299999998</ele>
        <time>2026-09-16T19:38:43Z</time>
      </trkpt>
      <trkpt lat="46.235190024599433" lon="11.060151988640428">
        <ele>304.75278100000003</ele>
        <time>2026-09-16T19:38:48Z</time>
      </trkpt>
      <trkpt lat="46.235122969374061" lon="11.060327002778649">
        <ele>304.31906900000001</ele>
        <time>2026-09-16T19:38:50Z</time>
      </trkpt>
      <trkpt lat="46.234982991591096" lon="11.060463041067123">
        <ele>303.79031900000001</ele>
        <time>2026-09-16T19:38:52Z</time>
      </trkpt>
      <trkpt lat="46.234817029908299" lon="11.060528000816703">
        <ele>303.25118800000001</ele>
        <time>2026-09-16T19:38:55Z</time>
      </trkpt>
      <trkpt lat="46.234237002208829" lon="11.060612993314862">
        <ele>302.39445799999999</ele>
        <time>2026-09-16T19:39:16Z</time>
      </trkpt>
      <trkpt lat="46.233496963977814" lon="11.061023036018014">
        <ele>303.359151</ele>
        <time>2026-09-16T19:40:00Z</time>
      </trkpt>
      <trkpt lat="46.233128998428583" lon="11.061323024332523">
        <ele>303.87343399999997</ele>
        <time>2026-09-16T19:40:15Z</time>
      </trkpt>
      <trkpt lat="46.232511000707746" lon="11.061933981254697">
        <ele>298.59389599999997</ele>
        <time>2026-09-16T19:40:23Z</time>
      </trkpt>
      <trkpt lat="46.232379991561174" lon="11.062097009271383">
        <ele>296.04700700000001</ele>
        <time>2026-09-16T19:40:24Z</time>
      </trkpt>
      <trkpt lat="46.232321988791227" lon="11.062279986217618">
        <ele>293.99521600000003</ele>
        <time>2026-09-16T19:40:26Z</time>
      </trkpt>
      <trkpt lat="46.232321988791227" lon="11.062387023121119">
        <ele>292.90456399999999</ele>
        <time>2026-09-16T19:40:26Z</time>
      </trkpt>
      <trkpt lat="46.23243497684598" lon="11.063085990026593">
        <ele>285.58767799999998</ele>
        <time>2026-09-16T19:40:31Z</time>
      </trkpt>
      <trkpt lat="46.232457021251321" lon="11.063286988064647">
        <ele>283.51339999999999</ele>
        <time>2026-09-16T19:40:33Z</time>
      </trkpt>
      <trkpt lat="46.232273960486054" lon="11.063739024102688">
        <ele>278.17503399999998</ele>
        <time>2026-09-16T19:40:36Z</time>
      </trkpt>
      <trkpt lat="46.23215401545167" lon="11.064144037663937">
        <ele>277.02353699999998</ele>
        <time>2026-09-16T19:40:39Z</time>
      </trkpt>
      <trkpt lat="46.232126019895077" lon="11.064416030421853">
        <ele>276.48995400000001</ele>
        <time>2026-09-16T19:40:42Z</time>
      </trkpt>
      <trkpt lat="46.232148986309767" lon="11.065746992826462">
        <ele>273.906567</ele>
        <time>2026-09-16T19:40:58Z</time>
      </trkpt>
      <trkpt lat="46.232159966602921" lon="11.066638994961977">
        <ele>272.78631799999999</ele>
        <time>2026-09-16T19:41:14Z</time>
      </trkpt>
      <trkpt lat="46.232162984088063" lon="11.066889027133584">
        <ele>272.80516399999999</ele>
        <time>2026-09-16T19:41:19Z</time>
      </trkpt>
      <trkpt lat="46.232213024049997" lon="11.067310972139239">
        <ele>272.83743500000003</ele>
        <time>2026-09-16T19:41:25Z</time>
      </trkpt>
      <trkpt lat="46.232201037928462" lon="11.067443992942572">
        <ele>272.84754500000003</ele>
        <time>2026-09-16T19:41:26Z</time>
      </trkpt>
      <trkpt lat="46.232129959389567" lon="11.067624036222696">
        <ele>272.86316299999999</ele>
        <time>2026-09-16T19:41:29Z</time>
      </trkpt>
      <trkpt lat="46.231884034350514" lon="11.067960988730192">
        <ele>272.90009099999997</ele>
        <time>2026-09-16T19:41:34Z</time>
      </trkpt>
      <trkpt lat="46.23168203048408" lon="11.068185959011316">
        <ele>272.92787800000002</ele>
        <time>2026-09-16T19:41:41Z</time>
      </trkpt>
      <trkpt lat="46.231631990522146" lon="11.068245973438025">
        <ele>272.93495799999999</ele>
        <time>2026-09-16T19:41:42Z</time>
      </trkpt>
      <trkpt lat="46.231607012450695" lon="11.068269023671746">
        <ele>272.93818700000003</ele>
        <time>2026-09-16T19:41:43Z</time>
      </trkpt>
      <trkpt lat="46.231579016894102" lon="11.068297019228339">
        <ele>272.94189699999998</ele>
        <time>2026-09-16T19:41:43Z</time>
      </trkpt>
      <trkpt lat="46.231473991647363" lon="11.068740002810955">
        <ele>272.22366</ele>
        <time>2026-09-16T19:41:48Z</time>
      </trkpt>
      <trkpt lat="46.231454964727163" lon="11.069071004167199">
        <ele>271.184708</ele>
        <time>2026-09-16T19:41:51Z</time>
      </trkpt>
      <trkpt lat="46.231498969718814" lon="11.06918097473681">
        <ele>270.78723500000001</ele>
        <time>2026-09-16T19:41:52Z</time>
      </trkpt>
      <trkpt lat="46.231583962216973" lon="11.069249035790563">
        <ele>270.34793500000001</ele>
        <time>2026-09-16T19:41:53Z</time>
      </trkpt>
      <trkpt lat="46.231750007718801" lon="11.069197990000248">
        <ele>269.58051899999998</ele>
        <time>2026-09-16T19:41:55Z</time>
      </trkpt>
      <trkpt lat="46.231657974421978" lon="11.069346014410257">
        <ele>268.95810299999999</ele>
        <time>2026-09-16T19:42:04Z</time>
      </trkpt>
      <trkpt lat="46.231493018567562" lon="11.069455984979868">
        <ele>268.13645500000001</ele>
        <time>2026-09-16T19:42:17Z</time>
      </trkpt>
      <trkpt lat="46.231457982212305" lon="11.069620018824935">
        <ele>267.59959199999997</ele>
        <time>2026-09-16T19:42:18Z</time>
      </trkpt>
      <trkpt lat="46.231437027454376" lon="11.06999795883894">
        <ele>266.41337199999998</ele>
        <time>2026-09-16T19:42:21Z</time>
      </trkpt>
      <trkpt lat="46.23146896250546" lon="11.070880992338061">
        <ele>263.89129400000002</ele>
        <time>2026-09-16T19:42:28Z</time>
      </trkpt>
      <trkpt lat="46.231497963890433" lon="11.071033962070942">
        <ele>263.49771399999997</ele>
        <time>2026-09-16T19:42:30Z</time>
      </trkpt>
      <trkpt lat="46.231500981375575" lon="11.071407040581107">
        <ele>262.57225099999999</ele>
        <time>2026-09-16T19:42:33Z</time>
      </trkpt>
      <trkpt lat="46.231450019404292" lon="11.071637040004134">
        <ele>261.973029</ele>
        <time>2026-09-16T19:42:35Z</time>
      </trkpt>
      <trkpt lat="46.231311969459057" lon="11.071993019431829">
        <ele>260.96057999999999</ele>
        <time>2026-09-16T19:42:39Z</time>
      </trkpt>
      <trkpt lat="46.231171991676092" lon="11.072202986106277">
        <ele>260.23700200000002</ele>
        <time>2026-09-16T19:42:41Z</time>
      </trkpt>
      <trkpt lat="46.231051040813327" lon="11.072332989424467">
        <ele>259.696305</ele>
        <time>2026-09-16T19:42:43Z</time>
      </trkpt>
      <trkpt lat="46.230410998687148" lon="11.072849985212088">
        <ele>256.94278100000002</ele>
        <time>2026-09-16T19:42:52Z</time>
      </trkpt>
      <trkpt lat="46.230216035619378" lon="11.073073027655482">
        <ele>255.96645599999999</ele>
        <time>2026-09-16T19:42:56Z</time>
      </trkpt>
      <trkpt lat="46.230057030916214" lon="11.073716003447771">
        <ele>254.111628</ele>
        <time>2026-09-16T19:43:01Z</time>
      </trkpt>
      <trkpt lat="46.230020988732576" lon="11.074018003419042">
        <ele>253.27920800000001</ele>
        <time>2026-09-16T19:43:04Z</time>
      </trkpt>
      <trkpt lat="46.230057030916214" lon="11.074504991993308">
        <ele>251.94882699999999</ele>
        <time>2026-09-16T19:43:08Z</time>
      </trkpt>
      <trkpt lat="46.230001039803028" lon="11.074871029704809">
        <ele>251.138611</ele>
        <time>2026-09-16T19:43:11Z</time>
      </trkpt>
      <trkpt lat="46.229989975690842" lon="11.074901036918163">
        <ele>251.09661800000001</ele>
        <time>2026-09-16T19:43:11Z</time>
      </trkpt>
      <trkpt lat="46.229931972920895" lon="11.075058029964566">
        <ele>250.87648999999999</ele>
        <time>2026-09-16T19:43:13Z</time>
      </trkpt>
      <trkpt lat="46.229743966832757" lon="11.075511993840337">
        <ele>250.22207700000001</ele>
        <time>2026-09-16T19:43:18Z</time>
      </trkpt>
      <trkpt lat="46.229722006246448" lon="11.075701005756855">
        <ele>249.985038</ele>
        <time>2026-09-16T19:43:20Z</time>
      </trkpt>
      <trkpt lat="46.229728041216731" lon="11.075985990464687">
        <ele>249.63239100000001</ele>
        <time>2026-09-16T19:43:23Z</time>
      </trkpt>
      <trkpt lat="46.229788977652788" lon="11.076250020414591">
        <ele>249.28814800000001</ele>
        <time>2026-09-16T19:43:25Z</time>
      </trkpt>
      <trkpt lat="46.229973966255784" lon="11.076709013432264">
        <ele>248.63113799999999</ele>
        <time>2026-09-16T19:43:31Z</time>
      </trkpt>
      <trkpt lat="46.23000799678266" lon="11.076886039227247">
        <ele>248.40394499999999</ele>
        <time>2026-09-16T19:43:33Z</time>
      </trkpt>
      <trkpt lat="46.230052001774311" lon="11.077349977567792">
        <ele>247.784505</ele>
        <time>2026-09-16T19:43:38Z</time>
      </trkpt>
      <trkpt lat="46.230124002322555" lon="11.079049995169044">
        <ele>245.36670000000001</ele>
        <time>2026-09-16T19:43:53Z</time>
      </trkpt>
      <trkpt lat="46.230033980682492" lon="11.079368004575372">
        <ele>244.87895399999999</ele>
        <time>2026-09-16T19:43:57Z</time>
      </trkpt>
      <trkpt lat="46.229787971824408" lon="11.079709986224771">
        <ele>244.31403299999999</ele>
        <time>2026-09-16T19:44:01Z</time>
      </trkpt>
      <trkpt lat="46.229607006534934" lon="11.080013997852802">
        <ele>244.08420699999999</ele>
        <time>2026-09-16T19:44:05Z</time>
      </trkpt>
      <trkpt lat="46.229420006275177" lon="11.080216001719236">
        <ele>243.89084399999999</ele>
        <time>2026-09-16T19:44:09Z</time>
      </trkpt>
      <trkpt lat="46.229243986308575" lon="11.080585978925228">
        <ele>243.63354899999999</ele>
        <time>2026-09-16T19:44:14Z</time>
      </trkpt>
      <trkpt lat="46.228785999119282" lon="11.081709992140532">
        <ele>242.853984</ele>
        <time>2026-09-16T19:44:29Z</time>
      </trkpt>
      <trkpt lat="46.228749034926295" lon="11.081854999065399">
        <ele>242.67016799999999</ele>
        <time>2026-09-16T19:44:30Z</time>
      </trkpt>
      <trkpt lat="46.228654989972711" lon="11.082035964354873">
        <ele>242.400981</ele>
        <time>2026-09-16T19:44:33Z</time>
      </trkpt>
      <trkpt lat="46.228575026616454" lon="11.082195974886417">
        <ele>242.16618099999999</ele>
        <time>2026-09-16T19:44:35Z</time>
      </trkpt>
      <trkpt lat="46.228547031059861" lon="11.082333019003272">
        <ele>241.996275</ele>
        <time>2026-09-16T19:44:36Z</time>
      </trkpt>
      <trkpt lat="46.228548958897591" lon="11.082440977916121">
        <ele>241.86777799999999</ele>
        <time>2026-09-16T19:44:37Z</time>
      </trkpt>
      <trkpt lat="46.228540996089578" lon="11.083946032449603">
        <ele>240.07772900000001</ele>
        <time>2026-09-16T19:44:51Z</time>
      </trkpt>
      <trkpt lat="46.228409986943007" lon="11.085115978494287">
        <ele>238.151557</ele>
        <time>2026-09-16T19:45:02Z</time>
      </trkpt>
      <trkpt lat="46.228372016921639" lon="11.085515040904284">
        <ele>237.45839000000001</ele>
        <time>2026-09-16T19:45:06Z</time>
      </trkpt>
      <trkpt lat="46.22830999083817" lon="11.085884012281895">
        <ele>236.804868</ele>
        <time>2026-09-16T19:45:09Z</time>
      </trkpt>
      <trkpt lat="46.228307979181409" lon="11.08684298582375">
        <ele>235.18349799999999</ele>
        <time>2026-09-16T19:45:18Z</time>
      </trkpt>
      <trkpt lat="46.228246036916971" lon="11.087107015773654">
        <ele>234.77548899999999</ele>
        <time>2026-09-16T19:45:20Z</time>
      </trkpt>
      <trkpt lat="46.227921992540359" lon="11.088276039808989">
        <ele>232.932503</ele>
        <time>2026-09-16T19:45:32Z</time>
      </trkpt>
      <trkpt lat="46.227888967841864" lon="11.088492041453719">
        <ele>232.608777</ele>
        <time>2026-09-16T19:45:34Z</time>
      </trkpt>
      <trkpt lat="46.227475991472602" lon="11.089917970821261">
        <ele>231.03831099999999</ele>
        <time>2026-09-16T19:45:49Z</time>
      </trkpt>
      <trkpt lat="46.226404029875994" lon="11.093524033203721">
        <ele>228.83423199999999</ele>
        <time>2026-09-16T19:46:31Z</time>
      </trkpt>
      <trkpt lat="46.226273020729423" lon="11.093787979334593">
        <ele>228.66698199999999</ele>
        <time>2026-09-16T19:46:35Z</time>
      </trkpt>
      <trkpt lat="46.226093983277678" lon="11.094037005677819">
        <ele>228.49435399999999</ele>
        <time>2026-09-16T19:46:38Z</time>
      </trkpt>
      <trkpt lat="46.219344036653638" lon="11.102384040132165">
        <ele>222.71634599999999</ele>
        <time>2026-09-16T19:48:56Z</time>
      </trkpt>
      <trkpt lat="46.219374965876341" lon="11.102583026513457">
        <ele>222.653515</ele>
        <time>2026-09-16T19:48:58Z</time>
      </trkpt>
      <trkpt lat="46.219339007511735" lon="11.102758962661028">
        <ele>222.59698299999999</ele>
        <time>2026-09-16T19:49:01Z</time>
      </trkpt>
      <trkpt lat="46.219079000875354" lon="11.103217033669353">
        <ele>222.41449900000001</ele>
        <time>2026-09-16T19:49:07Z</time>
      </trkpt>
      <trkpt lat="46.218237960711122" lon="11.104472978040576">
        <ele>221.85450399999999</ele>
        <time>2026-09-16T19:49:27Z</time>
      </trkpt>
      <trkpt lat="46.21724302880466" lon="11.106010973453522">
        <ele>220.974367</ele>
        <time>2026-09-16T19:49:49Z</time>
      </trkpt>
      <trkpt lat="46.217101961374283" lon="11.106276009231806">
        <ele>220.83441400000001</ele>
        <time>2026-09-16T19:49:53Z</time>
      </trkpt>
      <trkpt lat="46.217058962211013" lon="11.106430990621448">
        <ele>220.76363499999999</ele>
        <time>2026-09-16T19:49:55Z</time>
      </trkpt>
      <trkpt lat="46.217000037431717" lon="11.106771966442466">
        <ele>220.614656</ele>
        <time>2026-09-16T19:49:58Z</time>
      </trkpt>
      <trkpt lat="46.216958966106176" lon="11.107131969183683">
        <ele>220.46001999999999</ele>
        <time>2026-09-16T19:50:02Z</time>
      </trkpt>
      <trkpt lat="46.216960977762938" lon="11.107475962489843">
        <ele>220.31421399999999</ele>
        <time>2026-09-16T19:50:06Z</time>
      </trkpt>
      <trkpt lat="46.216983022168279" lon="11.107895979657769">
        <ele>220.13569100000001</ele>
        <time>2026-09-16T19:50:11Z</time>
      </trkpt>
      <trkpt lat="46.216980004683137" lon="11.108015002682805">
        <ele>220.08522099999999</ele>
        <time>2026-09-16T19:50:12Z</time>
      </trkpt>
      <trkpt lat="46.216925019398332" lon="11.108612967655063">
        <ele>219.82953499999999</ele>
        <time>2026-09-16T19:50:19Z</time>
      </trkpt>
      <trkpt lat="46.216776994988322" lon="11.109589040279388">
        <ele>219.48761500000001</ele>
        <time>2026-09-16T19:50:29Z</time>
      </trkpt>
      <trkpt lat="46.216658977791667" lon="11.110164038836956">
        <ele>219.29400000000001</ele>
        <time>2026-09-16T19:50:36Z</time>
      </trkpt>
      <trkpt lat="46.216489998623729" lon="11.110837021842599">
        <ele>219.06287399999999</ele>
        <time>2026-09-16T19:50:44Z</time>
      </trkpt>
      <trkpt lat="46.216163020581007" lon="11.111857015639544">
        <ele>218.81123299999999</ele>
        <time>2026-09-16T19:50:57Z</time>
      </trkpt>
      <trkpt lat="46.216003010049462" lon="11.112260017544031">
        <ele>218.74103600000001</ele>
        <time>2026-09-16T19:51:02Z</time>
      </trkpt>
      <trkpt lat="46.215895973145962" lon="11.112526981160045">
        <ele>218.69442000000001</ele>
        <time>2026-09-16T19:51:05Z</time>
      </trkpt>
      <trkpt lat="46.215694975107908" lon="11.112954961135983">
        <ele>218.61626999999999</ele>
        <time>2026-09-16T19:51:12Z</time>
      </trkpt>
      <trkpt lat="46.215666979551315" lon="11.11300902441144">
        <ele>218.606075</ele>
        <time>2026-09-16T19:51:12Z</time>
      </trkpt>
      <trkpt lat="46.215092986822128" lon="11.114001022651792">
        <ele>218.19864999999999</ele>
        <time>2026-09-16T19:51:27Z</time>
      </trkpt>
      <trkpt lat="46.215058034285903" lon="11.114096995443106">
        <ele>218.149361</ele>
        <time>2026-09-16T19:51:28Z</time>
      </trkpt>
      <trkpt lat="46.214987961575389" lon="11.11483502201736">
        <ele>217.811004</ele>
        <time>2026-09-16T19:51:36Z</time>
      </trkpt>
      <trkpt lat="46.214923001825809" lon="11.115193013101816">
        <ele>217.64288500000001</ele>
        <time>2026-09-16T19:51:40Z</time>
      </trkpt>
      <trkpt lat="46.21486097574234" lon="11.115407003089786">
        <ele>217.53750299999999</ele>
        <time>2026-09-16T19:51:42Z</time>
      </trkpt>
      <trkpt lat="46.214768020436168" lon="11.115917041897774">
        <ele>217.301827</ele>
        <time>2026-09-16T19:51:48Z</time>
      </trkpt>
      <trkpt lat="46.214769026264548" lon="11.116072023287416">
        <ele>217.23867899999999</ele>
        <time>2026-09-16T19:51:49Z</time>
      </trkpt>
      <trkpt lat="46.214769026264548" lon="11.116133965551853">
        <ele>217.21342100000001</ele>
        <time>2026-09-16T19:51:50Z</time>
      </trkpt>
      <trkpt lat="46.214806996285915" lon="11.116924965754151">
        <ele>216.8904</ele>
        <time>2026-09-16T19:51:58Z</time>
      </trkpt>
      <trkpt lat="46.214864999055862" lon="11.117508010938764">
        <ele>216.65044900000001</ele>
        <time>2026-09-16T19:52:04Z</time>
      </trkpt>
      <trkpt lat="46.214882014319301" lon="11.117718983441591">
        <ele>216.56390999999999</ele>
        <time>2026-09-16T19:52:07Z</time>
      </trkpt>
      <trkpt lat="46.214899029582739" lon="11.117868013679981">
        <ele>216.50238899999999</ele>
        <time>2026-09-16T19:52:08Z</time>
      </trkpt>
      <trkpt lat="46.214930964633822" lon="11.118229022249579">
        <ele>216.35411999999999</ele>
        <time>2026-09-16T19:52:13Z</time>
      </trkpt>
      <trkpt lat="46.214934987947345" lon="11.118323989212513">
        <ele>216.31534600000001</ele>
        <time>2026-09-16T19:52:14Z</time>
      </trkpt>
      <trkpt lat="46.21492400765419" lon="11.118485005572438">
        <ele>216.27443500000001</ele>
        <time>2026-09-16T19:52:16Z</time>
      </trkpt>
      <trkpt lat="46.214878996834159" lon="11.118535967543721">
        <ele>216.27161100000001</ele>
        <time>2026-09-16T19:52:17Z</time>
      </trkpt>
      <trkpt lat="46.214835997670889" lon="11.118559017777443">
        <ele>216.26934600000001</ele>
        <time>2026-09-16T19:52:18Z</time>
      </trkpt>
      <trkpt lat="46.214811019599438" lon="11.118615008890629">
        <ele>216.26706899999999</ele>
        <time>2026-09-16T19:52:18Z</time>
      </trkpt>
      <trkpt lat="46.214819988235831" lon="11.11870301887393">
        <ele>216.26402899999999</ele>
        <time>2026-09-16T19:52:20Z</time>
      </trkpt>
      <trkpt lat="46.214843038469553" lon="11.118735037744045">
        <ele>216.26245299999999</ele>
        <time>2026-09-16T19:52:20Z</time>
      </trkpt>
      <trkpt lat="46.214889977127314" lon="11.118750963360071">
        <ele>216.26006799999999</ele>
        <time>2026-09-16T19:52:21Z</time>
      </trkpt>
      <trkpt lat="46.214933982118964" lon="11.118722967803478">
        <ele>216.25769399999999</ele>
        <time>2026-09-16T19:52:22Z</time>
      </trkpt>
      <trkpt lat="46.215027021244168" lon="11.118980962783098">
        <ele>216.24775299999999</ele>
        <time>2026-09-16T19:52:26Z</time>
      </trkpt>
      <trkpt lat="46.215133974328637" lon="11.119273994117975">
        <ele>216.23643200000001</ele>
        <time>2026-09-16T19:52:30Z</time>
      </trkpt>
      <trkpt lat="46.215220978483558" lon="11.11952000297606">
        <ele>216.226992</ele>
        <time>2026-09-16T19:52:33Z</time>
      </trkpt>
      <trkpt lat="46.215305970981717" lon="11.119748996570706">
        <ele>216.21811199999999</ele>
        <time>2026-09-16T19:52:36Z</time>
      </trkpt>
      <trkpt lat="46.21528803370893" lon="11.119761988520622">
        <ele>216.217119</ele>
        <time>2026-09-16T19:52:37Z</time>
      </trkpt>
      <trkpt lat="46.215257020667195" lon="11.119831977412105">
        <ele>216.214279</ele>
        <time>2026-09-16T19:52:38Z</time>
      </trkpt>
      <trkpt lat="46.215281998738647" lon="11.119933985173702">
        <ele>216.21058099999999</ele>
        <time>2026-09-16T19:52:39Z</time>
      </trkpt>
      <trkpt lat="46.215356010943651" lon="11.119952006265521">
        <ele>216.206875</ele>
        <time>2026-09-16T19:52:40Z</time>
      </trkpt>
      <trkpt lat="46.2153310328722" lon="11.120330030098557">
        <ele>216.19390000000001</ele>
        <time>2026-09-16T19:52:45Z</time>
      </trkpt>
      <trkpt lat="46.2153310328722" lon="11.120407981798053">
        <ele>216.19123400000001</ele>
        <time>2026-09-16T19:52:45Z</time>
      </trkpt>
      <trkpt lat="46.215327009558678" lon="11.12134600058198">
        <ele>215.527511</ele>
        <time>2026-09-16T19:52:55Z</time>
      </trkpt>
      <trkpt lat="46.215317035093904" lon="11.121707009151578">
        <ele>215.24362500000001</ele>
        <time>2026-09-16T19:52:59Z</time>
      </trkpt>
      <trkpt lat="46.215289961546659" lon="11.121832989156246">
        <ele>215.13998100000001</ele>
        <time>2026-09-16T19:53:00Z</time>
      </trkpt>
      <trkpt lat="46.214996008202434" lon="11.122264992445707">
        <ele>214.66386399999999</ele>
        <time>2026-09-16T19:53:06Z</time>
      </trkpt>
      <trkpt lat="46.214569034054875" lon="11.122825993224978">
        <ele>214.04121599999999</ele>
        <time>2026-09-16T19:53:14Z</time>
      </trkpt>
      <trkpt lat="46.214263010770082" lon="11.123101003468037">
        <ele>213.72968700000001</ele>
        <time>2026-09-16T19:53:20Z</time>
      </trkpt>
      <trkpt lat="46.214024964720011" lon="11.123219020664692">
        <ele>213.51215500000001</ele>
        <time>2026-09-16T19:53:23Z</time>
      </trkpt>
      <trkpt lat="46.213996969163418" lon="11.123233018442988">
        <ele>213.48653999999999</ele>
        <time>2026-09-16T19:53:24Z</time>
      </trkpt>
      <trkpt lat="46.213568989187479" lon="11.12347299233079">
        <ele>213.08964</ele>
        <time>2026-09-16T19:53:31Z</time>
      </trkpt>
      <trkpt lat="46.213419958949089" lon="11.123643983155489">
        <ele>212.92514499999999</ele>
        <time>2026-09-16T19:53:34Z</time>
      </trkpt>
      <trkpt lat="46.213301019743085" lon="11.123870965093374">
        <ele>212.754775</ele>
        <time>2026-09-16T19:53:37Z</time>
      </trkpt>
      <trkpt lat="46.213167998939753" lon="11.124189980328083">
        <ele>212.53214199999999</ele>
        <time>2026-09-16T19:53:41Z</time>
      </trkpt>
      <trkpt lat="46.212965995073318" lon="11.124519975855947">
        <ele>212.26932600000001</ele>
        <time>2026-09-16T19:53:46Z</time>
      </trkpt>
      <trkpt lat="46.212848983705044" lon="11.124813007190824">
        <ele>212.067533</ele>
        <time>2026-09-16T19:53:50Z</time>
      </trkpt>
      <trkpt lat="46.212761979550123" lon="11.125186001881957">
        <ele>211.832731</ele>
        <time>2026-09-16T19:53:54Z</time>
      </trkpt>
      <trkpt lat="46.212595012038946" lon="11.126164002344012">
        <ele>211.23183499999999</ele>
        <time>2026-09-16T19:54:04Z</time>
      </trkpt>
      <trkpt lat="46.212465008720756" lon="11.12641797401011">
        <ele>211.04337799999999</ele>
        <time>2026-09-16T19:54:07Z</time>
      </trkpt>
      <trkpt lat="46.212093019858003" lon="11.126927006989717">
        <ele>210.65803299999999</ele>
        <time>2026-09-16T19:54:15Z</time>
      </trkpt>
      <trkpt lat="46.211972991004586" lon="11.127157006412745">
        <ele>210.508274</ele>
        <time>2026-09-16T19:54:18Z</time>
      </trkpt>
      <trkpt lat="46.211796971037984" lon="11.127712978050113">
        <ele>210.190394</ele>
        <time>2026-09-16T19:54:24Z</time>
      </trkpt>
      <trkpt lat="46.21159303933382" lon="11.128035010769963">
        <ele>209.963416</ele>
        <time>2026-09-16T19:54:29Z</time>
      </trkpt>
      <trkpt lat="46.211406039074063" lon="11.128272973001003">
        <ele>209.776197</ele>
        <time>2026-09-16T19:54:33Z</time>
      </trkpt>
      <trkpt lat="46.211320040747523" lon="11.128431977704167">
        <ele>209.667745</ele>
        <time>2026-09-16T19:54:35Z</time>
      </trkpt>
      <trkpt lat="46.211134968325496" lon="11.12890999764204">
        <ele>209.324804</ele>
        <time>2026-09-16T19:54:42Z</time>
      </trkpt>
      <trkpt lat="46.210998008027673" lon="11.129334960132837">
        <ele>209.03122500000001</ele>
        <time>2026-09-16T19:54:47Z</time>
      </trkpt>
      <trkpt lat="46.210865993052721" lon="11.129529001191258">
        <ele>208.86086299999999</ele>
        <time>2026-09-16T19:54:50Z</time>
      </trkpt>
      <trkpt lat="46.21060598641634" lon="11.129826977849007">
        <ele>208.56058100000001</ele>
        <time>2026-09-16T19:54:55Z</time>
      </trkpt>
      <trkpt lat="46.210252018645406" lon="11.130417985841632">
        <ele>208.071133</ele>
        <time>2026-09-16T19:55:02Z</time>
      </trkpt>
      <trkpt lat="46.21006996370852" lon="11.130830040201545">
        <ele>207.808536</ele>
        <time>2026-09-16T19:55:07Z</time>
      </trkpt>
      <trkpt lat="46.20985496789217" lon="11.131376037374139">
        <ele>207.472948</ele>
        <time>2026-09-16T19:55:13Z</time>
      </trkpt>
      <trkpt lat="46.20961700566113" lon="11.132438024505973">
        <ele>206.87661499999999</ele>
        <time>2026-09-16T19:55:26Z</time>
      </trkpt>
      <trkpt lat="46.209539975970984" lon="11.132786041125655">
        <ele>206.68144000000001</ele>
        <time>2026-09-16T19:55:30Z</time>
      </trkpt>
      <trkpt lat="46.209321962669492" lon="11.133707966655493">
        <ele>206.561657</ele>
        <time>2026-09-16T19:55:41Z</time>
      </trkpt>
      <trkpt lat="46.209201011806726" lon="11.134246001020074">
        <ele>206.49615299999999</ele>
        <time>2026-09-16T19:55:48Z</time>
      </trkpt>
      <trkpt lat="46.209093974903226" lon="11.134410034865141">
        <ele>206.470054</ele>
        <time>2026-09-16T19:55:51Z</time>
      </trkpt>
      <trkpt lat="46.208550995215774" lon="11.135058961808681">
        <ele>206.318747</ele>
        <time>2026-09-16T19:56:02Z</time>
      </trkpt>
      <trkpt lat="46.208274979144335" lon="11.13544000312686">
        <ele>206.14520400000001</ele>
        <time>2026-09-16T19:56:08Z</time>
      </trkpt>
      <trkpt lat="46.208033999428153" lon="11.135838981717825">
        <ele>205.97856899999999</ele>
        <time>2026-09-16T19:56:14Z</time>
      </trkpt>
      <trkpt lat="46.207894021645188" lon="11.136168977245688">
        <ele>205.85677999999999</ele>
        <time>2026-09-16T19:56:18Z</time>
      </trkpt>
      <trkpt lat="46.207680031657219" lon="11.136752022430301">
        <ele>205.649136</ele>
        <time>2026-09-16T19:56:26Z</time>
      </trkpt>
      <trkpt lat="46.207614988088608" lon="11.137054022401571">
        <ele>205.55029500000001</ele>
        <time>2026-09-16T19:56:29Z</time>
      </trkpt>
      <trkpt lat="46.207552962005138" lon="11.137174973264337">
        <ele>205.51048</ele>
        <time>2026-09-16T19:56:31Z</time>
      </trkpt>
      <trkpt lat="46.207442991435528" lon="11.137291984632611">
        <ele>205.45828700000001</ele>
        <time>2026-09-16T19:56:33Z</time>
      </trkpt>
      <trkpt lat="46.207351963967085" lon="11.137378988787532">
        <ele>205.41659100000001</ele>
        <time>2026-09-16T19:56:34Z</time>
      </trkpt>
      <trkpt lat="46.207324974238873" lon="11.137449983507395">
        <ele>205.39516699999999</ele>
        <time>2026-09-16T19:56:35Z</time>
      </trkpt>
      <trkpt lat="46.207314999774098" lon="11.137529024854302">
        <ele>205.373929</ele>
        <time>2026-09-16T19:56:36Z</time>
      </trkpt>
      <trkpt lat="46.207349030300975" lon="11.137679982930422">
        <ele>205.33193600000001</ele>
        <time>2026-09-16T19:56:38Z</time>
      </trkpt>
      <trkpt lat="46.207410972565413" lon="11.137949964031577">
        <ele>205.25670700000001</ele>
        <time>2026-09-16T19:56:41Z</time>
      </trkpt>
      <trkpt lat="46.207190025597811" lon="11.138875996693969">
        <ele>204.99767299999999</ele>
        <time>2026-09-16T19:56:52Z</time>
      </trkpt>
      <trkpt lat="46.207118025049567" lon="11.139173973351717">
        <ele>204.91420199999999</ele>
        <time>2026-09-16T19:56:56Z</time>
      </trkpt>
      <trkpt lat="46.20663296431303" lon="11.140432013198733">
        <ele>204.536168</ele>
        <time>2026-09-16T19:57:12Z</time>
      </trkpt>
      <trkpt lat="46.206533974036574" lon="11.140657989308238">
        <ele>204.466026</ele>
        <time>2026-09-16T19:57:15Z</time>
      </trkpt>
      <trkpt lat="46.206237003207207" lon="11.14128596149385">
        <ele>204.26655700000001</ele>
        <time>2026-09-16T19:57:23Z</time>
      </trkpt>
      <trkpt lat="46.20645702816546" lon="11.14149802364409">
        <ele>204.188277</ele>
        <time>2026-09-16T19:57:28Z</time>
      </trkpt>
      <trkpt lat="46.206490974873304" lon="11.141558960080147">
        <ele>204.19193799999999</ele>
        <time>2026-09-16T19:57:29Z</time>
      </trkpt>
      <trkpt lat="46.207462018355727" lon="11.142481975257397">
        <ele>204.27044000000001</ele>
        <time>2026-09-16T19:57:52Z</time>
      </trkpt>
      <trkpt lat="46.20802897028625" lon="11.14326199516654">
        <ele>204.35556299999999</ele>
        <time>2026-09-16T19:58:08Z</time>
      </trkpt>
      <trkpt lat="46.208439012989402" lon="11.14399298094213">
        <ele>204.483609</ele>
        <time>2026-09-16T19:58:21Z</time>
      </trkpt>
      <trkpt lat="46.209255997091532" lon="11.144843995571136">
        <ele>204.63870600000001</ele>
        <time>2026-09-16T19:58:41Z</time>
      </trkpt>
      <trkpt lat="46.209626980125904" lon="11.14511095918715">
        <ele>204.55756400000001</ele>
        <time>2026-09-16T19:58:49Z</time>
      </trkpt>
      <trkpt lat="46.21120797470212" lon="11.145852003246546">
        <ele>204.254008</ele>
        <time>2026-09-16T19:59:20Z</time>
      </trkpt>
      <trkpt lat="46.2119169998914" lon="11.146015031263232">
        <ele>204.15393700000001</ele>
        <time>2026-09-16T19:59:33Z</time>
      </trkpt>
      <trkpt lat="46.212413040921092" lon="11.146026011556387">
        <ele>204.084791</ele>
        <time>2026-09-16T19:59:42Z</time>
      </trkpt>
      <trkpt lat="46.21569799259305" lon="11.145726023241878">
        <ele>205.18513799999999</ele>
        <time>2026-09-16T20:00:52Z</time>
      </trkpt>
      <trkpt lat="46.216377010568976" lon="11.145743038505316">
        <ele>205.29166699999999</ele>
        <time>2026-09-16T20:01:05Z</time>
      </trkpt>
      <trkpt lat="46.217553997412324" lon="11.145919980481267">
        <ele>205.027556</ele>
        <time>2026-09-16T20:01:27Z</time>
      </trkpt>
      <trkpt lat="46.21823301538825" lon="11.146083008497953">
        <ele>204.86421300000001</ele>
        <time>2026-09-16T20:01:39Z</time>
      </trkpt>
      <trkpt lat="46.218884037807584" lon="11.1463120020926">
        <ele>204.688526</ele>
        <time>2026-09-16T20:01:52Z</time>
      </trkpt>
      <trkpt lat="46.220093965530396" lon="11.146902004256845">
        <ele>204.47686899999999</ele>
        <time>2026-09-16T20:02:15Z</time>
      </trkpt>
      <trkpt lat="46.221227031201124" lon="11.147565012797713">
        <ele>204.53526500000001</ele>
        <time>2026-09-16T20:02:40Z</time>
      </trkpt>
      <trkpt lat="46.222519017755985" lon="11.148477969691157">
        <ele>204.74696299999999</ele>
        <time>2026-09-16T20:03:09Z</time>
      </trkpt>
      <trkpt lat="46.223116982728243" lon="11.148952972143888">
        <ele>204.81122999999999</ele>
        <time>2026-09-16T20:03:22Z</time>
      </trkpt>
      <trkpt lat="46.223807986825705" lon="11.149574993178248">
        <ele>204.68171599999999</ele>
        <time>2026-09-16T20:03:37Z</time>
      </trkpt>
      <trkpt lat="46.224499996751547" lon="11.150248982012272">
        <ele>204.548957</ele>
        <time>2026-09-16T20:03:52Z</time>
      </trkpt>
      <trkpt lat="46.225049011409283" lon="11.150826998054981">
        <ele>204.56557000000001</ele>
        <time>2026-09-16T20:04:05Z</time>
      </trkpt>
      <trkpt lat="46.225348999723792" lon="11.151188006624579">
        <ele>204.575884</ele>
        <time>2026-09-16T20:04:13Z</time>
      </trkpt>
      <trkpt lat="46.225571036338806" lon="11.151534011587501">
        <ele>204.584509</ele>
        <time>2026-09-16T20:04:19Z</time>
      </trkpt>
      <trkpt lat="46.226299004629254" lon="11.152948038652539">
        <ele>204.894961</ele>
        <time>2026-09-16T20:04:45Z</time>
      </trkpt>
      <trkpt lat="46.226791022345424" lon="11.154202977195382">
        <ele>205.262595</ele>
        <time>2026-09-16T20:05:05Z</time>
      </trkpt>
      <trkpt lat="46.226960001513362" lon="11.154679991304874">
        <ele>205.328858</ele>
        <time>2026-09-16T20:05:13Z</time>
      </trkpt>
      <trkpt lat="46.227167034521699" lon="11.155412988737226">
        <ele>205.426748</ele>
        <time>2026-09-16T20:05:24Z</time>
      </trkpt>
      <trkpt lat="46.227306006476283" lon="11.156193008646369">
        <ele>205.52633800000001</ele>
        <time>2026-09-16T20:05:35Z</time>
      </trkpt>
      <trkpt lat="46.227412959560752" lon="11.157067995518446">
        <ele>205.56539599999999</ele>
        <time>2026-09-16T20:05:47Z</time>
      </trkpt>
      <trkpt lat="46.227414971217513" lon="11.157765034586191">
        <ele>205.53800200000001</ele>
        <time>2026-09-16T20:05:56Z</time>
      </trkpt>
      <trkpt lat="46.227165022864938" lon="11.162657970562577">
        <ele>205.289241</ele>
        <time>2026-09-16T20:07:00Z</time>
      </trkpt>
      <trkpt lat="46.227102996781468" lon="11.16435999982059">
        <ele>205.320077</ele>
        <time>2026-09-16T20:07:23Z</time>
      </trkpt>
      <trkpt lat="46.227109031751752" lon="11.164862997829914">
        <ele>205.40805399999999</ele>
        <time>2026-09-16T20:07:30Z</time>
      </trkpt>
      <trkpt lat="46.227147001773119" lon="11.165589038282633">
        <ele>205.55014</ele>
        <time>2026-09-16T20:07:40Z</time>
      </trkpt>
      <trkpt lat="46.227238029241562" lon="11.166346007958055">
        <ele>205.700085</ele>
        <time>2026-09-16T20:07:51Z</time>
      </trkpt>
      <trkpt lat="46.227398961782455" lon="11.167122004553676">
        <ele>205.84532200000001</ele>
        <time>2026-09-16T20:08:03Z</time>
      </trkpt>
      <trkpt lat="46.22759803198278" lon="11.16781803779304">
        <ele>205.928586</ele>
        <time>2026-09-16T20:08:14Z</time>
      </trkpt>
      <trkpt lat="46.227872958406806" lon="11.168514993041754">
        <ele>206.01729800000001</ele>
        <time>2026-09-16T20:08:24Z</time>
      </trkpt>
      <trkpt lat="46.228250982239842" lon="11.169286966323853">
        <ele>206.12391</ele>
        <time>2026-09-16T20:08:37Z</time>
      </trkpt>
      <trkpt lat="46.228594975546002" lon="11.16973196156323">
        <ele>206.22323299999999</ele>
        <time>2026-09-16T20:08:47Z</time>
      </trkpt>
      <trkpt lat="46.229081964120269" lon="11.170255998149514">
        <ele>206.35385299999999</ele>
        <time>2026-09-16T20:08:59Z</time>
      </trkpt>
      <trkpt lat="46.229688981547952" lon="11.17116903886199">
        <ele>206.472903</ele>
        <time>2026-09-16T20:09:17Z</time>
      </trkpt>
      <trkpt lat="46.230133976787329" lon="11.171883009374142">
        <ele>206.36377100000001</ele>
        <time>2026-09-16T20:09:29Z</time>
      </trkpt>
      <trkpt lat="46.230407981202006" lon="11.172383995726705">
        <ele>206.291248</ele>
        <time>2026-09-16T20:09:38Z</time>
      </trkpt>
      <trkpt lat="46.230808971449733" lon="11.173344980925322">
        <ele>206.128514</ele>
        <time>2026-09-16T20:09:52Z</time>
      </trkpt>
      <trkpt lat="46.232214029878378" lon="11.175598036497831">
        <ele>205.67159699999999</ele>
        <time>2026-09-16T20:10:30Z</time>
      </trkpt>
      <trkpt lat="46.23434797860682" lon="11.178647959604859">
        <ele>205.948756</ele>
        <time>2026-09-16T20:11:29Z</time>
      </trkpt>
      <trkpt lat="46.23591598123312" lon="11.180576970800757">
        <ele>206.567834</ele>
        <time>2026-09-16T20:12:12Z</time>
      </trkpt>
      <trkpt lat="46.236501960083842" lon="11.181428991258144">
        <ele>206.72517199999999</ele>
        <time>2026-09-16T20:12:29Z</time>
      </trkpt>
      <trkpt lat="46.236874032765627" lon="11.182009018957615">
        <ele>206.82874799999999</ele>
        <time>2026-09-16T20:12:40Z</time>
      </trkpt>
      <trkpt lat="46.237048963084817" lon="11.182353012263775">
        <ele>206.848704</ele>
        <time>2026-09-16T20:12:45Z</time>
      </trkpt>
      <trkpt lat="46.238093012943864" lon="11.185056008398533">
        <ele>206.58226400000001</ele>
        <time>2026-09-16T20:13:25Z</time>
      </trkpt>
      <trkpt lat="46.243203040212393" lon="11.200570994988084">
        <ele>206.353396</ele>
        <time>2026-09-16T20:17:13Z</time>
      </trkpt>
      <trkpt lat="46.244335016235709" lon="11.204040013253689">
        <ele>206.99125900000001</ele>
        <time>2026-09-16T20:18:06Z</time>
      </trkpt>
      <trkpt lat="46.244397964328527" lon="11.204220978543162">
        <ele>207.07470499999999</ele>
        <time>2026-09-16T20:18:09Z</time>
      </trkpt>
      <trkpt lat="46.24448798596859" lon="11.204476039856672">
        <ele>207.19260199999999</ele>
        <time>2026-09-16T20:18:12Z</time>
      </trkpt>
      <trkpt lat="46.244082972407341" lon="11.204869989305735">
        <ele>207.48326800000001</ele>
        <time>2026-09-16T20:18:46Z</time>
      </trkpt>
      <trkpt lat="46.243860013782978" lon="11.205086996778846">
        <ele>207.643326</ele>
        <time>2026-09-16T20:19:05Z</time>
      </trkpt>
      <trkpt lat="46.243802346289158" lon="11.205145921558142">
        <ele>207.67857000000001</ele>
        <time>2026-09-16T20:19:09Z</time>
      </trkpt>
      <trkpt lat="46.243735793977976" lon="11.204945677891374">
        <ele>207.716272</ele>
        <time>2026-09-16T20:19:12Z</time>
      </trkpt>
      <trkpt lat="46.24361727386713" lon="11.204545022919774">
        <ele>207.73836299999999</ele>
        <time>2026-09-16T20:19:18Z</time>
      </trkpt>
      <trkpt lat="46.243985574692488" lon="11.205272320657969">
        <ele>207.76045400000001</ele>
        <time>2026-09-16T20:19:24Z</time>
      </trkpt>
      <trkpt lat="46.244030501693487" lon="11.205525118857622">
        <ele>207.77595700000001</ele>
        <time>2026-09-16T20:19:26Z</time>
      </trkpt>
      <trkpt lat="46.244000997394323" lon="11.205686973407865">
        <ele>207.82897600000001</ele>
        <time>2026-09-16T20:19:34Z</time>
      </trkpt>
      <trkpt lat="46.244126977398992" lon="11.206091986969113">
        <ele>207.86713700000001</ele>
        <time>2026-09-16T20:19:39Z</time>
      </trkpt>
      <trkpt lat="46.244521010667086" lon="11.207044003531337">
        <ele>207.91753700000001</ele>
        <time>2026-09-16T20:19:51Z</time>
      </trkpt>
      <trkpt lat="46.245014034211636" lon="11.208128035068512">
        <ele>207.87423899999999</ele>
        <time>2026-09-16T20:20:06Z</time>
      </trkpt>
      <trkpt lat="46.245610993355513" lon="11.209237966686487">
        <ele>207.92630399999999</ele>
        <time>2026-09-16T20:20:24Z</time>
      </trkpt>
      <trkpt lat="46.24637802131474" lon="11.210415037348866">
        <ele>208.206256</ele>
        <time>2026-09-16T20:20:44Z</time>
      </trkpt>
      <trkpt lat="46.247209003195167" lon="11.211503008380532">
        <ele>208.52629099999999</ele>
        <time>2026-09-16T20:21:05Z</time>
      </trkpt>
      <trkpt lat="46.247895983979106" lon="11.212376989424229">
        <ele>208.80204900000001</ele>
        <time>2026-09-16T20:21:22Z</time>
      </trkpt>
      <trkpt lat="46.248240983113647" lon="11.212759958580136">
        <ele>208.876645</ele>
        <time>2026-09-16T20:21:30Z</time>
      </trkpt>
      <trkpt lat="46.250149039551616" lon="11.214646976441145">
        <ele>209.07401100000001</ele>
        <time>2026-09-16T20:22:10Z</time>
      </trkpt>
      <trkpt lat="46.250772988423705" lon="11.215327000245452">
        <ele>209.08357799999999</ele>
        <time>2026-09-16T20:22:24Z</time>
      </trkpt>
      <trkpt lat="46.252422966063023" lon="11.217605033889413">
        <ele>208.99268499999999</ele>
        <time>2026-09-16T20:23:02Z</time>
      </trkpt>
      <trkpt lat="46.253846967592835" lon="11.219472019001842">
        <ele>208.73376500000001</ele>
        <time>2026-09-16T20:23:35Z</time>
      </trkpt>
      <trkpt lat="46.255138032138348" lon="11.221363982185721">
        <ele>208.09812600000001</ele>
        <time>2026-09-16T20:24:04Z</time>
      </trkpt>
      <trkpt lat="46.255439026281238" lon="11.221736976876855">
        <ele>207.99949899999999</ele>
        <time>2026-09-16T20:24:10Z</time>
      </trkpt>
      <trkpt lat="46.256126007065177" lon="11.222482966259122">
        <ele>207.785741</ele>
        <time>2026-09-16T20:24:24Z</time>
      </trkpt>
      <trkpt lat="46.257498040795326" lon="11.223827004432678">
        <ele>208.40400299999999</ele>
        <time>2026-09-16T20:24:57Z</time>
      </trkpt>
      <trkpt lat="46.261151041835546" lon="11.227509006857872">
        <ele>209.20576800000001</ele>
        <time>2026-09-16T20:26:17Z</time>
      </trkpt>
      <trkpt lat="46.2630529794842" lon="11.229457966983318">
        <ele>209.34640400000001</ele>
        <time>2026-09-16T20:26:56Z</time>
      </trkpt>
      <trkpt lat="46.263843979686499" lon="11.230180989950895">
        <ele>209.43842799999999</ele>
        <time>2026-09-16T20:27:14Z</time>
      </trkpt>
      <trkpt lat="46.26470304094255" lon="11.230820026248693">
        <ele>209.565158</ele>
        <time>2026-09-16T20:27:31Z</time>
      </trkpt>
      <trkpt lat="46.265411982312799" lon="11.231298968195915">
        <ele>209.650767</ele>
        <time>2026-09-16T20:27:44Z</time>
      </trkpt>
      <trkpt lat="46.266256961971521" lon="11.23184597119689">
        <ele>209.71012500000001</ele>
        <time>2026-09-16T20:28:00Z</time>
      </trkpt>
      <trkpt lat="46.267447024583817" lon="11.23261702246964">
        <ele>209.98722100000001</ele>
        <time>2026-09-16T20:28:24Z</time>
      </trkpt>
      <trkpt lat="46.268328968435526" lon="11.233140975236893">
        <ele>210.317577</ele>
        <time>2026-09-16T20:28:42Z</time>
      </trkpt>
      <trkpt lat="46.268581012263894" lon="11.23332898132503">
        <ele>210.386313</ele>
        <time>2026-09-16T20:28:48Z</time>
      </trkpt>
      <trkpt lat="46.268651001155376" lon="11.233379021286964">
        <ele>210.39473799999999</ele>
        <time>2026-09-16T20:28:49Z</time>
      </trkpt>
      <trkpt lat="46.268796008080244" lon="11.233408022671938">
        <ele>210.41053400000001</ele>
        <time>2026-09-16T20:28:52Z</time>
      </trkpt>
      <trkpt lat="46.268953001126647" lon="11.233436018228531">
        <ele>210.427604</ele>
        <time>2026-09-16T20:28:55Z</time>
      </trkpt>
      <trkpt lat="46.270445985719562" lon="11.234163986518979">
        <ele>210.5061</ele>
        <time>2026-09-16T20:29:22Z</time>
      </trkpt>
      <trkpt lat="46.271369000896811" lon="11.234550978988409">
        <ele>210.29922999999999</ele>
        <time>2026-09-16T20:29:37Z</time>
      </trkpt>
      <trkpt lat="46.272670039907098" lon="11.234962027519941">
        <ele>210.28354200000001</ele>
        <time>2026-09-16T20:29:59Z</time>
      </trkpt>
      <trkpt lat="46.276867026463151" lon="11.236135996878147">
        <ele>211.03367800000001</ele>
        <time>2026-09-16T20:31:17Z</time>
      </trkpt>
      <trkpt lat="46.277200961485505" lon="11.236243033781648">
        <ele>211.121623</ele>
        <time>2026-09-16T20:31:23Z</time>
      </trkpt>
      <trkpt lat="46.278250962495804" lon="11.236688029021025">
        <ele>211.627824</ele>
        <time>2026-09-16T20:31:44Z</time>
      </trkpt>
      <trkpt lat="46.278998041525483" lon="11.237027999013662">
        <ele>211.985679</ele>
        <time>2026-09-16T20:31:59Z</time>
      </trkpt>
      <trkpt lat="46.279871016740799" lon="11.237498978152871">
        <ele>212.35957500000001</ele>
        <time>2026-09-16T20:32:18Z</time>
      </trkpt>
      <trkpt lat="46.280146026983857" lon="11.237591011449695">
        <ele>212.47284300000001</ele>
        <time>2026-09-16T20:32:23Z</time>
      </trkpt>
      <trkpt lat="46.28122896887362" lon="11.237937016412616">
        <ele>212.567071</ele>
        <time>2026-09-16T20:32:42Z</time>
      </trkpt>
      <trkpt lat="46.283606998622417" lon="11.238214038312435">
        <ele>212.15619599999999</ele>
        <time>2026-09-16T20:33:21Z</time>
      </trkpt>
      <trkpt lat="46.28490200266242" lon="11.238386034965515">
        <ele>212.12627699999999</ele>
        <time>2026-09-16T20:33:44Z</time>
      </trkpt>
      <trkpt lat="46.285349009558558" lon="11.238445965573192">
        <ele>212.17114900000001</ele>
        <time>2026-09-16T20:33:52Z</time>
      </trkpt>
      <trkpt lat="46.28698599524796" lon="11.238865982741117">
        <ele>212.23279299999999</ele>
        <time>2026-09-16T20:34:21Z</time>
      </trkpt>
      <trkpt lat="46.28782301209867" lon="11.239125989377499">
        <ele>212.229882</ele>
        <time>2026-09-16T20:34:35Z</time>
      </trkpt>
      <trkpt lat="46.289008967578411" lon="11.239626975730062">
        <ele>212.24032399999999</ele>
        <time>2026-09-16T20:34:57Z</time>
      </trkpt>
      <trkpt lat="46.289310967549682" lon="11.23975396156311">
        <ele>212.24298200000001</ele>
        <time>2026-09-16T20:35:02Z</time>
      </trkpt>
      <trkpt lat="46.28939202055335" lon="11.23979402706027">
        <ele>212.24370500000001</ele>
        <time>2026-09-16T20:35:04Z</time>
      </trkpt>
      <trkpt lat="46.289493022486567" lon="11.239843983203173">
        <ele>212.24403599999999</ele>
        <time>2026-09-16T20:35:06Z</time>
      </trkpt>
      <trkpt lat="46.289670970290899" lon="11.239935010671616">
        <ele>212.21740500000001</ele>
        <time>2026-09-16T20:35:09Z</time>
      </trkpt>
      <trkpt lat="46.290632961317897" lon="11.240451000630856">
        <ele>212.07267999999999</ele>
        <time>2026-09-16T20:35:26Z</time>
      </trkpt>
      <trkpt lat="46.29194900393486" lon="11.24127603136003">
        <ele>212.03354899999999</ele>
        <time>2026-09-16T20:35:49Z</time>
      </trkpt>
      <trkpt lat="46.292239017784595" lon="11.241455990821123">
        <ele>212.04932400000001</ele>
        <time>2026-09-16T20:35:55Z</time>
      </trkpt>
      <trkpt lat="46.292275981977582" lon="11.241482980549335">
        <ele>212.05139600000001</ele>
        <time>2026-09-16T20:35:55Z</time>
      </trkpt>
      <trkpt lat="46.292344965040684" lon="11.241535032168031">
        <ele>212.055285</ele>
        <time>2026-09-16T20:35:57Z</time>
      </trkpt>
      <trkpt lat="46.293255994096398" lon="11.24230700545013">
        <ele>212.521963</ele>
        <time>2026-09-16T20:36:18Z</time>
      </trkpt>
      <trkpt lat="46.293506026268005" lon="11.242494005709887">
        <ele>212.749403</ele>
        <time>2026-09-16T20:36:24Z</time>
      </trkpt>
      <trkpt lat="46.293561011552811" lon="11.242534993216395">
        <ele>212.79940400000001</ele>
        <time>2026-09-16T20:36:26Z</time>
      </trkpt>
      <trkpt lat="46.294145984575152" lon="11.243052994832397">
        <ele>213.353669</ele>
        <time>2026-09-16T20:36:41Z</time>
      </trkpt>
      <trkpt lat="46.294516967609525" lon="11.243358012288809">
        <ele>213.500564</ele>
        <time>2026-09-16T20:36:50Z</time>
      </trkpt>
      <trkpt lat="46.298486972227693" lon="11.246633995324373">
        <ele>212.570718</ele>
        <time>2026-09-16T20:38:04Z</time>
      </trkpt>
      <trkpt lat="46.299165990203619" lon="11.247194996103644">
        <ele>212.33369300000001</ele>
        <time>2026-09-16T20:38:17Z</time>
      </trkpt>
      <trkpt lat="46.302183978259563" lon="11.249718032777309">
        <ele>211.49644499999999</ele>
        <time>2026-09-16T20:39:14Z</time>
      </trkpt>
      <trkpt lat="46.303030969575047" lon="11.250425968319178">
        <ele>211.737472</ele>
        <time>2026-09-16T20:39:31Z</time>
      </trkpt>
      <trkpt lat="46.303880978375673" lon="11.251194002106786">
        <ele>212.009794</ele>
        <time>2026-09-16T20:39:51Z</time>
      </trkpt>
      <trkpt lat="46.306367972865701" lon="11.253615031018853">
        <ele>212.83743899999999</ele>
        <time>2026-09-16T20:40:47Z</time>
      </trkpt>
      <trkpt lat="46.306774998083711" lon="11.254010992124677">
        <ele>212.86722399999999</ele>
        <time>2026-09-16T20:40:55Z</time>
      </trkpt>
      <trkpt lat="46.309972023591399" lon="11.257177004590631">
        <ele>211.546809</ele>
        <time>2026-09-16T20:41:57Z</time>
      </trkpt>
      <trkpt lat="46.310525983572006" lon="11.257727025076747">
        <ele>211.50536500000001</ele>
        <time>2026-09-16T20:42:08Z</time>
      </trkpt>
      <trkpt lat="46.314073959365487" lon="11.261256979778409">
        <ele>212.758938</ele>
        <time>2026-09-16T20:43:28Z</time>
      </trkpt>
      <trkpt lat="46.314774015918374" lon="11.261954018846154">
        <ele>213.44378599999999</ele>
        <time>2026-09-16T20:43:45Z</time>
      </trkpt>
      <trkpt lat="46.314798993989825" lon="11.26196600496769">
        <ele>213.46535</ele>
        <time>2026-09-16T20:43:46Z</time>
      </trkpt>
      <trkpt lat="46.314989011734724" lon="11.262157028540969">
        <ele>213.65473700000001</ele>
        <time>2026-09-16T20:43:50Z</time>
      </trkpt>
      <trkpt lat="46.315790992230177" lon="11.263179033994675">
        <ele>214.484039</ele>
        <time>2026-09-16T20:44:14Z</time>
      </trkpt>
      <trkpt lat="46.315954020246863" lon="11.263425964862108">
        <ele>214.64678699999999</ele>
        <time>2026-09-16T20:44:19Z</time>
      </trkpt>
      <trkpt lat="46.315999031066895" lon="11.263481033965945">
        <ele>214.68740600000001</ele>
        <time>2026-09-16T20:44:20Z</time>
      </trkpt>
      <trkpt lat="46.316027026623487" lon="11.263513974845409">
        <ele>214.712309</ele>
        <time>2026-09-16T20:44:21Z</time>
      </trkpt>
      <trkpt lat="46.316072037443519" lon="11.263570971786976">
        <ele>214.75354999999999</ele>
        <time>2026-09-16T20:44:22Z</time>
      </trkpt>
      <trkpt lat="46.316263983026147" lon="11.263788985088468">
        <ele>214.92184700000001</ele>
        <time>2026-09-16T20:44:27Z</time>
      </trkpt>
      <trkpt lat="46.316359033808112" lon="11.26389903947711">
        <ele>215.005751</ele>
        <time>2026-09-16T20:44:30Z</time>
      </trkpt>
      <trkpt lat="46.317111980170012" lon="11.264832029119134">
        <ele>215.55224100000001</ele>
        <time>2026-09-16T20:44:48Z</time>
      </trkpt>
      <trkpt lat="46.317971041426063" lon="11.265783039852977">
        <ele>215.80585400000001</ele>
        <time>2026-09-16T20:45:07Z</time>
      </trkpt>
      <trkpt lat="46.321281976997852" lon="11.269366974011064">
        <ele>217.48237</ele>
        <time>2026-09-16T20:46:26Z</time>
      </trkpt>
      <trkpt lat="46.322530964389443" lon="11.270718974992633">
        <ele>218.043736</ele>
        <time>2026-09-16T20:46:56Z</time>
      </trkpt>
      <trkpt lat="46.322573041543365" lon="11.270767003297806">
        <ele>218.062997</ele>
        <time>2026-09-16T20:46:57Z</time>
      </trkpt>
      <trkpt lat="46.323130019009113" lon="11.271305959671736">
        <ele>218.066699</ele>
        <time>2026-09-16T20:47:22Z</time>
      </trkpt>
      <trkpt lat="46.324815033003688" lon="11.273068003356457">
        <ele>218.09393299999999</ele>
        <time>2026-09-16T20:47:56Z</time>
      </trkpt>
      <trkpt lat="46.326827025040984" lon="11.275063985958695">
        <ele>218.53885399999999</ele>
        <time>2026-09-16T20:48:41Z</time>
      </trkpt>
      <trkpt lat="46.32825898937881" lon="11.277148984372616">
        <ele>218.67708400000001</ele>
        <time>2026-09-16T20:49:17Z</time>
      </trkpt>
      <trkpt lat="46.328422017395496" lon="11.277537988498807">
        <ele>218.585272</ele>
        <time>2026-09-16T20:49:22Z</time>
      </trkpt>
      <trkpt lat="46.32858102209866" lon="11.277764970436692">
        <ele>218.50861800000001</ele>
        <time>2026-09-16T20:49:26Z</time>
      </trkpt>
      <trkpt lat="46.328846979886293" lon="11.277988012880087">
        <ele>218.403098</ele>
        <time>2026-09-16T20:49:31Z</time>
      </trkpt>
      <trkpt lat="46.329189967364073" lon="11.27848899923265">
        <ele>218.23584600000001</ele>
        <time>2026-09-16T20:49:38Z</time>
      </trkpt>
      <trkpt lat="46.329894969239831" lon="11.279396004974842">
        <ele>218.045772</ele>
        <time>2026-09-16T20:49:54Z</time>
      </trkpt>
      <trkpt lat="46.330222031101584" lon="11.27977997995913">
        <ele>218.030764</ele>
        <time>2026-09-16T20:50:01Z</time>
      </trkpt>
      <trkpt lat="46.330584967508912" lon="11.280149035155773">
        <ele>218.01495299999999</ele>
        <time>2026-09-16T20:50:09Z</time>
      </trkpt>
      <trkpt lat="46.33212698623538" lon="11.281115971505642">
        <ele>219.13611800000001</ele>
        <time>2026-09-16T20:50:39Z</time>
      </trkpt>
      <trkpt lat="46.332660997286439" lon="11.281339013949037">
        <ele>219.67223999999999</ele>
        <time>2026-09-16T20:50:53Z</time>
      </trkpt>
      <trkpt lat="46.333299027755857" lon="11.281477985903621">
        <ele>220.83698799999999</ele>
        <time>2026-09-16T20:51:13Z</time>
      </trkpt>
      <trkpt lat="46.333733964711428" lon="11.281655011698604">
        <ele>221.693228</ele>
        <time>2026-09-16T20:51:26Z</time>
      </trkpt>
      <trkpt lat="46.333828009665012" lon="11.281679989770055">
        <ele>221.874336</ele>
        <time>2026-09-16T20:51:28Z</time>
      </trkpt>
      <trkpt lat="46.333853993564844" lon="11.281791971996427">
        <ele>222.02894000000001</ele>
        <time>2026-09-16T20:51:30Z</time>
      </trkpt>
      <trkpt lat="46.334103019908071" lon="11.28186397254467">
        <ele>222.510107</ele>
        <time>2026-09-16T20:51:36Z</time>
      </trkpt>
      <trkpt lat="46.334825037047267" lon="11.282335035502911">
        <ele>223.504977</ele>
        <time>2026-09-16T20:51:52Z</time>
      </trkpt>
      <trkpt lat="46.335012959316373" lon="11.282468978315592">
        <ele>223.671243</ele>
        <time>2026-09-16T20:51:56Z</time>
      </trkpt>
      <trkpt lat="46.336074024438858" lon="11.28302201628685">
        <ele>224.566011</ele>
        <time>2026-09-16T20:52:20Z</time>
      </trkpt>
      <trkpt lat="46.336455987766385" lon="11.283328039571643">
        <ele>225.851373</ele>
        <time>2026-09-16T20:52:34Z</time>
      </trkpt>
      <trkpt lat="46.33663703687489" lon="11.283439015969634">
        <ele>226.43246400000001</ele>
        <time>2026-09-16T20:52:42Z</time>
      </trkpt>
      <trkpt lat="46.33678799495101" lon="11.2835150398314">
        <ele>226.90505999999999</ele>
        <time>2026-09-16T20:52:48Z</time>
      </trkpt>
      <trkpt lat="46.337098963558674" lon="11.283602965995669">
        <ele>227.84187</ele>
        <time>2026-09-16T20:53:00Z</time>
      </trkpt>
      <trkpt lat="46.33715302683413" lon="11.283650994300842">
        <ele>228.029179</ele>
        <time>2026-09-16T20:53:02Z</time>
      </trkpt>
      <trkpt lat="46.337147997692227" lon="11.283698016777635">
        <ele>228.12624400000001</ele>
        <time>2026-09-16T20:53:03Z</time>
      </trkpt>
      <trkpt lat="46.337144980207086" lon="11.283737998455763">
        <ele>228.208369</ele>
        <time>2026-09-16T20:53:04Z</time>
      </trkpt>
      <trkpt lat="46.337186973541975" lon="11.28411803394556">
        <ele>228.99386799999999</ele>
        <time>2026-09-16T20:53:13Z</time>
      </trkpt>
      <trkpt lat="46.337247993797064" lon="11.284222975373268">
        <ele>229.27396400000001</ele>
        <time>2026-09-16T20:53:15Z</time>
      </trkpt>
      <trkpt lat="46.337311025708914" lon="11.284271003678441">
        <ele>229.48441099999999</ele>
        <time>2026-09-16T20:53:18Z</time>
      </trkpt>
      <trkpt lat="46.337603973224759" lon="11.284302016720176">
        <ele>229.97024099999999</ele>
        <time>2026-09-16T20:53:28Z</time>
      </trkpt>
      <trkpt lat="46.337753003463149" lon="11.284282989799976">
        <ele>230.05051800000001</ele>
        <time>2026-09-16T20:53:34Z</time>
      </trkpt>
      <trkpt lat="46.33775501511991" lon="11.284222975373268">
        <ele>230.072777</ele>
        <time>2026-09-16T20:53:35Z</time>
      </trkpt>
      <trkpt lat="46.337216980755329" lon="11.284076040610671">
        <ele>230.366613</ele>
        <time>2026-09-16T20:53:50Z</time>
      </trkpt>
      <trkpt lat="46.33683199994266" lon="11.284017032012343">
        <ele>230.57439500000001</ele>
        <time>2026-09-16T20:53:56Z</time>
      </trkpt>
      <trkpt lat="46.336639970541" lon="11.283901026472449">
        <ele>230.686047</ele>
        <time>2026-09-16T20:53:58Z</time>
      </trkpt>
      <trkpt lat="46.33663896471262" lon="11.283900020644069">
        <ele>230.686699</ele>
        <time>2026-09-16T20:53:58Z</time>
      </trkpt>
      <trkpt lat="46.33646797388792" lon="11.283757025375962">
        <ele>230.79267300000001</ele>
        <time>2026-09-16T20:54:02Z</time>
      </trkpt>
      <trkpt lat="46.336178965866566" lon="11.283486038446426">
        <ele>231.145332</ele>
        <time>2026-09-16T20:54:12Z</time>
      </trkpt>
      <trkpt lat="46.335763977840543" lon="11.283169034868479">
        <ele>231.73063200000001</ele>
        <time>2026-09-16T20:54:26Z</time>
      </trkpt>
      <trkpt lat="46.335375979542732" lon="11.282928977161646">
        <ele>232.256957</ele>
        <time>2026-09-16T20:54:41Z</time>
      </trkpt>
      <trkpt lat="46.33498303592205" lon="11.282770978286862">
        <ele>232.76576399999999</ele>
        <time>2026-09-16T20:54:58Z</time>
      </trkpt>
      <trkpt lat="46.334907012060285" lon="11.282823029905558">
        <ele>232.870621</ele>
        <time>2026-09-16T20:55:01Z</time>
      </trkpt>
      <trkpt lat="46.334701990708709" lon="11.282767038792372">
        <ele>233.25341599999999</ele>
        <time>2026-09-16T20:55:09Z</time>
      </trkpt>
      <trkpt lat="46.334639964625239" lon="11.282802997156978">
        <ele>233.61753400000001</ele>
        <time>2026-09-16T20:55:11Z</time>
      </trkpt>
      <trkpt lat="46.334609035402536" lon="11.282884972169995">
        <ele>233.969393</ele>
        <time>2026-09-16T20:55:14Z</time>
      </trkpt>
      <trkpt lat="46.334632001817226" lon="11.282953033223748">
        <ele>234.25438500000001</ele>
        <time>2026-09-16T20:55:16Z</time>
      </trkpt>
      <trkpt lat="46.335153020918369" lon="11.283289985731244">
        <ele>237.36478299999999</ele>
        <time>2026-09-16T20:55:41Z</time>
      </trkpt>
      <trkpt lat="46.335127959027886" lon="11.283314041793346">
        <ele>237.528279</ele>
        <time>2026-09-16T20:55:43Z</time>
      </trkpt>
      <trkpt lat="46.334722023457289" lon="11.283248998224735">
        <ele>239.754919</ele>
        <time>2026-09-16T20:56:02Z</time>
      </trkpt>
      <trkpt lat="46.334304017946124" lon="11.283235000446439">
        <ele>242.03410099999999</ele>
        <time>2026-09-16T20:56:21Z</time>
      </trkpt>
      <trkpt lat="46.33401601575315" lon="11.283098962157965">
        <ele>243.37421800000001</ele>
        <time>2026-09-16T20:56:34Z</time>
      </trkpt>
      <trkpt lat="46.333640003576875" lon="11.282855970785022">
        <ele>244.730414</ele>
        <time>2026-09-16T20:56:51Z</time>
      </trkpt>
      <trkpt lat="46.333424001932144" lon="11.282859994098544">
        <ele>245.44194300000001</ele>
        <time>2026-09-16T20:56:59Z</time>
      </trkpt>
      <trkpt lat="46.332811033353209" lon="11.283005001023412">
        <ele>247.48782399999999</ele>
        <time>2026-09-16T20:57:17Z</time>
      </trkpt>
      <trkpt lat="46.332091027870774" lon="11.283357040956616">
        <ele>250.781767</ele>
        <time>2026-09-16T20:57:37Z</time>
      </trkpt>
      <trkpt lat="46.331744017079473" lon="11.283471034839749">
        <ele>252.747873</ele>
        <time>2026-09-16T20:57:49Z</time>
      </trkpt>
      <trkpt lat="46.331463977694511" lon="11.283523002639413">
        <ele>254.30771799999999</ele>
        <time>2026-09-16T20:58:02Z</time>
      </trkpt>
      <trkpt lat="46.331264991313219" lon="11.283630039542913">
        <ele>255.48065600000001</ele>
        <time>2026-09-16T20:58:13Z</time>
      </trkpt>
      <trkpt lat="46.331169018521905" lon="11.283751996234059">
        <ele>256.18638700000002</ele>
        <time>2026-09-16T20:58:21Z</time>
      </trkpt>
      <trkpt lat="46.331063993275166" lon="11.283983001485467">
        <ele>257.24156799999997</ele>
        <time>2026-09-16T20:58:32Z</time>
      </trkpt>
      <trkpt lat="46.330848997458816" lon="11.284600999206305">
        <ele>259.55128200000001</ele>
        <time>2026-09-16T20:59:00Z</time>
      </trkpt>
      <trkpt lat="46.330629978328943" lon="11.284884978085756">
        <ele>260.696032</ele>
        <time>2026-09-16T20:59:16Z</time>
      </trkpt>
      <trkpt lat="46.330508021637797" lon="11.284925965592265">
        <ele>261.183742</ele>
        <time>2026-09-16T20:59:23Z</time>
      </trkpt>
      <trkpt lat="46.330310963094234" lon="11.284921020269394">
        <ele>261.951007</ele>
        <time>2026-09-16T20:59:32Z</time>
      </trkpt>
      <trkpt lat="46.329057030379772" lon="11.284700995311141">
        <ele>266.42440800000003</ele>
        <time>2026-09-16T21:00:01Z</time>
      </trkpt>
      <trkpt lat="46.328943036496639" lon="11.284708958119154">
        <ele>266.689412</ele>
        <time>2026-09-16T21:00:03Z</time>
      </trkpt>
      <trkpt lat="46.328716976568103" lon="11.284856982529163">
        <ele>267.26531299999999</ele>
        <time>2026-09-16T21:00:07Z</time>
      </trkpt>
      <trkpt lat="46.328307017683983" lon="11.285374984145164">
        <ele>268.52864199999999</ele>
        <time>2026-09-16T21:00:21Z</time>
      </trkpt>
      <trkpt lat="46.328140972182155" lon="11.285505993291736">
        <ele>268.96758699999998</ele>
        <time>2026-09-16T21:00:28Z</time>
      </trkpt>
      <trkpt lat="46.327632023021579" lon="11.285678995773196">
        <ele>270.51847900000001</ele>
        <time>2026-09-16T21:00:51Z</time>
      </trkpt>
      <trkpt lat="46.327606961131096" lon="11.285693999379873">
        <ele>270.66993100000002</ele>
        <time>2026-09-16T21:00:52Z</time>
      </trkpt>
      <trkpt lat="46.327347038313746" lon="11.285917963832617">
        <ele>272.363133</ele>
        <time>2026-09-16T21:01:06Z</time>
      </trkpt>
      <trkpt lat="46.327258022502065" lon="11.286044027656317">
        <ele>273.05973</ele>
        <time>2026-09-16T21:01:12Z</time>
      </trkpt>
      <trkpt lat="46.326987035572529" lon="11.286725979298353">
        <ele>276.100751</ele>
        <time>2026-09-16T21:01:36Z</time>
      </trkpt>
      <trkpt lat="46.326816966757178" lon="11.286915997043252">
        <ele>277.30261200000001</ele>
        <time>2026-09-16T21:01:46Z</time>
      </trkpt>
      <trkpt lat="46.326483031734824" lon="11.287007024511695">
        <ele>279.20472699999999</ele>
        <time>2026-09-16T21:02:00Z</time>
      </trkpt>
      <trkpt lat="46.326159993186593" lon="11.286995960399508">
        <ele>280.96693800000003</ele>
        <time>2026-09-16T21:02:15Z</time>
      </trkpt>
      <trkpt lat="46.32600300014019" lon="11.287021022289991">
        <ele>281.81037800000001</ele>
        <time>2026-09-16T21:02:22Z</time>
      </trkpt>
      <trkpt lat="46.325755985453725" lon="11.28721104003489">
        <ele>283.30390899999998</ele>
        <time>2026-09-16T21:02:36Z</time>
      </trkpt>
      <trkpt lat="46.325652971863747" lon="11.287412960082293">
        <ele>284.22986700000001</ele>
        <time>2026-09-16T21:02:44Z</time>
      </trkpt>
      <trkpt lat="46.325612990185618" lon="11.287551010027528">
        <ele>284.781768</ele>
        <time>2026-09-16T21:02:49Z</time>
      </trkpt>
      <trkpt lat="46.325590023770928" lon="11.28768696449697">
        <ele>285.29810400000002</ele>
        <time>2026-09-16T21:02:53Z</time>
      </trkpt>
      <trkpt lat="46.325608966872096" lon="11.288005979731679">
        <ele>286.47882099999998</ele>
        <time>2026-09-16T21:03:03Z</time>
      </trkpt>
      <trkpt lat="46.325753973796964" lon="11.288330024108291">
        <ele>287.90257000000003</ele>
        <time>2026-09-16T21:03:15Z</time>
      </trkpt>
      <trkpt lat="46.32585003040731" lon="11.288442006334662">
        <ele>288.56088799999998</ele>
        <time>2026-09-16T21:03:20Z</time>
      </trkpt>
      <trkpt lat="46.326056979596615" lon="11.288525993004441">
        <ele>289.66265600000003</ele>
        <time>2026-09-16T21:03:28Z</time>
      </trkpt>
      <trkpt lat="46.326258983463049" lon="11.28848098218441">
        <ele>290.22221100000002</ele>
        <time>2026-09-16T21:03:36Z</time>
      </trkpt>
      <trkpt lat="46.3264100253582" lon="11.288414010778069">
        <ele>290.65459900000002</ele>
        <time>2026-09-16T21:03:40Z</time>
      </trkpt>
      <trkpt lat="46.326497029513121" lon="11.288309991359711">
        <ele>290.96346499999999</ele>
        <time>2026-09-16T21:03:43Z</time>
      </trkpt>
      <trkpt lat="46.326634995639324" lon="11.288031041622162">
        <ele>291.61230399999999</ele>
        <time>2026-09-16T21:03:48Z</time>
      </trkpt>
      <trkpt lat="46.326787965372205" lon="11.287580011412501">
        <ele>292.56231200000002</ele>
        <time>2026-09-16T21:03:55Z</time>
      </trkpt>
      <trkpt lat="46.326836999505758" lon="11.287495018914342">
        <ele>292.77165100000002</ele>
        <time>2026-09-16T21:03:57Z</time>
      </trkpt>
      <trkpt lat="46.327019976451993" lon="11.28727700561285">
        <ele>293.42041999999998</ele>
        <time>2026-09-16T21:04:03Z</time>
      </trkpt>
      <trkpt lat="46.327146962285042" lon="11.287203999236226">
        <ele>293.79451799999998</ele>
        <time>2026-09-16T21:04:08Z</time>
      </trkpt>
      <trkpt lat="46.327334968373179" lon="11.287206010892987">
        <ele>294.30925000000002</ele>
        <time>2026-09-16T21:04:15Z</time>
      </trkpt>
      <trkpt lat="46.327449968084693" lon="11.287240041419864">
        <ele>294.78804300000002</ele>
        <time>2026-09-16T21:04:20Z</time>
      </trkpt>
      <trkpt lat="46.327632023021579" lon="11.287355963140726">
        <ele>296.26301599999999</ele>
        <time>2026-09-16T21:04:28Z</time>
      </trkpt>
      <trkpt lat="46.327666975557804" lon="11.287380019202828">
        <ele>296.55026600000002</ele>
        <time>2026-09-16T21:04:30Z</time>
      </trkpt>
      <trkpt lat="46.328239040449262" lon="11.287809005007148">
        <ele>301.32838199999998</ele>
        <time>2026-09-16T21:05:06Z</time>
      </trkpt>
      <trkpt lat="46.328368959948421" lon="11.287890980020165">
        <ele>302.38017100000002</ele>
        <time>2026-09-16T21:05:14Z</time>
      </trkpt>
      <trkpt lat="46.328458981588483" lon="11.287914030253887">
        <ele>303.05806999999999</ele>
        <time>2026-09-16T21:05:20Z</time>
      </trkpt>
      <trkpt lat="46.328608011826873" lon="11.287931967526674">
        <ele>304.16713199999998</ele>
        <time>2026-09-16T21:05:29Z</time>
      </trkpt>
      <trkpt lat="46.32916297763586" lon="11.287848986685276">
        <ele>308.26550200000003</ele>
        <time>2026-09-16T21:06:01Z</time>
      </trkpt>
      <trkpt lat="46.329974010586739" lon="11.287820991128683">
        <ele>313.71328899999997</ele>
        <time>2026-09-16T21:06:43Z</time>
      </trkpt>
      <trkpt lat="46.330913035199046" lon="11.287912018597126">
        <ele>319.98201599999999</ele>
        <time>2026-09-16T21:07:30Z</time>
      </trkpt>
      <trkpt lat="46.331586018204689" lon="11.288062976673245">
        <ele>321.40744000000001</ele>
        <time>2026-09-16T21:07:52Z</time>
      </trkpt>
      <trkpt lat="46.332112988457084" lon="11.288128020241857">
        <ele>322.51446800000002</ele>
        <time>2026-09-16T21:08:04Z</time>
      </trkpt>
      <trkpt lat="46.332463016733527" lon="11.288128020241857">
        <ele>323.24703399999999</ele>
        <time>2026-09-16T21:08:11Z</time>
      </trkpt>
      <trkpt lat="46.332756970077753" lon="11.288184011355042">
        <ele>323.96295500000002</ele>
        <time>2026-09-16T21:08:17Z</time>
      </trkpt>
      <trkpt lat="46.33290097117424" lon="11.288252994418144">
        <ele>324.49014099999999</ele>
        <time>2026-09-16T21:08:20Z</time>
      </trkpt>
      <trkpt lat="46.333143962547183" lon="11.288502020761371">
        <ele>325.52476000000001</ele>
        <time>2026-09-16T21:08:28Z</time>
      </trkpt>
      <trkpt lat="46.333761960268021" lon="11.289300983771682">
        <ele>328.40410300000002</ele>
        <time>2026-09-16T21:08:59Z</time>
      </trkpt>
      <trkpt lat="46.334539968520403" lon="11.290445029735565">
        <ele>333.68477000000001</ele>
        <time>2026-09-16T21:09:48Z</time>
      </trkpt>
      <trkpt lat="46.334659997373819" lon="11.29056497476995">
        <ele>334.50852400000002</ele>
        <time>2026-09-16T21:09:55Z</time>
      </trkpt>
      <trkpt lat="46.334826964884996" lon="11.290675029158592">
        <ele>335.54487599999999</ele>
        <time>2026-09-16T21:10:03Z</time>
      </trkpt>
      <trkpt lat="46.33528302423656" lon="11.290852976962924">
        <ele>338.21271300000001</ele>
        <time>2026-09-16T21:10:25Z</time>
      </trkpt>
      <trkpt lat="46.335452003404498" lon="11.291034026071429">
        <ele>339.40004399999998</ele>
        <time>2026-09-16T21:10:35Z</time>
      </trkpt>
      <trkpt lat="46.335452003404498" lon="11.291171992197633">
        <ele>339.93827700000003</ele>
        <time>2026-09-16T21:10:39Z</time>
      </trkpt>
      <trkpt lat="46.335488967597485" lon="11.291268970817327">
        <ele>340.28353700000002</ele>
        <time>2026-09-16T21:10:42Z</time>
      </trkpt>
      <trkpt lat="46.336094979196787" lon="11.29204798489809">
        <ele>343.16679399999998</ele>
        <time>2026-09-16T21:11:15Z</time>
      </trkpt>
      <trkpt lat="46.33659697137773" lon="11.292933030053973">
        <ele>345.98079899999999</ele>
        <time>2026-09-16T21:11:36Z</time>
      </trkpt>
      <trkpt lat="46.337037021294236" lon="11.293436028063297">
        <ele>347.28879000000001</ele>
        <time>2026-09-16T21:11:49Z</time>
      </trkpt>
      <trkpt lat="46.33717599324882" lon="11.293653035536408">
        <ele>347.66913899999997</ele>
        <time>2026-09-16T21:11:54Z</time>
      </trkpt>
      <trkpt lat="46.337388977408409" lon="11.294157039374113">
        <ele>348.428428</ele>
        <time>2026-09-16T21:12:04Z</time>
      </trkpt>
      <trkpt lat="46.337486961856484" lon="11.294330041855574">
        <ele>348.71596399999999</ele>
        <time>2026-09-16T21:12:08Z</time>
      </trkpt>
      <trkpt lat="46.337102986872196" lon="11.293966015800834">
        <ele>349.57006200000001</ele>
        <time>2026-09-16T21:12:22Z</time>
      </trkpt>
      <trkpt lat="46.336668971925974" lon="11.293434016406536">
        <ele>350.70514100000003</ele>
        <time>2026-09-16T21:12:39Z</time>
      </trkpt>
      <trkpt lat="46.336020966991782" lon="11.292472025379539">
        <ele>352.610454</ele>
        <time>2026-09-16T21:13:04Z</time>
      </trkpt>
      <trkpt lat="46.335763977840543" lon="11.292173964902759">
        <ele>353.28642600000001</ele>
        <time>2026-09-16T21:13:12Z</time>
      </trkpt>
      <trkpt lat="46.335601033642888" lon="11.292044967412949">
        <ele>353.71096499999999</ele>
        <time>2026-09-16T21:13:17Z</time>
      </trkpt>
      <trkpt lat="46.335546970367432" lon="11.292000962421298">
        <ele>353.898278</ele>
        <time>2026-09-16T21:13:19Z</time>
      </trkpt>
      <trkpt lat="46.335041960701346" lon="11.291754031553864">
        <ele>355.50968699999999</ele>
        <time>2026-09-16T21:13:38Z</time>
      </trkpt>
      <trkpt lat="46.334848003461957" lon="11.291750008240342">
        <ele>356.09624300000002</ele>
        <time>2026-09-16T21:13:45Z</time>
      </trkpt>
      <trkpt lat="46.334336958825588" lon="11.291956035420299">
        <ele>357.699814</ele>
        <time>2026-09-16T21:14:03Z</time>
      </trkpt>
      <trkpt lat="46.334209972992539" lon="11.291958969086409">
        <ele>358.08380899999997</ele>
        <time>2026-09-16T21:14:08Z</time>
      </trkpt>
      <trkpt lat="46.333703035488725" lon="11.291630985215306">
        <ele>359.15544599999998</ele>
        <time>2026-09-16T21:14:27Z</time>
      </trkpt>
      <trkpt lat="46.333464989438653" lon="11.291581029072404">
        <ele>359.29275699999999</ele>
        <time>2026-09-16T21:14:33Z</time>
      </trkpt>
      <trkpt lat="46.333355018869042" lon="11.291610030457377">
        <ele>359.35659500000003</ele>
        <time>2026-09-16T21:14:35Z</time>
      </trkpt>
      <trkpt lat="46.332970960065722" lon="11.291860984638333">
        <ele>359.59713900000003</ele>
        <time>2026-09-16T21:14:43Z</time>
      </trkpt>
      <trkpt lat="46.332855960354209" lon="11.291899038478732">
        <ele>359.66448700000001</ele>
        <time>2026-09-16T21:14:45Z</time>
      </trkpt>
      <trkpt lat="46.332418005913496" lon="11.291687982156873">
        <ele>359.92803900000001</ele>
        <time>2026-09-16T21:14:54Z</time>
      </trkpt>
      <trkpt lat="46.33197502233088" lon="11.291650012135506">
        <ele>359.87240600000001</ele>
        <time>2026-09-16T21:15:02Z</time>
      </trkpt>
      <trkpt lat="46.331529021263123" lon="11.291801976040006">
        <ele>359.55809299999999</ele>
        <time>2026-09-16T21:15:09Z</time>
      </trkpt>
      <trkpt lat="46.331290975213051" lon="11.291967015713453">
        <ele>359.37708199999997</ele>
        <time>2026-09-16T21:15:14Z</time>
      </trkpt>
      <trkpt lat="46.331132976338267" lon="11.292052008211613">
        <ele>359.261458</ele>
        <time>2026-09-16T21:15:17Z</time>
      </trkpt>
      <trkpt lat="46.331043960526586" lon="11.292167007923126">
        <ele>359.17963600000002</ele>
        <time>2026-09-16T21:15:19Z</time>
      </trkpt>
      <trkpt lat="46.330845979973674" lon="11.292298017069697">
        <ele>359.030305</ele>
        <time>2026-09-16T21:15:22Z</time>
      </trkpt>
      <trkpt lat="46.330632995814085" lon="11.292398013174534">
        <ele>358.87670100000003</ele>
        <time>2026-09-16T21:15:26Z</time>
      </trkpt>
      <trkpt lat="46.330448007211089" lon="11.292422991245985">
        <ele>358.97678400000001</ele>
        <time>2026-09-16T21:15:29Z</time>
      </trkpt>
      <trkpt lat="46.329993959516287" lon="11.292301034554839">
        <ele>359.90393299999999</ele>
        <time>2026-09-16T21:15:35Z</time>
      </trkpt>
      <trkpt lat="46.329522980377078" lon="11.292230961844325">
        <ele>360.854623</ele>
        <time>2026-09-16T21:15:46Z</time>
      </trkpt>
      <trkpt lat="46.329406974837184" lon="11.292265998199582">
        <ele>361.09254199999998</ele>
        <time>2026-09-16T21:15:50Z</time>
      </trkpt>
      <trkpt lat="46.329270014539361" lon="11.29221998155117">
        <ele>361.37492200000003</ele>
        <time>2026-09-16T21:15:54Z</time>
      </trkpt>
      <trkpt lat="46.329137999564409" lon="11.292271027341485">
        <ele>361.64923599999997</ele>
        <time>2026-09-16T21:15:59Z</time>
      </trkpt>
      <trkpt lat="46.328982012346387" lon="11.292265998199582">
        <ele>361.96254499999998</ele>
        <time>2026-09-16T21:16:04Z</time>
      </trkpt>
      <trkpt lat="46.32890498265624" lon="11.292292987927794">
        <ele>362.121622</ele>
        <time>2026-09-16T21:16:08Z</time>
      </trkpt>
      <trkpt lat="46.328660985454917" lon="11.292808977887034">
        <ele>364.17835000000002</ele>
        <time>2026-09-16T21:16:27Z</time>
      </trkpt>
      <trkpt lat="46.328005017712712" lon="11.293556978926063">
        <ele>369.35348599999998</ele>
        <time>2026-09-16T21:17:09Z</time>
      </trkpt>
      <trkpt lat="46.327802008017898" lon="11.293580029159784">
        <ele>370.61557099999999</ele>
        <time>2026-09-16T21:17:18Z</time>
      </trkpt>
      <trkpt lat="46.327769989147782" lon="11.293621016666293">
        <ele>370.88040000000001</ele>
        <time>2026-09-16T21:17:20Z</time>
      </trkpt>
      <trkpt lat="46.327663036063313" lon="11.293511968106031">
        <ele>371.69126199999999</ele>
        <time>2026-09-16T21:17:26Z</time>
      </trkpt>
      <trkpt lat="46.32763696834445" lon="11.293565025553107">
        <ele>371.96952299999998</ele>
        <time>2026-09-16T21:17:29Z</time>
      </trkpt>
      <trkpt lat="46.327027017250657" lon="11.29327098838985">
        <ele>375.06337200000002</ele>
        <time>2026-09-16T21:18:14Z</time>
      </trkpt>
      <trkpt lat="46.326815038919449" lon="11.293239975348115">
        <ele>375.89116300000001</ele>
        <time>2026-09-16T21:18:28Z</time>
      </trkpt>
      <trkpt lat="46.326408013701439" lon="11.293054986745119">
        <ele>377.54838799999999</ele>
        <time>2026-09-16T21:18:58Z</time>
      </trkpt>
      <trkpt lat="46.326095033437014" lon="11.293041994795203">
        <ele>378.76486899999998</ele>
        <time>2026-09-16T21:19:20Z</time>
      </trkpt>
      <trkpt lat="46.325800996273756" lon="11.292804032564163">
        <ele>380.07338800000002</ele>
        <time>2026-09-16T21:19:43Z</time>
      </trkpt>
      <trkpt lat="46.325689014047384" lon="11.292749969288707">
        <ele>380.53198200000003</ele>
        <time>2026-09-16T21:19:51Z</time>
      </trkpt>
      <trkpt lat="46.325507964938879" lon="11.292729014530778">
        <ele>381.07207899999997</ele>
        <time>2026-09-16T21:20:04Z</time>
      </trkpt>
      <trkpt lat="46.325243012979627" lon="11.292817024514079">
        <ele>381.87253399999997</ele>
        <time>2026-09-16T21:20:23Z</time>
      </trkpt>
      <trkpt lat="46.324896002188325" lon="11.29309899173677">
        <ele>383.04404599999998</ele>
        <time>2026-09-16T21:20:51Z</time>
      </trkpt>
      <trkpt lat="46.324785025790334" lon="11.293156994506717">
        <ele>383.39147200000002</ele>
        <time>2026-09-16T21:20:59Z</time>
      </trkpt>
      <trkpt lat="46.3247159589082" lon="11.293166968971491">
        <ele>383.59563400000002</ele>
        <time>2026-09-16T21:21:04Z</time>
      </trkpt>
      <trkpt lat="46.324316980317235" lon="11.293225977569818">
        <ele>384.77646399999998</ele>
        <time>2026-09-16T21:21:32Z</time>
      </trkpt>
      <trkpt lat="46.323921019211411" lon="11.29337701946497">
        <ele>386.06192700000003</ele>
        <time>2026-09-16T21:22:00Z</time>
      </trkpt>
      <trkpt lat="46.323781041428447" lon="11.293482966721058">
        <ele>386.80852199999998</ele>
        <time>2026-09-16T21:22:11Z</time>
      </trkpt>
      <trkpt lat="46.323608960956335" lon="11.293788990005851">
        <ele>388.096159</ele>
        <time>2026-09-16T21:22:30Z</time>
      </trkpt>
      <trkpt lat="46.323526985943317" lon="11.293885968625546">
        <ele>388.596542</ele>
        <time>2026-09-16T21:22:37Z</time>
      </trkpt>
      <trkpt lat="46.323422966524959" lon="11.293943971395493">
        <ele>389.12321700000001</ele>
        <time>2026-09-16T21:22:45Z</time>
      </trkpt>
      <trkpt lat="46.323199002072215" lon="11.293978001922369">
        <ele>390.18759799999998</ele>
        <time>2026-09-16T21:23:01Z</time>
      </trkpt>
      <trkpt lat="46.322959028184414" lon="11.293898038566113">
        <ele>391.35145399999999</ele>
        <time>2026-09-16T21:23:18Z</time>
      </trkpt>
      <trkpt lat="46.322498023509979" lon="11.293622022494674">
        <ele>393.70892199999997</ele>
        <time>2026-09-16T21:23:53Z</time>
      </trkpt>
      <trkpt lat="46.322212032973766" lon="11.293407026678324">
        <ele>395.96492899999998</ele>
        <time>2026-09-16T21:24:15Z</time>
      </trkpt>
      <trkpt lat="46.321877008304" lon="11.293050963431597">
        <ele>399.56176299999998</ele>
        <time>2026-09-16T21:24:44Z</time>
      </trkpt>
      <trkpt lat="46.321852030232549" lon="11.29307996481657">
        <ele>399.83903700000002</ele>
        <time>2026-09-16T21:24:46Z</time>
      </trkpt>
      <trkpt lat="46.321276025846601" lon="11.292924983426929">
        <ele>404.91020200000003</ele>
        <time>2026-09-16T21:25:22Z</time>
      </trkpt>
      <trkpt lat="46.321033034473658" lon="11.292831022292376">
        <ele>407.08735200000001</ele>
        <time>2026-09-16T21:25:40Z</time>
      </trkpt>
      <trkpt lat="46.320758024230599" lon="11.292903022840619">
        <ele>411.65060999999997</ele>
        <time>2026-09-16T21:25:54Z</time>
      </trkpt>
      <trkpt lat="46.320747965946794" lon="11.292921965941787">
        <ele>411.73918500000002</ele>
        <time>2026-09-16T21:25:55Z</time>
      </trkpt>
      <trkpt lat="46.320741008967161" lon="11.292946022003889">
        <ele>411.83578399999999</ele>
        <time>2026-09-16T21:25:55Z</time>
      </trkpt>
      <trkpt lat="46.320674037560821" lon="11.292984997853637">
        <ele>412.88004699999999</ele>
        <time>2026-09-16T21:25:59Z</time>
      </trkpt>
      <trkpt lat="46.320622991770506" lon="11.293150959536433">
        <ele>413.55370799999997</ele>
        <time>2026-09-16T21:26:05Z</time>
      </trkpt>
      <trkpt lat="46.320656016469002" lon="11.293300995603204">
        <ele>414.13742500000001</ele>
        <time>2026-09-16T21:26:10Z</time>
      </trkpt>
      <trkpt lat="46.320728017017245" lon="11.293676001951098">
        <ele>415.58060499999999</ele>
        <time>2026-09-16T21:26:22Z</time>
      </trkpt>
      <trkpt lat="46.320805968716741" lon="11.293853027746081">
        <ele>416.35912000000002</ele>
        <time>2026-09-16T21:26:29Z</time>
      </trkpt>
      <trkpt lat="46.320911999791861" lon="11.293998034670949">
        <ele>417.14201800000001</ele>
        <time>2026-09-16T21:26:34Z</time>
      </trkpt>
      <trkpt lat="46.321667041629553" lon="11.294615026563406">
        <ele>418.98700400000001</ele>
        <time>2026-09-16T21:26:51Z</time>
      </trkpt>
      <trkpt lat="46.322242962196469" lon="11.295103020966053">
        <ele>418.03709099999998</ele>
        <time>2026-09-16T21:27:00Z</time>
      </trkpt>
      <trkpt lat="46.322630038484931" lon="11.295266970992088">
        <ele>417.46312399999999</ele>
        <time>2026-09-16T21:27:05Z</time>
      </trkpt>
      <trkpt lat="46.32323102094233" lon="11.295599984005094">
        <ele>416.98012599999998</ele>
        <time>2026-09-16T21:27:14Z</time>
      </trkpt>
      <trkpt lat="46.323798978701234" lon="11.295977002009749">
        <ele>416.91283399999998</ele>
        <time>2026-09-16T21:27:25Z</time>
      </trkpt>
      <trkpt lat="46.324086980894208" lon="11.296166013926268">
        <ele>416.87878000000001</ele>
        <time>2026-09-16T21:27:31Z</time>
      </trkpt>
      <trkpt lat="46.324529964476824" lon="11.296449992805719">
        <ele>416.82660299999998</ele>
        <time>2026-09-16T21:27:42Z</time>
      </trkpt>
      <trkpt lat="46.324748983606696" lon="11.296559041365981">
        <ele>417.25528500000001</ele>
        <time>2026-09-16T21:27:46Z</time>
      </trkpt>
      <trkpt lat="46.324865994974971" lon="11.296577984467149">
        <ele>417.52744999999999</ele>
        <time>2026-09-16T21:27:48Z</time>
      </trkpt>
      <trkpt lat="46.325252987444401" lon="11.296628024429083">
        <ele>418.42563200000001</ele>
        <time>2026-09-16T21:27:55Z</time>
      </trkpt>
      <trkpt lat="46.325619025155902" lon="11.29677202552557">
        <ele>419.30238800000001</ele>
        <time>2026-09-16T21:28:02Z</time>
      </trkpt>
      <trkpt lat="46.326139960438013" lon="11.296957014128566">
        <ele>420.54246499999999</ele>
        <time>2026-09-16T21:28:20Z</time>
      </trkpt>
      <trkpt lat="46.326413964852691" lon="11.297106966376305">
        <ele>421.780462</ele>
        <time>2026-09-16T21:28:34Z</time>
      </trkpt>
      <trkpt lat="46.326618986204267" lon="11.297283992171288">
        <ele>423.62239799999998</ele>
        <time>2026-09-16T21:28:45Z</time>
      </trkpt>
      <trkpt lat="46.327047972008586" lon="11.297982037067413">
        <ele>428.60217</ele>
        <time>2026-09-16T21:29:18Z</time>
      </trkpt>
      <trkpt lat="46.327738976106048" lon="11.298785023391247">
        <ele>435.57195899999999</ele>
        <time>2026-09-16T21:30:09Z</time>
      </trkpt>
      <trkpt lat="46.327891023829579" lon="11.299156006425619">
        <ele>438.39637099999999</ele>
        <time>2026-09-16T21:30:26Z</time>
      </trkpt>
      <trkpt lat="46.327941985800862" lon="11.299347029998899">
        <ele>439.73713900000001</ele>
        <time>2026-09-16T21:30:34Z</time>
      </trkpt>
      <trkpt lat="46.328057991340756" lon="11.29990803077817">
        <ele>443.57129700000002</ele>
        <time>2026-09-16T21:30:58Z</time>
      </trkpt>
      <trkpt lat="46.328209033235908" lon="11.300373980775476">
        <ele>446.94153999999997</ele>
        <time>2026-09-16T21:31:21Z</time>
      </trkpt>
      <trkpt lat="46.328378012403846" lon="11.300651002675295">
        <ele>449.361605</ele>
        <time>2026-09-16T21:31:38Z</time>
      </trkpt>
      <trkpt lat="46.328639024868608" lon="11.300978986546397">
        <ele>452.29155500000002</ele>
        <time>2026-09-16T21:31:59Z</time>
      </trkpt>
      <trkpt lat="46.328955022618175" lon="11.301448959857225">
        <ele>454.529158</ele>
        <time>2026-09-16T21:32:25Z</time>
      </trkpt>
      <trkpt lat="46.328725023195148" lon="11.301330020651221">
        <ele>455.73564800000003</ele>
        <time>2026-09-16T21:32:37Z</time>
      </trkpt>
      <trkpt lat="46.328434003517032" lon="11.301123993471265">
        <ele>457.33568500000001</ele>
        <time>2026-09-16T21:32:49Z</time>
      </trkpt>
      <trkpt lat="46.32776596583426" lon="11.300844037905335">
        <ele>460.77092399999998</ele>
        <time>2026-09-16T21:33:07Z</time>
      </trkpt>
      <trkpt lat="46.327359024435282" lon="11.300429971888661">
        <ele>462.39726899999999</ele>
        <time>2026-09-16T21:33:19Z</time>
      </trkpt>
      <trkpt lat="46.327208988368511" lon="11.300349002704024">
        <ele>462.91759300000001</ele>
        <time>2026-09-16T21:33:23Z</time>
      </trkpt>
      <trkpt lat="46.326918974518776" lon="11.300289994105697">
        <ele>463.86941000000002</ele>
        <time>2026-09-16T21:33:32Z</time>
      </trkpt>
      <trkpt lat="46.326375994831324" lon="11.300298040732741">
        <ele>465.63436400000001</ele>
        <time>2026-09-16T21:33:52Z</time>
      </trkpt>
      <trkpt lat="46.326198969036341" lon="11.300259986892343">
        <ele>466.21593899999999</ele>
        <time>2026-09-16T21:34:00Z</time>
      </trkpt>
      <trkpt lat="46.325650960206985" lon="11.299933008849621">
        <ele>469.91207000000003</ele>
        <time>2026-09-16T21:34:31Z</time>
      </trkpt>
      <trkpt lat="46.324725011363626" lon="11.299295984208584">
        <ele>477.18359600000002</ele>
        <time>2026-09-16T21:35:27Z</time>
      </trkpt>
      <trkpt lat="46.324365008622408" lon="11.299010999500751">
        <ele>479.87435699999997</ele>
        <time>2026-09-16T21:35:50Z</time>
      </trkpt>
      <trkpt lat="46.323398994281888" lon="11.298115979880095">
        <ele>485.42412100000001</ele>
        <time>2026-09-16T21:36:41Z</time>
      </trkpt>
      <trkpt lat="46.322170961648226" lon="11.297419024631381">
        <ele>490.39160199999998</ele>
        <time>2026-09-16T21:37:21Z</time>
      </trkpt>
      <trkpt lat="46.321780029684305" lon="11.297159017995">
        <ele>491.677143</ele>
        <time>2026-09-16T21:37:35Z</time>
      </trkpt>
      <trkpt lat="46.321489010006189" lon="11.296924995258451">
        <ele>492.67167799999999</ele>
        <time>2026-09-16T21:37:47Z</time>
      </trkpt>
      <trkpt lat="46.321280971169472" lon="11.29681502468884">
        <ele>493.33330000000001</ele>
        <time>2026-09-16T21:37:55Z</time>
      </trkpt>
      <trkpt lat="46.320540010929108" lon="11.296480000019073">
        <ele>495.39056399999998</ele>
        <time>2026-09-16T21:38:25Z</time>
      </trkpt>
      <trkpt lat="46.320459963753819" lon="11.296466002240777">
        <ele>495.60226299999999</ele>
        <time>2026-09-16T21:38:28Z</time>
      </trkpt>
      <trkpt lat="46.319979010149837" lon="11.296550994738936">
        <ele>496.87528099999997</ele>
        <time>2026-09-16T21:38:44Z</time>
      </trkpt>
      <trkpt lat="46.318835970014334" lon="11.296405987814069">
        <ele>498.45709399999998</ele>
        <time>2026-09-16T21:39:09Z</time>
      </trkpt>
      <trkpt lat="46.318637989461422" lon="11.296326024457812">
        <ele>498.53743300000002</ele>
        <time>2026-09-16T21:39:12Z</time>
      </trkpt>
      <trkpt lat="46.318552996963263" lon="11.296260980889201">
        <ele>498.57500099999999</ele>
        <time>2026-09-16T21:39:14Z</time>
      </trkpt>
      <trkpt lat="46.31822400726378" lon="11.295824032276869">
        <ele>498.74949099999998</ele>
        <time>2026-09-16T21:39:21Z</time>
      </trkpt>
      <trkpt lat="46.318094003945589" lon="11.295688999816775">
        <ele>498.81201399999998</ele>
        <time>2026-09-16T21:39:25Z</time>
      </trkpt>
      <trkpt lat="46.317958971485496" lon="11.29563401453197">
        <ele>498.86682400000001</ele>
        <time>2026-09-16T21:39:29Z</time>
      </trkpt>
      <trkpt lat="46.317899040877819" lon="11.295609958469868">
        <ele>498.89115199999998</ele>
        <time>2026-09-16T21:39:31Z</time>
      </trkpt>
      <trkpt lat="46.317797033116221" lon="11.29561398178339">
        <ele>499.32004799999999</ele>
        <time>2026-09-16T21:39:34Z</time>
      </trkpt>
      <trkpt lat="46.317585976794362" lon="11.295716995373368">
        <ele>500.99405999999999</ele>
        <time>2026-09-16T21:39:43Z</time>
      </trkpt>
      <trkpt lat="46.317490004003048" lon="11.295811040326953">
        <ele>501.86532499999998</ele>
        <time>2026-09-16T21:39:48Z</time>
      </trkpt>
      <trkpt lat="46.317390007898211" lon="11.296009020879865">
        <ele>503.13896299999999</ele>
        <time>2026-09-16T21:39:58Z</time>
      </trkpt>
      <trkpt lat="46.317333010956645" lon="11.296186968684196">
        <ele>504.157712</ele>
        <time>2026-09-16T21:40:06Z</time>
      </trkpt>
      <trkpt lat="46.317320019006729" lon="11.296546971425414">
        <ele>506.029516</ele>
        <time>2026-09-16T21:40:22Z</time>
      </trkpt>
      <trkpt lat="46.31736402399838" lon="11.296746041625738">
        <ele>507.11445300000003</ele>
        <time>2026-09-16T21:40:31Z</time>
      </trkpt>
      <trkpt lat="46.31745002232492" lon="11.296900017186999">
        <ele>508.14275900000001</ele>
        <time>2026-09-16T21:40:41Z</time>
      </trkpt>
      <trkpt lat="46.31749302148819" lon="11.296976963058114">
        <ele>508.65691099999998</ele>
        <time>2026-09-16T21:40:45Z</time>
      </trkpt>
      <trkpt lat="46.317641967907548" lon="11.29711601883173">
        <ele>509.98946000000001</ele>
        <time>2026-09-16T21:40:57Z</time>
      </trkpt>
      <trkpt lat="46.317845983430743" lon="11.297179972752929">
        <ele>511.55870700000003</ele>
        <time>2026-09-16T21:41:11Z</time>
      </trkpt>
      <trkpt lat="46.31811898201704" lon="11.297156000509858">
        <ele>513.25346000000002</ele>
        <time>2026-09-16T21:41:27Z</time>
      </trkpt>
      <trkpt lat="46.318710995838046" lon="11.296883001923561">
        <ele>516.49746700000003</ele>
        <time>2026-09-16T21:41:54Z</time>
      </trkpt>
      <trkpt lat="46.31902196444571" lon="11.29685802385211">
        <ele>518.12379799999997</ele>
        <time>2026-09-16T21:42:04Z</time>
      </trkpt>
      <trkpt lat="46.319211982190609" lon="11.29690102301538">
        <ele>519.12789399999997</ele>
        <time>2026-09-16T21:42:10Z</time>
      </trkpt>
      <trkpt lat="46.319844983518124" lon="11.297212997451425">
        <ele>522.81471599999998</ele>
        <time>2026-09-16T21:42:36Z</time>
      </trkpt>
      <trkpt lat="46.320780990645289" lon="11.297438973560929">
        <ele>528.98584600000004</ele>
        <time>2026-09-16T21:43:24Z</time>
      </trkpt>
      <trkpt lat="46.32101995870471" lon="11.297618011012673">
        <ele>530.73573999999996</ele>
        <time>2026-09-16T21:43:39Z</time>
      </trkpt>
      <trkpt lat="46.322367014363408" lon="11.298869010061026">
        <ele>539.33786599999996</ele>
        <time>2026-09-16T21:45:02Z</time>
      </trkpt>
      <trkpt lat="46.323039997369051" lon="11.299489019438624">
        <ele>542.83451100000002</ele>
        <time>2026-09-16T21:45:24Z</time>
      </trkpt>
      <trkpt lat="46.323321964591742" lon="11.299791019409895">
        <ele>543.62737100000004</ele>
        <time>2026-09-16T21:45:30Z</time>
      </trkpt>
      <trkpt lat="46.324054040014744" lon="11.300368029624224">
        <ele>545.511347</ele>
        <time>2026-09-16T21:45:45Z</time>
      </trkpt>
      <trkpt lat="46.324293008074164" lon="11.300610015168786">
        <ele>546.17058999999995</ele>
        <time>2026-09-16T21:45:53Z</time>
      </trkpt>
      <trkpt lat="46.32512197829783" lon="11.301411995664239">
        <ele>555.35711600000002</ele>
        <time>2026-09-16T21:47:11Z</time>
      </trkpt>
      <trkpt lat="46.325300009921193" lon="11.301663033664227">
        <ele>557.95654300000001</ele>
        <time>2026-09-16T21:47:33Z</time>
      </trkpt>
      <trkpt lat="46.325431019067764" lon="11.302193775773048">
        <ele>558.47764600000005</ele>
        <time>2026-09-16T21:47:34Z</time>
      </trkpt>
      <trkpt lat="46.325453482568264" lon="11.303147552534938">
        <ele>558.76365199999998</ele>
        <time>2026-09-16T21:47:35Z</time>
      </trkpt>
      <trkpt lat="46.325624138116837" lon="11.303570838645101">
        <ele>564.79890599999999</ele>
        <time>2026-09-16T21:48:12Z</time>
      </trkpt>
      <trkpt lat="46.326127219945192" lon="11.303815254941583">
        <ele>564.78842199999997</ele>
        <time>2026-09-16T21:48:12Z</time>
      </trkpt>
      <trkpt lat="46.326249008998275" lon="11.303727999329567">
        <ele>564.77608899999996</ele>
        <time>2026-09-16T21:48:13Z</time>
      </trkpt>
      <trkpt lat="46.326510021463037" lon="11.303612999618053">
        <ele>564.63046899999995</ele>
        <time>2026-09-16T21:48:19Z</time>
      </trkpt>
      <trkpt lat="46.326823001727462" lon="11.303436979651451">
        <ele>564.46758</ele>
        <time>2026-09-16T21:48:27Z</time>
      </trkpt>
      <trkpt lat="46.327013019472361" lon="11.303430022671819">
        <ele>565.60986800000001</ele>
        <time>2026-09-16T21:48:33Z</time>
      </trkpt>
      <trkpt lat="46.32722700946033" lon="11.303568994626403">
        <ele>567.16833499999996</ele>
        <time>2026-09-16T21:48:42Z</time>
      </trkpt>
      <trkpt lat="46.327453991398215" lon="11.303830007091165">
        <ele>569.09431099999995</ele>
        <time>2026-09-16T21:48:57Z</time>
      </trkpt>
      <trkpt lat="46.327604027464986" lon="11.304002003744245">
        <ele>570.36564899999996</ele>
        <time>2026-09-16T21:49:10Z</time>
      </trkpt>
      <trkpt lat="46.328728040680289" lon="11.305111013352871">
        <ele>578.656522</ele>
        <time>2026-09-16T21:50:31Z</time>
      </trkpt>
      <trkpt lat="46.328837005421519" lon="11.305216960608959">
        <ele>579.31127500000002</ele>
        <time>2026-09-16T21:50:35Z</time>
      </trkpt>
      <trkpt lat="46.329039009287953" lon="11.305426005274057">
        <ele>580.54930100000001</ele>
        <time>2026-09-16T21:50:42Z</time>
      </trkpt>
      <trkpt lat="46.329278983175755" lon="11.305848034098744">
        <ele>582.43188199999997</ele>
        <time>2026-09-16T21:50:52Z</time>
      </trkpt>
      <trkpt lat="46.329437987878919" lon="11.306021036580205">
        <ele>583.42364499999996</ele>
        <time>2026-09-16T21:50:56Z</time>
      </trkpt>
      <trkpt lat="46.32991399616003" lon="11.306241983547807">
        <ele>586.74366399999997</ele>
        <time>2026-09-16T21:51:15Z</time>
      </trkpt>
      <trkpt lat="46.33008498698473" lon="11.30639897659421">
        <ele>589.31212900000003</ele>
        <time>2026-09-16T21:51:28Z</time>
      </trkpt>
      <trkpt lat="46.33025798946619" lon="11.306717991828918">
        <ele>592.86522300000001</ele>
        <time>2026-09-16T21:51:48Z</time>
      </trkpt>
      <trkpt lat="46.330367960035801" lon="11.307102972641587">
        <ele>596.51493200000004</ele>
        <time>2026-09-16T21:52:11Z</time>
      </trkpt>
      <trkpt lat="46.330482037737966" lon="11.307387035340071">
        <ele>599.39243799999997</ele>
        <time>2026-09-16T21:52:31Z</time>
      </trkpt>
      <trkpt lat="46.330544985830784" lon="11.307516032829881">
        <ele>600.776476</ele>
        <time>2026-09-16T21:52:41Z</time>
      </trkpt>
      <trkpt lat="46.330640958622098" lon="11.307732034474611">
        <ele>603.02657399999998</ele>
        <time>2026-09-16T21:52:59Z</time>
      </trkpt>
      <trkpt lat="46.330697033554316" lon="11.307953987270594">
        <ele>605.09687099999996</ele>
        <time>2026-09-16T21:53:16Z</time>
      </trkpt>
      <trkpt lat="46.33072997443378" lon="11.308382973074913">
        <ele>608.46866799999998</ele>
        <time>2026-09-16T21:53:46Z</time>
      </trkpt>
      <trkpt lat="46.330765010789037" lon="11.309367008507252">
        <ele>611.90695400000004</ele>
        <time>2026-09-16T21:54:39Z</time>
      </trkpt>
      <trkpt lat="46.330839022994041" lon="11.309714019298553">
        <ele>613.17426799999998</ele>
        <time>2026-09-16T21:54:50Z</time>
      </trkpt>
      <trkpt lat="46.330840028822422" lon="11.309714019298553">
        <ele>613.17932199999996</ele>
        <time>2026-09-16T21:54:50Z</time>
      </trkpt>
      <trkpt lat="46.330856960266829" lon="11.30975098349154">
        <ele>613.33440700000006</ele>
        <time>2026-09-16T21:54:50Z</time>
      </trkpt>
      <trkpt lat="46.33087900467217" lon="11.309784008190036">
        <ele>613.49447699999996</ele>
        <time>2026-09-16T21:54:51Z</time>
      </trkpt>
      <trkpt lat="46.331112189218402" lon="11.310328748077154">
        <ele>614.23707899999999</ele>
        <time>2026-09-16T21:55:18Z</time>
      </trkpt>
      <trkpt lat="46.331314276903868" lon="11.31052547134459">
        <ele>614.08490900000004</ele>
        <time>2026-09-16T21:55:18Z</time>
      </trkpt>
      <trkpt lat="46.331597249954939" lon="11.310567213222384">
        <ele>613.93273899999997</ele>
        <time>2026-09-16T21:55:19Z</time>
      </trkpt>
      <trkpt lat="46.331866811960936" lon="11.31043603643775">
        <ele>613.78656100000001</ele>
        <time>2026-09-16T21:55:19Z</time>
      </trkpt>
      <trkpt lat="46.332125980407" lon="11.309966985136271">
        <ele>613.49166300000002</ele>
        <time>2026-09-16T21:55:20Z</time>
      </trkpt>
      <trkpt lat="46.332295965403318" lon="11.309644030407071">
        <ele>611.71657500000003</ele>
        <time>2026-09-16T21:55:23Z</time>
      </trkpt>
      <trkpt lat="46.332666026428342" lon="11.309045981615782">
        <ele>608.20709199999999</ele>
        <time>2026-09-16T21:55:31Z</time>
      </trkpt>
      <trkpt lat="46.33298403583467" lon="11.308703999966383">
        <ele>605.923362</ele>
        <time>2026-09-16T21:55:37Z</time>
      </trkpt>
      <trkpt lat="46.333249993622303" lon="11.308639040216804">
        <ele>606.10176899999999</ele>
        <time>2026-09-16T21:55:42Z</time>
      </trkpt>
      <trkpt lat="46.333819963037968" lon="11.308973981067538">
        <ele>606.50859700000001</ele>
        <time>2026-09-16T21:55:56Z</time>
      </trkpt>
      <trkpt lat="46.334394961595535" lon="11.309190988540649">
        <ele>606.90157499999998</ele>
        <time>2026-09-16T21:56:13Z</time>
      </trkpt>
      <trkpt lat="46.334990998730063" lon="11.309371031820774">
        <ele>608.91422299999999</ele>
        <time>2026-09-16T21:56:29Z</time>
      </trkpt>
      <trkpt lat="46.335554011166096" lon="11.30944998934865">
        <ele>612.12313500000005</ele>
        <time>2026-09-16T21:56:49Z</time>
      </trkpt>
      <trkpt lat="46.335801025852561" lon="11.309589967131615">
        <ele>613.62786900000003</ele>
        <time>2026-09-16T21:57:02Z</time>
      </trkpt>
      <trkpt lat="46.335968999192119" lon="11.309735979884863">
        <ele>614.73935200000005</ele>
        <time>2026-09-16T21:57:13Z</time>
      </trkpt>
      <trkpt lat="46.336182989180088" lon="11.310022976249456">
        <ele>616.39391899999998</ele>
        <time>2026-09-16T21:57:31Z</time>
      </trkpt>
      <trkpt lat="46.336448024958372" lon="11.310537038370967">
        <ele>619.73032899999998</ele>
        <time>2026-09-16T21:57:59Z</time>
      </trkpt>
      <trkpt lat="46.336674001067877" lon="11.311133997514844">
        <ele>623.76082699999995</ele>
        <time>2026-09-16T21:58:28Z</time>
      </trkpt>
      <trkpt lat="46.336795035749674" lon="11.311357961967587">
        <ele>625.44448699999998</ele>
        <time>2026-09-16T21:58:41Z</time>
      </trkpt>
      <trkpt lat="46.337135005742311" lon="11.311866994947195">
        <ele>629.63705300000004</ele>
        <time>2026-09-16T21:59:08Z</time>
      </trkpt>
      <trkpt lat="46.337506994605064" lon="11.312378039583564">
        <ele>633.81103399999995</ele>
        <time>2026-09-16T21:59:34Z</time>
      </trkpt>
      <trkpt lat="46.338100014254451" lon="11.313070971518755">
        <ele>639.24191499999995</ele>
        <time>2026-09-16T22:00:13Z</time>
      </trkpt>
      <trkpt lat="46.338494969531894" lon="11.313569024205208">
        <ele>642.97448199999997</ele>
        <time>2026-09-16T22:00:41Z</time>
      </trkpt>
      <trkpt lat="46.338770985603333" lon="11.31400496698916">
        <ele>645.73867399999995</ele>
        <time>2026-09-16T22:01:03Z</time>
      </trkpt>
      <trkpt lat="46.338952034711838" lon="11.314343009144068">
        <ele>646.95575299999996</ele>
        <time>2026-09-16T22:01:16Z</time>
      </trkpt>
      <trkpt lat="46.339201983064413" lon="11.314895963296294">
        <ele>648.83648800000003</ele>
        <time>2026-09-16T22:01:35Z</time>
      </trkpt>
      <trkpt lat="46.339300973340869" lon="11.315125962719321">
        <ele>649.60766100000001</ele>
        <time>2026-09-16T22:01:42Z</time>
      </trkpt>
      <trkpt lat="46.339529966935515" lon="11.315402984619141">
        <ele>650.837222</ele>
        <time>2026-09-16T22:01:52Z</time>
      </trkpt>
      <trkpt lat="46.339698024094105" lon="11.31555100902915">
        <ele>651.64758200000006</ele>
        <time>2026-09-16T22:02:01Z</time>
      </trkpt>
      <trkpt lat="46.339894998818636" lon="11.315603982657194">
        <ele>652.47334599999999</ele>
        <time>2026-09-16T22:02:10Z</time>
      </trkpt>
      <trkpt lat="46.340001029893756" lon="11.315778996795416">
        <ele>653.07838700000002</ele>
        <time>2026-09-16T22:02:17Z</time>
      </trkpt>
      <trkpt lat="46.340029025450349" lon="11.315921992063522">
        <ele>653.37059199999999</ele>
        <time>2026-09-16T22:02:21Z</time>
      </trkpt>
      <trkpt lat="46.340163974091411" lon="11.31630496121943">
        <ele>654.21596999999997</ele>
        <time>2026-09-16T22:02:28Z</time>
      </trkpt>
      <trkpt lat="46.340343011543155" lon="11.316737970337272">
        <ele>655.20811800000001</ele>
        <time>2026-09-16T22:02:37Z</time>
      </trkpt>
      <trkpt lat="46.34037503041327" lon="11.317002000287175">
        <ele>655.73503900000003</ele>
        <time>2026-09-16T22:02:43Z</time>
      </trkpt>
      <trkpt lat="46.340964026749134" lon="11.319840028882027">
        <ele>663.05348300000003</ele>
        <time>2026-09-16T22:04:00Z</time>
      </trkpt>
      <trkpt lat="46.341024041175842" lon="11.319948993623257">
        <ele>663.44478900000001</ele>
        <time>2026-09-16T22:04:03Z</time>
      </trkpt>
      <trkpt lat="46.341464007273316" lon="11.320443022996187">
        <ele>665.65468799999996</ele>
        <time>2026-09-16T22:04:24Z</time>
      </trkpt>
      <trkpt lat="46.341578001156449" lon="11.320763966068625">
        <ele>666.50017100000002</ele>
        <time>2026-09-16T22:04:34Z</time>
      </trkpt>
      <trkpt lat="46.341916965320706" lon="11.322432970628142">
        <ele>670.57490299999995</ele>
        <time>2026-09-16T22:05:17Z</time>
      </trkpt>
      <trkpt lat="46.341972034424543" lon="11.323063960298896">
        <ele>671.59285999999997</ele>
        <time>2026-09-16T22:05:30Z</time>
      </trkpt>
      <trkpt lat="46.342065995559096" lon="11.323437038809061">
        <ele>671.76322000000005</ele>
        <time>2026-09-16T22:05:36Z</time>
      </trkpt>
      <trkpt lat="46.342192981392145" lon="11.323638958856463">
        <ele>671.88043900000002</ele>
        <time>2026-09-16T22:05:41Z</time>
      </trkpt>
      <trkpt lat="46.342407977208495" lon="11.323851021006703">
        <ele>672.04207499999995</ele>
        <time>2026-09-16T22:05:46Z</time>
      </trkpt>
      <trkpt lat="46.34265499189496" lon="11.323922015726566">
        <ele>672.19857200000001</ele>
        <time>2026-09-16T22:05:51Z</time>
      </trkpt>
      <trkpt lat="46.342892032116652" lon="11.323883039876819">
        <ele>672.34680900000001</ele>
        <time>2026-09-16T22:05:55Z</time>
      </trkpt>
      <trkpt lat="46.342949029058218" lon="11.32388798519969">
        <ele>672.38229799999999</ele>
        <time>2026-09-16T22:05:56Z</time>
      </trkpt>
      <trkpt lat="46.343196965754032" lon="11.323763011023402">
        <ele>672.54548699999998</ele>
        <time>2026-09-16T22:06:00Z</time>
      </trkpt>
      <trkpt lat="46.343301991000772" lon="11.323744989931583">
        <ele>672.64611500000001</ele>
        <time>2026-09-16T22:06:02Z</time>
      </trkpt>
      <trkpt lat="46.343394024297595" lon="11.323712971061468">
        <ele>673.03058699999997</ele>
        <time>2026-09-16T22:06:04Z</time>
      </trkpt>
      <trkpt lat="46.343839019536972" lon="11.323334025219083">
        <ele>675.12824999999998</ele>
        <time>2026-09-16T22:06:18Z</time>
      </trkpt>
      <trkpt lat="46.343935998156667" lon="11.323294965550303">
        <ele>675.53731500000004</ele>
        <time>2026-09-16T22:06:22Z</time>
      </trkpt>
      <trkpt lat="46.344076981768012" lon="11.323302006348968">
        <ele>676.11061099999995</ele>
        <time>2026-09-16T22:06:27Z</time>
      </trkpt>
      <trkpt lat="46.344240009784698" lon="11.323354979977012">
        <ele>676.78944899999999</ele>
        <time>2026-09-16T22:06:34Z</time>
      </trkpt>
      <trkpt lat="46.344435978680849" lon="11.323553966358304">
        <ele>677.76205200000004</ele>
        <time>2026-09-16T22:06:44Z</time>
      </trkpt>
      <trkpt lat="46.344488030299544" lon="11.323621021583676">
        <ele>678.044847</ele>
        <time>2026-09-16T22:06:47Z</time>
      </trkpt>
      <trkpt lat="46.344579979777336" lon="11.323901982977986">
        <ele>678.91725299999996</ele>
        <time>2026-09-16T22:06:57Z</time>
      </trkpt>
      <trkpt lat="46.344611998647451" lon="11.324044978246093">
        <ele>679.33893799999998</ele>
        <time>2026-09-16T22:07:03Z</time>
      </trkpt>
      <trkpt lat="46.344620967283845" lon="11.324351001530886">
        <ele>680.37316199999998</ele>
        <time>2026-09-16T22:07:14Z</time>
      </trkpt>
      <trkpt lat="46.34460998699069" lon="11.324461977928877">
        <ele>680.88140999999996</ele>
        <time>2026-09-16T22:07:18Z</time>
      </trkpt>
      <trkpt lat="46.344527006149292" lon="11.324708992615342">
        <ele>682.12648999999999</ele>
        <time>2026-09-16T22:07:29Z</time>
      </trkpt>
      <trkpt lat="46.344335982576013" lon="11.3249840028584">
        <ele>683.89456600000005</ele>
        <time>2026-09-16T22:07:43Z</time>
      </trkpt>
      <trkpt lat="46.344060972332954" lon="11.325269993394613">
        <ele>686.11723400000005</ele>
        <time>2026-09-16T22:08:01Z</time>
      </trkpt>
      <trkpt lat="46.343966005370021" lon="11.325446013361216">
        <ele>687.12983799999995</ele>
        <time>2026-09-16T22:08:09Z</time>
      </trkpt>
      <trkpt lat="46.343875983729959" lon="11.32573502138257">
        <ele>688.56681900000001</ele>
        <time>2026-09-16T22:08:20Z</time>
      </trkpt>
      <trkpt lat="46.342969983816147" lon="11.327167991548777">
        <ele>698.52149999999995</ele>
        <time>2026-09-16T22:10:42Z</time>
      </trkpt>
      <trkpt lat="46.342723974958062" lon="11.32683196105063">
        <ele>699.27439200000003</ele>
        <time>2026-09-16T22:10:52Z</time>
      </trkpt>
      <trkpt lat="46.342576034367085" lon="11.326400963589549">
        <ele>700.01437799999997</ele>
        <time>2026-09-16T22:11:01Z</time>
      </trkpt>
      <trkpt lat="46.34250202216208" lon="11.326198037713766">
        <ele>700.36727099999996</ele>
        <time>2026-09-16T22:11:08Z</time>
      </trkpt>
      <trkpt lat="46.342431027442217" lon="11.326128970831633">
        <ele>700.55765599999995</ele>
        <time>2026-09-16T22:11:12Z</time>
      </trkpt>
      <trkpt lat="46.342251989990473" lon="11.326117990538478">
        <ele>700.530033</ele>
        <time>2026-09-16T22:11:18Z</time>
      </trkpt>
      <trkpt lat="46.342092985287309" lon="11.326103992760181">
        <ele>700.37304900000004</ele>
        <time>2026-09-16T22:11:20Z</time>
      </trkpt>
      <trkpt lat="46.341991983354092" lon="11.326041966676712">
        <ele>700.26494500000001</ele>
        <time>2026-09-16T22:11:23Z</time>
      </trkpt>
      <trkpt lat="46.341938003897667" lon="11.325977006927133">
        <ele>700.19575199999997</ele>
        <time>2026-09-16T22:11:25Z</time>
      </trkpt>
      <trkpt lat="46.34194697253406" lon="11.325960997492075">
        <ele>700.18171099999995</ele>
        <time>2026-09-16T22:11:25Z</time>
      </trkpt>
      <trkpt lat="46.341899028047919" lon="11.325913975015283">
        <ele>700.12461299999995</ele>
        <time>2026-09-16T22:11:26Z</time>
      </trkpt>
      <trkpt lat="46.341858962550759" lon="11.325869970023632">
        <ele>700.07511499999998</ele>
        <time>2026-09-16T22:11:28Z</time>
      </trkpt>
      <trkpt lat="46.341820992529392" lon="11.325815990567207">
        <ele>700.02265399999999</ele>
        <time>2026-09-16T22:11:29Z</time>
      </trkpt>
      <trkpt lat="46.341787967830896" lon="11.325766034424305">
        <ele>699.97559200000001</ele>
        <time>2026-09-16T22:11:30Z</time>
      </trkpt>
      <trkpt lat="46.341765001416206" lon="11.325725968927145">
        <ele>699.94017499999995</ele>
        <time>2026-09-16T22:11:30Z</time>
      </trkpt>
      <trkpt lat="46.341754021123052" lon="11.325696967542171">
        <ele>699.91766299999995</ele>
        <time>2026-09-16T22:11:31Z</time>
      </trkpt>
      <trkpt lat="46.341748991981149" lon="11.325680036097765">
        <ele>699.90509199999997</ele>
        <time>2026-09-16T22:11:31Z</time>
      </trkpt>
      <trkpt lat="46.341746980324388" lon="11.32567198947072">
        <ele>699.89930300000003</ele>
        <time>2026-09-16T22:11:31Z</time>
      </trkpt>
      <trkpt lat="46.341746980324388" lon="11.325669977813959">
        <ele>699.89794199999994</ele>
        <time>2026-09-16T22:11:31Z</time>
      </trkpt>
      <trkpt lat="46.341745974496007" lon="11.325665032491088">
        <ele>699.89440100000002</ele>
        <time>2026-09-16T22:11:31Z</time>
      </trkpt>
      <trkpt lat="46.341746980324388" lon="11.325655980035663">
        <ele>699.88819899999999</ele>
        <time>2026-09-16T22:11:32Z</time>
      </trkpt>
      <trkpt lat="46.341746980324388" lon="11.325639970600605">
        <ele>699.87731299999996</ele>
        <time>2026-09-16T22:11:32Z</time>
      </trkpt>
      <trkpt lat="46.341746980324388" lon="11.32560602389276">
        <ele>699.85418200000004</ele>
        <time>2026-09-16T22:11:32Z</time>
      </trkpt>
      <trkpt lat="46.341734994202852" lon="11.325560007244349">
        <ele>699.82072600000004</ele>
        <time>2026-09-16T22:11:33Z</time>
      </trkpt>
      <trkpt lat="46.341720996424556" lon="11.325504016131163">
        <ele>699.78020500000002</ele>
        <time>2026-09-16T22:11:34Z</time>
      </trkpt>
      <trkpt lat="46.341699035838246" lon="11.325441990047693">
        <ele>699.73277800000005</ele>
        <time>2026-09-16T22:11:35Z</time>
      </trkpt>
      <trkpt lat="46.341683026403189" lon="11.325380969792604">
        <ele>699.68838300000004</ele>
        <time>2026-09-16T22:11:36Z</time>
      </trkpt>
      <trkpt lat="46.341671040281653" lon="11.325309975072742">
        <ele>699.63865199999998</ele>
        <time>2026-09-16T22:11:37Z</time>
      </trkpt>
      <trkpt lat="46.341670034453273" lon="11.325246021151543">
        <ele>699.59509800000001</ele>
        <time>2026-09-16T22:11:38Z</time>
      </trkpt>
      <trkpt lat="46.341677997261286" lon="11.325205033645034">
        <ele>699.56611099999998</ele>
        <time>2026-09-16T22:11:39Z</time>
      </trkpt>
      <trkpt lat="46.341700963675976" lon="11.325163040310144">
        <ele>699.52963799999998</ele>
        <time>2026-09-16T22:11:39Z</time>
      </trkpt>
      <trkpt lat="46.341737005859613" lon="11.325115012004972">
        <ele>699.48141899999996</ele>
        <time>2026-09-16T22:11:40Z</time>
      </trkpt>
      <trkpt lat="46.341775981709361" lon="11.325071007013321">
        <ele>699.43270199999995</ele>
        <time>2026-09-16T22:11:41Z</time>
      </trkpt>
      <trkpt lat="46.341806994751096" lon="11.325031025335193">
        <ele>699.39178800000002</ele>
        <time>2026-09-16T22:11:42Z</time>
      </trkpt>
      <trkpt lat="46.341826021671295" lon="11.3249840028584">
        <ele>699.35473300000001</ele>
        <time>2026-09-16T22:11:43Z</time>
      </trkpt>
      <trkpt lat="46.341833984479308" lon="11.324933962896466">
        <ele>699.31981399999995</ele>
        <time>2026-09-16T22:11:44Z</time>
      </trkpt>
      <trkpt lat="46.341823004186153" lon="11.324883000925183">
        <ele>699.28346299999998</ele>
        <time>2026-09-16T22:11:45Z</time>
      </trkpt>
      <trkpt lat="46.341800959780812" lon="11.324836984276772">
        <ele>699.24539100000004</ele>
        <time>2026-09-16T22:11:46Z</time>
      </trkpt>
      <trkpt lat="46.341777993366122" lon="11.32479096762836">
        <ele>699.20674899999995</ele>
        <time>2026-09-16T22:11:46Z</time>
      </trkpt>
      <trkpt lat="46.341755026951432" lon="11.32474796846509">
        <ele>699.16974100000004</ele>
        <time>2026-09-16T22:11:47Z</time>
      </trkpt>
      <trkpt lat="46.341729965060949" lon="11.324698012322187">
        <ele>699.12773800000002</ele>
        <time>2026-09-16T22:11:48Z</time>
      </trkpt>
      <trkpt lat="46.341700041666627" lon="11.324633974581957">
        <ele>699.075108</ele>
        <time>2026-09-16T22:11:49Z</time>
      </trkpt>
      <trkpt lat="46.341672968119383" lon="11.324570020660758">
        <ele>699.02407900000003</ele>
        <time>2026-09-16T22:11:50Z</time>
      </trkpt>
      <trkpt lat="46.341645978391171" lon="11.324500031769276">
        <ele>698.96952599999997</ele>
        <time>2026-09-16T22:11:52Z</time>
      </trkpt>
      <trkpt lat="46.341615971177816" lon="11.324439011514187">
        <ele>698.91857000000005</ele>
        <time>2026-09-16T22:11:53Z</time>
      </trkpt>
      <trkpt lat="46.34157900698483" lon="11.324375979602337">
        <ele>699.01400799999999</ele>
        <time>2026-09-16T22:11:54Z</time>
      </trkpt>
      <trkpt lat="46.341533996164799" lon="11.324305990710855">
        <ele>699.32800799999995</ele>
        <time>2026-09-16T22:11:55Z</time>
      </trkpt>
      <trkpt lat="46.341543970629573" lon="11.324292998760939">
        <ele>699.39190299999996</ele>
        <time>2026-09-16T22:11:56Z</time>
      </trkpt>
      <trkpt lat="46.341361999511719" lon="11.323996027931571">
        <ele>700.69559900000002</ele>
        <time>2026-09-16T22:12:03Z</time>
      </trkpt>
      <trkpt lat="46.341182040050626" lon="11.323626972734928">
        <ele>702.17885100000001</ele>
        <time>2026-09-16T22:12:15Z</time>
      </trkpt>
      <trkpt lat="46.340826982632279" lon="11.32317803800106">
        <ele>704.41991399999995</ele>
        <time>2026-09-16T22:12:38Z</time>
      </trkpt>
      <trkpt lat="46.34016003459692" lon="11.322184028103948">
        <ele>708.17582300000004</ele>
        <time>2026-09-16T22:13:22Z</time>
      </trkpt>
      <trkpt lat="46.339771030470729" lon="11.320840995758772">
        <ele>710.47235000000001</ele>
        <time>2026-09-16T22:13:49Z</time>
      </trkpt>
      <trkpt lat="46.339505994692445" lon="11.320162983611226">
        <ele>711.50203599999998</ele>
        <time>2026-09-16T22:13:58Z</time>
      </trkpt>
      <trkpt lat="46.339416978880763" lon="11.31993399001658">
        <ele>711.37233800000001</ele>
        <time>2026-09-16T22:14:01Z</time>
      </trkpt>
      <trkpt lat="46.339160995557904" lon="11.319442978128791">
        <ele>711.068669</ele>
        <time>2026-09-16T22:14:07Z</time>
      </trkpt>
      <trkpt lat="46.338679036125541" lon="11.318780975416303">
        <ele>710.59382400000004</ele>
        <time>2026-09-16T22:14:15Z</time>
      </trkpt>
      <trkpt lat="46.338512990623713" lon="11.318346038460732">
        <ele>710.34851800000001</ele>
        <time>2026-09-16T22:14:22Z</time>
      </trkpt>
      <trkpt lat="46.338407965376973" lon="11.318167001008987">
        <ele>710.493379</ele>
        <time>2026-09-16T22:14:26Z</time>
      </trkpt>
      <trkpt lat="46.338278967887163" lon="11.31799902766943">
        <ele>711.41110800000001</ele>
        <time>2026-09-16T22:14:31Z</time>
      </trkpt>
      <trkpt lat="46.338084004819393" lon="11.317843962460756">
        <ele>712.58783100000005</ele>
        <time>2026-09-16T22:14:37Z</time>
      </trkpt>
      <trkpt lat="46.337837995961308" lon="11.317382035776973">
        <ele>714.71878700000002</ele>
        <time>2026-09-16T22:14:53Z</time>
      </trkpt>
      <trkpt lat="46.337581006810069" lon="11.31709897890687">
        <ele>716.42667400000005</ele>
        <time>2026-09-16T22:15:08Z</time>
      </trkpt>
      <trkpt lat="46.337377997115254" lon="11.316932011395693">
        <ele>717.66172200000005</ele>
        <time>2026-09-16T22:15:20Z</time>
      </trkpt>
      <trkpt lat="46.337305996567011" lon="11.316924970597029">
        <ele>718.04347499999994</ele>
        <time>2026-09-16T22:15:25Z</time>
      </trkpt>
      <trkpt lat="46.337113967165351" lon="11.316808965057135">
        <ele>719.14402199999995</ele>
        <time>2026-09-16T22:15:36Z</time>
      </trkpt>
      <trkpt lat="46.336318021640182" lon="11.315867006778717">
        <ele>725.33486400000004</ele>
        <time>2026-09-16T22:16:27Z</time>
      </trkpt>
      <trkpt lat="46.335516963154078" lon="11.314621958881617">
        <ele>732.34965099999999</ele>
        <time>2026-09-16T22:17:13Z</time>
      </trkpt>
      <trkpt lat="46.335222003981471" lon="11.314242007210851">
        <ele>734.52205400000003</ele>
        <time>2026-09-16T22:17:30Z</time>
      </trkpt>
      <trkpt lat="46.335119996219873" lon="11.314195990562439">
        <ele>735.10990400000003</ele>
        <time>2026-09-16T22:17:35Z</time>
      </trkpt>
      <trkpt lat="46.334723029285669" lon="11.314251981675625">
        <ele>737.30479200000002</ele>
        <time>2026-09-16T22:17:53Z</time>
      </trkpt>
      <trkpt lat="46.334625966846943" lon="11.314315013587475">
        <ele>737.88976000000002</ele>
        <time>2026-09-16T22:17:58Z</time>
      </trkpt>
      <trkpt lat="46.33457500487566" lon="11.314383996650577">
        <ele>738.27378999999996</ele>
        <time>2026-09-16T22:18:01Z</time>
      </trkpt>
      <trkpt lat="46.334510967135429" lon="11.314443005248904">
        <ele>738.69124699999998</ele>
        <time>2026-09-16T22:18:04Z</time>
      </trkpt>
      <trkpt lat="46.334193963557482" lon="11.314649032428861">
        <ele>740.60312299999998</ele>
        <time>2026-09-16T22:18:21Z</time>
      </trkpt>
      <trkpt lat="46.334035964682698" lon="11.31471298635006">
        <ele>741.66679399999998</ele>
        <time>2026-09-16T22:18:29Z</time>
      </trkpt>
      <trkpt lat="46.333862962201238" lon="11.314731007441878">
        <ele>742.80782399999998</ele>
        <time>2026-09-16T22:18:37Z</time>
      </trkpt>
      <trkpt lat="46.33319903165102" lon="11.314704017713666">
        <ele>747.17773299999999</ele>
        <time>2026-09-16T22:19:07Z</time>
      </trkpt>
      <trkpt lat="46.333002978935838" lon="11.314795967191458">
        <ele>748.53316500000005</ele>
        <time>2026-09-16T22:19:18Z</time>
      </trkpt>
      <trkpt lat="46.332892002537847" lon="11.314917001873255">
        <ele>749.44711700000005</ele>
        <time>2026-09-16T22:19:26Z</time>
      </trkpt>
      <trkpt lat="46.332786977291107" lon="11.315098972991109">
        <ele>750.52441499999998</ele>
        <time>2026-09-16T22:19:35Z</time>
      </trkpt>
      <trkpt lat="46.332735009491444" lon="11.315262001007795">
        <ele>751.34002099999998</ele>
        <time>2026-09-16T22:19:42Z</time>
      </trkpt>
      <trkpt lat="46.332722017541528" lon="11.315386975184083">
        <ele>751.91421500000001</ele>
        <time>2026-09-16T22:19:48Z</time>
      </trkpt>
      <trkpt lat="46.332729058340192" lon="11.315798358991742">
        <ele>752.02751699999999</ele>
        <time>2026-09-16T22:19:48Z</time>
      </trkpt>
      <trkpt lat="46.33287456817925" lon="11.316116703674197">
        <ele>752.15138200000001</ele>
        <time>2026-09-16T22:19:49Z</time>
      </trkpt>
      <trkpt lat="46.333109010010958" lon="11.316309822723269">
        <ele>752.27524700000004</ele>
        <time>2026-09-16T22:19:49Z</time>
      </trkpt>
      <trkpt lat="46.33340816013515" lon="11.316284844651818">
        <ele>752.39911199999995</ele>
        <time>2026-09-16T22:19:49Z</time>
      </trkpt>
      <trkpt lat="46.333610331639647" lon="11.316120307892561">
        <ele>752.52471200000002</ele>
        <time>2026-09-16T22:19:50Z</time>
      </trkpt>
      <trkpt lat="46.333827003836632" lon="11.315783020108938">
        <ele>757.57765300000005</ele>
        <time>2026-09-16T22:20:15Z</time>
      </trkpt>
      <trkpt lat="46.333852987736464" lon="11.315773967653513">
        <ele>757.69861600000002</ele>
        <time>2026-09-16T22:20:15Z</time>
      </trkpt>
      <trkpt lat="46.333890035748482" lon="11.315724011510611">
        <ele>757.92028600000003</ele>
        <time>2026-09-16T22:20:16Z</time>
      </trkpt>
      <trkpt lat="46.333908978849649" lon="11.315697021782398">
        <ele>758.03682100000003</ele>
        <time>2026-09-16T22:20:17Z</time>
      </trkpt>
      <trkpt lat="46.333922976627946" lon="11.315665002912283">
        <ele>758.15133400000002</ele>
        <time>2026-09-16T22:20:17Z</time>
      </trkpt>
      <trkpt lat="46.333992965519428" lon="11.315600965172052">
        <ele>758.51374799999996</ele>
        <time>2026-09-16T22:20:19Z</time>
      </trkpt>
      <trkpt lat="46.334234029054642" lon="11.3154879771173">
        <ele>759.62275699999998</ele>
        <time>2026-09-16T22:20:26Z</time>
      </trkpt>
      <trkpt lat="46.334405019879341" lon="11.315493006259203">
        <ele>760.37154599999997</ele>
        <time>2026-09-16T22:20:31Z</time>
      </trkpt>
      <trkpt lat="46.334583973512053" lon="11.315586967393756">
        <ele>761.25512900000001</ele>
        <time>2026-09-16T22:20:36Z</time>
      </trkpt>
      <trkpt lat="46.335229966789484" lon="11.316149979829788">
        <ele>764.75833299999999</ele>
        <time>2026-09-16T22:21:02Z</time>
      </trkpt>
      <trkpt lat="46.335353013128042" lon="11.316292975097895">
        <ele>765.49121100000002</ele>
        <time>2026-09-16T22:21:09Z</time>
      </trkpt>
      <trkpt lat="46.335526015609503" lon="11.316610984504223">
        <ele>766.79004599999996</ele>
        <time>2026-09-16T22:21:23Z</time>
      </trkpt>
      <trkpt lat="46.335699018090963" lon="11.317197969183326">
        <ele>768.87329599999998</ele>
        <time>2026-09-16T22:21:44Z</time>
      </trkpt>
      <trkpt lat="46.335844025015831" lon="11.31752603687346">
        <ele>770.61789899999997</ele>
        <time>2026-09-16T22:21:57Z</time>
      </trkpt>
      <trkpt lat="46.33637904189527" lon="11.318582994863391">
        <ele>776.48858099999995</ele>
        <time>2026-09-16T22:22:44Z</time>
      </trkpt>
      <trkpt lat="46.336580039933324" lon="11.319048022851348">
        <ele>778.946012</ele>
        <time>2026-09-16T22:23:02Z</time>
      </trkpt>
      <trkpt lat="46.33674499578774" lon="11.319577004760504">
        <ele>781.34706900000003</ele>
        <time>2026-09-16T22:23:19Z</time>
      </trkpt>
      <trkpt lat="46.336858989670873" lon="11.31982896476984">
        <ele>782.45867799999996</ele>
        <time>2026-09-16T22:23:28Z</time>
      </trkpt>
      <trkpt lat="46.337000979110599" lon="11.320045972242951">
        <ele>783.56181800000002</ele>
        <time>2026-09-16T22:23:36Z</time>
      </trkpt>
      <trkpt lat="46.337468018755317" lon="11.320447968319058">
        <ele>786.46499700000004</ele>
        <time>2026-09-16T22:23:58Z</time>
      </trkpt>
      <trkpt lat="46.337665999308228" lon="11.32066598162055">
        <ele>787.79413</ele>
        <time>2026-09-16T22:24:08Z</time>
      </trkpt>
      <trkpt lat="46.338006975129247" lon="11.321211978793144">
        <ele>790.81076599999994</ele>
        <time>2026-09-16T22:24:30Z</time>
      </trkpt>
      <trkpt lat="46.338195987045765" lon="11.321692010387778">
        <ele>794.120135</ele>
        <time>2026-09-16T22:24:50Z</time>
      </trkpt>
      <trkpt lat="46.338435960933566" lon="11.322675039991736">
        <ele>800.364553</ele>
        <time>2026-09-16T22:25:39Z</time>
      </trkpt>
      <trkpt lat="46.338589014485478" lon="11.323201004415751">
        <ele>803.78290400000003</ele>
        <time>2026-09-16T22:26:05Z</time>
      </trkpt>
      <trkpt lat="46.338881039991975" lon="11.324070040136576">
        <ele>807.80105900000001</ele>
        <time>2026-09-16T22:26:40Z</time>
      </trkpt>
      <trkpt lat="46.339273983612657" lon="11.325033036991954">
        <ele>811.49067000000002</ele>
        <time>2026-09-16T22:27:10Z</time>
      </trkpt>
      <trkpt lat="46.339512029662728" lon="11.32575798779726">
        <ele>814.13843199999997</ele>
        <time>2026-09-16T22:27:25Z</time>
      </trkpt>
      <trkpt lat="46.339600961655378" lon="11.326149003580213">
        <ele>815.44241599999998</ele>
        <time>2026-09-16T22:27:34Z</time>
      </trkpt>
      <trkpt lat="46.339675979688764" lon="11.326683014631271">
        <ele>817.16357800000003</ele>
        <time>2026-09-16T22:27:48Z</time>
      </trkpt>
      <trkpt lat="46.33966701105237" lon="11.327096996828914">
        <ele>818.47182399999997</ele>
        <time>2026-09-16T22:28:00Z</time>
      </trkpt>
      <trkpt lat="46.339561985805631" lon="11.327387010678649">
        <ele>819.50609699999995</ele>
        <time>2026-09-16T22:28:10Z</time>
      </trkpt>
      <trkpt lat="46.339293010532856" lon="11.327716000378132">
        <ele>821.11678600000005</ele>
        <time>2026-09-16T22:28:26Z</time>
      </trkpt>
      <trkpt lat="46.339103998616338" lon="11.328073991462588">
        <ele>822.54610100000002</ele>
        <time>2026-09-16T22:28:40Z</time>
      </trkpt>
      <trkpt lat="46.339050019159913" lon="11.32829200476408">
        <ele>823.32679399999995</ele>
        <time>2026-09-16T22:28:46Z</time>
      </trkpt>
      <trkpt lat="46.339005008339882" lon="11.328617976978421">
        <ele>824.44741299999998</ele>
        <time>2026-09-16T22:28:55Z</time>
      </trkpt>
      <trkpt lat="46.338955974206328" lon="11.329255001619458">
        <ele>826.60788000000002</ele>
        <time>2026-09-16T22:29:18Z</time>
      </trkpt>
      <trkpt lat="46.338973995298147" lon="11.329496987164021">
        <ele>827.42832699999997</ele>
        <time>2026-09-16T22:29:26Z</time>
      </trkpt>
      <trkpt lat="46.339035015553236" lon="11.329694967716932">
        <ele>828.159176</ele>
        <time>2026-09-16T22:29:32Z</time>
      </trkpt>
      <trkpt lat="46.339146997779608" lon="11.329864030703902">
        <ele>828.94881799999996</ele>
        <time>2026-09-16T22:29:38Z</time>
      </trkpt>
      <trkpt lat="46.339284041896462" lon="11.329958997666836">
        <ele>829.69040900000005</ele>
        <time>2026-09-16T22:29:44Z</time>
      </trkpt>
      <trkpt lat="46.339448411017656" lon="11.329976934939623">
        <ele>830.437814</ele>
        <time>2026-09-16T22:29:47Z</time>
      </trkpt>
      <trkpt lat="46.339920060709119" lon="11.330215400084853">
        <ele>830.57053099999996</ele>
        <time>2026-09-16T22:29:48Z</time>
      </trkpt>
      <trkpt lat="46.340153580531478" lon="11.330561153590679">
        <ele>830.70324700000003</ele>
        <time>2026-09-16T22:29:48Z</time>
      </trkpt>
      <trkpt lat="46.340466979891062" lon="11.331462040543556">
        <ele>837.48946799999999</ele>
        <time>2026-09-16T22:30:22Z</time>
      </trkpt>
      <trkpt lat="46.340564964339137" lon="11.332156984135509">
        <ele>839.831323</ele>
        <time>2026-09-16T22:30:53Z</time>
      </trkpt>
      <trkpt lat="46.340656997635961" lon="11.332945972681046">
        <ele>843.00336400000003</ele>
        <time>2026-09-16T22:31:25Z</time>
      </trkpt>
      <trkpt lat="46.340677030384541" lon="11.333403959870338">
        <ele>844.82311700000002</ele>
        <time>2026-09-16T22:31:44Z</time>
      </trkpt>
      <trkpt lat="46.340664960443974" lon="11.333754993975163">
        <ele>846.21665499999995</ele>
        <time>2026-09-16T22:31:57Z</time>
      </trkpt>
      <trkpt lat="46.340596983209252" lon="11.334234019741416">
        <ele>848.15579400000001</ele>
        <time>2026-09-16T22:32:15Z</time>
      </trkpt>
      <trkpt lat="46.340507967397571" lon="11.334592010825872">
        <ele>849.66462300000001</ele>
        <time>2026-09-16T22:32:29Z</time>
      </trkpt>
      <trkpt lat="46.340344017371535" lon="11.335023008286953">
        <ele>851.640759</ele>
        <time>2026-09-16T22:32:48Z</time>
      </trkpt>
      <trkpt lat="46.340134972706437" lon="11.335733961313963">
        <ele>854.75721799999997</ele>
        <time>2026-09-16T22:33:25Z</time>
      </trkpt>
      <trkpt lat="46.340123992413282" lon="11.336121037602425">
        <ele>856.31925799999999</ele>
        <time>2026-09-16T22:33:45Z</time>
      </trkpt>
      <trkpt lat="46.339965993538499" lon="11.336868032813072">
        <ele>859.47002799999996</ele>
        <time>2026-09-16T22:34:18Z</time>
      </trkpt>
      <trkpt lat="46.339973034337163" lon="11.337244966998696">
        <ele>860.61246900000003</ele>
        <time>2026-09-16T22:34:29Z</time>
      </trkpt>
      <trkpt lat="46.340030031278729" lon="11.337539004161954">
        <ele>860.37430900000004</ele>
        <time>2026-09-16T22:34:37Z</time>
      </trkpt>
      <trkpt lat="46.340130027383566" lon="11.337687028571963">
        <ele>860.21280100000001</ele>
        <time>2026-09-16T22:34:41Z</time>
      </trkpt>
      <trkpt lat="46.340428004041314" lon="11.337899006903172">
        <ele>859.83774800000003</ele>
        <time>2026-09-16T22:34:49Z</time>
      </trkpt>
      <trkpt lat="46.340910969302058" lon="11.338183991611004">
        <ele>859.24858099999994</ele>
        <time>2026-09-16T22:35:02Z</time>
      </trkpt>
      <trkpt lat="46.341221015900373" lon="11.338448021560907">
        <ele>858.84234200000003</ele>
        <time>2026-09-16T22:35:08Z</time>
      </trkpt>
      <trkpt lat="46.341423019766808" lon="11.338762007653713">
        <ele>859.15279399999997</ele>
        <time>2026-09-16T22:35:14Z</time>
      </trkpt>
      <trkpt lat="46.341532990336418" lon="11.339058978483081">
        <ele>860.15261099999998</ele>
        <time>2026-09-16T22:35:21Z</time>
      </trkpt>
      <trkpt lat="46.341610020026565" lon="11.339425016194582">
        <ele>861.28762300000005</ele>
        <time>2026-09-16T22:35:29Z</time>
      </trkpt>
      <trkpt lat="46.341663999482989" lon="11.339823994785547">
        <ele>862.49376099999995</ele>
        <time>2026-09-16T22:35:40Z</time>
      </trkpt>
      <trkpt lat="46.341624017804861" lon="11.340341996401548">
        <ele>864.03995699999996</ele>
        <time>2026-09-16T22:35:58Z</time>
      </trkpt>
      <trkpt lat="46.341498959809542" lon="11.340892016887665">
        <ele>865.75763800000004</ele>
        <time>2026-09-16T22:36:18Z</time>
      </trkpt>
      <trkpt lat="46.341456966474652" lon="11.341227041557431">
        <ele>867.16555800000003</ele>
        <time>2026-09-16T22:36:30Z</time>
      </trkpt>
      <trkpt lat="46.341356970369816" lon="11.341486964374781">
        <ele>868.93330600000002</ele>
        <time>2026-09-16T22:36:40Z</time>
      </trkpt>
      <trkpt lat="46.341216992586851" lon="11.34169802069664">
        <ele>870.67151100000001</ele>
        <time>2026-09-16T22:36:51Z</time>
      </trkpt>
      <trkpt lat="46.340563958510756" lon="11.342264972627163">
        <ele>877.22161500000004</ele>
        <time>2026-09-16T22:37:34Z</time>
      </trkpt>
      <trkpt lat="46.339300973340869" lon="11.343270968645811">
        <ele>889.50228300000003</ele>
        <time>2026-09-16T22:39:12Z</time>
      </trkpt>
      <trkpt lat="46.339059993624687" lon="11.343501973897219">
        <ele>891.95021699999995</ele>
        <time>2026-09-16T22:39:30Z</time>
      </trkpt>
      <trkpt lat="46.338897971436381" lon="11.343845967203379">
        <ele>894.38540899999998</ele>
        <time>2026-09-16T22:39:46Z</time>
      </trkpt>
      <trkpt lat="46.33880996145308" lon="11.344114020466805">
        <ele>896.12093300000004</ele>
        <time>2026-09-16T22:39:55Z</time>
      </trkpt>
      <trkpt lat="46.338761011138558" lon="11.344434041529894">
        <ele>896.89513999999997</ele>
        <time>2026-09-16T22:40:05Z</time>
      </trkpt>
      <trkpt lat="46.3387640286237" lon="11.344692036509514">
        <ele>896.60227299999997</ele>
        <time>2026-09-16T22:40:11Z</time>
      </trkpt>
      <trkpt lat="46.338819013908505" lon="11.345025971531868">
        <ele>896.21255499999995</ele>
        <time>2026-09-16T22:40:17Z</time>
      </trkpt>
      <trkpt lat="46.338905012235045" lon="11.345340963453054">
        <ele>895.82809699999996</ele>
        <time>2026-09-16T22:40:21Z</time>
      </trkpt>
      <trkpt lat="46.339053036645055" lon="11.345603987574577">
        <ele>895.44299999999998</ele>
        <time>2026-09-16T22:40:25Z</time>
      </trkpt>
      <trkpt lat="46.339314971119165" lon="11.345919985324144">
        <ele>894.88250900000003</ele>
        <time>2026-09-16T22:40:29Z</time>
      </trkpt>
      <trkpt lat="46.339687965810299" lon="11.346222991123796">
        <ele>894.17946199999994</ele>
        <time>2026-09-16T22:40:35Z</time>
      </trkpt>
      <trkpt lat="46.340257013216615" lon="11.346585005521774">
        <ele>894.56452899999999</ele>
        <time>2026-09-16T22:40:44Z</time>
      </trkpt>
      <trkpt lat="46.340566975995898" lon="11.346738981083035">
        <ele>894.81020999999998</ele>
        <time>2026-09-16T22:40:50Z</time>
      </trkpt>
      <trkpt lat="46.340720029547811" lon="11.346895974129438">
        <ele>894.95077200000003</ele>
        <time>2026-09-16T22:40:55Z</time>
      </trkpt>
      <trkpt lat="46.340859001502395" lon="11.347217001020908">
        <ele>895.14687700000002</ele>
        <time>2026-09-16T22:41:04Z</time>
      </trkpt>
      <trkpt lat="46.340923961251974" lon="11.347642969340086">
        <ele>895.37266899999997</ele>
        <time>2026-09-16T22:41:18Z</time>
      </trkpt>
      <trkpt lat="46.340884985402226" lon="11.348615018650889">
        <ele>898.984196</ele>
        <time>2026-09-16T22:41:57Z</time>
      </trkpt>
      <trkpt lat="46.340855984017253" lon="11.348906960338354">
        <ele>900.31057599999997</ele>
        <time>2026-09-16T22:42:10Z</time>
      </trkpt>
      <trkpt lat="46.340782977640629" lon="11.349257994443178">
        <ele>901.95876999999996</ele>
        <time>2026-09-16T22:42:25Z</time>
      </trkpt>
      <trkpt lat="46.340644005686045" lon="11.349751017987728">
        <ele>904.35308899999995</ele>
        <time>2026-09-16T22:42:44Z</time>
      </trkpt>
      <trkpt lat="46.340539986267686" lon="11.350329034030437">
        <ele>907.03866900000003</ele>
        <time>2026-09-16T22:43:01Z</time>
      </trkpt>
      <trkpt lat="46.340444013476372" lon="11.351094972342253">
        <ele>906.84504300000003</ele>
        <time>2026-09-16T22:43:15Z</time>
      </trkpt>
      <trkpt lat="46.340430015698075" lon="11.351391021162271">
        <ele>906.70928700000002</ele>
        <time>2026-09-16T22:43:19Z</time>
      </trkpt>
      <trkpt lat="46.340457005426288" lon="11.351629989221692">
        <ele>906.59847500000001</ele>
        <time>2026-09-16T22:43:22Z</time>
      </trkpt>
      <trkpt lat="46.340550966560841" lon="11.351852025836706">
        <ele>906.47931300000005</ele>
        <time>2026-09-16T22:43:25Z</time>
      </trkpt>
      <trkpt lat="46.340975007042289" lon="11.352401040494442">
        <ele>906.10238800000002</ele>
        <time>2026-09-16T22:43:33Z</time>
      </trkpt>
      <trkpt lat="46.341425031423569" lon="11.35280798189342">
        <ele>906.62697200000002</ele>
        <time>2026-09-16T22:43:41Z</time>
      </trkpt>
      <trkpt lat="46.341641033068299" lon="11.352943014353514">
        <ele>907.03239299999996</ele>
        <time>2026-09-16T22:43:45Z</time>
      </trkpt>
      <trkpt lat="46.342048980295658" lon="11.353051979094744">
        <ele>907.747387</ele>
        <time>2026-09-16T22:43:54Z</time>
      </trkpt>
      <trkpt lat="46.342249978333712" lon="11.35319497436285">
        <ele>908.13330900000005</ele>
        <time>2026-09-16T22:44:02Z</time>
      </trkpt>
      <trkpt lat="46.342428009957075" lon="11.35340703651309">
        <ele>908.53044599999998</ele>
        <time>2026-09-16T22:44:12Z</time>
      </trkpt>
      <trkpt lat="46.342596989125013" lon="11.35366402566433">
        <ele>908.952719</ele>
        <time>2026-09-16T22:44:24Z</time>
      </trkpt>
      <trkpt lat="46.342732021585107" lon="11.35394498705864">
        <ele>910.36161900000002</ele>
        <time>2026-09-16T22:44:37Z</time>
      </trkpt>
      <trkpt lat="46.342792036011815" lon="11.354183033108711">
        <ele>911.79751499999998</ele>
        <time>2026-09-16T22:44:47Z</time>
      </trkpt>
      <trkpt lat="46.342794969677925" lon="11.354443039745092">
        <ele>913.27117099999998</ele>
        <time>2026-09-16T22:44:58Z</time>
      </trkpt>
      <trkpt lat="46.342737972736359" lon="11.354720983654261">
        <ele>914.91464900000005</ele>
        <time>2026-09-16T22:45:11Z</time>
      </trkpt>
      <trkpt lat="46.342600006610155" lon="11.354996999725699">
        <ele>916.84593600000005</ele>
        <time>2026-09-16T22:45:26Z</time>
      </trkpt>
      <trkpt lat="46.342289038002491" lon="11.355441994965076">
        <ele>920.43451700000003</ele>
        <time>2026-09-16T22:45:52Z</time>
      </trkpt>
      <trkpt lat="46.341702975332737" lon="11.356227966025472">
        <ele>926.98831099999995</ele>
        <time>2026-09-16T22:46:34Z</time>
      </trkpt>
      <trkpt lat="46.341594010591507" lon="11.356298038735986">
        <ele>927.966363</ele>
        <time>2026-09-16T22:46:40Z</time>
      </trkpt>
      <trkpt lat="46.341291004791856" lon="11.356418989598751">
        <ele>930.54457300000001</ele>
        <time>2026-09-16T22:46:57Z</time>
      </trkpt>
      <trkpt lat="46.340664038434625" lon="11.356600960716605">
        <ele>935.79006100000004</ele>
        <time>2026-09-16T22:47:34Z</time>
      </trkpt>
      <trkpt lat="46.34050696156919" lon="11.35658604092896">
        <ele>937.08071900000004</ele>
        <time>2026-09-16T22:47:44Z</time>
      </trkpt>
      <trkpt lat="46.34020303376019" lon="11.356458971276879">
        <ele>939.53957200000002</ele>
        <time>2026-09-16T22:48:04Z</time>
      </trkpt>
      <trkpt lat="46.339856022968888" lon="11.356216985732317">
        <ele>942.29301799999996</ele>
        <time>2026-09-16T22:48:28Z</time>
      </trkpt>
      <trkpt lat="46.339686037972569" lon="11.356198964640498">
        <ele>943.51167199999998</ele>
        <time>2026-09-16T22:48:39Z</time>
      </trkpt>
      <trkpt lat="46.339205000549555" lon="11.356332991272211">
        <ele>947.013597</ele>
        <time>2026-09-16T22:49:07Z</time>
      </trkpt>
      <trkpt lat="46.338234040886164" lon="11.356822997331619">
        <ele>951.83994099999995</ele>
        <time>2026-09-16T22:49:47Z</time>
      </trkpt>
      <trkpt lat="46.337792985141277" lon="11.357089960947633">
        <ele>952.27386300000001</ele>
        <time>2026-09-16T22:49:57Z</time>
      </trkpt>
      <trkpt lat="46.337537001818419" lon="11.35746999643743">
        <ele>952.60663699999998</ele>
        <time>2026-09-16T22:50:03Z</time>
      </trkpt>
      <trkpt lat="46.337163001298904" lon="11.357939969748259">
        <ele>953.05614700000001</ele>
        <time>2026-09-16T22:50:12Z</time>
      </trkpt>
      <trkpt lat="46.336986981332302" lon="11.358062010258436">
        <ele>953.25621599999999</ele>
        <time>2026-09-16T22:50:16Z</time>
      </trkpt>
      <trkpt lat="46.336850021034479" lon="11.3581139780581">
        <ele>953.407873</ele>
        <time>2026-09-16T22:50:19Z</time>
      </trkpt>
      <trkpt lat="46.336306035518646" lon="11.358219003304839">
        <ele>953.99555399999997</ele>
        <time>2026-09-16T22:50:31Z</time>
      </trkpt>
      <trkpt lat="46.33612004108727" lon="11.358397034928203">
        <ele>954.23427700000002</ele>
        <time>2026-09-16T22:50:37Z</time>
      </trkpt>
      <trkpt lat="46.335919965058565" lon="11.35871697217226">
        <ele>954.55340100000001</ele>
        <time>2026-09-16T22:50:45Z</time>
      </trkpt>
      <trkpt lat="46.335921976715326" lon="11.358814034610987">
        <ele>954.62514799999997</ele>
        <time>2026-09-16T22:50:47Z</time>
      </trkpt>
      <trkpt lat="46.335645960643888" lon="11.359480982646346">
        <ele>955.74231599999996</ele>
        <time>2026-09-16T22:51:03Z</time>
      </trkpt>
      <trkpt lat="46.335538001731038" lon="11.359441000968218">
        <ele>956.24586699999998</ele>
        <time>2026-09-16T22:51:06Z</time>
      </trkpt>
      <trkpt lat="46.335492990911007" lon="11.359454998746514">
        <ele>956.45377699999995</ele>
        <time>2026-09-16T22:51:07Z</time>
      </trkpt>
      <trkpt lat="46.335060987621546" lon="11.359883984550834">
        <ele>958.81982700000003</ele>
        <time>2026-09-16T22:51:21Z</time>
      </trkpt>
      <trkpt lat="46.334692016243935" lon="11.360179027542472">
        <ele>960.72372900000005</ele>
        <time>2026-09-16T22:51:39Z</time>
      </trkpt>
      <trkpt lat="46.334402002394199" lon="11.360250022262335">
        <ele>962.05229199999997</ele>
        <time>2026-09-16T22:51:55Z</time>
      </trkpt>
      <trkpt lat="46.334242997691035" lon="11.360336020588875">
        <ele>962.81897100000003</ele>
        <time>2026-09-16T22:52:05Z</time>
      </trkpt>
      <trkpt lat="46.334126992151141" lon="11.360429981723428">
        <ele>963.53247599999997</ele>
        <time>2026-09-16T22:52:12Z</time>
      </trkpt>
      <trkpt lat="46.333814011886716" lon="11.360811023041606">
        <ele>966.17328899999995</ele>
        <time>2026-09-16T22:52:34Z</time>
      </trkpt>
      <trkpt lat="46.333717033267021" lon="11.361173959448934">
        <ele>967.90912000000003</ele>
        <time>2026-09-16T22:52:49Z</time>
      </trkpt>
      <trkpt lat="46.333712004125118" lon="11.361213019117713">
        <ele>968.08601599999997</ele>
        <time>2026-09-16T22:52:50Z</time>
      </trkpt>
      <trkpt lat="46.333673028275371" lon="11.36159498244524">
        <ele>969.80809799999997</ele>
        <time>2026-09-16T22:53:05Z</time>
      </trkpt>
      <trkpt lat="46.333604967221618" lon="11.361902011558414">
        <ele>971.24591299999997</ele>
        <time>2026-09-16T22:53:17Z</time>
      </trkpt>
      <trkpt lat="46.333503965288401" lon="11.362098986282945">
        <ele>972.34016499999996</ele>
        <time>2026-09-16T22:53:25Z</time>
      </trkpt>
      <trkpt lat="46.333052013069391" lon="11.362552028149366">
        <ele>975.36713199999997</ele>
        <time>2026-09-16T22:53:45Z</time>
      </trkpt>
      <trkpt lat="46.332945981994271" lon="11.362745985388756">
        <ele>975.95349799999997</ele>
        <time>2026-09-16T22:53:50Z</time>
      </trkpt>
      <trkpt lat="46.332895020022988" lon="11.362899960950017">
        <ele>976.35831599999995</ele>
        <time>2026-09-16T22:53:54Z</time>
      </trkpt>
      <trkpt lat="46.332875993102789" lon="11.363025018945336">
        <ele>976.66168100000004</ele>
        <time>2026-09-16T22:53:57Z</time>
      </trkpt>
      <trkpt lat="46.3329410366714" lon="11.364115001633763">
        <ele>979.25477899999998</ele>
        <time>2026-09-16T22:54:22Z</time>
      </trkpt>
      <trkpt lat="46.332904994487762" lon="11.364313988015056">
        <ele>979.74236099999996</ele>
        <time>2026-09-16T22:54:27Z</time>
      </trkpt>
      <trkpt lat="46.332627972587943" lon="11.365131977945566">
        <ele>982.26611400000002</ele>
        <time>2026-09-16T22:54:50Z</time>
      </trkpt>
      <trkpt lat="46.332494029775262" lon="11.365636987611651">
        <ele>984.03810299999998</ele>
        <time>2026-09-16T22:55:05Z</time>
      </trkpt>
      <trkpt lat="46.332395039498806" lon="11.366592021659017">
        <ele>987.20113000000003</ele>
        <time>2026-09-16T22:55:33Z</time>
      </trkpt>
      <trkpt lat="46.332295965403318" lon="11.366980019956827">
        <ele>988.55596800000001</ele>
        <time>2026-09-16T22:55:45Z</time>
      </trkpt>
      <trkpt lat="46.331040021032095" lon="11.369730038568377">
        <ele>1000.843391</ele>
        <time>2026-09-16T22:57:31Z</time>
      </trkpt>
      <trkpt lat="46.33090297691524" lon="11.37008098885417">
        <ele>1001.890081</ele>
        <time>2026-09-16T22:57:42Z</time>
      </trkpt>
      <trkpt lat="46.330776996910572" lon="11.370779033750296">
        <ele>1003.762977</ele>
        <time>2026-09-16T22:57:59Z</time>
      </trkpt>
      <trkpt lat="46.330760987475514" lon="11.371022025123239">
        <ele>1004.396664</ele>
        <time>2026-09-16T22:58:04Z</time>
      </trkpt>
      <trkpt lat="46.3308360055089" lon="11.371783018112183">
        <ele>1006.392232</ele>
        <time>2026-09-16T22:58:20Z</time>
      </trkpt>
      <trkpt lat="46.330808009952307" lon="11.37205601669848">
        <ele>1007.787964</ele>
        <time>2026-09-16T22:58:26Z</time>
      </trkpt>
      <trkpt lat="46.33077003993094" lon="11.37218602001667">
        <ele>1008.592744</ele>
        <time>2026-09-16T22:58:30Z</time>
      </trkpt>
      <trkpt lat="46.330655962228775" lon="11.372404033318162">
        <ele>1010.15171</ele>
        <time>2026-09-16T22:58:37Z</time>
      </trkpt>
      <trkpt lat="46.330460999161005" lon="11.372695975005627">
        <ele>1012.467528</ele>
        <time>2026-09-16T22:58:49Z</time>
      </trkpt>
      <trkpt lat="46.330359997227788" lon="11.372698992490768">
        <ele>1013.301576</ele>
        <time>2026-09-16T22:58:54Z</time>
      </trkpt>
      <trkpt lat="46.330273998901248" lon="11.372784990817308">
        <ele>1014.164429</ele>
        <time>2026-09-16T22:59:01Z</time>
      </trkpt>
      <trkpt lat="46.330194035544991" lon="11.37293896637857">
        <ele>1015.263076</ele>
        <time>2026-09-16T22:59:09Z</time>
      </trkpt>
      <trkpt lat="46.329911984503269" lon="11.373588982969522">
        <ele>1019.63939</ele>
        <time>2026-09-16T22:59:50Z</time>
      </trkpt>
      <trkpt lat="46.329888012260199" lon="11.373796015977859">
        <ele>1020.836002</ele>
        <time>2026-09-16T23:00:02Z</time>
      </trkpt>
      <trkpt lat="46.329661030322313" lon="11.374377971515059">
        <ele>1024.57952</ele>
        <time>2026-09-16T23:00:38Z</time>
      </trkpt>
      <trkpt lat="46.329552987590432" lon="11.374633032828569">
        <ele>1026.2497619999999</ele>
        <time>2026-09-16T23:00:53Z</time>
      </trkpt>
      <trkpt lat="46.328400978818536" lon="11.376748038455844">
        <ele>1038.1360689999999</ele>
        <time>2026-09-16T23:02:18Z</time>
      </trkpt>
      <trkpt lat="46.327988002449274" lon="11.377356983721256">
        <ele>1040.095247</ele>
        <time>2026-09-16T23:02:35Z</time>
      </trkpt>
      <trkpt lat="46.326644970104098" lon="11.378706973046064">
        <ele>1043.8802559999999</ele>
        <time>2026-09-16T23:03:19Z</time>
      </trkpt>
      <trkpt lat="46.326320003718138" lon="11.378875030204654">
        <ele>1044.5042579999999</ele>
        <time>2026-09-16T23:03:28Z</time>
      </trkpt>
      <trkpt lat="46.326162004843354" lon="11.378920041024685">
        <ele>1044.7954360000001</ele>
        <time>2026-09-16T23:03:33Z</time>
      </trkpt>
      <trkpt lat="46.325601004064083" lon="11.379058007150888">
        <ele>1045.895859</ele>
        <time>2026-09-16T23:03:52Z</time>
      </trkpt>
      <trkpt lat="46.325395982712507" lon="11.379188010469079">
        <ele>1046.344411</ele>
        <time>2026-09-16T23:03:59Z</time>
      </trkpt>
      <trkpt lat="46.324632978066802" lon="11.379908015951514">
        <ele>1048.1697349999999</ele>
        <time>2026-09-16T23:04:24Z</time>
      </trkpt>
      <trkpt lat="46.323881959542632" lon="11.380921974778175">
        <ele>1050.9057170000001</ele>
        <time>2026-09-16T23:04:52Z</time>
      </trkpt>
      <trkpt lat="46.323698982596397" lon="11.381122972816229">
        <ele>1051.580215</ele>
        <time>2026-09-16T23:04:59Z</time>
      </trkpt>
      <trkpt lat="46.323585994541645" lon="11.381216011941433">
        <ele>1051.9619</ele>
        <time>2026-09-16T23:05:04Z</time>
      </trkpt>
      <trkpt lat="46.322892978787422" lon="11.381440982222557">
        <ele>1054.0474819999999</ele>
        <time>2026-09-16T23:05:33Z</time>
      </trkpt>
      <trkpt lat="46.32275702431798" lon="11.381512982770801">
        <ele>1054.1329450000001</ele>
        <time>2026-09-16T23:05:40Z</time>
      </trkpt>
      <trkpt lat="46.322640012949705" lon="11.381624964997172">
        <ele>1054.21207</ele>
        <time>2026-09-16T23:05:46Z</time>
      </trkpt>
      <trkpt lat="46.321866028010845" lon="11.382792983204126">
        <ele>1054.8427389999999</ele>
        <time>2026-09-16T23:06:12Z</time>
      </trkpt>
      <trkpt lat="46.321685984730721" lon="11.383004961535335">
        <ele>1054.9736359999999</ele>
        <time>2026-09-16T23:06:15Z</time>
      </trkpt>
      <trkpt lat="46.321106962859631" lon="11.383560011163354">
        <ele>1055.532946</ele>
        <time>2026-09-16T23:06:25Z</time>
      </trkpt>
      <trkpt lat="46.320679988712072" lon="11.384025039151311">
        <ele>1056.0035740000001</ele>
        <time>2026-09-16T23:06:34Z</time>
      </trkpt>
      <trkpt lat="46.320425011217594" lon="11.384203992784023">
        <ele>1056.2531959999999</ele>
        <time>2026-09-16T23:06:42Z</time>
      </trkpt>
      <trkpt lat="46.320141032338142" lon="11.384287979453802">
        <ele>1056.5085260000001</ele>
        <time>2026-09-16T23:06:56Z</time>
      </trkpt>
      <trkpt lat="46.319884965196252" lon="11.384285967797041">
        <ele>1057.4197590000001</ele>
        <time>2026-09-16T23:07:11Z</time>
      </trkpt>
      <trkpt lat="46.3191900216043" lon="11.384215978905559">
        <ele>1063.1144059999999</ele>
        <time>2026-09-16T23:07:56Z</time>
      </trkpt>
      <trkpt lat="46.319015007466078" lon="11.384266018867493">
        <ele>1064.572437</ele>
        <time>2026-09-16T23:08:07Z</time>
      </trkpt>
      <trkpt lat="46.318665985018015" lon="11.384511021897197">
        <ele>1067.7427660000001</ele>
        <time>2026-09-16T23:08:32Z</time>
      </trkpt>
      <trkpt lat="46.318143960088491" lon="11.384979989379644">
        <ele>1072.2352840000001</ele>
        <time>2026-09-16T23:09:03Z</time>
      </trkpt>
      <trkpt lat="46.317852018401027" lon="11.385263968259096">
        <ele>1074.032563</ele>
        <time>2026-09-16T23:09:17Z</time>
      </trkpt>
      <trkpt lat="46.317525040358305" lon="11.385667975991964">
        <ele>1076.2288960000001</ele>
        <time>2026-09-16T23:09:33Z</time>
      </trkpt>
      <trkpt lat="46.31730199791491" lon="11.386125041171908">
        <ele>1078.2034639999999</ele>
        <time>2026-09-16T23:09:49Z</time>
      </trkpt>
      <trkpt lat="46.31702296435833" lon="11.387063981965184">
        <ele>1082.059751</ele>
        <time>2026-09-16T23:10:19Z</time>
      </trkpt>
      <trkpt lat="46.316811991855502" lon="11.388168968260288">
        <ele>1086.900459</ele>
        <time>2026-09-16T23:10:53Z</time>
      </trkpt>
      <trkpt lat="46.316706966608763" lon="11.388392010703683">
        <ele>1088.0400299999999</ele>
        <time>2026-09-16T23:11:02Z</time>
      </trkpt>
      <trkpt lat="46.316588027402759" lon="11.388531988486648">
        <ele>1088.9774110000001</ele>
        <time>2026-09-16T23:11:09Z</time>
      </trkpt>
      <trkpt lat="46.316389041021466" lon="11.388682024553418">
        <ele>1090.348968</ele>
        <time>2026-09-16T23:11:20Z</time>
      </trkpt>
      <trkpt lat="46.315041985362768" lon="11.389617025852203">
        <ele>1101.564666</ele>
        <time>2026-09-16T23:12:51Z</time>
      </trkpt>
      <trkpt lat="46.313523016870022" lon="11.39070600271225">
        <ele>1110.1688730000001</ele>
        <time>2026-09-16T23:14:05Z</time>
      </trkpt>
      <trkpt lat="46.313139041885734" lon="11.390894008800387">
        <ele>1111.779264</ele>
        <time>2026-09-16T23:14:17Z</time>
      </trkpt>
      <trkpt lat="46.312999986112118" lon="11.390956034883857">
        <ele>1112.3570870000001</ele>
        <time>2026-09-16T23:14:21Z</time>
      </trkpt>
      <trkpt lat="46.312683988362551" lon="11.391201037913561">
        <ele>1112.557223</ele>
        <time>2026-09-16T23:14:29Z</time>
      </trkpt>
      <trkpt lat="46.312491036951542" lon="11.391419973224401">
        <ele>1112.551103</ele>
        <time>2026-09-16T23:14:35Z</time>
      </trkpt>
      <trkpt lat="46.311977980658412" lon="11.392165962606668">
        <ele>1112.532956</ele>
        <time>2026-09-16T23:14:48Z</time>
      </trkpt>
      <trkpt lat="46.311419997364283" lon="11.39293902553618">
        <ele>1112.008769</ele>
        <time>2026-09-16T23:15:02Z</time>
      </trkpt>
      <trkpt lat="46.311002997681499" lon="11.393741006031632">
        <ele>1110.602989</ele>
        <time>2026-09-16T23:15:16Z</time>
      </trkpt>
      <trkpt lat="46.310924962162971" lon="11.394000006839633">
        <ele>1110.207302</ele>
        <time>2026-09-16T23:15:20Z</time>
      </trkpt>
      <trkpt lat="46.310909036546946" lon="11.394337965175509">
        <ele>1109.7328439999999</ele>
        <time>2026-09-16T23:15:24Z</time>
      </trkpt>
      <trkpt lat="46.310814991593361" lon="11.394811039790511">
        <ele>1109.0435669999999</ele>
        <time>2026-09-16T23:15:28Z</time>
      </trkpt>
      <trkpt lat="46.310789007693529" lon="11.394909024238586">
        <ele>1108.8965490000001</ele>
        <time>2026-09-16T23:15:29Z</time>
      </trkpt>
      <trkpt lat="46.310627991333604" lon="11.395349996164441">
        <ele>1105.840508</ele>
        <time>2026-09-16T23:15:33Z</time>
      </trkpt>
      <trkpt lat="46.31042699329555" lon="11.396183995530009">
        <ele>1100.285335</ele>
        <time>2026-09-16T23:15:40Z</time>
      </trkpt>
      <trkpt lat="46.310379970818758" lon="11.396304024383426">
        <ele>1099.417768</ele>
        <time>2026-09-16T23:15:41Z</time>
      </trkpt>
      <trkpt lat="46.31008199416101" lon="11.396522037684917">
        <ele>1096.3778400000001</ele>
        <time>2026-09-16T23:15:44Z</time>
      </trkpt>
      <trkpt lat="46.310064978897572" lon="11.3965920265764">
        <ele>1095.9111849999999</ele>
        <time>2026-09-16T23:15:45Z</time>
      </trkpt>
      <trkpt lat="46.310001024976373" lon="11.396585991606116">
        <ele>1095.327264</ele>
        <time>2026-09-16T23:15:45Z</time>
      </trkpt>
      <trkpt lat="46.309931958094239" lon="11.396566964685917">
        <ele>1094.687776</ele>
        <time>2026-09-16T23:15:46Z</time>
      </trkpt>
      <trkpt lat="46.309833973646164" lon="11.396970972418785">
        <ele>1092.1723179999999</ele>
        <time>2026-09-16T23:15:49Z</time>
      </trkpt>
      <trkpt lat="46.309851994737983" lon="11.39704599045217">
        <ele>1091.849363</ele>
        <time>2026-09-16T23:15:50Z</time>
      </trkpt>
      <trkpt lat="46.30984797142446" lon="11.39756198041141">
        <ele>1089.7503790000001</ele>
        <time>2026-09-16T23:15:54Z</time>
      </trkpt>
      <trkpt lat="46.309919971972704" lon="11.398079982027411">
        <ele>1087.6011599999999</ele>
        <time>2026-09-16T23:15:58Z</time>
      </trkpt>
      <trkpt lat="46.309925001114607" lon="11.398478038609028">
        <ele>1085.9820130000001</ele>
        <time>2026-09-16T23:16:01Z</time>
      </trkpt>
      <trkpt lat="46.309873033314943" lon="11.398837035521865">
        <ele>1084.490008</ele>
        <time>2026-09-16T23:16:04Z</time>
      </trkpt>
      <trkpt lat="46.30969500169158" lon="11.399673968553543">
        <ele>1081.306689</ele>
        <time>2026-09-16T23:16:12Z</time>
      </trkpt>
      <trkpt lat="46.309640016406775" lon="11.40157800167799">
        <ele>1076.558086</ele>
        <time>2026-09-16T23:16:28Z</time>
      </trkpt>
      <trkpt lat="46.309646973386407" lon="11.401809006929398">
        <ele>1075.981918</ele>
        <time>2026-09-16T23:16:30Z</time>
      </trkpt>
      <trkpt lat="46.309802960604429" lon="11.40263102017343">
        <ele>1072.9278839999999</ele>
        <time>2026-09-16T23:16:37Z</time>
      </trkpt>
      <trkpt lat="46.309935981407762" lon="11.403152039274573">
        <ele>1070.7187289999999</ele>
        <time>2026-09-16T23:16:41Z</time>
      </trkpt>
      <trkpt lat="46.309899017214775" lon="11.403326969593763">
        <ele>1069.9908270000001</ele>
        <time>2026-09-16T23:16:43Z</time>
      </trkpt>
      <trkpt lat="46.309726014733315" lon="11.403459990397096">
        <ele>1068.8629679999999</ele>
        <time>2026-09-16T23:16:45Z</time>
      </trkpt>
      <trkpt lat="46.30958603695035" lon="11.403415985405445">
        <ele>1068.038086</ele>
        <time>2026-09-16T23:16:47Z</time>
      </trkpt>
      <trkpt lat="46.309434995055199" lon="11.403244994580746">
        <ele>1066.934231</ele>
        <time>2026-09-16T23:16:49Z</time>
      </trkpt>
      <trkpt lat="46.308876005932689" lon="11.402834029868245">
        <ele>1062.6887300000001</ele>
        <time>2026-09-16T23:16:56Z</time>
      </trkpt>
      <trkpt lat="46.308780033141375" lon="11.402791030704975">
        <ele>1061.898408</ele>
        <time>2026-09-16T23:16:57Z</time>
      </trkpt>
      <trkpt lat="46.308397985994816" lon="11.402887003496289">
        <ele>1058.8491710000001</ele>
        <time>2026-09-16T23:17:01Z</time>
      </trkpt>
      <trkpt lat="46.308046029880643" lon="11.403134018182755">
        <ele>1055.772727</ele>
        <time>2026-09-16T23:17:05Z</time>
      </trkpt>
      <trkpt lat="46.307927006855607" lon="11.403171988204122">
        <ele>1054.814333</ele>
        <time>2026-09-16T23:17:07Z</time>
      </trkpt>
      <trkpt lat="46.307720979675651" lon="11.403158996254206">
        <ele>1053.1926719999999</ele>
        <time>2026-09-16T23:17:09Z</time>
      </trkpt>
      <trkpt lat="46.307687032967806" lon="11.403111973777413">
        <ele>1052.82294</ele>
        <time>2026-09-16T23:17:09Z</time>
      </trkpt>
      <trkpt lat="46.307577984407544" lon="11.403281958773732">
        <ele>1051.562833</ele>
        <time>2026-09-16T23:17:13Z</time>
      </trkpt>
      <trkpt lat="46.307454016059637" lon="11.403282964602113">
        <ele>1050.627808</ele>
        <time>2026-09-16T23:17:15Z</time>
      </trkpt>
      <trkpt lat="46.307386960834265" lon="11.403227979317307">
        <ele>1050.096356</ele>
        <time>2026-09-16T23:17:17Z</time>
      </trkpt>
      <trkpt lat="46.30735301412642" lon="11.40312597155571">
        <ele>1049.5565409999999</ele>
        <time>2026-09-16T23:17:19Z</time>
      </trkpt>
      <trkpt lat="46.307306997478008" lon="11.403014995157719">
        <ele>1048.939566</ele>
        <time>2026-09-16T23:17:21Z</time>
      </trkpt>
      <trkpt lat="46.3072469830513" lon="11.40293201431632">
        <ele>1048.366939</ele>
        <time>2026-09-16T23:17:22Z</time>
      </trkpt>
      <trkpt lat="46.307176994159818" lon="11.402875017374754">
        <ele>1047.8127750000001</ele>
        <time>2026-09-16T23:17:24Z</time>
      </trkpt>
      <trkpt lat="46.307083033025265" lon="11.402839981019497">
        <ele>1047.1430700000001</ele>
        <time>2026-09-16T23:17:26Z</time>
      </trkpt>
      <trkpt lat="46.307012960314751" lon="11.402813997119665">
        <ele>1046.6444289999999</ele>
        <time>2026-09-16T23:17:28Z</time>
      </trkpt>
      <trkpt lat="46.306955041363835" lon="11.402792958542705">
        <ele>1046.2319050000001</ele>
        <time>2026-09-16T23:17:29Z</time>
      </trkpt>
      <trkpt lat="46.306885974481702" lon="11.402774015441537">
        <ele>1045.7472720000001</ele>
        <time>2026-09-16T23:17:31Z</time>
      </trkpt>
      <trkpt lat="46.306806011125445" lon="11.402754988521338">
        <ele>1045.1878979999999</ele>
        <time>2026-09-16T23:17:32Z</time>
      </trkpt>
      <trkpt lat="46.306726969778538" lon="11.402723975479603">
        <ele>1044.6231310000001</ele>
        <time>2026-09-16T23:17:34Z</time>
      </trkpt>
      <trkpt lat="46.306655975058675" lon="11.40267301350832">
        <ele>1044.076239</ele>
        <time>2026-09-16T23:17:36Z</time>
      </trkpt>
      <trkpt lat="46.306595038622618" lon="11.402599001303315">
        <ele>1043.5270909999999</ele>
        <time>2026-09-16T23:17:38Z</time>
      </trkpt>
      <trkpt lat="46.306532006710768" lon="11.402475032955408">
        <ele>1042.7934069999999</ele>
        <time>2026-09-16T23:17:40Z</time>
      </trkpt>
      <trkpt lat="46.306490013375878" lon="11.402347041293979">
        <ele>1042.1179689999999</ele>
        <time>2026-09-16T23:17:42Z</time>
      </trkpt>
      <trkpt lat="46.306475009769201" lon="11.402247967198491">
        <ele>1041.634871</ele>
        <time>2026-09-16T23:17:43Z</time>
      </trkpt>
      <trkpt lat="46.306465035304427" lon="11.402140008285642">
        <ele>1041.115487</ele>
        <time>2026-09-16T23:17:45Z</time>
      </trkpt>
      <trkpt lat="46.306461011990905" lon="11.40202802605927">
        <ele>1040.5809280000001</ele>
        <time>2026-09-16T23:17:47Z</time>
      </trkpt>
      <trkpt lat="46.306466041132808" lon="11.401927024126053">
        <ele>1040.098279</ele>
        <time>2026-09-16T23:17:48Z</time>
      </trkpt>
      <trkpt lat="46.306483978405595" lon="11.401824010536075">
        <ele>1039.5918650000001</ele>
        <time>2026-09-16T23:17:50Z</time>
      </trkpt>
      <trkpt lat="46.306505016982555" lon="11.401728037744761">
        <ele>1039.111889</ele>
        <time>2026-09-16T23:17:51Z</time>
      </trkpt>
      <trkpt lat="46.30651599727571" lon="11.401645978912711">
        <ele>1038.7137359999999</ele>
        <time>2026-09-16T23:17:52Z</time>
      </trkpt>
      <trkpt lat="46.306525971740484" lon="11.401558974757791">
        <ele>1038.292631</ele>
        <time>2026-09-16T23:17:54Z</time>
      </trkpt>
      <trkpt lat="46.306539969518781" lon="11.40146903693676">
        <ele>1037.8514070000001</ele>
        <time>2026-09-16T23:17:55Z</time>
      </trkpt>
      <trkpt lat="46.306550027802587" lon="11.401383960619569">
        <ele>1037.439022</ele>
        <time>2026-09-16T23:17:56Z</time>
      </trkpt>
      <trkpt lat="46.306554973125458" lon="11.401301985606551">
        <ele>1037.045314</ele>
        <time>2026-09-16T23:17:58Z</time>
      </trkpt>
      <trkpt lat="46.306547010317445" lon="11.401216993108392">
        <ele>1036.6350259999999</ele>
        <time>2026-09-16T23:17:59Z</time>
      </trkpt>
      <trkpt lat="46.306547010317445" lon="11.401216993108392">
        <ele>1036.6350259999999</ele>
        <time>2026-09-16T23:17:59Z</time>
      </trkpt>
      <trkpt lat="46.306486995890737" lon="11.40110501088202">
        <ele>1035.957161</ele>
        <time>2026-09-16T23:18:00Z</time>
      </trkpt>
      <trkpt lat="46.306307036429644" lon="11.400981964543462">
        <ele>1034.579068</ele>
        <time>2026-09-16T23:18:02Z</time>
      </trkpt>
      <trkpt lat="46.306166974827647" lon="11.400979030877352">
        <ele>1033.6096769999999</ele>
        <time>2026-09-16T23:18:04Z</time>
      </trkpt>
      <trkpt lat="46.305769002065063" lon="11.401188997551799">
        <ele>1030.6768</ele>
        <time>2026-09-16T23:18:09Z</time>
      </trkpt>
      <trkpt lat="46.305511007085443" lon="11.401396030560136">
        <ele>1028.6345269999999</ele>
        <time>2026-09-16T23:18:12Z</time>
      </trkpt>
      <trkpt lat="46.304743979126215" lon="11.401568027213216">
        <ele>1022.2681669999999</ele>
        <time>2026-09-16T23:18:20Z</time>
      </trkpt>
      <trkpt lat="46.304466035217047" lon="11.401665005832911">
        <ele>1019.584149</ele>
        <time>2026-09-16T23:18:23Z</time>
      </trkpt>
      <trkpt lat="46.303450986742973" lon="11.40233002603054">
        <ele>1009.129498</ele>
        <time>2026-09-16T23:18:35Z</time>
      </trkpt>
      <trkpt lat="46.3032509945333" lon="11.40237302519381">
        <ele>1007.339711</ele>
        <time>2026-09-16T23:18:37Z</time>
      </trkpt>
      <trkpt lat="46.303128032013774" lon="11.402399009093642">
        <ele>1006.239388</ele>
        <time>2026-09-16T23:18:38Z</time>
      </trkpt>
      <trkpt lat="46.3026690389961" lon="11.402297001332045">
        <ele>1002.128798</ele>
        <time>2026-09-16T23:18:43Z</time>
      </trkpt>
      <trkpt lat="46.302376007661223" lon="11.402291972190142">
        <ele>999.535033</ele>
        <time>2026-09-16T23:18:46Z</time>
      </trkpt>
      <trkpt lat="46.302093034610152" lon="11.402390040457249">
        <ele>996.95927600000005</ele>
        <time>2026-09-16T23:18:50Z</time>
      </trkpt>
      <trkpt lat="46.301937969401479" lon="11.402385011315346">
        <ele>995.58690200000001</ele>
        <time>2026-09-16T23:18:51Z</time>
      </trkpt>
      <trkpt lat="46.301778964698315" lon="11.402310999110341">
        <ele>994.10849800000005</ele>
        <time>2026-09-16T23:18:53Z</time>
      </trkpt>
      <trkpt lat="46.301648039370775" lon="11.402183007448912">
        <ele>992.84205999999995</ele>
        <time>2026-09-16T23:18:55Z</time>
      </trkpt>
      <trkpt lat="46.301498003304005" lon="11.40211503021419">
        <ele>991.79279899999995</ele>
        <time>2026-09-16T23:18:56Z</time>
      </trkpt>
      <trkpt lat="46.300825020298362" lon="11.402131961658597">
        <ele>987.29961100000003</ele>
        <time>2026-09-16T23:19:04Z</time>
      </trkpt>
      <trkpt lat="46.299847019836307" lon="11.402010004967451">
        <ele>981.05454499999996</ele>
        <time>2026-09-16T23:19:15Z</time>
      </trkpt>
      <trkpt lat="46.299257017672062" lon="11.402127016335726">
        <ele>979.54803700000002</ele>
        <time>2026-09-16T23:19:23Z</time>
      </trkpt>
      <trkpt lat="46.299174958840013" lon="11.402098014950752">
        <ele>979.33449299999995</ele>
        <time>2026-09-16T23:19:24Z</time>
      </trkpt>
      <trkpt lat="46.298615969717503" lon="11.402326002717018">
        <ele>977.865275</ele>
        <time>2026-09-16T23:19:34Z</time>
      </trkpt>
      <trkpt lat="46.298207016661763" lon="11.40245801769197">
        <ele>976.80518800000004</ele>
        <time>2026-09-16T23:19:40Z</time>
      </trkpt>
      <trkpt lat="46.297957990318537" lon="11.402732022106647">
        <ele>974.92701</ele>
        <time>2026-09-16T23:19:44Z</time>
      </trkpt>
      <trkpt lat="46.29779202863574" lon="11.404642006382346">
        <ele>966.17014700000004</ele>
        <time>2026-09-16T23:19:58Z</time>
      </trkpt>
      <trkpt lat="46.297798985615373" lon="11.406503040343523">
        <ele>962.18831999999998</ele>
        <time>2026-09-16T23:20:13Z</time>
      </trkpt>
      <trkpt lat="46.297724973410368" lon="11.406897995620966">
        <ele>961.49484399999994</ele>
        <time>2026-09-16T23:20:17Z</time>
      </trkpt>
      <trkpt lat="46.29762296564877" lon="11.407188009470701">
        <ele>960.943445</ele>
        <time>2026-09-16T23:20:22Z</time>
      </trkpt>
      <trkpt lat="46.297502014786005" lon="11.407442986965179">
        <ele>960.52466700000002</ele>
        <time>2026-09-16T23:20:28Z</time>
      </trkpt>
      <trkpt lat="46.297286013141274" lon="11.407841965556145">
        <ele>964.29446700000005</ele>
        <time>2026-09-16T23:20:44Z</time>
      </trkpt>
      <trkpt lat="46.297157015651464" lon="11.40798001550138">
        <ele>966.021164</ele>
        <time>2026-09-16T23:20:54Z</time>
      </trkpt>
      <trkpt lat="46.296974960714579" lon="11.408173972740769">
        <ele>968.45420000000001</ele>
        <time>2026-09-16T23:21:10Z</time>
      </trkpt>
      <trkpt lat="46.296638008207083" lon="11.408641012385488">
        <ele>973.47632899999996</ele>
        <time>2026-09-16T23:21:50Z</time>
      </trkpt>
      <trkpt lat="46.296552009880543" lon="11.408760035410523">
        <ele>974.75704299999995</ele>
        <time>2026-09-16T23:22:00Z</time>
      </trkpt>
      <trkpt lat="46.296422006562352" lon="11.409089025110006">
        <ele>977.57577000000003</ele>
        <time>2026-09-16T23:22:22Z</time>
      </trkpt>
      <trkpt lat="46.296186977997422" lon="11.409697970375419">
        <ele>980.80495199999996</ele>
        <time>2026-09-16T23:22:59Z</time>
      </trkpt>
      <trkpt lat="46.295682974159718" lon="11.41025997698307">
        <ele>983.127792</ele>
        <time>2026-09-16T23:23:30Z</time>
      </trkpt>
      <trkpt lat="46.295120967552066" lon="11.411120966076851">
        <ele>986.11563000000001</ele>
        <time>2026-09-16T23:23:42Z</time>
      </trkpt>
      <trkpt lat="46.294881999492645" lon="11.411553975194693">
        <ele>984.91353900000001</ele>
        <time>2026-09-16T23:23:46Z</time>
      </trkpt>
      <trkpt lat="46.294659962877631" lon="11.411795960739255">
        <ele>983.62862500000006</ele>
        <time>2026-09-16T23:23:49Z</time>
      </trkpt>
      <trkpt lat="46.29441998898983" lon="11.412151018157601">
        <ele>982.04207299999996</ele>
        <time>2026-09-16T23:23:53Z</time>
      </trkpt>
      <trkpt lat="46.294345976784825" lon="11.412280015647411">
        <ele>981.506484</ele>
        <time>2026-09-16T23:23:55Z</time>
      </trkpt>
      <trkpt lat="46.294313035905361" lon="11.412413036450744">
        <ele>981.05506200000002</ele>
        <time>2026-09-16T23:23:56Z</time>
      </trkpt>
      <trkpt lat="46.294326027855277" lon="11.412754012271762">
        <ele>979.96410400000002</ele>
        <time>2026-09-16T23:23:58Z</time>
      </trkpt>
      <trkpt lat="46.294251009821892" lon="11.413177968934178">
        <ele>978.56598499999996</ele>
        <time>2026-09-16T23:24:02Z</time>
      </trkpt>
      <trkpt lat="46.294039031490684" lon="11.41386897303164">
        <ele>976.95975399999998</ele>
        <time>2026-09-16T23:24:08Z</time>
      </trkpt>
      <trkpt lat="46.293856976553798" lon="11.414335006847978">
        <ele>975.97781299999997</ele>
        <time>2026-09-16T23:24:13Z</time>
      </trkpt>
      <trkpt lat="46.293683974072337" lon="11.414819983765483">
        <ele>974.97656500000005</ele>
        <time>2026-09-16T23:24:19Z</time>
      </trkpt>
      <trkpt lat="46.293356996029615" lon="11.415017964318395">
        <ele>974.03550299999995</ele>
        <time>2026-09-16T23:24:23Z</time>
      </trkpt>
      <trkpt lat="46.292752996087074" lon="11.415290040895343">
        <ele>973.03692999999998</ele>
        <time>2026-09-16T23:24:32Z</time>
      </trkpt>
      <trkpt lat="46.292458036914468" lon="11.415491038933396">
        <ele>972.81217800000002</ele>
        <time>2026-09-16T23:24:36Z</time>
      </trkpt>
      <trkpt lat="46.292202975600958" lon="11.41577904112637">
        <ele>972.58921699999996</ele>
        <time>2026-09-16T23:24:40Z</time>
      </trkpt>
      <trkpt lat="46.291889995336533" lon="11.416388992220163">
        <ele>972.22733200000005</ele>
        <time>2026-09-16T23:24:48Z</time>
      </trkpt>
      <trkpt lat="46.291840961202979" lon="11.416743965819478">
        <ele>972.05490699999996</ele>
        <time>2026-09-16T23:24:55Z</time>
      </trkpt>
      <trkpt lat="46.291757980361581" lon="11.416828036308289">
        <ele>972.52928799999995</ele>
        <time>2026-09-16T23:24:58Z</time>
      </trkpt>
      <trkpt lat="46.291556982323527" lon="11.41693901270628">
        <ele>973.97009300000002</ele>
        <time>2026-09-16T23:25:06Z</time>
      </trkpt>
      <trkpt lat="46.291233021765947" lon="11.417230032384396">
        <ele>976.52388399999995</ele>
        <time>2026-09-16T23:25:22Z</time>
      </trkpt>
      <trkpt lat="46.290718037635088" lon="11.417630016803741">
        <ele>980.43826300000001</ele>
        <time>2026-09-16T23:25:53Z</time>
      </trkpt>
      <trkpt lat="46.290622986853123" lon="11.417675027623773">
        <ele>981.107707</ele>
        <time>2026-09-16T23:25:59Z</time>
      </trkpt>
      <trkpt lat="46.290461970493197" lon="11.417638985440135">
        <ele>982.19874400000003</ele>
        <time>2026-09-16T23:26:09Z</time>
      </trkpt>
      <trkpt lat="46.290237000212073" lon="11.417358024045825">
        <ele>984.20391299999994</ele>
        <time>2026-09-16T23:26:26Z</time>
      </trkpt>
      <trkpt lat="46.29014597274363" lon="11.417274037376046">
        <ele>985.02615000000003</ele>
        <time>2026-09-16T23:26:33Z</time>
      </trkpt>
      <trkpt lat="46.290055029094219" lon="11.417235983535647">
        <ele>985.74765400000001</ele>
        <time>2026-09-16T23:26:38Z</time>
      </trkpt>
      <trkpt lat="46.289786975830793" lon="11.417212011292577">
        <ele>987.793136</ele>
        <time>2026-09-16T23:26:53Z</time>
      </trkpt>
      <trkpt lat="46.289582038298249" lon="11.417244030162692">
        <ele>989.36384799999996</ele>
        <time>2026-09-16T23:27:04Z</time>
      </trkpt>
      <trkpt lat="46.28939202055335" lon="11.417357018217444">
        <ele>990.92869800000005</ele>
        <time>2026-09-16T23:27:15Z</time>
      </trkpt>
      <trkpt lat="46.289299987256527" lon="11.417474029585719">
        <ele>991.86170500000003</ele>
        <time>2026-09-16T23:27:22Z</time>
      </trkpt>
      <trkpt lat="46.289083985611796" lon="11.418289002031088">
        <ele>996.45663500000001</ele>
        <time>2026-09-16T23:27:51Z</time>
      </trkpt>
      <trkpt lat="46.288978038355708" lon="11.418589996173978">
        <ele>998.01296400000001</ele>
        <time>2026-09-16T23:28:02Z</time>
      </trkpt>
      <trkpt lat="46.288705039769411" lon="11.419146973639727">
        <ele>999.84016099999997</ele>
        <time>2026-09-16T23:28:22Z</time>
      </trkpt>
      <trkpt lat="46.288586016744375" lon="11.419229032471776">
        <ele>1000.350514</ele>
        <time>2026-09-16T23:28:27Z</time>
      </trkpt>
      <trkpt lat="46.288279993459582" lon="11.419236995279789">
        <ele>1001.535573</ele>
        <time>2026-09-16T23:28:38Z</time>
      </trkpt>
      <trkpt lat="46.288113025948405" lon="11.419302960857749">
        <ele>1002.205897</ele>
        <time>2026-09-16T23:28:43Z</time>
      </trkpt>
      <trkpt lat="46.287883026525378" lon="11.419481998309493">
        <ele>1003.2171070000001</ele>
        <time>2026-09-16T23:28:51Z</time>
      </trkpt>
      <trkpt lat="46.287686973810196" lon="11.419532038271427">
        <ele>1003.987743</ele>
        <time>2026-09-16T23:28:56Z</time>
      </trkpt>
      <trkpt lat="46.287586977705359" lon="11.419502031058073">
        <ele>1004.383188</ele>
        <time>2026-09-16T23:28:59Z</time>
      </trkpt>
      <trkpt lat="46.287259999662638" lon="11.41900003887713">
        <ele>1004.871175</ele>
        <time>2026-09-16T23:29:10Z</time>
      </trkpt>
      <trkpt lat="46.287025976926088" lon="11.418562000617385">
        <ele>1004.994403</ele>
        <time>2026-09-16T23:29:18Z</time>
      </trkpt>
      <trkpt lat="46.286961017176509" lon="11.418537022545934">
        <ele>1005.016067</ele>
        <time>2026-09-16T23:29:20Z</time>
      </trkpt>
      <trkpt lat="46.286050993949175" lon="11.419159965589643">
        <ele>1005.170344</ele>
        <time>2026-09-16T23:29:37Z</time>
      </trkpt>
      <trkpt lat="46.28584798425436" lon="11.41939097084105">
        <ele>1004.1675770000001</ele>
        <time>2026-09-16T23:29:41Z</time>
      </trkpt>
      <trkpt lat="46.285198973491788" lon="11.417375039309263">
        <ele>998.15417500000001</ele>
        <time>2026-09-16T23:30:18Z</time>
      </trkpt>
      <trkpt lat="46.285056984052062" lon="11.417128024622798">
        <ele>997.01836700000001</ele>
        <time>2026-09-16T23:30:23Z</time>
      </trkpt>
      <trkpt lat="46.284933015704155" lon="11.417076978832483">
        <ele>996.35893299999998</ele>
        <time>2026-09-16T23:30:26Z</time>
      </trkpt>
      <trkpt lat="46.284466981887817" lon="11.417018976062536">
        <ele>993.96635700000002</ele>
        <time>2026-09-16T23:30:38Z</time>
      </trkpt>
      <trkpt lat="46.284040007740259" lon="11.416841028258204">
        <ele>991.69325000000003</ele>
        <time>2026-09-16T23:30:48Z</time>
      </trkpt>
      <trkpt lat="46.283873962238431" lon="11.416653022170067">
        <ele>990.61492899999996</ele>
        <time>2026-09-16T23:30:53Z</time>
      </trkpt>
      <trkpt lat="46.283732978627086" lon="11.416411958634853">
        <ele>989.49864100000002</ele>
        <time>2026-09-16T23:30:59Z</time>
      </trkpt>
      <trkpt lat="46.283533992245793" lon="11.416223030537367">
        <ele>987.39541399999996</ele>
        <time>2026-09-16T23:31:04Z</time>
      </trkpt>
      <trkpt lat="46.283421004191041" lon="11.415968975052238">
        <ele>985.22975099999996</ele>
        <time>2026-09-16T23:31:09Z</time>
      </trkpt>
      <trkpt lat="46.283272979781032" lon="11.415132964029908">
        <ele>979.04275700000005</ele>
        <time>2026-09-16T23:31:23Z</time>
      </trkpt>
      <trkpt lat="46.283269040286541" lon="11.414859965443611">
        <ele>977.08511699999997</ele>
        <time>2026-09-16T23:31:27Z</time>
      </trkpt>
      <trkpt lat="46.283258982002735" lon="11.414489988237619">
        <ele>974.43047200000001</ele>
        <time>2026-09-16T23:31:32Z</time>
      </trkpt>
      <trkpt lat="46.283228974789381" lon="11.414252026006579">
        <ele>972.69604400000003</ele>
        <time>2026-09-16T23:31:35Z</time>
      </trkpt>
      <trkpt lat="46.283266022801399" lon="11.413878025487065">
        <ele>969.66173100000003</ele>
        <time>2026-09-16T23:31:41Z</time>
      </trkpt>
      <trkpt lat="46.2832469958812" lon="11.413723966106772">
        <ele>967.80437400000005</ele>
        <time>2026-09-16T23:31:43Z</time>
      </trkpt>
      <trkpt lat="46.283143982291222" lon="11.413635034114122">
        <ele>965.74332500000003</ele>
        <time>2026-09-16T23:31:45Z</time>
      </trkpt>
      <trkpt lat="46.28279697149992" lon="11.413484998047352">
        <ele>959.52149499999996</ele>
        <time>2026-09-16T23:31:52Z</time>
      </trkpt>
      <trkpt lat="46.282561020925641" lon="11.413320964202285">
        <ele>955.02365599999996</ele>
        <time>2026-09-16T23:31:57Z</time>
      </trkpt>
      <trkpt lat="46.282288022339344" lon="11.413195990025997">
        <ele>950.10427300000003</ele>
        <time>2026-09-16T23:32:03Z</time>
      </trkpt>
      <trkpt lat="46.281774966046214" lon="11.413161037489772">
        <ele>941.28110000000004</ele>
        <time>2026-09-16T23:32:13Z</time>
      </trkpt>
      <trkpt lat="46.281172977760434" lon="11.413021981716156">
        <ele>934.55392400000005</ele>
        <time>2026-09-16T23:32:26Z</time>
      </trkpt>
      <trkpt lat="46.280995029956102" lon="11.413045031949878">
        <ele>932.79437199999995</ele>
        <time>2026-09-16T23:32:30Z</time>
      </trkpt>
      <trkpt lat="46.280696969479322" lon="11.413187021389604">
        <ele>929.70526700000005</ele>
        <time>2026-09-16T23:32:37Z</time>
      </trkpt>
      <trkpt lat="46.280550034716725" lon="11.413325993344188">
        <ele>927.97625200000004</ele>
        <time>2026-09-16T23:32:41Z</time>
      </trkpt>
      <trkpt lat="46.280403016135097" lon="11.413540989160538">
        <ele>925.91826800000001</ele>
        <time>2026-09-16T23:32:45Z</time>
      </trkpt>
      <trkpt lat="46.279985010623932" lon="11.413995958864689">
        <ele>921.36330299999997</ele>
        <time>2026-09-16T23:32:57Z</time>
      </trkpt>
      <trkpt lat="46.279252013191581" lon="11.414398960769176">
        <ele>917.79949099999999</ele>
        <time>2026-09-16T23:33:14Z</time>
      </trkpt>
      <trkpt lat="46.279017990455031" lon="11.414631977677345">
        <ele>916.50847699999997</ele>
        <time>2026-09-16T23:33:21Z</time>
      </trkpt>
      <trkpt lat="46.278712972998619" lon="11.414878992363811">
        <ele>914.91991800000005</ele>
        <time>2026-09-16T23:33:30Z</time>
      </trkpt>
      <trkpt lat="46.278654970228672" lon="11.415033973753452">
        <ele>914.36625200000003</ele>
        <time>2026-09-16T23:33:32Z</time>
      </trkpt>
      <trkpt lat="46.278256997466087" lon="11.41580100171268">
        <ele>917.78621199999998</ele>
        <time>2026-09-16T23:34:00Z</time>
      </trkpt>
      <trkpt lat="46.277931025251746" lon="11.416428973898292">
        <ele>922.08537000000001</ele>
        <time>2026-09-16T23:34:40Z</time>
      </trkpt>
      <trkpt lat="46.277752993628383" lon="11.416775984689593">
        <ele>924.45077200000003</ele>
        <time>2026-09-16T23:35:02Z</time>
      </trkpt>
      <trkpt lat="46.27766196615994" lon="11.417231960222125">
        <ele>927.04881599999999</ele>
        <time>2026-09-16T23:35:24Z</time>
      </trkpt>
      <trkpt lat="46.277344040572643" lon="11.418493017554283">
        <ele>929.59433899999999</ele>
        <time>2026-09-16T23:36:08Z</time>
      </trkpt>
      <trkpt lat="46.27729601226747" lon="11.418861988931894">
        <ele>930.12006399999996</ele>
        <time>2026-09-16T23:36:13Z</time>
      </trkpt>
      <trkpt lat="46.277307998389006" lon="11.419154014438391">
        <ele>930.529629</ele>
        <time>2026-09-16T23:36:16Z</time>
      </trkpt>
      <trkpt lat="46.277444958686829" lon="11.419821968302131">
        <ele>931.50523299999998</ele>
        <time>2026-09-16T23:36:24Z</time>
      </trkpt>
      <trkpt lat="46.277450993657112" lon="11.420053979381919">
        <ele>931.22370999999998</ele>
        <time>2026-09-16T23:36:26Z</time>
      </trkpt>
      <trkpt lat="46.277438001707196" lon="11.420233016833663">
        <ele>930.84617400000002</ele>
        <time>2026-09-16T23:36:28Z</time>
      </trkpt>
      <trkpt lat="46.27738100476563" lon="11.420475002378225">
        <ele>930.309889</ele>
        <time>2026-09-16T23:36:30Z</time>
      </trkpt>
      <trkpt lat="46.277254018932581" lon="11.420708019286394">
        <ele>929.68745699999999</ele>
        <time>2026-09-16T23:36:33Z</time>
      </trkpt>
      <trkpt lat="46.27718897536397" lon="11.420985963195562">
        <ele>929.07186000000002</ele>
        <time>2026-09-16T23:36:36Z</time>
      </trkpt>
      <trkpt lat="46.277180006727576" lon="11.421202970668674">
        <ele>928.615861</ele>
        <time>2026-09-16T23:36:39Z</time>
      </trkpt>
      <trkpt lat="46.277128960937262" lon="11.421910990029573">
        <ele>927.12271199999998</ele>
        <time>2026-09-16T23:36:46Z</time>
      </trkpt>
      <trkpt lat="46.277130972594023" lon="11.42209698446095">
        <ele>926.73251000000005</ele>
        <time>2026-09-16T23:36:48Z</time>
      </trkpt>
      <trkpt lat="46.277131978422403" lon="11.422217013314366">
        <ele>926.48077799999999</ele>
        <time>2026-09-16T23:36:49Z</time>
      </trkpt>
      <trkpt lat="46.277243038639426" lon="11.422707019373775">
        <ele>925.67889700000001</ele>
        <time>2026-09-16T23:36:55Z</time>
      </trkpt>
      <trkpt lat="46.277306992560625" lon="11.422887984663248">
        <ele>925.41592600000001</ele>
        <time>2026-09-16T23:36:58Z</time>
      </trkpt>
      <trkpt lat="46.277684010565281" lon="11.423468012362719">
        <ele>924.38610100000005</ele>
        <time>2026-09-16T23:37:07Z</time>
      </trkpt>
      <trkpt lat="46.2778539955616" lon="11.423779986798763">
        <ele>923.87222999999994</ele>
        <time>2026-09-16T23:37:11Z</time>
      </trkpt>
      <trkpt lat="46.27817602828145" lon="11.424873992800713">
        <ele>922.37591099999997</ele>
        <time>2026-09-16T23:37:25Z</time>
      </trkpt>
      <trkpt lat="46.278179967775941" lon="11.425133999437094">
        <ele>922.072225</ele>
        <time>2026-09-16T23:37:27Z</time>
      </trkpt>
      <trkpt lat="46.278011994436383" lon="11.425712015479803">
        <ele>921.34002099999998</ele>
        <time>2026-09-16T23:37:34Z</time>
      </trkpt>
      <trkpt lat="46.277851983904839" lon="11.426388015970588">
        <ele>920.505627</ele>
        <time>2026-09-16T23:37:42Z</time>
      </trkpt>
      <trkpt lat="46.277781995013356" lon="11.426492035388947">
        <ele>920.33610999999996</ele>
        <time>2026-09-16T23:37:44Z</time>
      </trkpt>
      <trkpt lat="46.277617961168289" lon="11.426571998745203">
        <ele>920.04370200000005</ele>
        <time>2026-09-16T23:37:47Z</time>
      </trkpt>
      <trkpt lat="46.277559958398342" lon="11.426663026213646">
        <ele>919.89915199999996</ele>
        <time>2026-09-16T23:37:48Z</time>
      </trkpt>
      <trkpt lat="46.277559958398342" lon="11.426775008440018">
        <ele>919.76836500000002</ele>
        <time>2026-09-16T23:37:50Z</time>
      </trkpt>
      <trkpt lat="46.277606980875134" lon="11.4268449973315">
        <ele>919.73963200000003</ele>
        <time>2026-09-16T23:37:51Z</time>
      </trkpt>
      <trkpt lat="46.277722986415029" lon="11.427097963169217">
        <ele>919.81908499999997</ele>
        <time>2026-09-16T23:37:54Z</time>
      </trkpt>
      <trkpt lat="46.278854040428996" lon="11.429843036457896">
        <ele>920.94796799999995</ele>
        <time>2026-09-16T23:38:39Z</time>
      </trkpt>
      <trkpt lat="46.278884969651699" lon="11.429916964843869">
        <ele>920.99707799999999</ele>
        <time>2026-09-16T23:38:40Z</time>
      </trkpt>
      <trkpt lat="46.278983959928155" lon="11.430156016722322">
        <ele>921.155214</ele>
        <time>2026-09-16T23:38:43Z</time>
      </trkpt>
      <trkpt lat="46.279518976807594" lon="11.431448003277183">
        <ele>922.95542599999999</ele>
        <time>2026-09-16T23:39:03Z</time>
      </trkpt>
      <trkpt lat="46.279576979577541" lon="11.431624023243785">
        <ele>923.883464</ele>
        <time>2026-09-16T23:39:07Z</time>
      </trkpt>
      <trkpt lat="46.279626013711095" lon="11.431947983801365">
        <ele>925.46205299999997</ele>
        <time>2026-09-16T23:39:16Z</time>
      </trkpt>
      <trkpt lat="46.279581002891064" lon="11.432271022349596">
        <ele>927.03031799999997</ele>
        <time>2026-09-16T23:39:29Z</time>
      </trkpt>
      <trkpt lat="46.279561975970864" lon="11.432352997362614">
        <ele>927.44195200000001</ele>
        <time>2026-09-16T23:39:32Z</time>
      </trkpt>
      <trkpt lat="46.279487041756511" lon="11.432699002325535">
        <ele>929.16786100000002</ele>
        <time>2026-09-16T23:39:48Z</time>
      </trkpt>
      <trkpt lat="46.279433984309435" lon="11.432942999526858">
        <ele>930.38520400000004</ele>
        <time>2026-09-16T23:39:58Z</time>
      </trkpt>
      <trkpt lat="46.279431972652674" lon="11.433059005066752">
        <ele>930.93748800000003</ele>
        <time>2026-09-16T23:40:00Z</time>
      </trkpt>
      <trkpt lat="46.27942300401628" lon="11.433093035593629">
        <ele>931.11077699999998</ele>
        <time>2026-09-16T23:40:00Z</time>
      </trkpt>
      <trkpt lat="46.279414035379887" lon="11.433122958987951">
        <ele>931.266436</ele>
        <time>2026-09-16T23:40:01Z</time>
      </trkpt>
      <trkpt lat="46.279403977096081" lon="11.433152966201305">
        <ele>931.42496300000005</ele>
        <time>2026-09-16T23:40:01Z</time>
      </trkpt>
      <trkpt lat="46.279391990974545" lon="11.433180039748549">
        <ele>931.57774900000004</ele>
        <time>2026-09-16T23:40:02Z</time>
      </trkpt>
      <trkpt lat="46.279386039823294" lon="11.433207029476762">
        <ele>931.71273699999995</ele>
        <time>2026-09-16T23:40:02Z</time>
      </trkpt>
      <trkpt lat="46.279385033994913" lon="11.433237958699465">
        <ele>931.86044500000003</ele>
        <time>2026-09-16T23:40:03Z</time>
      </trkpt>
      <trkpt lat="46.279385033994913" lon="11.433266038075089">
        <ele>931.99371399999995</ele>
        <time>2026-09-16T23:40:03Z</time>
      </trkpt>
      <trkpt lat="46.279382016509771" lon="11.433293027803302">
        <ele>932.123873</ele>
        <time>2026-09-16T23:40:03Z</time>
      </trkpt>
      <trkpt lat="46.279377993196249" lon="11.433317000046372">
        <ele>932.24137800000005</ele>
        <time>2026-09-16T23:40:04Z</time>
      </trkpt>
      <trkpt lat="46.279373969882727" lon="11.433349018916488">
        <ele>932.39615600000002</ele>
        <time>2026-09-16T23:40:04Z</time>
      </trkpt>
      <trkpt lat="46.279368018731475" lon="11.433380031958222">
        <ele>932.54937900000004</ele>
        <time>2026-09-16T23:40:05Z</time>
      </trkpt>
      <trkpt lat="46.27935997210443" lon="11.433409033343196">
        <ele>932.69799599999999</ele>
        <time>2026-09-16T23:40:05Z</time>
      </trkpt>
      <trkpt lat="46.279355026781559" lon="11.43343904055655">
        <ele>932.844877</ele>
        <time>2026-09-16T23:40:06Z</time>
      </trkpt>
      <trkpt lat="46.279348991811275" lon="11.433467036113143">
        <ele>932.98440400000004</ele>
        <time>2026-09-16T23:40:06Z</time>
      </trkpt>
      <trkpt lat="46.279343962669373" lon="11.433496959507465">
        <ele>933.13128500000005</ele>
        <time>2026-09-16T23:40:07Z</time>
      </trkpt>
      <trkpt lat="46.279334994032979" lon="11.433526966720819">
        <ele>933.28694399999995</ele>
        <time>2026-09-16T23:40:07Z</time>
      </trkpt>
      <trkpt lat="46.279324013739824" lon="11.433550016954541">
        <ele>933.42006900000001</ele>
        <time>2026-09-16T23:40:07Z</time>
      </trkpt>
      <trkpt lat="46.279314961284399" lon="11.43357097171247">
        <ele>933.53767700000003</ele>
        <time>2026-09-16T23:40:08Z</time>
      </trkpt>
      <trkpt lat="46.279304986819625" lon="11.433595027774572">
        <ele>933.67106000000001</ele>
        <time>2026-09-16T23:40:08Z</time>
      </trkpt>
      <trkpt lat="46.279296018183231" lon="11.433621011674404">
        <ele>933.80946300000005</ele>
        <time>2026-09-16T23:40:09Z</time>
      </trkpt>
      <trkpt lat="46.279283026233315" lon="11.433649007230997">
        <ele>933.97001</ele>
        <time>2026-09-16T23:40:09Z</time>
      </trkpt>
      <trkpt lat="46.2792700342834" lon="11.43367700278759">
        <ele>934.13055699999995</ele>
        <time>2026-09-16T23:40:10Z</time>
      </trkpt>
      <trkpt lat="46.279258970171213" lon="11.433712039142847">
        <ele>934.30713000000003</ele>
        <time>2026-09-16T23:40:10Z</time>
      </trkpt>
      <trkpt lat="46.279252013191581" lon="11.433747997507453">
        <ele>934.45975899999996</ele>
        <time>2026-09-16T23:40:11Z</time>
      </trkpt>
      <trkpt lat="46.2792510073632" lon="11.433779010549188">
        <ele>934.58641599999999</ele>
        <time>2026-09-16T23:40:11Z</time>
      </trkpt>
      <trkpt lat="46.279254024848342" lon="11.433810023590922">
        <ele>934.71416899999997</ele>
        <time>2026-09-16T23:40:12Z</time>
      </trkpt>
      <trkpt lat="46.279256958514452" lon="11.433841036632657">
        <ele>934.84192199999995</ele>
        <time>2026-09-16T23:40:12Z</time>
      </trkpt>
      <trkpt lat="46.279263999313116" lon="11.433873977512121">
        <ele>934.98280399999999</ele>
        <time>2026-09-16T23:40:13Z</time>
      </trkpt>
      <trkpt lat="46.27927104011178" lon="11.433905996382236">
        <ele>935.11978899999997</ele>
        <time>2026-09-16T23:40:13Z</time>
      </trkpt>
      <trkpt lat="46.279281014576554" lon="11.433932986110449">
        <ele>935.24480800000003</ele>
        <time>2026-09-16T23:40:14Z</time>
      </trkpt>
      <trkpt lat="46.279289983212948" lon="11.4339579641819">
        <ele>935.35985000000005</ele>
        <time>2026-09-16T23:40:14Z</time>
      </trkpt>
      <trkpt lat="46.279300963506103" lon="11.433983026072383">
        <ele>935.48080300000004</ele>
        <time>2026-09-16T23:40:15Z</time>
      </trkpt>
      <trkpt lat="46.279312027618289" lon="11.434003980830312">
        <ele>935.58834300000001</ele>
        <time>2026-09-16T23:40:15Z</time>
      </trkpt>
      <trkpt lat="46.279320996254683" lon="11.434025019407272">
        <ele>935.68919000000005</ele>
        <time>2026-09-16T23:40:15Z</time>
      </trkpt>
      <trkpt lat="46.279333988204598" lon="11.434043040499091">
        <ele>935.79544299999998</ele>
        <time>2026-09-16T23:40:16Z</time>
      </trkpt>
      <trkpt lat="46.279345974326134" lon="11.434058966115117">
        <ele>935.89180299999998</ele>
        <time>2026-09-16T23:40:16Z</time>
      </trkpt>
      <trkpt lat="46.27935997210443" lon="11.434074975550175">
        <ele>935.99715300000003</ele>
        <time>2026-09-16T23:40:16Z</time>
      </trkpt>
      <trkpt lat="46.279371036216617" lon="11.434099031612277">
        <ele>936.11468300000001</ele>
        <time>2026-09-16T23:40:17Z</time>
      </trkpt>
      <trkpt lat="46.279377993196249" lon="11.434121998026967">
        <ele>936.21725000000004</ele>
        <time>2026-09-16T23:40:17Z</time>
      </trkpt>
      <trkpt lat="46.279387967661023" lon="11.434138007462025">
        <ele>936.30529000000001</ele>
        <time>2026-09-16T23:40:18Z</time>
      </trkpt>
      <trkpt lat="46.27940196543932" lon="11.434153011068702">
        <ele>936.40815999999995</ele>
        <time>2026-09-16T23:40:18Z</time>
      </trkpt>
      <trkpt lat="46.279412023723125" lon="11.434173965826631">
        <ele>936.51223900000002</ele>
        <time>2026-09-16T23:40:18Z</time>
      </trkpt>
      <trkpt lat="46.279425015673041" lon="11.434198021888733">
        <ele>936.63668700000005</ele>
        <time>2026-09-16T23:40:19Z</time>
      </trkpt>
      <trkpt lat="46.279438007622957" lon="11.434215037152171">
        <ele>936.74015999999995</ele>
        <time>2026-09-16T23:40:19Z</time>
      </trkpt>
      <trkpt lat="46.279454017058015" lon="11.434233980253339">
        <ele>936.86238800000001</ele>
        <time>2026-09-16T23:40:20Z</time>
      </trkpt>
      <trkpt lat="46.279462985694408" lon="11.434245966374874">
        <ele>936.93465800000001</ele>
        <time>2026-09-16T23:40:20Z</time>
      </trkpt>
      <trkpt lat="46.279469020664692" lon="11.434262981638312">
        <ele>937.012562</ele>
        <time>2026-09-16T23:40:20Z</time>
      </trkpt>
      <trkpt lat="46.279471032321453" lon="11.434281002730131">
        <ele>937.08696799999996</ele>
        <time>2026-09-16T23:40:20Z</time>
      </trkpt>
      <trkpt lat="46.279472038149834" lon="11.43429902382195">
        <ele>937.16066699999999</ele>
        <time>2026-09-16T23:40:21Z</time>
      </trkpt>
      <trkpt lat="46.279474971815944" lon="11.434315033257008">
        <ele>937.22832700000004</ele>
        <time>2026-09-16T23:40:21Z</time>
      </trkpt>
      <trkpt lat="46.279475977644324" lon="11.434325007721782">
        <ele>937.26956499999994</ele>
        <time>2026-09-16T23:40:21Z</time>
      </trkpt>
      <trkpt lat="46.279475977644324" lon="11.434327019378543">
        <ele>937.27772700000003</ele>
        <time>2026-09-16T23:40:21Z</time>
      </trkpt>
      <trkpt lat="46.279473965987563" lon="11.434330036863685">
        <ele>937.29473800000005</ele>
        <time>2026-09-16T23:40:21Z</time>
      </trkpt>
      <trkpt lat="46.279470026493073" lon="11.434341017156839">
        <ele>937.34546699999999</ele>
        <time>2026-09-16T23:40:21Z</time>
      </trkpt>
      <trkpt lat="46.279469020664692" lon="11.434359038248658">
        <ele>937.41916600000002</ele>
        <time>2026-09-16T23:40:22Z</time>
      </trkpt>
      <trkpt lat="46.279471032321453" lon="11.434380998834968">
        <ele>937.509726</ele>
        <time>2026-09-16T23:40:22Z</time>
      </trkpt>
      <trkpt lat="46.279476983472705" lon="11.434403965249658">
        <ele>937.61005899999998</ele>
        <time>2026-09-16T23:40:22Z</time>
      </trkpt>
      <trkpt lat="46.279483018442988" lon="11.434427015483379">
        <ele>937.71039099999996</ele>
        <time>2026-09-16T23:40:23Z</time>
      </trkpt>
      <trkpt lat="46.27948896959424" lon="11.434451993554831">
        <ele>937.818399</ele>
        <time>2026-09-16T23:40:23Z</time>
      </trkpt>
      <trkpt lat="46.279490981251001" lon="11.434475965797901">
        <ele>937.917058</ele>
        <time>2026-09-16T23:40:23Z</time>
      </trkpt>
      <trkpt lat="46.279490981251001" lon="11.434497004374862">
        <ele>938.00276399999996</ele>
        <time>2026-09-16T23:40:24Z</time>
      </trkpt>
      <trkpt lat="46.279493998736143" lon="11.4345140196383">
        <ele>938.07437100000004</ele>
        <time>2026-09-16T23:40:24Z</time>
      </trkpt>
      <trkpt lat="46.279500033706427" lon="11.434532962739468">
        <ele>938.15962500000001</ele>
        <time>2026-09-16T23:40:24Z</time>
      </trkpt>
      <trkpt lat="46.279504979029298" lon="11.434558024629951">
        <ele>938.26584200000002</ele>
        <time>2026-09-16T23:40:25Z</time>
      </trkpt>
      <trkpt lat="46.279514031484723" lon="11.434587026014924">
        <ele>938.39558199999999</ele>
        <time>2026-09-16T23:40:25Z</time>
      </trkpt>
      <trkpt lat="46.27953096292913" lon="11.434612004086375">
        <ele>938.53871700000002</ele>
        <time>2026-09-16T23:40:26Z</time>
      </trkpt>
      <trkpt lat="46.279549989849329" lon="11.434639999642968">
        <ele>938.69886299999996</ele>
        <time>2026-09-16T23:40:26Z</time>
      </trkpt>
      <trkpt lat="46.279560970142484" lon="11.434673024341464">
        <ele>938.848389</ele>
        <time>2026-09-16T23:40:27Z</time>
      </trkpt>
      <trkpt lat="46.279569016769528" lon="11.434706971049309">
        <ele>938.99497199999996</ele>
        <time>2026-09-16T23:40:27Z</time>
      </trkpt>
      <trkpt lat="46.279578991234303" lon="11.434739995747805">
        <ele>939.14202899999998</ele>
        <time>2026-09-16T23:40:28Z</time>
      </trkpt>
      <trkpt lat="46.279590977355838" lon="11.434768997132778">
        <ele>939.27997600000003</ele>
        <time>2026-09-16T23:40:28Z</time>
      </trkpt>
      <trkpt lat="46.279600029811263" lon="11.434790035709739">
        <ele>939.38082199999997</ele>
        <time>2026-09-16T23:40:29Z</time>
      </trkpt>
      <trkpt lat="46.279612015932798" lon="11.434813002124429">
        <ele>939.49843399999997</ele>
        <time>2026-09-16T23:40:29Z</time>
      </trkpt>
      <trkpt lat="46.279613021761179" lon="11.434811996296048">
        <ele>939.50561200000004</ele>
        <time>2026-09-16T23:40:29Z</time>
      </trkpt>
      <trkpt lat="46.279616039246321" lon="11.434824988245964">
        <ele>939.56154700000002</ele>
        <time>2026-09-16T23:40:30Z</time>
      </trkpt>
      <trkpt lat="46.279732966795564" lon="11.435048030689359">
        <ele>940.70419200000003</ele>
        <time>2026-09-16T23:40:37Z</time>
      </trkpt>
      <trkpt lat="46.279726009815931" lon="11.435175016522408">
        <ele>941.224152</ele>
        <time>2026-09-16T23:40:40Z</time>
      </trkpt>
      <trkpt lat="46.279846038669348" lon="11.435423037037253">
        <ele>942.45969000000002</ele>
        <time>2026-09-16T23:40:47Z</time>
      </trkpt>
      <trkpt lat="46.280185002833605" lon="11.435982026159763">
        <ele>945.146435</ele>
        <time>2026-09-16T23:41:06Z</time>
      </trkpt>
      <trkpt lat="46.280592028051615" lon="11.436576973646879">
        <ele>946.59641199999999</ele>
        <time>2026-09-16T23:41:27Z</time>
      </trkpt>
      <trkpt lat="46.280827978625894" lon="11.436863970011473">
        <ele>947.36900700000001</ele>
        <time>2026-09-16T23:41:38Z</time>
      </trkpt>
      <trkpt lat="46.28120600245893" lon="11.437232019379735">
        <ele>948.51078199999995</ele>
        <time>2026-09-16T23:41:51Z</time>
      </trkpt>
      <trkpt lat="46.281500961631536" lon="11.437399992719293">
        <ele>949.30528400000003</ele>
        <time>2026-09-16T23:41:59Z</time>
      </trkpt>
      <trkpt lat="46.281931037083268" lon="11.437535025179386">
        <ele>948.75305900000001</ele>
        <time>2026-09-16T23:42:08Z</time>
      </trkpt>
      <trkpt lat="46.282096998766065" lon="11.43765103071928">
        <ele>948.45868499999995</ele>
        <time>2026-09-16T23:42:11Z</time>
      </trkpt>
      <trkpt lat="46.28243101760745" lon="11.438012961298227">
        <ele>947.79229699999996</ele>
        <time>2026-09-16T23:42:17Z</time>
      </trkpt>
      <trkpt lat="46.282594967633486" lon="11.438311021775007">
        <ele>947.37189000000001</ele>
        <time>2026-09-16T23:42:20Z</time>
      </trkpt>
      <trkpt lat="46.28266797401011" lon="11.439094981178641">
        <ele>946.48450600000001</ele>
        <time>2026-09-16T23:42:27Z</time>
      </trkpt>
      <trkpt lat="46.282705022022128" lon="11.439484991133213">
        <ele>945.81132400000001</ele>
        <time>2026-09-16T23:42:30Z</time>
      </trkpt>
      <trkpt lat="46.282780040055513" lon="11.439939038828015">
        <ele>945.01307999999995</ele>
        <time>2026-09-16T23:42:34Z</time>
      </trkpt>
      <trkpt lat="46.283380016684532" lon="11.441198000684381">
        <ele>942.39784699999996</ele>
        <time>2026-09-16T23:42:48Z</time>
      </trkpt>
      <trkpt lat="46.283476995304227" lon="11.441322974860668">
        <ele>942.07644300000004</ele>
        <time>2026-09-16T23:42:50Z</time>
      </trkpt>
      <trkpt lat="46.283573973923922" lon="11.441659005358815">
        <ele>942.61726399999998</ele>
        <time>2026-09-16T23:42:58Z</time>
      </trkpt>
      <trkpt lat="46.283787963911891" lon="11.442230986431241">
        <ele>943.59027300000002</ele>
        <time>2026-09-16T23:43:16Z</time>
      </trkpt>
      <trkpt lat="46.283962978050113" lon="11.442458974197507">
        <ele>944.10000000000002</ele>
        <time>2026-09-16T23:43:26Z</time>
      </trkpt>
      <trkpt lat="46.284162970259786" lon="11.442534998059273">
        <ele>944.54759799999999</ele>
        <time>2026-09-16T23:43:35Z</time>
      </trkpt>
      <trkpt lat="46.284491959959269" lon="11.442718980833888">
        <ele>945.31109100000003</ele>
        <time>2026-09-16T23:43:51Z</time>
      </trkpt>
      <trkpt lat="46.284639984369278" lon="11.442868011072278">
        <ele>945.70136000000002</ele>
        <time>2026-09-16T23:44:00Z</time>
      </trkpt>
      <trkpt lat="46.284705027937889" lon="11.44298099912703">
        <ele>945.921291</ele>
        <time>2026-09-16T23:44:06Z</time>
      </trkpt>
      <trkpt lat="46.284689018502831" lon="11.443078983575106">
        <ele>946.14612399999999</ele>
        <time>2026-09-16T23:44:10Z</time>
      </trkpt>
      <trkpt lat="46.28462003543973" lon="11.443174034357071">
        <ele>946.49905100000001</ele>
        <time>2026-09-16T23:44:15Z</time>
      </trkpt>
      <trkpt lat="46.284404033794999" lon="11.443247962743044">
        <ele>947.32157500000005</ele>
        <time>2026-09-16T23:44:27Z</time>
      </trkpt>
      <trkpt lat="46.284379977732897" lon="11.44338701851666">
        <ele>947.68847100000005</ele>
        <time>2026-09-16T23:44:33Z</time>
      </trkpt>
      <trkpt lat="46.284432029351592" lon="11.443532025441527">
        <ele>948.106809</ele>
        <time>2026-09-16T23:44:39Z</time>
      </trkpt>
      <trkpt lat="46.284524984657764" lon="11.443682983517647">
        <ele>948.62477000000001</ele>
        <time>2026-09-16T23:44:46Z</time>
      </trkpt>
      <trkpt lat="46.284592039883137" lon="11.443821033462882">
        <ele>949.05665499999998</ele>
        <time>2026-09-16T23:44:51Z</time>
      </trkpt>
      <trkpt lat="46.284682983532548" lon="11.444179024547338">
        <ele>950.03347399999996</ele>
        <time>2026-09-16T23:45:04Z</time>
      </trkpt>
      <trkpt lat="46.284781973809004" lon="11.44439896568656">
        <ele>950.70576200000005</ele>
        <time>2026-09-16T23:45:13Z</time>
      </trkpt>
      <trkpt lat="46.284802006557584" lon="11.444863993674517">
        <ele>951.89883999999995</ele>
        <time>2026-09-16T23:45:28Z</time>
      </trkpt>
      <trkpt lat="46.284875012934208" lon="11.445207986980677">
        <ele>952.69778399999996</ele>
        <time>2026-09-16T23:45:40Z</time>
      </trkpt>
      <trkpt lat="46.284918012097478" lon="11.445274958387017">
        <ele>952.779042</ele>
        <time>2026-09-16T23:45:43Z</time>
      </trkpt>
      <trkpt lat="46.285452023148537" lon="11.445716014131904">
        <ele>953.56970699999999</ele>
        <time>2026-09-16T23:46:06Z</time>
      </trkpt>
      <trkpt lat="46.285797022283077" lon="11.4460529666394">
        <ele>954.10498399999994</ele>
        <time>2026-09-16T23:46:20Z</time>
      </trkpt>
      <trkpt lat="46.286050993949175" lon="11.446458986029029">
        <ele>954.59167300000001</ele>
        <time>2026-09-16T23:46:35Z</time>
      </trkpt>
      <trkpt lat="46.286262972280383" lon="11.447071032598615">
        <ele>955.58705399999997</ele>
        <time>2026-09-16T23:46:54Z</time>
      </trkpt>
      <trkpt lat="46.286364980041981" lon="11.447272030636668">
        <ele>956.14576</ele>
        <time>2026-09-16T23:47:01Z</time>
      </trkpt>
      <trkpt lat="46.286430023610592" lon="11.447335984557867">
        <ele>956.40065000000004</ele>
        <time>2026-09-16T23:47:03Z</time>
      </trkpt>
      <trkpt lat="46.286582993343472" lon="11.447412008419633">
        <ele>956.92509600000005</ele>
        <time>2026-09-16T23:47:10Z</time>
      </trkpt>
      <trkpt lat="46.286733029410243" lon="11.447432041168213">
        <ele>957.41346499999997</ele>
        <time>2026-09-16T23:47:16Z</time>
      </trkpt>
      <trkpt lat="46.286847023293376" lon="11.447412008419633">
        <ele>957.78576599999997</ele>
        <time>2026-09-16T23:47:22Z</time>
      </trkpt>
      <trkpt lat="46.286894967779517" lon="11.447449978441">
        <ele>957.96315100000004</ele>
        <time>2026-09-16T23:47:24Z</time>
      </trkpt>
      <trkpt lat="46.286921035498381" lon="11.447515022009611">
        <ele>958.13141399999995</ele>
        <time>2026-09-16T23:47:27Z</time>
      </trkpt>
      <trkpt lat="46.286913994699717" lon="11.447630021721125">
        <ele>958.39005999999995</ele>
        <time>2026-09-16T23:47:31Z</time>
      </trkpt>
      <trkpt lat="46.286841994151473" lon="11.44779103808105">
        <ele>958.81970899999999</ele>
        <time>2026-09-16T23:47:35Z</time>
      </trkpt>
      <trkpt lat="46.286778040230274" lon="11.44805003888905">
        <ele>959.43596000000002</ele>
        <time>2026-09-16T23:47:43Z</time>
      </trkpt>
      <trkpt lat="46.286776028573513" lon="11.448284983634949">
        <ele>959.96249999999998</ele>
        <time>2026-09-16T23:47:49Z</time>
      </trkpt>
      <trkpt lat="46.286819027736783" lon="11.448533004149795">
        <ele>960.535347</ele>
        <time>2026-09-16T23:47:57Z</time>
      </trkpt>
      <trkpt lat="46.287133013829589" lon="11.449839994311333">
        <ele>966.47552900000005</ele>
        <time>2026-09-16T23:48:38Z</time>
      </trkpt>
      <trkpt lat="46.287367036566138" lon="11.450745994225144">
        <ele>970.79539299999999</ele>
        <time>2026-09-16T23:49:13Z</time>
      </trkpt>
      <trkpt lat="46.287672976031899" lon="11.451640008017421">
        <ele>974.627118</ele>
        <time>2026-09-16T23:49:46Z</time>
      </trkpt>
      <trkpt lat="46.287831980735064" lon="11.451970003545284">
        <ele>976.03033900000003</ele>
        <time>2026-09-16T23:49:57Z</time>
      </trkpt>
      <trkpt lat="46.287976987659931" lon="11.45282001234591">
        <ele>979.08416999999997</ele>
        <time>2026-09-16T23:50:20Z</time>
      </trkpt>
      <trkpt lat="46.287990985438228" lon="11.452893018722534">
        <ele>979.34842000000003</ele>
        <time>2026-09-16T23:50:22Z</time>
      </trkpt>
      <trkpt lat="46.287985034286976" lon="11.453140033408999">
        <ele>980.21049500000004</ele>
        <time>2026-09-16T23:50:28Z</time>
      </trkpt>
      <trkpt lat="46.287928037345409" lon="11.453500036150217">
        <ele>981.48460699999998</ele>
        <time>2026-09-16T23:50:37Z</time>
      </trkpt>
      <trkpt lat="46.287975981831551" lon="11.453687036409974">
        <ele>981.64015199999994</ele>
        <time>2026-09-16T23:50:42Z</time>
      </trkpt>
      <trkpt lat="46.28808100707829" lon="11.453885016962886">
        <ele>981.83475999999996</ele>
        <time>2026-09-16T23:50:47Z</time>
      </trkpt>
      <trkpt lat="46.288149990141392" lon="11.453962968662381">
        <ele>981.93355599999995</ele>
        <time>2026-09-16T23:50:50Z</time>
      </trkpt>
      <trkpt lat="46.288377977907658" lon="11.454143011942506">
        <ele>982.22661700000003</ele>
        <time>2026-09-16T23:50:57Z</time>
      </trkpt>
      <trkpt lat="46.288978038355708" lon="11.454726979136467">
        <ele>983.04252299999996</ele>
        <time>2026-09-16T23:51:15Z</time>
      </trkpt>
      <trkpt lat="46.288997987285256" lon="11.454745000228286">
        <ele>983.06909800000005</ele>
        <time>2026-09-16T23:51:15Z</time>
      </trkpt>
      <trkpt lat="46.28915699198842" lon="11.454911967739463">
        <ele>983.29078100000004</ele>
        <time>2026-09-16T23:51:18Z</time>
      </trkpt>
      <trkpt lat="46.289424039423466" lon="11.455136016011238">
        <ele>983.13692800000001</ele>
        <time>2026-09-16T23:51:22Z</time>
      </trkpt>
      <trkpt lat="46.289883032441139" lon="11.455342965200543">
        <ele>981.56731100000002</ele>
        <time>2026-09-16T23:51:28Z</time>
      </trkpt>
      <trkpt lat="46.29014597274363" lon="11.455512028187513">
        <ele>980.62783100000001</ele>
        <time>2026-09-16T23:51:31Z</time>
      </trkpt>
      <trkpt lat="46.29065902903676" lon="11.455926010385156">
        <ele>978.71018100000003</ele>
        <time>2026-09-16T23:51:38Z</time>
      </trkpt>
      <trkpt lat="46.29046599380672" lon="11.456238990649581">
        <ele>977.76379999999995</ele>
        <time>2026-09-16T23:51:42Z</time>
      </trkpt>
      <trkpt lat="46.290173968300223" lon="11.456568986177444">
        <ele>978.22170400000005</ele>
        <time>2026-09-16T23:51:47Z</time>
      </trkpt>
      <trkpt lat="46.29005896858871" lon="11.456783981993794">
        <ele>978.55217000000005</ele>
        <time>2026-09-16T23:51:50Z</time>
      </trkpt>
      <trkpt lat="46.290043964982033" lon="11.45681700669229">
        <ele>978.60018000000002</ele>
        <time>2026-09-16T23:51:51Z</time>
      </trkpt>
      <trkpt lat="46.289979005232453" lon="11.457133004441857">
        <ele>979.00092099999995</ele>
        <time>2026-09-16T23:52:07Z</time>
      </trkpt>
      <trkpt lat="46.289933994412422" lon="11.45735302940011">
        <ele>979.27979200000004</ele>
        <time>2026-09-16T23:52:18Z</time>
      </trkpt>
      <trkpt lat="46.289940029382706" lon="11.457737004384398">
        <ele>979.74664900000005</ele>
        <time>2026-09-16T23:52:36Z</time>
      </trkpt>
      <trkpt lat="46.289967019110918" lon="11.457932973280549">
        <ele>979.98956699999997</ele>
        <time>2026-09-16T23:52:46Z</time>
      </trkpt>
      <trkpt lat="46.289979005232453" lon="11.458431025967002">
        <ele>980.595234</ele>
        <time>2026-09-16T23:53:02Z</time>
      </trkpt>
      <trkpt lat="46.290025021880865" lon="11.458560023456812">
        <ele>980.77167499999996</ele>
        <time>2026-09-16T23:53:07Z</time>
      </trkpt>
      <trkpt lat="46.290063997730613" lon="11.458614002913237">
        <ele>981.01164100000005</ele>
        <time>2026-09-16T23:53:09Z</time>
      </trkpt>
      <trkpt lat="46.290279999375343" lon="11.458688015118241">
        <ele>982.27330800000004</ele>
        <time>2026-09-16T23:53:21Z</time>
      </trkpt>
      <trkpt lat="46.290354011580348" lon="11.458715004846454">
        <ele>982.70708300000001</ele>
        <time>2026-09-16T23:53:22Z</time>
      </trkpt>
      <trkpt lat="46.290385024622083" lon="11.458712993189692">
        <ele>982.88346100000001</ele>
        <time>2026-09-16T23:53:23Z</time>
      </trkpt>
      <trkpt lat="46.290405979380012" lon="11.458726990967989">
        <ele>983.01487999999995</ele>
        <time>2026-09-16T23:53:23Z</time>
      </trkpt>
      <trkpt lat="46.290426012128592" lon="11.458743000403047">
        <ele>983.14477299999999</ele>
        <time>2026-09-16T23:53:24Z</time>
      </trkpt>
      <trkpt lat="46.29044696688652" lon="11.458765966817737">
        <ele>983.29446600000006</ele>
        <time>2026-09-16T23:53:24Z</time>
      </trkpt>
      <trkpt lat="46.2904669996351" lon="11.458780970424414">
        <ele>983.422504</ele>
        <time>2026-09-16T23:53:25Z</time>
      </trkpt>
      <trkpt lat="46.290478985756636" lon="11.458784993737936">
        <ele>983.49249699999996</ele>
        <time>2026-09-16T23:53:25Z</time>
      </trkpt>
      <trkpt lat="46.290484014898539" lon="11.458793040364981">
        <ele>983.53486399999997</ele>
        <time>2026-09-16T23:53:25Z</time>
      </trkpt>
      <trkpt lat="46.29048996604979" lon="11.45881399512291">
        <ele>983.62411699999996</ele>
        <time>2026-09-16T23:53:26Z</time>
      </trkpt>
      <trkpt lat="46.290494995191693" lon="11.458848025649786">
        <ele>983.76064699999995</ele>
        <time>2026-09-16T23:53:26Z</time>
      </trkpt>
      <trkpt lat="46.290506981313229" lon="11.458879038691521">
        <ele>983.90020700000002</ele>
        <time>2026-09-16T23:53:27Z</time>
      </trkpt>
      <trkpt lat="46.290525002405047" lon="11.458909967914224">
        <ele>984.05924200000004</ele>
        <time>2026-09-16T23:53:27Z</time>
      </trkpt>
      <trkpt lat="46.290541011840105" lon="11.458947015926242">
        <ele>984.23067400000002</ele>
        <time>2026-09-16T23:53:28Z</time>
      </trkpt>
      <trkpt lat="46.290557021275163" lon="11.458979034796357">
        <ele>984.38580999999999</ele>
        <time>2026-09-16T23:53:28Z</time>
      </trkpt>
      <trkpt lat="46.290566995739937" lon="11.45900895819068">
        <ele>984.51663199999996</ele>
        <time>2026-09-16T23:53:29Z</time>
      </trkpt>
      <trkpt lat="46.290576970204711" lon="11.459042988717556">
        <ele>984.66176399999995</ele>
        <time>2026-09-16T23:53:30Z</time>
      </trkpt>
      <trkpt lat="46.290586022660136" lon="11.459074001759291">
        <ele>984.79382999999996</ele>
        <time>2026-09-16T23:53:30Z</time>
      </trkpt>
      <trkpt lat="46.290603959932923" lon="11.459096968173981">
        <ele>984.93031499999995</ele>
        <time>2026-09-16T23:53:31Z</time>
      </trkpt>
      <trkpt lat="46.290620975196362" lon="11.459122030064464">
        <ele>985.06807600000002</ele>
        <time>2026-09-16T23:53:31Z</time>
      </trkpt>
      <trkpt lat="46.290636984631419" lon="11.459139967337251">
        <ele>985.183266</ele>
        <time>2026-09-16T23:53:32Z</time>
      </trkpt>
      <trkpt lat="46.290651988238096" lon="11.459152037277818">
        <ele>985.28068499999995</ele>
        <time>2026-09-16T23:53:32Z</time>
      </trkpt>
      <trkpt lat="46.290672020986676" lon="11.459154970943928">
        <ele>985.39497300000005</ele>
        <time>2026-09-16T23:53:32Z</time>
      </trkpt>
      <trkpt lat="46.290838988497853" lon="11.459266031160951">
        <ele>986.58328600000004</ele>
        <time>2026-09-16T23:53:37Z</time>
      </trkpt>
      <trkpt lat="46.290851980447769" lon="11.459292015060782">
        <ele>986.70933300000002</ele>
        <time>2026-09-16T23:53:37Z</time>
      </trkpt>
      <trkpt lat="46.290865978226066" lon="11.459314981475472">
        <ele>986.82971799999996</ele>
        <time>2026-09-16T23:53:38Z</time>
      </trkpt>
      <trkpt lat="46.290882993489504" lon="11.459331996738911">
        <ele>986.94717000000003</ele>
        <time>2026-09-16T23:53:38Z</time>
      </trkpt>
      <trkpt lat="46.290902020409703" lon="11.459340965375304">
        <ele>987.06080299999996</ele>
        <time>2026-09-16T23:53:39Z</time>
      </trkpt>
      <trkpt lat="46.290923980996013" lon="11.459349012002349">
        <ele>987.18973700000004</ele>
        <time>2026-09-16T23:53:39Z</time>
      </trkpt>
      <trkpt lat="46.290948959067464" lon="11.459355968981981">
        <ele>987.33447100000001</ele>
        <time>2026-09-16T23:53:40Z</time>
      </trkpt>
      <trkpt lat="46.290965974330902" lon="11.459364015609026">
        <ele>987.43607899999995</ele>
        <time>2026-09-16T23:53:40Z</time>
      </trkpt>
      <trkpt lat="46.290979972109199" lon="11.459371978417039">
        <ele>987.52163299999995</ele>
        <time>2026-09-16T23:53:40Z</time>
      </trkpt>
      <trkpt lat="46.291311979293823" lon="11.459488989785314">
        <ele>989.55103299999996</ele>
        <time>2026-09-16T23:53:48Z</time>
      </trkpt>
      <trkpt lat="46.291349027305841" lon="11.459489995613694">
        <ele>989.76137600000004</ele>
        <time>2026-09-16T23:53:49Z</time>
      </trkpt>
      <trkpt lat="46.291380040347576" lon="11.459497036412358">
        <ele>989.93970999999999</ele>
        <time>2026-09-16T23:53:49Z</time>
      </trkpt>
      <trkpt lat="46.291407030075788" lon="11.459508016705513">
        <ele>990.09914200000003</ele>
        <time>2026-09-16T23:53:50Z</time>
      </trkpt>
      <trkpt lat="46.291436031460762" lon="11.459512962028384">
        <ele>990.26514299999997</ele>
        <time>2026-09-16T23:53:51Z</time>
      </trkpt>
      <trkpt lat="46.291462015360594" lon="11.459503993391991">
        <ele>990.41709400000002</ele>
        <time>2026-09-16T23:53:51Z</time>
      </trkpt>
      <trkpt lat="46.291484981775284" lon="11.459497036412358">
        <ele>990.55068500000004</ele>
        <time>2026-09-16T23:53:52Z</time>
      </trkpt>
      <trkpt lat="46.291512977331877" lon="11.459498964250088">
        <ele>990.71002899999996</ele>
        <time>2026-09-16T23:53:52Z</time>
      </trkpt>
      <trkpt lat="46.29153803922236" lon="11.459504999220371">
        <ele>990.85406899999998</ele>
        <time>2026-09-16T23:53:53Z</time>
      </trkpt>
      <trkpt lat="46.291555976495147" lon="11.459512962028384">
        <ele>990.961096</ele>
        <time>2026-09-16T23:53:53Z</time>
      </trkpt>
      <trkpt lat="46.291570980101824" lon="11.459520002827048">
        <ele>991.01607000000001</ele>
        <time>2026-09-16T23:53:54Z</time>
      </trkpt>
      <trkpt lat="46.29158397205174" lon="11.459525031968951">
        <ele>990.989373</ele>
        <time>2026-09-16T23:53:54Z</time>
      </trkpt>
      <trkpt lat="46.291602998971939" lon="11.459532994776964">
        <ele>990.95010100000002</ele>
        <time>2026-09-16T23:53:54Z</time>
      </trkpt>
      <trkpt lat="46.291623031720519" lon="11.459556967020035">
        <ele>990.89853700000003</ele>
        <time>2026-09-16T23:53:55Z</time>
      </trkpt>
      <trkpt lat="46.291644992306828" lon="11.459582028910518">
        <ele>990.84302200000002</ele>
        <time>2026-09-16T23:53:55Z</time>
      </trkpt>
      <trkpt lat="46.291663013398647" lon="11.459602983668447">
        <ele>990.79713600000002</ele>
        <time>2026-09-16T23:53:56Z</time>
      </trkpt>
      <trkpt lat="46.29166997037828" lon="11.459611030295491">
        <ele>990.77943300000004</ele>
        <time>2026-09-16T23:53:56Z</time>
      </trkpt>
      <trkpt lat="46.291671982035041" lon="11.459612036123872">
        <ele>990.77523399999995</ele>
        <time>2026-09-16T23:53:56Z</time>
      </trkpt>
      <trkpt lat="46.291643986478448" lon="11.459700968116522">
        <ele>990.64112499999999</ele>
        <time>2026-09-16T23:53:58Z</time>
      </trkpt>
      <trkpt lat="46.291632000356913" lon="11.459732986986637">
        <ele>990.59119499999997</ele>
        <time>2026-09-16T23:53:58Z</time>
      </trkpt>
      <trkpt lat="46.29162697121501" lon="11.459762994199991">
        <ele>990.54887399999996</ele>
        <time>2026-09-16T23:53:59Z</time>
      </trkpt>
      <trkpt lat="46.291618002578616" lon="11.459800964221358">
        <ele>990.493785</ele>
        <time>2026-09-16T23:53:59Z</time>
      </trkpt>
      <trkpt lat="46.291609033942223" lon="11.459840023890138">
        <ele>990.43739700000003</ele>
        <time>2026-09-16T23:54:00Z</time>
      </trkpt>
      <trkpt lat="46.291601993143559" lon="11.459877993911505">
        <ele>990.383464</ele>
        <time>2026-09-16T23:54:00Z</time>
      </trkpt>
      <trkpt lat="46.291594030335546" lon="11.459923004731536">
        <ele>990.31974200000002</ele>
        <time>2026-09-16T23:54:01Z</time>
      </trkpt>
      <trkpt lat="46.291532004252076" lon="11.460065999999642">
        <ele>990.06703900000002</ele>
        <time>2026-09-16T23:54:04Z</time>
      </trkpt>
      <trkpt lat="46.291515994817019" lon="11.460078991949558">
        <ele>990.03062199999999</ele>
        <time>2026-09-16T23:54:04Z</time>
      </trkpt>
      <trkpt lat="46.291506020352244" lon="11.460086032748222">
        <ele>990.00857599999995</ele>
        <time>2026-09-16T23:54:04Z</time>
      </trkpt>
      <trkpt lat="46.291495962068439" lon="11.460087960585952">
        <ele>989.98854100000005</ele>
        <time>2026-09-16T23:54:05Z</time>
      </trkpt>
      <trkpt lat="46.291264034807682" lon="11.460343021899462">
        <ele>989.39510299999995</ele>
        <time>2026-09-16T23:54:11Z</time>
      </trkpt>
      <trkpt lat="46.29126001149416" lon="11.460355008020997">
        <ele>989.37683100000004</ele>
        <time>2026-09-16T23:54:11Z</time>
      </trkpt>
      <trkpt lat="46.29126001149416" lon="11.460357019677758">
        <ele>989.37408800000003</ele>
        <time>2026-09-16T23:54:11Z</time>
      </trkpt>
      <trkpt lat="46.29126001149416" lon="11.460357019677758">
        <ele>989.37408800000003</ele>
        <time>2026-09-16T23:54:11Z</time>
      </trkpt>
      <trkpt lat="46.291241990402341" lon="11.460378980264068">
        <ele>989.32732899999996</ele>
        <time>2026-09-16T23:54:12Z</time>
      </trkpt>
      <trkpt lat="46.291236039251089" lon="11.460389038547873">
        <ele>989.309166</ele>
        <time>2026-09-16T23:54:12Z</time>
      </trkpt>
      <trkpt lat="46.291231010109186" lon="11.460397001355886">
        <ele>989.29437299999995</ele>
        <time>2026-09-16T23:54:12Z</time>
      </trkpt>
      <trkpt lat="46.291226986795664" lon="11.460399013012648">
        <ele>989.28597400000001</ele>
        <time>2026-09-16T23:54:12Z</time>
      </trkpt>
      <trkpt lat="46.291224975138903" lon="11.460400018841028">
        <ele>989.28177400000004</ele>
        <time>2026-09-16T23:54:12Z</time>
      </trkpt>
      <trkpt lat="46.291121039539576" lon="11.460453998297453">
        <ele>989.06248500000004</ele>
        <time>2026-09-16T23:54:15Z</time>
      </trkpt>
      <trkpt lat="46.29111098125577" lon="11.460449974983931">
        <ele>989.04189499999995</ele>
        <time>2026-09-16T23:54:15Z</time>
      </trkpt>
      <trkpt lat="46.290791966021061" lon="11.460595987737179">
        <ele>988.33412099999998</ele>
        <time>2026-09-16T23:54:23Z</time>
      </trkpt>
      <trkpt lat="46.290781991556287" lon="11.460605040192604">
        <ele>988.31074899999999</ele>
        <time>2026-09-16T23:54:23Z</time>
      </trkpt>
      <trkpt lat="46.290774028748274" lon="11.460605962201953">
        <ele>988.29481299999998</ele>
        <time>2026-09-16T23:54:23Z</time>
      </trkpt>
      <trkpt lat="46.290765982121229" lon="11.460600011050701">
        <ele>988.27692999999999</ele>
        <time>2026-09-16T23:54:23Z</time>
      </trkpt>
      <trkpt lat="46.290759025141597" lon="11.460599005222321">
        <ele>988.262969</ele>
        <time>2026-09-16T23:54:23Z</time>
      </trkpt>
      <trkpt lat="46.290746033191681" lon="11.460601016879082">
        <ele>988.23702300000002</ele>
        <time>2026-09-16T23:54:24Z</time>
      </trkpt>
      <trkpt lat="46.290731029585004" lon="11.460603028535843">
        <ele>988.20712700000001</ele>
        <time>2026-09-16T23:54:24Z</time>
      </trkpt>
      <trkpt lat="46.290722982957959" lon="11.460604034364223">
        <ele>988.191191</ele>
        <time>2026-09-16T23:54:24Z</time>
      </trkpt>
      <trkpt lat="46.290718959644437" lon="11.460606968030334">
        <ele>988.18224899999996</ele>
        <time>2026-09-16T23:54:24Z</time>
      </trkpt>
      <trkpt lat="46.290707979351282" lon="11.460609985515475">
        <ele>988.160034</ele>
        <time>2026-09-16T23:54:24Z</time>
      </trkpt>
      <trkpt lat="46.290692975744605" lon="11.460614008828998">
        <ele>988.12976200000003</ele>
        <time>2026-09-16T23:54:25Z</time>
      </trkpt>
      <trkpt lat="46.290676966309547" lon="11.460617026314139">
        <ele>988.09774200000004</ele>
        <time>2026-09-16T23:54:25Z</time>
      </trkpt>
      <trkpt lat="46.29065902903676" lon="11.460619037970901">
        <ele>988.061913</ele>
        <time>2026-09-16T23:54:25Z</time>
      </trkpt>
      <trkpt lat="46.290643019601703" lon="11.46062096580863">
        <ele>988.03003999999999</ele>
        <time>2026-09-16T23:54:26Z</time>
      </trkpt>
      <trkpt lat="46.290628015995026" lon="11.460622977465391">
        <ele>988.00014399999998</ele>
        <time>2026-09-16T23:54:26Z</time>
      </trkpt>
      <trkpt lat="46.290612006559968" lon="11.460623983293772">
        <ele>987.96835999999996</ele>
        <time>2026-09-16T23:54:26Z</time>
      </trkpt>
      <trkpt lat="46.290597002953291" lon="11.460621971637011">
        <ele>987.93846299999996</ele>
        <time>2026-09-16T23:54:27Z</time>
      </trkpt>
      <trkpt lat="46.290585016831756" lon="11.46062096580863">
        <ele>987.91460800000004</ele>
        <time>2026-09-16T23:54:27Z</time>
      </trkpt>
      <trkpt lat="46.290570013225079" lon="11.460619959980249">
        <ele>987.88480600000003</ele>
        <time>2026-09-16T23:54:27Z</time>
      </trkpt>
      <trkpt lat="46.290555009618402" lon="11.46062096580863">
        <ele>987.85500500000001</ele>
        <time>2026-09-16T23:54:28Z</time>
      </trkpt>
      <trkpt lat="46.290543023496866" lon="11.460621971637011">
        <ele>987.83114899999998</ele>
        <time>2026-09-16T23:54:28Z</time>
      </trkpt>
      <trkpt lat="46.290531037375331" lon="11.460622977465391">
        <ele>987.80729399999996</ele>
        <time>2026-09-16T23:54:28Z</time>
      </trkpt>
      <trkpt lat="46.290521984919906" lon="11.460623983293772">
        <ele>987.78937900000005</ele>
        <time>2026-09-16T23:54:28Z</time>
      </trkpt>
      <trkpt lat="46.290515027940273" lon="11.460623983293772">
        <ele>987.775486</ele>
        <time>2026-09-16T23:54:29Z</time>
      </trkpt>
      <trkpt lat="46.290506981313229" lon="11.46062096580863">
        <ele>987.75908500000003</ele>
        <time>2026-09-16T23:54:29Z</time>
      </trkpt>
      <trkpt lat="46.290497006848454" lon="11.460619037970901">
        <ele>987.73904900000002</ele>
        <time>2026-09-16T23:54:29Z</time>
      </trkpt>
      <trkpt lat="46.290483009070158" lon="11.460617026314139">
        <ele>987.71112900000003</ele>
        <time>2026-09-16T23:54:29Z</time>
      </trkpt>
      <trkpt lat="46.290470017120242" lon="11.460615014657378">
        <ele>987.68518300000005</ele>
        <time>2026-09-16T23:54:30Z</time>
      </trkpt>
      <trkpt lat="46.290456019341946" lon="11.460609985515475">
        <ele>987.656564</ele>
        <time>2026-09-16T23:54:30Z</time>
      </trkpt>
      <trkpt lat="46.29044596105814" lon="11.460606968030334">
        <ele>987.63629500000002</ele>
        <time>2026-09-16T23:54:30Z</time>
      </trkpt>
      <trkpt lat="46.290435986593366" lon="11.460605040192604">
        <ele>987.61626000000001</ele>
        <time>2026-09-16T23:54:30Z</time>
      </trkpt>
      <trkpt lat="46.290429029613733" lon="11.460604034364223">
        <ele>987.60230000000001</ele>
        <time>2026-09-16T23:54:30Z</time>
      </trkpt>
      <trkpt lat="46.290426012128592" lon="11.460600011050701">
        <ele>987.59420399999999</ele>
        <time>2026-09-16T23:54:31Z</time>
      </trkpt>
      <trkpt lat="46.290418971329927" lon="11.460592970252037">
        <ele>987.57731699999999</ele>
        <time>2026-09-16T23:54:31Z</time>
      </trkpt>
      <trkpt lat="46.290408996865153" lon="11.460587019100785">
        <ele>987.55583200000001</ele>
        <time>2026-09-16T23:54:31Z</time>
      </trkpt>
      <trkpt lat="46.290398016571999" lon="11.460585007444024">
        <ele>987.53382899999997</ele>
        <time>2026-09-16T23:54:31Z</time>
      </trkpt>
      <trkpt lat="46.290386030450463" lon="11.460589030757546">
        <ele>987.50938900000006</ele>
        <time>2026-09-16T23:54:31Z</time>
      </trkpt>
      <trkpt lat="46.290374966338277" lon="11.46059799939394">
        <ele>987.48431000000005</ele>
        <time>2026-09-16T23:54:32Z</time>
      </trkpt>
      <trkpt lat="46.29036096855998" lon="11.460607973858714">
        <ele>987.45396200000005</ele>
        <time>2026-09-16T23:54:32Z</time>
      </trkpt>
      <trkpt lat="46.290347976610065" lon="11.460617026314139">
        <ele>987.434527</ele>
        <time>2026-09-16T23:54:32Z</time>
      </trkpt>
      <trkpt lat="46.290339007973671" lon="11.460629012435675">
        <ele>987.41802299999995</ele>
        <time>2026-09-16T23:54:33Z</time>
      </trkpt>
      <trkpt lat="46.290329033508897" lon="11.460642004385591">
        <ele>987.39989400000002</ele>
        <time>2026-09-16T23:54:33Z</time>
      </trkpt>
      <trkpt lat="46.290319981053472" lon="11.460653990507126">
        <ele>987.38339099999996</ele>
        <time>2026-09-16T23:54:33Z</time>
      </trkpt>
      <trkpt lat="46.29031796939671" lon="11.460654996335506">
        <ele>987.380537</ele>
        <time>2026-09-16T23:54:33Z</time>
      </trkpt>
      <trkpt lat="46.290310006588697" lon="11.460656002163887">
        <ele>987.36970799999995</ele>
        <time>2026-09-16T23:54:33Z</time>
      </trkpt>
      <trkpt lat="46.290303971618414" lon="11.4606639649719">
        <ele>987.35870499999999</ele>
        <time>2026-09-16T23:54:34Z</time>
      </trkpt>
      <trkpt lat="46.29029500298202" lon="11.460673017427325">
        <ele>987.34395199999994</ele>
        <time>2026-09-16T23:54:34Z</time>
      </trkpt>
      <trkpt lat="46.290281005203724" lon="11.460679974406958">
        <ele>987.32397600000002</ele>
        <time>2026-09-16T23:54:34Z</time>
      </trkpt>
      <trkpt lat="46.290262984111905" lon="11.460690032690763">
        <ele>987.29797399999995</ele>
        <time>2026-09-16T23:54:34Z</time>
      </trkpt>
      <trkpt lat="46.290244041010737" lon="11.460701012983918">
        <ele>987.27037600000006</ele>
        <time>2026-09-16T23:54:35Z</time>
      </trkpt>
      <trkpt lat="46.290221996605396" lon="11.460711993277073">
        <ele>987.23898499999996</ele>
        <time>2026-09-16T23:54:35Z</time>
      </trkpt>
      <trkpt lat="46.290194001048803" lon="11.460724985226989">
        <ele>987.19932800000004</ele>
        <time>2026-09-16T23:54:36Z</time>
      </trkpt>
      <trkpt lat="46.290162988007069" lon="11.460740994662046">
        <ele>987.15494100000001</ele>
        <time>2026-09-16T23:54:37Z</time>
      </trkpt>
      <trkpt lat="46.290132980793715" lon="11.460758009925485">
        <ele>987.111492</ele>
        <time>2026-09-16T23:54:37Z</time>
      </trkpt>
      <trkpt lat="46.289581032469869" lon="11.461031008511782">
        <ele>986.23811699999999</ele>
        <time>2026-09-16T23:54:51Z</time>
      </trkpt>
      <trkpt lat="46.289148023352027" lon="11.461222032085061">
        <ele>985.62764000000004</ele>
        <time>2026-09-16T23:55:01Z</time>
      </trkpt>
      <trkpt lat="46.28904802724719" lon="11.461254972964525">
        <ele>985.48931600000003</ele>
        <time>2026-09-16T23:55:03Z</time>
      </trkpt>
      <trkpt lat="46.288969991728663" lon="11.461281040683389">
        <ele>985.38136999999995</ele>
        <time>2026-09-16T23:55:05Z</time>
      </trkpt>
      <trkpt lat="46.288734963163733" lon="11.461228989064693">
        <ele>985.06076099999996</ele>
        <time>2026-09-16T23:55:11Z</time>
      </trkpt>
      <trkpt lat="46.288508987054229" lon="11.461184984073043">
        <ele>984.19241299999999</ele>
        <time>2026-09-16T23:55:16Z</time>
      </trkpt>
      <trkpt lat="46.288041025400162" lon="11.461159000173211">
        <ele>982.27925900000002</ele>
        <time>2026-09-16T23:55:23Z</time>
      </trkpt>
      <trkpt lat="46.288045970723033" lon="11.461118012666702">
        <ele>982.16173500000002</ele>
        <time>2026-09-16T23:55:24Z</time>
      </trkpt>
      <trkpt lat="46.288153007626534" lon="11.460527004674077">
        <ele>980.43714199999999</ele>
        <time>2026-09-16T23:55:28Z</time>
      </trkpt>
      <trkpt lat="46.288153007626534" lon="11.460193991661072">
        <ele>979.49714500000005</ele>
        <time>2026-09-16T23:55:31Z</time>
      </trkpt>
      <trkpt lat="46.288099028170109" lon="11.459938008338213">
        <ele>978.74158699999998</ele>
        <time>2026-09-16T23:55:33Z</time>
      </trkpt>
      <trkpt lat="46.287948992103338" lon="11.459665009751916">
        <ele>977.75704599999995</ele>
        <time>2026-09-16T23:55:36Z</time>
      </trkpt>
      <trkpt lat="46.287825023755431" lon="11.459512962028384">
        <ele>976.71337800000003</ele>
        <time>2026-09-16T23:55:37Z</time>
      </trkpt>
      <trkpt lat="46.287717986851931" lon="11.459464011713862">
        <ele>975.95932600000003</ele>
        <time>2026-09-16T23:55:39Z</time>
      </trkpt>
      <trkpt lat="46.287569962441921" lon="11.459464011713862">
        <ele>974.96494099999995</ele>
        <time>2026-09-16T23:55:40Z</time>
      </trkpt>
      <trkpt lat="46.287497039884329" lon="11.459479015320539">
        <ele>974.46954800000003</ele>
        <time>2026-09-16T23:55:41Z</time>
      </trkpt>
      <trkpt lat="46.287398971617222" lon="11.459500975906849">
        <ele>973.80322799999999</ele>
        <time>2026-09-16T23:55:42Z</time>
      </trkpt>
      <trkpt lat="46.286825984716415" lon="11.459666015580297">
        <ele>969.87786400000005</ele>
        <time>2026-09-16T23:55:48Z</time>
      </trkpt>
      <trkpt lat="46.286347964778543" lon="11.459794007241726">
        <ele>966.61174400000004</ele>
        <time>2026-09-16T23:55:55Z</time>
      </trkpt>
      <trkpt lat="46.285899030044675" lon="11.459966003894806">
        <ele>963.58028400000001</ele>
        <time>2026-09-16T23:56:01Z</time>
      </trkpt>
      <trkpt lat="46.285612033680081" lon="11.460173958912492">
        <ele>961.51498300000003</ele>
        <time>2026-09-16T23:56:06Z</time>
      </trkpt>
      <trkpt lat="46.2855039909482" lon="11.460332041606307">
        <ele>960.52682100000004</ele>
        <time>2026-09-16T23:56:08Z</time>
      </trkpt>
      <trkpt lat="46.285435007885098" lon="11.460500014945865">
        <ele>959.65783499999998</ele>
        <time>2026-09-16T23:56:09Z</time>
      </trkpt>
      <trkpt lat="46.285343980416656" lon="11.460847025737166">
        <ele>958.00752999999997</ele>
        <time>2026-09-16T23:56:13Z</time>
      </trkpt>
      <trkpt lat="46.284994035959244" lon="11.462011020630598">
        <ele>951.38428299999998</ele>
        <time>2026-09-16T23:56:24Z</time>
      </trkpt>
      <trkpt lat="46.284927986562252" lon="11.462293993681669">
        <ele>949.27382299999999</ele>
        <time>2026-09-16T23:56:26Z</time>
      </trkpt>
      <trkpt lat="46.284923041239381" lon="11.462501026690006">
        <ele>947.81027700000004</ele>
        <time>2026-09-16T23:56:28Z</time>
      </trkpt>
      <trkpt lat="46.284949025139213" lon="11.462722979485989">
        <ele>946.21926900000005</ele>
        <time>2026-09-16T23:56:30Z</time>
      </trkpt>
      <trkpt lat="46.285063019022346" lon="11.463346006348729">
        <ele>941.66548299999999</ele>
        <time>2026-09-16T23:56:35Z</time>
      </trkpt>
      <trkpt lat="46.285066036507487" lon="11.464171037077904">
        <ele>935.836005</ele>
        <time>2026-09-16T23:56:42Z</time>
      </trkpt>
      <trkpt lat="46.285027982667089" lon="11.46468099206686">
        <ele>935.55175399999996</ele>
        <time>2026-09-16T23:56:46Z</time>
      </trkpt>
      <trkpt lat="46.285000992938876" lon="11.465020040050149">
        <ele>935.49372500000004</ele>
        <time>2026-09-16T23:56:49Z</time>
      </trkpt>
      <trkpt lat="46.285012979060411" lon="11.465328997001052">
        <ele>935.44109600000002</ele>
        <time>2026-09-16T23:56:52Z</time>
      </trkpt>
      <trkpt lat="46.285081962123513" lon="11.465662010014057">
        <ele>935.38197700000001</ele>
        <time>2026-09-16T23:56:56Z</time>
      </trkpt>
      <trkpt lat="46.285190004855394" lon="11.465891003608704">
        <ele>935.33483100000001</ele>
        <time>2026-09-16T23:57:03Z</time>
      </trkpt>
      <trkpt lat="46.285278014838696" lon="11.466003991663456">
        <ele>935.30588</ele>
        <time>2026-09-16T23:57:10Z</time>
      </trkpt>
      <trkpt lat="46.285461997613311" lon="11.466105999425054">
        <ele>935.25739499999997</ele>
        <time>2026-09-16T23:57:23Z</time>
      </trkpt>
      <trkpt lat="46.286001037806273" lon="11.466092001646757">
        <ele>936.11835299999996</ele>
        <time>2026-09-16T23:58:03Z</time>
      </trkpt>
      <trkpt lat="46.286215027794242" lon="11.466061994433403">
        <ele>936.85250699999995</ele>
        <time>2026-09-16T23:58:19Z</time>
      </trkpt>
      <trkpt lat="46.286521973088384" lon="11.465854039415717">
        <ele>938.01001499999995</ele>
        <time>2026-09-16T23:58:41Z</time>
      </trkpt>
      <trkpt lat="46.286644013598561" lon="11.465868037194014">
        <ele>938.427909</ele>
        <time>2026-09-16T23:58:48Z</time>
      </trkpt>
      <trkpt lat="46.286807041615248" lon="11.46601396612823">
        <ele>939.082492</ele>
        <time>2026-09-16T23:58:58Z</time>
      </trkpt>
      <trkpt lat="46.286881975829601" lon="11.466135000810027">
        <ele>939.46603900000002</ele>
        <time>2026-09-16T23:59:02Z</time>
      </trkpt>
      <trkpt lat="46.286951964721084" lon="11.466335998848081">
        <ele>939.99716000000001</ele>
        <time>2026-09-16T23:59:06Z</time>
      </trkpt>
      <trkpt lat="46.287211971357465" lon="11.467253984883428">
        <ele>939.70719899999995</ele>
        <time>2026-09-16T23:59:21Z</time>
      </trkpt>
      <trkpt lat="46.287239966914058" lon="11.467609964311123">
        <ele>938.33921699999996</ele>
        <time>2026-09-16T23:59:26Z</time>
      </trkpt>
      <trkpt lat="46.287238039076328" lon="11.46809896454215">
        <ele>936.47218399999997</ele>
        <time>2026-09-16T23:59:34Z</time>
      </trkpt>
      <trkpt lat="46.287315990775824" lon="11.468420997262001">
        <ele>935.16944599999999</ele>
        <time>2026-09-16T23:59:40Z</time>
      </trkpt>
      <trkpt lat="46.287520006299019" lon="11.46872098557651">
        <ele>933.56250199999999</ele>
        <time>2026-09-16T23:59:47Z</time>
      </trkpt>
      <trkpt lat="46.287610027939081" lon="11.468785023316741">
        <ele>933.00846000000001</ele>
        <time>2026-09-16T23:59:50Z</time>
      </trkpt>
      <trkpt lat="46.287724021822214" lon="11.468819975852966">
        <ele>932.36459400000001</ele>
        <time>2026-09-16T23:59:53Z</time>
      </trkpt>
      <trkpt lat="46.287805996835232" lon="11.468808995559812">
        <ele>931.90960399999994</ele>
        <time>2026-09-16T23:59:55Z</time>
      </trkpt>
      <trkpt lat="46.287875985726714" lon="11.468815030530095">
        <ele>931.52217800000005</ele>
        <time>2026-09-16T23:59:56Z</time>
      </trkpt>
      <trkpt lat="46.288278987631202" lon="11.468992978334427">
        <ele>929.74427900000001</ele>
        <time>2026-09-17T00:00:02Z</time>
      </trkpt>
      <trkpt lat="46.288603032007813" lon="11.46940796636045">
        <ele>927.95099200000004</ele>
        <time>2026-09-17T00:00:08Z</time>
      </trkpt>
      <trkpt lat="46.288960017263889" lon="11.469988999888301">
        <ele>925.72432600000002</ele>
        <time>2026-09-17T00:00:14Z</time>
      </trkpt>
      <trkpt lat="46.289088008925319" lon="11.47024598903954">
        <ele>924.81702800000005</ele>
        <time>2026-09-17T00:00:16Z</time>
      </trkpt>
      <trkpt lat="46.289625959470868" lon="11.471647024154663">
        <ele>919.49214700000005</ele>
        <time>2026-09-17T00:00:29Z</time>
      </trkpt>
      <trkpt lat="46.289705000817776" lon="11.471900995820761">
        <ele>918.53666799999996</ele>
        <time>2026-09-17T00:00:31Z</time>
      </trkpt>
      <trkpt lat="46.289729978889227" lon="11.472093025222421">
        <ele>917.86646599999995</ele>
        <time>2026-09-17T00:00:33Z</time>
      </trkpt>
      <trkpt lat="46.289657978340983" lon="11.47288603708148">
        <ele>915.12287900000001</ele>
        <time>2026-09-17T00:00:41Z</time>
      </trkpt>
      <trkpt lat="46.289675999432802" lon="11.474342979490757">
        <ele>915.14907600000004</ele>
        <time>2026-09-17T00:00:58Z</time>
      </trkpt>
      <trkpt lat="46.289662001654506" lon="11.474591000005603">
        <ele>915.17291699999998</ele>
        <time>2026-09-17T00:01:03Z</time>
      </trkpt>
      <trkpt lat="46.289616990834475" lon="11.474857041612267">
        <ele>915.19915500000002</ele>
        <time>2026-09-17T00:01:08Z</time>
      </trkpt>
      <trkpt lat="46.289804996922612" lon="11.475693974643946">
        <ele>915.83363599999996</ele>
        <time>2026-09-17T00:01:26Z</time>
      </trkpt>
      <trkpt lat="46.290075983852148" lon="11.476609027013183">
        <ele>918.363743</ele>
        <time>2026-09-17T00:01:47Z</time>
      </trkpt>
      <trkpt lat="46.290129963308573" lon="11.47714102640748">
        <ele>919.73034299999995</ele>
        <time>2026-09-17T00:02:00Z</time>
      </trkpt>
      <trkpt lat="46.290272958576679" lon="11.477676965296268">
        <ele>921.19060400000001</ele>
        <time>2026-09-17T00:02:16Z</time>
      </trkpt>
      <trkpt lat="46.290390975773335" lon="11.477875029668212">
        <ele>921.85512600000004</ele>
        <time>2026-09-17T00:02:25Z</time>
      </trkpt>
      <trkpt lat="46.290542017668486" lon="11.478251041844487">
        <ele>923.991174</ele>
        <time>2026-09-17T00:02:40Z</time>
      </trkpt>
      <trkpt lat="46.290633967146277" lon="11.47871196269989">
        <ele>926.37132899999995</ele>
        <time>2026-09-17T00:02:57Z</time>
      </trkpt>
      <trkpt lat="46.290652994066477" lon="11.478973980993032">
        <ele>927.67806399999995</ele>
        <time>2026-09-17T00:03:08Z</time>
      </trkpt>
      <trkpt lat="46.290646959096193" lon="11.479329038411379">
        <ele>929.43949499999997</ele>
        <time>2026-09-17T00:03:22Z</time>
      </trkpt>
      <trkpt lat="46.290612006559968" lon="11.479518972337246">
        <ele>930.41486499999996</ele>
        <time>2026-09-17T00:03:30Z</time>
      </trkpt>
      <trkpt lat="46.290490971878171" lon="11.479910993948579">
        <ele>932.544488</ele>
        <time>2026-09-17T00:03:47Z</time>
      </trkpt>
      <trkpt lat="46.290458030998707" lon="11.480307038873434">
        <ele>934.52300300000002</ele>
        <time>2026-09-17T00:04:02Z</time>
      </trkpt>
      <trkpt lat="46.290471022948623" lon="11.480457996949553">
        <ele>935.12413500000002</ele>
        <time>2026-09-17T00:04:07Z</time>
      </trkpt>
      <trkpt lat="46.290541011840105" lon="11.481530964374542">
        <ele>938.79037000000005</ele>
        <time>2026-09-17T00:04:38Z</time>
      </trkpt>
      <trkpt lat="46.290542017668486" lon="11.48216899484396">
        <ele>940.96064699999999</ele>
        <time>2026-09-17T00:04:56Z</time>
      </trkpt>
      <trkpt lat="46.290730023756623" lon="11.484040003269911">
        <ele>947.05302200000006</ele>
        <time>2026-09-17T00:05:47Z</time>
      </trkpt>
      <trkpt lat="46.290774028748274" lon="11.484263967722654">
        <ele>947.77353300000004</ele>
        <time>2026-09-17T00:05:53Z</time>
      </trkpt>
      <trkpt lat="46.290774028748274" lon="11.484535960480571">
        <ele>948.61509599999999</ele>
        <time>2026-09-17T00:06:00Z</time>
      </trkpt>
      <trkpt lat="46.290696999058127" lon="11.48485598154366">
        <ele>949.66348400000004</ele>
        <time>2026-09-17T00:06:09Z</time>
      </trkpt>
      <trkpt lat="46.29057596437633" lon="11.485207015648484">
        <ele>950.877117</ele>
        <time>2026-09-17T00:06:20Z</time>
      </trkpt>
      <trkpt lat="46.289845984429121" lon="11.486454997211695">
        <ele>957.44355700000006</ele>
        <time>2026-09-17T00:07:10Z</time>
      </trkpt>
      <trkpt lat="46.28975797444582" lon="11.486678961664438">
        <ele>958.52427299999999</ele>
        <time>2026-09-17T00:07:19Z</time>
      </trkpt>
      <trkpt lat="46.289746994152665" lon="11.487142983824015">
        <ele>960.47151899999994</ele>
        <time>2026-09-17T00:07:35Z</time>
      </trkpt>
      <trkpt lat="46.289852019399405" lon="11.487333001568913">
        <ele>961.49191399999995</ele>
        <time>2026-09-17T00:07:44Z</time>
      </trkpt>
      <trkpt lat="46.29089598543942" lon="11.488434970378876">
        <ele>970.01576499999999</ele>
        <time>2026-09-17T00:08:51Z</time>
      </trkpt>
      <trkpt lat="46.291482970118523" lon="11.489004017785192">
        <ele>974.71433200000001</ele>
        <time>2026-09-17T00:09:25Z</time>
      </trkpt>
      <trkpt lat="46.291702995076776" lon="11.489141983911395">
        <ele>975.94050400000003</ele>
        <time>2026-09-17T00:09:36Z</time>
      </trkpt>
      <trkpt lat="46.291935006156564" lon="11.48917400278151">
        <ele>977.13228300000003</ele>
        <time>2026-09-17T00:09:46Z</time>
      </trkpt>
      <trkpt lat="46.292243963107467" lon="11.489318003877997">
        <ele>978.79235400000005</ele>
        <time>2026-09-17T00:10:02Z</time>
      </trkpt>
      <trkpt lat="46.292321998625994" lon="11.489462004974484">
        <ele>979.43889100000001</ele>
        <time>2026-09-17T00:10:08Z</time>
      </trkpt>
      <trkpt lat="46.292321998625994" lon="11.489716982468963">
        <ele>980.33994299999995</ele>
        <time>2026-09-17T00:10:18Z</time>
      </trkpt>
      <trkpt lat="46.292243963107467" lon="11.489957040175796">
        <ele>981.27711399999998</ele>
        <time>2026-09-17T00:10:26Z</time>
      </trkpt>
      <trkpt lat="46.29210096783936" lon="11.490292986854911">
        <ele>982.67152199999998</ele>
        <time>2026-09-17T00:10:37Z</time>
      </trkpt>
      <trkpt lat="46.292056040838361" lon="11.490532960742712">
        <ele>983.55024200000003</ele>
        <time>2026-09-17T00:10:42Z</time>
      </trkpt>
      <trkpt lat="46.292058974504471" lon="11.491137966513634">
        <ele>983.97950800000001</ele>
        <time>2026-09-17T00:10:53Z</time>
      </trkpt>
      <trkpt lat="46.291832998394966" lon="11.491113994270563">
        <ele>984.07027300000004</ele>
        <time>2026-09-17T00:10:59Z</time>
      </trkpt>
      <trkpt lat="46.291129002347589" lon="11.491379030048847">
        <ele>984.36163299999998</ele>
        <time>2026-09-17T00:11:14Z</time>
      </trkpt>
      <trkpt lat="46.291084997355938" lon="11.491475002840161">
        <ele>984.39351699999997</ele>
        <time>2026-09-17T00:11:15Z</time>
      </trkpt>
      <trkpt lat="46.29046599380672" lon="11.492226021364331">
        <ele>984.06911100000002</ele>
        <time>2026-09-17T00:11:29Z</time>
      </trkpt>
      <trkpt lat="46.290291985496879" lon="11.492484016343951">
        <ele>983.77058299999999</ele>
        <time>2026-09-17T00:11:33Z</time>
      </trkpt>
      <trkpt lat="46.29020900465548" lon="11.492656012997031">
        <ele>983.59686499999998</ele>
        <time>2026-09-17T00:11:36Z</time>
      </trkpt>
      <trkpt lat="46.290168017148972" lon="11.492743017151952">
        <ele>983.50966400000004</ele>
        <time>2026-09-17T00:11:37Z</time>
      </trkpt>
      <trkpt lat="46.29010196775198" lon="11.493006041273475">
        <ele>983.27796699999999</ele>
        <time>2026-09-17T00:11:41Z</time>
      </trkpt>
      <trkpt lat="46.290077995508909" lon="11.493236040696502">
        <ele>983.08535300000005</ele>
        <time>2026-09-17T00:11:44Z</time>
      </trkpt>
      <trkpt lat="46.290096016600728" lon="11.494339015334845">
        <ele>981.94556299999999</ele>
        <time>2026-09-17T00:11:56Z</time>
      </trkpt>
      <trkpt lat="46.290098028257489" lon="11.494426019489765">
        <ele>981.80184899999995</ele>
        <time>2026-09-17T00:11:57Z</time>
      </trkpt>
      <trkpt lat="46.290074978023767" lon="11.494684014469385">
        <ele>981.37236900000005</ele>
        <time>2026-09-17T00:12:00Z</time>
      </trkpt>
      <trkpt lat="46.290004989132285" lon="11.494964975863695">
        <ele>980.87922100000003</ele>
        <time>2026-09-17T00:12:04Z</time>
      </trkpt>
      <trkpt lat="46.289527975022793" lon="11.49637296795845">
        <ele>978.29030799999998</ele>
        <time>2026-09-17T00:12:20Z</time>
      </trkpt>
      <trkpt lat="46.289441976696253" lon="11.496788039803505">
        <ele>977.87383899999998</ele>
        <time>2026-09-17T00:12:25Z</time>
      </trkpt>
      <trkpt lat="46.289421021938324" lon="11.497052991762757">
        <ele>977.68318299999999</ele>
        <time>2026-09-17T00:12:28Z</time>
      </trkpt>
      <trkpt lat="46.28943401388824" lon="11.497824965044856">
        <ele>977.131215</ele>
        <time>2026-09-17T00:12:36Z</time>
      </trkpt>
      <trkpt lat="46.289369976148009" lon="11.49854002520442">
        <ele>976.61588300000005</ele>
        <time>2026-09-17T00:12:47Z</time>
      </trkpt>
      <trkpt lat="46.289366958662868" lon="11.498878989368677">
        <ele>976.37355600000001</ele>
        <time>2026-09-17T00:12:52Z</time>
      </trkpt>
      <trkpt lat="46.289529986679554" lon="11.50056098587811">
        <ele>976.46658400000001</ele>
        <time>2026-09-17T00:13:15Z</time>
      </trkpt>
      <trkpt lat="46.289470978081226" lon="11.500885030254722">
        <ele>976.51640199999997</ele>
        <time>2026-09-17T00:13:19Z</time>
      </trkpt>
      <trkpt lat="46.289341980591416" lon="11.501223994418979">
        <ele>976.57394399999998</ele>
        <time>2026-09-17T00:13:25Z</time>
      </trkpt>
      <trkpt lat="46.289340974763036" lon="11.501318039372563">
        <ele>976.58792200000005</ele>
        <time>2026-09-17T00:13:26Z</time>
      </trkpt>
      <trkpt lat="46.2893289886415" lon="11.501602018252015">
        <ele>976.71758299999999</ele>
        <time>2026-09-17T00:13:31Z</time>
      </trkpt>
      <trkpt lat="46.289311973378062" lon="11.501797987148166">
        <ele>976.93564100000003</ele>
        <time>2026-09-17T00:13:35Z</time>
      </trkpt>
      <trkpt lat="46.289308033883572" lon="11.502653025090694">
        <ele>977.87948100000006</ele>
        <time>2026-09-17T00:13:52Z</time>
      </trkpt>
      <trkpt lat="46.289127990603447" lon="11.503775026649237">
        <ele>979.15097700000001</ele>
        <time>2026-09-17T00:14:20Z</time>
      </trkpt>
      <trkpt lat="46.288994969800115" lon="11.504184985533357">
        <ele>978.97440300000005</ele>
        <time>2026-09-17T00:14:26Z</time>
      </trkpt>
      <trkpt lat="46.288762958720326" lon="11.504758978262544">
        <ele>976.37869699999999</ele>
        <time>2026-09-17T00:14:32Z</time>
      </trkpt>
      <trkpt lat="46.288470011204481" lon="11.505400026217103">
        <ele>973.37869599999999</ele>
        <time>2026-09-17T00:14:37Z</time>
      </trkpt>
      <trkpt lat="46.288303965702653" lon="11.505795987322927">
        <ele>971.57073300000002</ele>
        <time>2026-09-17T00:14:40Z</time>
      </trkpt>
      <trkpt lat="46.288257027044892" lon="11.5061030164361">
        <ele>970.34330199999999</ele>
        <time>2026-09-17T00:14:43Z</time>
      </trkpt>
      <trkpt lat="46.288261972367764" lon="11.506202006712556">
        <ele>969.95582400000001</ele>
        <time>2026-09-17T00:14:44Z</time>
      </trkpt>
      <trkpt lat="46.28829600289464" lon="11.506861997768283">
        <ele>971.40404599999999</ele>
        <time>2026-09-17T00:14:52Z</time>
      </trkpt>
      <trkpt lat="46.288342019543052" lon="11.507045980542898">
        <ele>972.20399099999997</ele>
        <time>2026-09-17T00:14:57Z</time>
      </trkpt>
      <trkpt lat="46.288474034518003" lon="11.507257036864758">
        <ele>973.36758199999997</ele>
        <time>2026-09-17T00:15:07Z</time>
      </trkpt>
      <trkpt lat="46.2886399962008" lon="11.507376981899142">
        <ele>974.465371</ele>
        <time>2026-09-17T00:15:18Z</time>
      </trkpt>
      <trkpt lat="46.288987006992102" lon="11.507472032681108">
        <ele>976.55467699999997</ele>
        <time>2026-09-17T00:15:41Z</time>
      </trkpt>
      <trkpt lat="46.289208037778735" lon="11.507533974945545">
        <ele>977.88647900000001</ele>
        <time>2026-09-17T00:15:55Z</time>
      </trkpt>
      <trkpt lat="46.289356984198093" lon="11.507571022957563">
        <ele>978.78086399999995</ele>
        <time>2026-09-17T00:16:05Z</time>
      </trkpt>
      <trkpt lat="46.289480030536652" lon="11.507652997970581">
        <ele>979.58204899999998</ele>
        <time>2026-09-17T00:16:14Z</time>
      </trkpt>
      <trkpt lat="46.289574997499585" lon="11.507793981581926">
        <ele>980.24308499999995</ele>
        <time>2026-09-17T00:16:21Z</time>
      </trkpt>
      <trkpt lat="46.289599975571036" lon="11.507893977686763">
        <ele>980.52303600000005</ele>
        <time>2026-09-17T00:16:24Z</time>
      </trkpt>
      <trkpt lat="46.289594024419785" lon="11.50801601819694">
        <ele>980.84501499999999</ele>
        <time>2026-09-17T00:16:28Z</time>
      </trkpt>
      <trkpt lat="46.28958597779274" lon="11.508086007088423">
        <ele>981.03179399999999</ele>
        <time>2026-09-17T00:16:30Z</time>
      </trkpt>
      <trkpt lat="46.289510959759355" lon="11.508797965943813">
        <ele>982.92779900000005</ele>
        <time>2026-09-17T00:16:49Z</time>
      </trkpt>
      <trkpt lat="46.289496039971709" lon="11.508936015889049">
        <ele>983.29555300000004</ele>
        <time>2026-09-17T00:16:52Z</time>
      </trkpt>
      <trkpt lat="46.289485981687903" lon="11.509036011993885">
        <ele>983.56154800000002</ele>
        <time>2026-09-17T00:16:53Z</time>
      </trkpt>
      <trkpt lat="46.289424961432815" lon="11.509736990556121">
        <ele>985.42151999999999</ele>
        <time>2026-09-17T00:17:05Z</time>
      </trkpt>
      <trkpt lat="46.289448011666536" lon="11.510108979418874">
        <ele>986.40472999999997</ele>
        <time>2026-09-17T00:17:13Z</time>
      </trkpt>
      <trkpt lat="46.289448011666536" lon="11.510135969147086">
        <ele>986.47580800000003</ele>
        <time>2026-09-17T00:17:13Z</time>
      </trkpt>
      <trkpt lat="46.289447005838156" lon="11.510163964703679">
        <ele>986.54961700000001</ele>
        <time>2026-09-17T00:17:14Z</time>
      </trkpt>
      <trkpt lat="46.289450023323298" lon="11.510268989950418">
        <ele>986.82626800000003</ele>
        <time>2026-09-17T00:17:16Z</time>
      </trkpt>
      <trkpt lat="46.289437031373382" lon="11.510364962741733">
        <ele>986.643913</ele>
        <time>2026-09-17T00:17:18Z</time>
      </trkpt>
      <trkpt lat="46.289381962269545" lon="11.510535031557083">
        <ele>986.26517699999999</ele>
        <time>2026-09-17T00:17:22Z</time>
      </trkpt>
      <trkpt lat="46.289206026121974" lon="11.510779028758407">
        <ele>985.55351800000005</ele>
        <time>2026-09-17T00:17:26Z</time>
      </trkpt>
      <trkpt lat="46.289120027795434" lon="11.510868966579437">
        <ele>985.24363100000005</ele>
        <time>2026-09-17T00:17:28Z</time>
      </trkpt>
      <trkpt lat="46.289003016427159" lon="11.511008022353053">
        <ele>984.80163200000004</ele>
        <time>2026-09-17T00:17:30Z</time>
      </trkpt>
      <trkpt lat="46.288864966481924" lon="11.511140037328005">
        <ele>984.31862699999999</ele>
        <time>2026-09-17T00:17:32Z</time>
      </trkpt>
      <trkpt lat="46.288638990372419" lon="11.511372970417142">
        <ele>983.50840100000005</ele>
        <time>2026-09-17T00:17:35Z</time>
      </trkpt>
      <trkpt lat="46.288437992334366" lon="11.5116670075804">
        <ele>982.67393600000003</ele>
        <time>2026-09-17T00:17:38Z</time>
      </trkpt>
      <trkpt lat="46.288153007626534" lon="11.512379972264171">
        <ele>980.66906800000004</ele>
        <time>2026-09-17T00:17:45Z</time>
      </trkpt>
      <trkpt lat="46.287901969626546" lon="11.513168960809708">
        <ele>977.86407199999996</ele>
        <time>2026-09-17T00:17:52Z</time>
      </trkpt>
      <trkpt lat="46.287885038182139" lon="11.513240961357951">
        <ele>977.61836000000005</ele>
        <time>2026-09-17T00:17:53Z</time>
      </trkpt>
      <trkpt lat="46.28786601126194" lon="11.513306004926562">
        <ele>977.390445</ele>
        <time>2026-09-17T00:17:54Z</time>
      </trkpt>
      <trkpt lat="46.287879003211856" lon="11.513426033779979">
        <ele>976.99818700000003</ele>
        <time>2026-09-17T00:17:55Z</time>
      </trkpt>
      <trkpt lat="46.288056029006839" lon="11.514036990702152">
        <ele>974.85868300000004</ele>
        <time>2026-09-17T00:18:00Z</time>
      </trkpt>
      <trkpt lat="46.288024010136724" lon="11.514342008158565">
        <ele>973.86244199999999</ele>
        <time>2026-09-17T00:18:02Z</time>
      </trkpt>
      <trkpt lat="46.287968019023538" lon="11.514565972611308">
        <ele>973.07343700000001</ele>
        <time>2026-09-17T00:18:04Z</time>
      </trkpt>
      <trkpt lat="46.287908004596829" lon="11.514574019238353">
        <ele>972.72593700000004</ele>
        <time>2026-09-17T00:18:05Z</time>
      </trkpt>
      <trkpt lat="46.287470972165465" lon="11.515353033319116">
        <ele>968.72713399999998</ele>
        <time>2026-09-17T00:18:15Z</time>
      </trkpt>
      <trkpt lat="46.287068976089358" lon="11.516604032367468">
        <ele>963.2287</ele>
        <time>2026-09-17T00:18:27Z</time>
      </trkpt>
      <trkpt lat="46.286971997469664" lon="11.516999993473291">
        <ele>962.03346799999997</ele>
        <time>2026-09-17T00:18:31Z</time>
      </trkpt>
      <trkpt lat="46.286825984716415" lon="11.518254010006785">
        <ele>958.90817200000004</ele>
        <time>2026-09-17T00:18:44Z</time>
      </trkpt>
      <trkpt lat="46.286772005259991" lon="11.519324965775013">
        <ele>956.36616700000002</ele>
        <time>2026-09-17T00:18:54Z</time>
      </trkpt>
      <trkpt lat="46.286817016080022" lon="11.520580993965268">
        <ele>955.44068100000004</ele>
        <time>2026-09-17T00:19:07Z</time>
      </trkpt>
      <trkpt lat="46.286902008578181" lon="11.521674999967217">
        <ele>954.63057400000002</ele>
        <time>2026-09-17T00:19:19Z</time>
      </trkpt>
      <trkpt lat="46.28700896166265" lon="11.522671021521091">
        <ele>952.42447600000003</ele>
        <time>2026-09-17T00:19:29Z</time>
      </trkpt>
      <trkpt lat="46.286999993026257" lon="11.523144012317061">
        <ele>951.23144500000001</ele>
        <time>2026-09-17T00:19:33Z</time>
      </trkpt>
      <trkpt lat="46.287022959440947" lon="11.523888995870948">
        <ele>949.35119799999995</ele>
        <time>2026-09-17T00:19:39Z</time>
      </trkpt>
      <trkpt lat="46.286971997469664" lon="11.524552004411817">
        <ele>947.66457800000001</ele>
        <time>2026-09-17T00:19:44Z</time>
      </trkpt>
      <trkpt lat="46.286902008578181" lon="11.524955006316304">
        <ele>946.59812499999998</ele>
        <time>2026-09-17T00:19:48Z</time>
      </trkpt>
      <trkpt lat="46.286722971126437" lon="11.525677023455501">
        <ele>944.629502</ele>
        <time>2026-09-17T00:19:54Z</time>
      </trkpt>
      <trkpt lat="46.286689024418592" lon="11.525962008163333">
        <ele>943.88724100000002</ele>
        <time>2026-09-17T00:19:56Z</time>
      </trkpt>
      <trkpt lat="46.286692963913083" lon="11.526512028649449">
        <ele>942.47560799999997</ele>
        <time>2026-09-17T00:20:01Z</time>
      </trkpt>
      <trkpt lat="46.286633033305407" lon="11.527340998873115">
        <ele>942.58747900000003</ele>
        <time>2026-09-17T00:20:10Z</time>
      </trkpt>
      <trkpt lat="46.286700004711747" lon="11.527884984388947">
        <ele>944.66330800000003</ele>
        <time>2026-09-17T00:20:22Z</time>
      </trkpt>
      <trkpt lat="46.286709979176521" lon="11.528138034045696">
        <ele>945.61529800000005</ele>
        <time>2026-09-17T00:20:29Z</time>
      </trkpt>
      <trkpt lat="46.286767981946468" lon="11.528270971029997">
        <ele>946.20610099999999</ele>
        <time>2026-09-17T00:20:34Z</time>
      </trkpt>
      <trkpt lat="46.286840988323092" lon="11.528552016243339">
        <ele>947.33384999999998</ele>
        <time>2026-09-17T00:20:44Z</time>
      </trkpt>
      <trkpt lat="46.286893961951137" lon="11.528960969299078">
        <ele>948.89710100000002</ele>
        <time>2026-09-17T00:20:59Z</time>
      </trkpt>
      <trkpt lat="46.287165032699704" lon="11.52980100363493">
        <ele>953.50030000000004</ele>
        <time>2026-09-17T00:21:38Z</time>
      </trkpt>
      <trkpt lat="46.287175007164478" lon="11.529976017773151">
        <ele>954.70680600000003</ele>
        <time>2026-09-17T00:21:46Z</time>
      </trkpt>
      <trkpt lat="46.287107029929757" lon="11.530711026862264">
        <ele>959.80195100000003</ele>
        <time>2026-09-17T00:22:25Z</time>
      </trkpt>
      <trkpt lat="46.287085991352797" lon="11.530879000201821">
        <ele>960.97499000000005</ele>
        <time>2026-09-17T00:22:34Z</time>
      </trkpt>
      <trkpt lat="46.287018014118075" lon="11.531043034046888">
        <ele>962.28908699999999</ele>
        <time>2026-09-17T00:22:43Z</time>
      </trkpt>
      <trkpt lat="46.28696596249938" lon="11.531372023746371">
        <ele>964.60798199999999</ele>
        <time>2026-09-17T00:23:00Z</time>
      </trkpt>
      <trkpt lat="46.287009967491031" lon="11.531788017600775">
        <ele>967.49955599999998</ele>
        <time>2026-09-17T00:23:19Z</time>
      </trkpt>
      <trkpt lat="46.287134019657969" lon="11.532067973166704">
        <ele>969.03289099999995</ele>
        <time>2026-09-17T00:23:32Z</time>
      </trkpt>
      <trkpt lat="46.287030000239611" lon="11.532427975907922">
        <ele>969.40643699999998</ele>
        <time>2026-09-17T00:23:42Z</time>
      </trkpt>
      <trkpt lat="46.287062019109726" lon="11.533035999163985">
        <ele>969.99018599999999</ele>
        <time>2026-09-17T00:23:56Z</time>
      </trkpt>
      <trkpt lat="46.28702899441123" lon="11.533344034105539">
        <ele>970.28857000000005</ele>
        <time>2026-09-17T00:24:00Z</time>
      </trkpt>
      <trkpt lat="46.286709979176521" lon="11.534968027845025">
        <ele>972.36173599999995</ele>
        <time>2026-09-17T00:24:15Z</time>
      </trkpt>
      <trkpt lat="46.286436980590224" lon="11.536619011312723">
        <ele>975.466184</ele>
        <time>2026-09-17T00:24:52Z</time>
      </trkpt>
      <trkpt lat="46.28640697337687" lon="11.53682797215879">
        <ele>975.85654499999998</ele>
        <time>2026-09-17T00:24:59Z</time>
      </trkpt>
      <trkpt lat="46.28631996922195" lon="11.537440018728375">
        <ele>977.29107399999998</ele>
        <time>2026-09-17T00:25:21Z</time>
      </trkpt>
      <trkpt lat="46.286313012242317" lon="11.537509001791477">
        <ele>977.46311500000002</ele>
        <time>2026-09-17T00:25:24Z</time>
      </trkpt>
      <trkpt lat="46.286304965615273" lon="11.537935975939035">
        <ele>978.51687500000003</ele>
        <time>2026-09-17T00:25:40Z</time>
      </trkpt>
      <trkpt lat="46.286323992535472" lon="11.538046030327678">
        <ele>978.79658300000006</ele>
        <time>2026-09-17T00:25:44Z</time>
      </trkpt>
      <trkpt lat="46.286433963105083" lon="11.538351969793439">
        <ele>979.64748299999997</ele>
        <time>2026-09-17T00:25:56Z</time>
      </trkpt>
      <trkpt lat="46.286505041643977" lon="11.538427993655205">
        <ele>979.96274400000004</ele>
        <time>2026-09-17T00:25:59Z</time>
      </trkpt>
      <trkpt lat="46.286588022485375" lon="11.538454983383417">
        <ele>980.26643000000001</ele>
        <time>2026-09-17T00:26:02Z</time>
      </trkpt>
      <trkpt lat="46.286889016628265" lon="11.538524972274899">
        <ele>981.35472100000004</ele>
        <time>2026-09-17T00:26:08Z</time>
      </trkpt>
      <trkpt lat="46.286979960277677" lon="11.538619017228484">
        <ele>981.75384399999996</ele>
        <time>2026-09-17T00:26:09Z</time>
      </trkpt>
      <trkpt lat="46.286994963884354" lon="11.538724964484572">
        <ele>982.020759</ele>
        <time>2026-09-17T00:26:10Z</time>
      </trkpt>
      <trkpt lat="46.286945007741451" lon="11.538895033299923">
        <ele>982.47653300000002</ele>
        <time>2026-09-17T00:26:12Z</time>
      </trkpt>
      <trkpt lat="46.286894967779517" lon="11.538985976949334">
        <ele>982.39817700000003</ele>
        <time>2026-09-17T00:26:13Z</time>
      </trkpt>
      <trkpt lat="46.286563966423273" lon="11.539242966100574">
        <ele>981.01720599999999</ele>
        <time>2026-09-17T00:26:18Z</time>
      </trkpt>
      <trkpt lat="46.286350982263684" lon="11.539460979402065">
        <ele>980.05807800000002</ele>
        <time>2026-09-17T00:26:21Z</time>
      </trkpt>
      <trkpt lat="46.286203041672707" lon="11.539701037108898">
        <ele>979.24087399999996</ele>
        <time>2026-09-17T00:26:24Z</time>
      </trkpt>
      <trkpt lat="46.286184014752507" lon="11.540080988779664">
        <ele>978.27293499999996</ele>
        <time>2026-09-17T00:26:27Z</time>
      </trkpt>
      <trkpt lat="46.286201030015945" lon="11.540470998734236">
        <ele>977.28014499999995</ele>
        <time>2026-09-17T00:26:30Z</time>
      </trkpt>
      <trkpt lat="46.286302031949162" lon="11.541270967572927">
        <ele>974.22532200000001</ele>
        <time>2026-09-17T00:26:37Z</time>
      </trkpt>
      <trkpt lat="46.286131041124463" lon="11.54138202778995">
        <ele>972.63631399999997</ele>
        <time>2026-09-17T00:26:40Z</time>
      </trkpt>
      <trkpt lat="46.286053005605936" lon="11.541495015844703">
        <ele>971.70052699999997</ele>
        <time>2026-09-17T00:26:42Z</time>
      </trkpt>
      <trkpt lat="46.286011012271047" lon="11.54161898419261">
        <ele>970.89142100000004</ele>
        <time>2026-09-17T00:26:43Z</time>
      </trkpt>
      <trkpt lat="46.285843038931489" lon="11.542107984423637">
        <ele>967.69176900000002</ele>
        <time>2026-09-17T00:26:49Z</time>
      </trkpt>
      <trkpt lat="46.285673975944519" lon="11.542205968871713">
        <ele>966.14813700000002</ele>
        <time>2026-09-17T00:26:51Z</time>
      </trkpt>
      <trkpt lat="46.285633994266391" lon="11.542213009670377">
        <ele>965.80652699999996</ele>
        <time>2026-09-17T00:26:52Z</time>
      </trkpt>
      <trkpt lat="46.285605998709798" lon="11.542101027444005">
        <ele>965.10867900000005</ele>
        <time>2026-09-17T00:26:53Z</time>
      </trkpt>
      <trkpt lat="46.28556601703167" lon="11.542115025222301">
        <ele>964.75976100000003</ele>
        <time>2026-09-17T00:26:53Z</time>
      </trkpt>
      <trkpt lat="46.285342974588275" lon="11.542172022163868">
        <ele>962.83978999999999</ele>
        <time>2026-09-17T00:26:57Z</time>
      </trkpt>
      <trkpt lat="46.285240966826677" lon="11.542278975248337">
        <ele>961.77164400000004</ele>
        <time>2026-09-17T00:26:58Z</time>
      </trkpt>
      <trkpt lat="46.2850930262357" lon="11.542468992993236">
        <ele>959.73696800000005</ele>
        <time>2026-09-17T00:27:01Z</time>
      </trkpt>
      <trkpt lat="46.28492396324873" lon="11.542596984654665">
        <ele>957.198397</ele>
        <time>2026-09-17T00:27:04Z</time>
      </trkpt>
      <trkpt lat="46.284803012385964" lon="11.542696980759501">
        <ele>955.34395400000005</ele>
        <time>2026-09-17T00:27:05Z</time>
      </trkpt>
      <trkpt lat="46.284434041008353" lon="11.543003004044294">
        <ele>949.68390899999997</ele>
        <time>2026-09-17T00:27:11Z</time>
      </trkpt>
      <trkpt lat="46.284194989129901" lon="11.543256975710392">
        <ele>945.73751000000004</ele>
        <time>2026-09-17T00:27:15Z</time>
      </trkpt>
      <trkpt lat="46.283865999430418" lon="11.543641034513712">
        <ele>940.11222399999997</ele>
        <time>2026-09-17T00:27:19Z</time>
      </trkpt>
      <trkpt lat="46.283830963075161" lon="11.543714962899685">
        <ele>939.28749900000003</ele>
        <time>2026-09-17T00:27:20Z</time>
      </trkpt>
      <trkpt lat="46.283724009990692" lon="11.544236987829208">
        <ele>936.14052700000002</ele>
        <time>2026-09-17T00:27:24Z</time>
      </trkpt>
      <trkpt lat="46.283628037199378" lon="11.544452989473939">
        <ele>935.53341799999998</ele>
        <time>2026-09-17T00:27:26Z</time>
      </trkpt>
      <trkpt lat="46.283112969249487" lon="11.545309033244848">
        <ele>932.850413</ele>
        <time>2026-09-17T00:27:36Z</time>
      </trkpt>
      <trkpt lat="46.282964022830129" lon="11.545468959957361">
        <ele>932.21570499999996</ele>
        <time>2026-09-17T00:27:39Z</time>
      </trkpt>
      <trkpt lat="46.282896967604756" lon="11.545451022684574">
        <ele>931.98259900000005</ele>
        <time>2026-09-17T00:27:40Z</time>
      </trkpt>
      <trkpt lat="46.282524978742003" lon="11.545181041583419">
        <ele>930.654135</ele>
        <time>2026-09-17T00:27:58Z</time>
      </trkpt>
      <trkpt lat="46.282464964315295" lon="11.545066963881254">
        <ele>930.75928499999998</ele>
        <time>2026-09-17T00:28:02Z</time>
      </trkpt>
      <trkpt lat="46.282203029841185" lon="11.545588988810778">
        <ele>931.23268800000005</ele>
        <time>2026-09-17T00:28:16Z</time>
      </trkpt>
      <trkpt lat="46.281586959958076" lon="11.546633960679173">
        <ele>932.24056499999995</ele>
        <time>2026-09-17T00:28:37Z</time>
      </trkpt>
      <trkpt lat="46.281354026868939" lon="11.547093037515879">
        <ele>932.86154399999998</ele>
        <time>2026-09-17T00:28:43Z</time>
      </trkpt>
      <trkpt lat="46.281138025224209" lon="11.547547001391649">
        <ele>933.967263</ele>
        <time>2026-09-17T00:28:49Z</time>
      </trkpt>
      <trkpt lat="46.281035011634231" lon="11.54778404161334">
        <ele>934.52890300000001</ele>
        <time>2026-09-17T00:28:53Z</time>
      </trkpt>
      <trkpt lat="46.280913976952434" lon="11.548333978280425">
        <ele>935.68682100000001</ele>
        <time>2026-09-17T00:29:03Z</time>
      </trkpt>
      <trkpt lat="46.280895033851266" lon="11.548224007710814">
        <ele>935.91428199999996</ele>
        <time>2026-09-17T00:29:05Z</time>
      </trkpt>
      <trkpt lat="46.28090500831604" lon="11.547959977760911">
        <ele>936.44469300000003</ele>
        <time>2026-09-17T00:29:12Z</time>
      </trkpt>
      <trkpt lat="46.281029982492328" lon="11.547438036650419">
        <ele>937.55296399999997</ele>
        <time>2026-09-17T00:29:31Z</time>
      </trkpt>
      <trkpt lat="46.281007016077638" lon="11.547380033880472">
        <ele>937.68711199999996</ele>
        <time>2026-09-17T00:29:33Z</time>
      </trkpt>
      <trkpt lat="46.280960999429226" lon="11.547344997525215">
        <ele>937.902693</ele>
        <time>2026-09-17T00:29:36Z</time>
      </trkpt>
      <trkpt lat="46.280853040516376" lon="11.547351032495499">
        <ele>938.48464100000001</ele>
        <time>2026-09-17T00:29:41Z</time>
      </trkpt>
      <trkpt lat="46.280663022771478" lon="11.547412974759936">
        <ele>939.53337699999997</ele>
        <time>2026-09-17T00:29:51Z</time>
      </trkpt>
      <trkpt lat="46.280545005574822" lon="11.547496961429715">
        <ele>940.24147300000004</ele>
        <time>2026-09-17T00:29:58Z</time>
      </trkpt>
      <trkpt lat="46.280455989763141" lon="11.547648003324866">
        <ele>940.97998700000005</ele>
        <time>2026-09-17T00:30:05Z</time>
      </trkpt>
      <trkpt lat="46.280393963679671" lon="11.547923013567924">
        <ele>942.05642899999998</ele>
        <time>2026-09-17T00:30:15Z</time>
      </trkpt>
      <trkpt lat="46.280347025021911" lon="11.548505974933505">
        <ele>944.24068199999999</ele>
        <time>2026-09-17T00:30:33Z</time>
      </trkpt>
      <trkpt lat="46.280408967286348" lon="11.549336034804583">
        <ele>947.34738600000003</ele>
        <time>2026-09-17T00:30:53Z</time>
      </trkpt>
      <trkpt lat="46.280490020290017" lon="11.549841966480017">
        <ele>947.93039299999998</ele>
        <time>2026-09-17T00:31:00Z</time>
      </trkpt>
      <trkpt lat="46.280577024444938" lon="11.552198035642505">
        <ele>949.90045999999995</ele>
        <time>2026-09-17T00:31:37Z</time>
      </trkpt>
      <trkpt lat="46.280554980039597" lon="11.553019965067506">
        <ele>949.56953099999998</ele>
        <time>2026-09-17T00:31:47Z</time>
      </trkpt>
      <trkpt lat="46.280657993629575" lon="11.554084969684482">
        <ele>949.13692000000003</ele>
        <time>2026-09-17T00:31:58Z</time>
      </trkpt>
      <trkpt lat="46.280607031658292" lon="11.554343970492482">
        <ele>949.02858100000003</ele>
        <time>2026-09-17T00:32:01Z</time>
      </trkpt>
      <trkpt lat="46.280738962814212" lon="11.555199008435011">
        <ele>948.37525900000003</ele>
        <time>2026-09-17T00:32:09Z</time>
      </trkpt>
      <trkpt lat="46.280872989445925" lon="11.555716004222631">
        <ele>947.91250000000002</ele>
        <time>2026-09-17T00:32:14Z</time>
      </trkpt>
      <trkpt lat="46.281055966392159" lon="11.55627197586">
        <ele>947.39638000000002</ele>
        <time>2026-09-17T00:32:20Z</time>
      </trkpt>
      <trkpt lat="46.281468020752072" lon="11.557247964665294">
        <ele>947.44781699999999</ele>
        <time>2026-09-17T00:32:32Z</time>
      </trkpt>
      <trkpt lat="46.281628031283617" lon="11.557650966569781">
        <ele>948.23297200000002</ele>
        <time>2026-09-17T00:32:39Z</time>
      </trkpt>
      <trkpt lat="46.282029021531343" lon="11.55865796841681">
        <ele>950.19633899999997</ele>
        <time>2026-09-17T00:33:05Z</time>
      </trkpt>
      <trkpt lat="46.282088030129671" lon="11.558825019747019">
        <ele>950.51318500000002</ele>
        <time>2026-09-17T00:33:10Z</time>
      </trkpt>
      <trkpt lat="46.282144021242857" lon="11.559231039136648">
        <ele>951.20695699999999</ele>
        <time>2026-09-17T00:33:22Z</time>
      </trkpt>
      <trkpt lat="46.282263966277242" lon="11.559498002752662">
        <ele>951.67489899999998</ele>
        <time>2026-09-17T00:33:31Z</time>
      </trkpt>
      <trkpt lat="46.282656993716955" lon="11.560027990490198">
        <ele>952.81699900000001</ele>
        <time>2026-09-17T00:33:51Z</time>
      </trkpt>
      <trkpt lat="46.28273100592196" lon="11.560220019891858">
        <ele>953.13999200000001</ele>
        <time>2026-09-17T00:33:56Z</time>
      </trkpt>
      <trkpt lat="46.282741986215115" lon="11.560338037088513">
        <ele>953.31493</ele>
        <time>2026-09-17T00:33:59Z</time>
      </trkpt>
      <trkpt lat="46.282741986215115" lon="11.560606006532907">
        <ele>953.70868099999996</ele>
        <time>2026-09-17T00:34:03Z</time>
      </trkpt>
      <trkpt lat="46.282792026177049" lon="11.560860984027386">
        <ele>954.098119</ele>
        <time>2026-09-17T00:34:07Z</time>
      </trkpt>
      <trkpt lat="46.28292596898973" lon="11.561302961781621">
        <ele>954.80724899999996</ele>
        <time>2026-09-17T00:34:12Z</time>
      </trkpt>
      <trkpt lat="46.282943990081549" lon="11.561652990058064">
        <ele>954.85650799999996</ele>
        <time>2026-09-17T00:34:16Z</time>
      </trkpt>
      <trkpt lat="46.282968968153" lon="11.561725996434689">
        <ele>954.80690700000002</ele>
        <time>2026-09-17T00:34:17Z</time>
      </trkpt>
      <trkpt lat="46.28313903696835" lon="11.561964964494109">
        <ele>954.59810200000004</ele>
        <time>2026-09-17T00:34:20Z</time>
      </trkpt>
      <trkpt lat="46.283157980069518" lon="11.562167974188924">
        <ele>954.47338500000001</ele>
        <time>2026-09-17T00:34:22Z</time>
      </trkpt>
      <trkpt lat="46.283271973952651" lon="11.56228800304234">
        <ele>954.349197</ele>
        <time>2026-09-17T00:34:24Z</time>
      </trkpt>
      <trkpt lat="46.28348495811224" lon="11.562313986942172">
        <ele>954.16089099999999</ele>
        <time>2026-09-17T00:34:27Z</time>
      </trkpt>
      <trkpt lat="46.283534998074174" lon="11.56235296279192">
        <ele>954.11085200000002</ele>
        <time>2026-09-17T00:34:28Z</time>
      </trkpt>
      <trkpt lat="46.283622002229095" lon="11.56346901319921">
        <ele>953.42711699999995</ele>
        <time>2026-09-17T00:34:39Z</time>
      </trkpt>
      <trkpt lat="46.283658966422081" lon="11.563646038994193">
        <ele>953.65870500000005</ele>
        <time>2026-09-17T00:34:41Z</time>
      </trkpt>
      <trkpt lat="46.283828029409051" lon="11.564250960946083">
        <ele>954.71408299999996</ele>
        <time>2026-09-17T00:34:52Z</time>
      </trkpt>
      <trkpt lat="46.283847978338599" lon="11.564419018104672">
        <ele>954.98979199999997</ele>
        <time>2026-09-17T00:34:55Z</time>
      </trkpt>
      <trkpt lat="46.283858036622405" lon="11.564718000590801">
        <ele>955.47393199999999</ele>
        <time>2026-09-17T00:35:01Z</time>
      </trkpt>
      <trkpt lat="46.283914027735591" lon="11.564936013892293">
        <ele>955.85007299999995</ele>
        <time>2026-09-17T00:35:07Z</time>
      </trkpt>
      <trkpt lat="46.283975970000029" lon="11.565260980278254">
        <ele>956.395354</ele>
        <time>2026-09-17T00:35:14Z</time>
      </trkpt>
      <trkpt lat="46.284022992476821" lon="11.566015016287565">
        <ele>957.61894500000005</ele>
        <time>2026-09-17T00:35:33Z</time>
      </trkpt>
      <trkpt lat="46.284216027706861" lon="11.56671398319304">
        <ele>958.30544199999997</ele>
        <time>2026-09-17T00:35:51Z</time>
      </trkpt>
      <trkpt lat="46.284519033506513" lon="11.567628029733896">
        <ele>959.22996699999999</ele>
        <time>2026-09-17T00:36:05Z</time>
      </trkpt>
      <trkpt lat="46.285056984052062" lon="11.568728992715478">
        <ele>960.52039200000002</ele>
        <time>2026-09-17T00:36:20Z</time>
      </trkpt>
      <trkpt lat="46.285100989043713" lon="11.568829994648695">
        <ele>960.64338399999997</ele>
        <time>2026-09-17T00:36:21Z</time>
      </trkpt>
      <trkpt lat="46.285240966826677" lon="11.569153033196926">
        <ele>961.03615100000002</ele>
        <time>2026-09-17T00:36:26Z</time>
      </trkpt>
      <trkpt lat="46.285468032583594" lon="11.569971023127437">
        <ele>961.94420700000001</ele>
        <time>2026-09-17T00:36:40Z</time>
      </trkpt>
      <trkpt lat="46.285699959844351" lon="11.570948017761111">
        <ele>963.32133599999997</ele>
        <time>2026-09-17T00:37:05Z</time>
      </trkpt>
      <trkpt lat="46.285719992592931" lon="11.571172988042235">
        <ele>963.77286300000003</ele>
        <time>2026-09-17T00:37:10Z</time>
      </trkpt>
      <trkpt lat="46.28569602034986" lon="11.571466019377112">
        <ele>964.36013000000003</ele>
        <time>2026-09-17T00:37:17Z</time>
      </trkpt>
      <trkpt lat="46.285397037863731" lon="11.572592966258526">
        <ele>966.76293399999997</ele>
        <time>2026-09-17T00:37:41Z</time>
      </trkpt>
      <trkpt lat="46.285206014290452" lon="11.573420008644462">
        <ele>968.50177299999996</ele>
        <time>2026-09-17T00:37:57Z</time>
      </trkpt>
      <trkpt lat="46.285188999027014" lon="11.574282003566623">
        <ele>970.22693400000003</ele>
        <time>2026-09-17T00:38:16Z</time>
      </trkpt>
      <trkpt lat="46.285185981541872" lon="11.574860019609332">
        <ele>971.38327500000003</ele>
        <time>2026-09-17T00:38:28Z</time>
      </trkpt>
      <trkpt lat="46.28522596322" lon="11.575197977945209">
        <ele>972.069298</ele>
        <time>2026-09-17T00:38:34Z</time>
      </trkpt>
      <trkpt lat="46.285326965153217" lon="11.575560998171568">
        <ele>972.85213899999997</ele>
        <time>2026-09-17T00:38:42Z</time>
      </trkpt>
      <trkpt lat="46.285549001768231" lon="11.576005993410945">
        <ele>973.62681399999997</ele>
        <time>2026-09-17T00:38:56Z</time>
      </trkpt>
      <trkpt lat="46.285881008952856" lon="11.576414024457335">
        <ele>974.42979700000001</ele>
        <time>2026-09-17T00:39:09Z</time>
      </trkpt>
      <trkpt lat="46.286170016974211" lon="11.576838986948133">
        <ele>975.18940899999996</ele>
        <time>2026-09-17T00:39:19Z</time>
      </trkpt>
      <trkpt lat="46.286342013627291" lon="11.577193038538098">
        <ele>975.74071000000004</ele>
        <time>2026-09-17T00:39:25Z</time>
      </trkpt>
      <trkpt lat="46.286568995565176" lon="11.578060984611511">
        <ele>976.12592500000005</ele>
        <time>2026-09-17T00:39:38Z</time>
      </trkpt>
      <trkpt lat="46.286876024678349" lon="11.578818038105965">
        <ele>975.61549400000001</ele>
        <time>2026-09-17T00:39:47Z</time>
      </trkpt>
      <trkpt lat="46.287019019946456" lon="11.579064968973398">
        <ele>975.42810799999995</ele>
        <time>2026-09-17T00:39:50Z</time>
      </trkpt>
      <trkpt lat="46.287955027073622" lon="11.580277998000383">
        <ele>974.84123699999998</ele>
        <time>2026-09-17T00:40:08Z</time>
      </trkpt>
      <trkpt lat="46.287963995710015" lon="11.580296019092202">
        <ele>974.840687</ele>
        <time>2026-09-17T00:40:09Z</time>
      </trkpt>
      <trkpt lat="46.288470011204481" lon="11.581137981265783">
        <ele>974.81307300000003</ele>
        <time>2026-09-17T00:40:23Z</time>
      </trkpt>
      <trkpt lat="46.288737980648875" lon="11.581466970965266">
        <ele>974.80048799999997</ele>
        <time>2026-09-17T00:40:31Z</time>
      </trkpt>
      <trkpt lat="46.289400989189744" lon="11.582327960059047">
        <ele>975.17838400000005</ele>
        <time>2026-09-17T00:40:50Z</time>
      </trkpt>
      <trkpt lat="46.290057962760329" lon="11.583261033520103">
        <ele>975.60883100000001</ele>
        <time>2026-09-17T00:41:06Z</time>
      </trkpt>
      <trkpt lat="46.29055199213326" lon="11.583539983257651">
        <ele>975.59755099999995</ele>
        <time>2026-09-17T00:41:16Z</time>
      </trkpt>
      <trkpt lat="46.290694987401366" lon="11.583658000454307">
        <ele>975.58297300000004</ele>
        <time>2026-09-17T00:41:19Z</time>
      </trkpt>
      <trkpt lat="46.290870001539588" lon="11.583874002099037">
        <ele>975.56260399999996</ele>
        <time>2026-09-17T00:41:23Z</time>
      </trkpt>
      <trkpt lat="46.290894979611039" lon="11.583905015140772">
        <ele>975.55968900000005</ele>
        <time>2026-09-17T00:41:23Z</time>
      </trkpt>
      <trkpt lat="46.290925992652774" lon="11.583942985162139">
        <ele>975.55609100000004</ele>
        <time>2026-09-17T00:41:24Z</time>
      </trkpt>
      <trkpt lat="46.290987012907863" lon="11.58405102789402">
        <ele>975.54755499999999</ele>
        <time>2026-09-17T00:41:26Z</time>
      </trkpt>
      <trkpt lat="46.291031017899513" lon="11.58413995988667">
        <ele>975.54085899999995</ele>
        <time>2026-09-17T00:41:27Z</time>
      </trkpt>
      <trkpt lat="46.291213994845748" lon="11.584527036175132">
        <ele>975.51216199999999</ele>
        <time>2026-09-17T00:41:32Z</time>
      </trkpt>
      <trkpt lat="46.291437037289143" lon="11.584921991452575">
        <ele>975.48094900000001</ele>
        <time>2026-09-17T00:41:38Z</time>
      </trkpt>
      <trkpt lat="46.291585983708501" lon="11.585294986143708">
        <ele>975.75501099999997</ele>
        <time>2026-09-17T00:41:43Z</time>
      </trkpt>
      <trkpt lat="46.291634012013674" lon="11.585517022758722">
        <ele>975.91209600000002</ele>
        <time>2026-09-17T00:41:46Z</time>
      </trkpt>
      <trkpt lat="46.291441982612014" lon="11.587508982047439">
        <ele>977.37342799999999</ele>
        <time>2026-09-17T00:42:15Z</time>
      </trkpt>
      <trkpt lat="46.291290018707514" lon="11.588854026049376">
        <ele>981.17227100000002</ele>
        <time>2026-09-17T00:42:50Z</time>
      </trkpt>
      <trkpt lat="46.290997993201017" lon="11.58976698294282">
        <ele>983.97654</ele>
        <time>2026-09-17T00:43:20Z</time>
      </trkpt>
      <trkpt lat="46.290992964059114" lon="11.589993964880705">
        <ele>984.50575100000003</ele>
        <time>2026-09-17T00:43:25Z</time>
      </trkpt>
      <trkpt lat="46.291059013456106" lon="11.590232010930777">
        <ele>984.58446000000004</ele>
        <time>2026-09-17T00:43:30Z</time>
      </trkpt>
      <trkpt lat="46.291199997067451" lon="11.590590002015233">
        <ele>984.71093199999996</ele>
        <time>2026-09-17T00:43:38Z</time>
      </trkpt>
      <trkpt lat="46.2914979737252" lon="11.59086300060153">
        <ele>984.86758599999996</ele>
        <time>2026-09-17T00:43:45Z</time>
      </trkpt>
      <trkpt lat="46.29188203252852" lon="11.591156031936407">
        <ele>985.06040099999996</ele>
        <time>2026-09-17T00:43:51Z</time>
      </trkpt>
      <trkpt lat="46.292032990604639" lon="11.591398017480969">
        <ele>985.16047600000002</ele>
        <time>2026-09-17T00:43:54Z</time>
      </trkpt>
      <trkpt lat="46.292563984170556" lon="11.592590007930994">
        <ele>985.91678100000001</ele>
        <time>2026-09-17T00:44:08Z</time>
      </trkpt>
      <trkpt lat="46.292748972773552" lon="11.592874992638826">
        <ele>986.16354999999999</ele>
        <time>2026-09-17T00:44:15Z</time>
      </trkpt>
      <trkpt lat="46.292846035212278" lon="11.593024022877216">
        <ele>986.29273799999999</ele>
        <time>2026-09-17T00:44:18Z</time>
      </trkpt>
      <trkpt lat="46.29330100491643" lon="11.593903033062816">
        <ele>987.10151399999995</ele>
        <time>2026-09-17T00:44:40Z</time>
      </trkpt>
      <trkpt lat="46.293613985180855" lon="11.594154993072152">
        <ele>988.16586800000005</ele>
        <time>2026-09-17T00:44:52Z</time>
      </trkpt>
      <trkpt lat="46.29420499317348" lon="11.594489011913538">
        <ele>990.05124599999999</ele>
        <time>2026-09-17T00:45:13Z</time>
      </trkpt>
      <trkpt lat="46.294345976784825" lon="11.594660002738237">
        <ele>990.59790499999997</ele>
        <time>2026-09-17T00:45:19Z</time>
      </trkpt>
      <trkpt lat="46.294578993692994" lon="11.595114972442389">
        <ele>991.76073899999994</ele>
        <time>2026-09-17T00:45:31Z</time>
      </trkpt>
      <trkpt lat="46.294719977304339" lon="11.595307001844049">
        <ele>992.30405800000005</ele>
        <time>2026-09-17T00:45:36Z</time>
      </trkpt>
      <trkpt lat="46.295058019459248" lon="11.595625011250377">
        <ele>992.82572200000004</ele>
        <time>2026-09-17T00:45:45Z</time>
      </trkpt>
      <trkpt lat="46.295411987230182" lon="11.5958880353719">
        <ele>993.34062700000004</ele>
        <time>2026-09-17T00:45:54Z</time>
      </trkpt>
      <trkpt lat="46.295743994414806" lon="11.596038993448019">
        <ele>993.79094999999995</ele>
        <time>2026-09-17T00:46:01Z</time>
      </trkpt>
      <trkpt lat="46.296037025749683" lon="11.596141001209617">
        <ele>994.18090600000005</ele>
        <time>2026-09-17T00:46:12Z</time>
      </trkpt>
      <trkpt lat="46.296178009361029" lon="11.596173020079732">
        <ele>994.36559</ele>
        <time>2026-09-17T00:46:17Z</time>
      </trkpt>
      <trkpt lat="46.29639602266252" lon="11.596228005364537">
        <ele>994.65075200000001</ele>
        <time>2026-09-17T00:46:23Z</time>
      </trkpt>
      <trkpt lat="46.297411993145943" lon="11.59704901278019">
        <ele>996.11692200000005</ele>
        <time>2026-09-17T00:46:54Z</time>
      </trkpt>
      <trkpt lat="46.297808960080147" lon="11.597404992207885">
        <ele>996.70536900000002</ele>
        <time>2026-09-17T00:47:06Z</time>
      </trkpt>
      <trkpt lat="46.298009036108851" lon="11.597634991630912">
        <ele>996.942499</ele>
        <time>2026-09-17T00:47:11Z</time>
      </trkpt>
      <trkpt lat="46.298020016402006" lon="11.597726019099355">
        <ele>996.978701</ele>
        <time>2026-09-17T00:47:13Z</time>
      </trkpt>
      <trkpt lat="46.298005012795329" lon="11.597767006605864">
        <ele>996.99688200000003</ele>
        <time>2026-09-17T00:47:14Z</time>
      </trkpt>
      <trkpt lat="46.298679001629353" lon="11.598372012376785">
        <ele>997.44671100000005</ele>
        <time>2026-09-17T00:47:31Z</time>
      </trkpt>
      <trkpt lat="46.299305967986584" lon="11.599466018378735">
        <ele>998.01352299999996</ele>
        <time>2026-09-17T00:47:48Z</time>
      </trkpt>
      <trkpt lat="46.299487017095089" lon="11.599740022793412">
        <ele>998.17527099999995</ele>
        <time>2026-09-17T00:47:53Z</time>
      </trkpt>
      <trkpt lat="46.299799997359514" lon="11.599978990852833">
        <ele>998.39382000000001</ele>
        <time>2026-09-17T00:48:00Z</time>
      </trkpt>
      <trkpt lat="46.300078025087714" lon="11.600089967250824">
        <ele>998.57191799999998</ele>
        <time>2026-09-17T00:48:06Z</time>
      </trkpt>
      <trkpt lat="46.300267037004232" lon="11.600215025246143">
        <ele>998.70024599999999</ele>
        <time>2026-09-17T00:48:10Z</time>
      </trkpt>
      <trkpt lat="46.300445990636945" lon="11.600476037710905">
        <ele>998.85715800000003</ele>
        <time>2026-09-17T00:48:16Z</time>
      </trkpt>
      <trkpt lat="46.300723012536764" lon="11.600760016590357">
        <ele>998.93956800000001</ele>
        <time>2026-09-17T00:48:24Z</time>
      </trkpt>
      <trkpt lat="46.301329024136066" lon="11.601741034537554">
        <ele>998.36189300000001</ele>
        <time>2026-09-17T00:48:40Z</time>
      </trkpt>
      <trkpt lat="46.301421979442239" lon="11.601860979571939">
        <ele>998.28273100000001</ele>
        <time>2026-09-17T00:48:42Z</time>
      </trkpt>
      <trkpt lat="46.301623983308673" lon="11.602016966789961">
        <ele>998.13725599999998</ele>
        <time>2026-09-17T00:48:45Z</time>
      </trkpt>
      <trkpt lat="46.301738983020186" lon="11.602014033123851">
        <ele>998.06417399999998</ele>
        <time>2026-09-17T00:48:46Z</time>
      </trkpt>
      <trkpt lat="46.301791034638882" lon="11.60196902230382">
        <ele>998.02567899999997</ele>
        <time>2026-09-17T00:48:47Z</time>
      </trkpt>
      <trkpt lat="46.302206022664905" lon="11.601435011252761">
        <ele>997.52268700000002</ele>
        <time>2026-09-17T00:48:55Z</time>
      </trkpt>
      <trkpt lat="46.302332002669573" lon="11.601207023486495">
        <ele>997.29234599999995</ele>
        <time>2026-09-17T00:48:57Z</time>
      </trkpt>
      <trkpt lat="46.302588991820812" lon="11.600460028275847">
        <ele>996.63399500000003</ele>
        <time>2026-09-17T00:49:05Z</time>
      </trkpt>
      <trkpt lat="46.30273500457406" lon="11.600135983899236">
        <ele>996.32881999999995</ele>
        <time>2026-09-17T00:49:09Z</time>
      </trkpt>
      <trkpt lat="46.303087966516614" lon="11.599682020023465">
        <ele>995.83286099999998</ele>
        <time>2026-09-17T00:49:18Z</time>
      </trkpt>
      <trkpt lat="46.303148986771703" lon="11.599552016705275">
        <ele>996.01190399999996</ele>
        <time>2026-09-17T00:49:21Z</time>
      </trkpt>
      <trkpt lat="46.303245965391397" lon="11.599153038114309">
        <ele>996.49381000000005</ele>
        <time>2026-09-17T00:49:27Z</time>
      </trkpt>
      <trkpt lat="46.303460961207747" lon="11.599204000085592">
        <ele>996.85310600000003</ele>
        <time>2026-09-17T00:49:32Z</time>
      </trkpt>
      <trkpt lat="46.304011987522244" lon="11.598995961248875">
        <ele>997.79217800000004</ele>
        <time>2026-09-17T00:49:46Z</time>
      </trkpt>
      <trkpt lat="46.304203011095524" lon="11.598878027871251">
        <ele>998.13465299999996</ele>
        <time>2026-09-17T00:49:52Z</time>
      </trkpt>
      <trkpt lat="46.304268976673484" lon="11.598865035921335">
        <ele>998.24450000000002</ele>
        <time>2026-09-17T00:49:54Z</time>
      </trkpt>
      <trkpt lat="46.304326979443431" lon="11.598852965980768">
        <ele>998.34112300000004</ele>
        <time>2026-09-17T00:49:55Z</time>
      </trkpt>
      <trkpt lat="46.304533006623387" lon="11.598875010386109">
        <ele>998.68177000000003</ele>
        <time>2026-09-17T00:50:01Z</time>
      </trkpt>
      <trkpt lat="46.304717995226383" lon="11.598949022591114">
        <ele>999.14147300000002</ele>
        <time>2026-09-17T00:50:07Z</time>
      </trkpt>
      <trkpt lat="46.305151004344225" lon="11.599318999797106">
        <ele>1000.498869</ele>
        <time>2026-09-17T00:50:22Z</time>
      </trkpt>
      <trkpt lat="46.305541014298797" lon="11.599559979513288">
        <ele>1001.643631</ele>
        <time>2026-09-17T00:50:34Z</time>
      </trkpt>
      <trkpt lat="46.306067984551191" lon="11.599675985053182">
        <ele>1003.082672</ele>
        <time>2026-09-17T00:50:50Z</time>
      </trkpt>
      <trkpt lat="46.306221038103104" lon="11.599753014743328">
        <ele>1003.51996</ele>
        <time>2026-09-17T00:50:55Z</time>
      </trkpt>
      <trkpt lat="46.306699980050325" lon="11.600266993045807">
        <ele>1004.943695</ele>
        <time>2026-09-17T00:51:14Z</time>
      </trkpt>
      <trkpt lat="46.307022012770176" lon="11.600523982197046">
        <ele>1005.813347</ele>
        <time>2026-09-17T00:51:25Z</time>
      </trkpt>
      <trkpt lat="46.307645039632916" lon="11.600898988544941">
        <ele>1007.409118</ele>
        <time>2026-09-17T00:51:45Z</time>
      </trkpt>
      <trkpt lat="46.307746963575482" lon="11.600998984649777">
        <ele>1007.700478</ele>
        <time>2026-09-17T00:51:48Z</time>
      </trkpt>
      <trkpt lat="46.307787029072642" lon="11.600962020456791">
        <ele>1007.8127469999999</ele>
        <time>2026-09-17T00:51:50Z</time>
      </trkpt>
      <trkpt lat="46.308033959940076" lon="11.601147009059787">
        <ele>1008.947551</ele>
        <time>2026-09-17T00:51:57Z</time>
      </trkpt>
      <trkpt lat="46.308226995170116" lon="11.601242981851101">
        <ele>1009.822242</ele>
        <time>2026-09-17T00:52:02Z</time>
      </trkpt>
      <trkpt lat="46.308283992111683" lon="11.601267037913203">
        <ele>1010.076675</ele>
        <time>2026-09-17T00:52:04Z</time>
      </trkpt>
      <trkpt lat="46.308522960171103" lon="11.601387988775969">
        <ele>1011.161897</ele>
        <time>2026-09-17T00:52:11Z</time>
      </trkpt>
      <trkpt lat="46.30853402428329" lon="11.601396035403013">
        <ele>1011.21466</ele>
        <time>2026-09-17T00:52:12Z</time>
      </trkpt>
    </trkseg>
  </trk>

</gpx>